전시회명,개최기간,개최국,개최도시,개최장소(베뉴),축제URL,축제소개
Morocco FoodExpo,22. - 24. September 2026,Morocco,Casablanca,Foire Internationale De Casablanca / OFEC Expo Center,siemamaroc.com,"Established in 2013, FoodExpo Morocco is an internationally renowned trade fair held annually at the Foire Internationale De Casablanca / OFEC Expo Center in Casablanca, Morocco, with Elan Expo as the organizer. It focuses on a variety of main themes such as agricultural products, food, and food technologies. The broad range of products and services displayed include food processing, packaging machines, beverage technology, diverse types, and states of food, agricultural technologies, gastronomy products, and much more. This event presents an extraordinary opportunity for buyers and decision-makers from across the Middle East to network and offers exhibitors access to the rapidly growing African market. FoodExpo Morocco runs concurrently with Morocco Siema Expo, an international exhibition for food, packaging, and machines, and establishes itself as the premier trade and communication platform for the industry in the region. The fair has a close connection to the host country as it acts as a gateway to the African market, enabling exhibitors to tap into the various and dynamic markets of the region. The main visitors to the fair are distributors, wholesalers, food factory owners, hoteliers, restaurateurs, caterers, farmers, and numerous other professionals from related sectors. Importers and manufacturers of alcoholic and non-alcoholic beverages, as well as food retailers and manufacturers, are also prominently represented. The exhibitors primarily come from the fields of food production, agricultural technology, and gastronomy products. In conclusion, Casablanca, with its Foire Internationale De Casablanca / OFEC Expo Center, offers an excellent and easily accessible venue. The city has a well-developed infrastructure, providing numerous conveniences to visitors and exhibitors. Casablanca itself is a vibrant city with a rich history and culture, offering additional exploration and discovery opportunities for visitors."
Retail Show Australia,22. - 24. September 2026,Australia,Melbourne,MCEC - Melbourne Convention and Exhibition Center,www.retail-show.com.au,"The Retail Show Australia is one of the leading trade fairs for the retail sector in the Asia-Pacific region and takes place annually at the renowned Melbourne Convention and Exhibition Centre (MCEC). It is organized by Hisern International Pty Ltd., a seasoned event organiser with extensive experience in staging international trade fairs focused on technology-driven and market-oriented themes. The exhibition brings together key aspects of modern retailing – from smart technologies and fresh produce logistics to sustainable consumer trends, innovative store design, and e-commerce logistics solutions. Its audience extends beyond retailers to include buyers, store fitters, technology providers, logistics companies, food distributors, franchisors, restaurateurs, as well as decision-makers from government and urban planning. Attendees gain a comprehensive overview of the current retail infrastructure, with a focus on integrating physical shopping experiences with digital, automated, and environmentally conscious solutions. At the heart of the exhibition are the latest innovations in store equipment, such as intelligent shelving systems, modular display units for fresh produce, advanced shopping trolleys, and automated checkout zones. The food service and fresh produce processing area showcases state-of-the-art kitchen equipment, ice machines, cold chain solutions, and pre-cooling accessories. A particularly strong presence is seen in the Retail Technology segment, featuring cutting-edge POS systems, electronic shelf labels (ESL), RFID solutions, robotics, self-service terminals, and smart display units. A key highlight of Retail Show Australia is its dedicated focus on Fresh Produce & Cold Chain, where visitors can explore every aspect of fresh goods logistics – from refrigeration technologies and air management to efficient defrosting systems. In the E-Commerce & Logistics sector, attention is given to CRM software, parcel management systems, and digital supply chain platforms. The exhibition also addresses forward-looking topics such as outdoor consumer lifestyles, sustainable living, and future-oriented mobility and housing concepts. The Retail Show Australia sees itself as an integral part of Australia’s innovation strategy. Owing to its geographical location, the country holds a strategic position within the Asia-Pacific region. Melbourne as the host city reinforces this role – a metropolis renowned for its progressive urban development, creative economy, and high quality of life. As a vibrant retail hub, it offers an ideal setting for international industry dialogue. Complementing the exhibition are expert talks, conferences, live demonstrations, and networking events, providing industry professionals with practical insights and new inspiration. The MCEC is easily accessible from both the airport and the city centre – by train, tram, or taxi. Its scenic riverside location along the Yarra, combined with close proximity to hotels, restaurants, and Melbourne’s cultural attractions, makes it an appealing destination for international visitors. The Retail Show Australia is more than just a trade fair – it is a platform for innovation, a meeting point for key decision-makers, and a catalyst for the future of retail."
POLAGRA,23. - 25. September 2026,Poland,Poznań,Poznan International Fair Grounds,polagra.pl,"The POLAGRA Fair, a leading annual event in the food industry, takes place at the Poznan International Fair Grounds in Poznań, Poland. Organized by mtp GRUPA, it encompasses three main sectors: FOOD, FOODTECH, and HORECA. These segments offer a diverse array of products and services, ranging from everyday food items to advanced technologies for food processing and equipment for the gastronomy and hospitality industries. As a significant cultural event, POLAGRA provides an excellent platform for business development and networking, deeply rooted in Polish hospitality. It plays a central role in promoting the Polish food industry and showcasing global trends and innovations. In the FOOD ZONE, visitors will find a comprehensive selection of fresh and processed foods, including meats, fish, dairy products, and a variety of grain products, complemented by organic and eco-friendly products. The HORECA ZONE focuses on equipment and services for the hospitality industry, offering state-of-the-art kitchen technology and complete solutions for hotels and restaurants. The FOODTECH ZONE features advanced machinery and technological equipment specifically developed for the needs of the food processing industry, from packaging systems to quality assurance devices. Highlights of the fair include the Polish Culinary Cup, a prestigious competition that honors the culinary skills of Poland's finest chefs, and the Acanthus Aureus competition, which recognizes outstanding architectural and graphic design in exhibition stands. Both competitions highlight the creativity and dedication of the participants and set new standards in the industry. The fair attracts thousands of professionals from various fields, including gastronomes, hotel managers, chefs, and technology experts. The venue is ideally located and easily accessible via international transport links. In Poznań's dynamic atmosphere, POLAGRA offers every visitor an inspiring experience, marked by a comprehensive and specific presentation of the food industry."
Cafe Show Vietnam,08. - 10. October 2026,Vietnam,Hanoi,VEC - Vietnam Exhibition Center,www.cafeshow.com.vn,"The Cafe Show Vietnam in Hanoi is an international trade fair for the coffee and hospitality industry. It is held annually at the Vietnam Exposition Center VEC in Hanoi. As a central platform, this event facilitates intensive exchange between producers, importers, and professionals from related industries. It serves to present the latest trends and products and has established itself as a major event in the industry. The fair is organized by Exporum Vietnam Company Ltd. The fair attracts exhibitors from various sectors, including coffee and tea suppliers, bakery and dessert producers, manufacturers of kitchen appliances and interior furniture, as well as providers of mobile payment solutions and packaging technologies. Food ingredients and ice cream, as well as franchising services and startups, are also represented. A highlight of the fair are the numerous competitions and seminars. The Vietnam National Latte Art Championship, the Vietnam National Brewers Cup, and the Vietnam National Barista Championship are just a few examples that showcase the skills and creativity of baristas. The Cafe Show in Hanoi plays an important role in the local economy by promoting coffee culture and the hospitality sector in Vietnam. It helps integrate international standards and innovations into the country's dynamically growing café scene and provides an ideal environment for networking and business development. This trade fair is part of a global series of Cafe Show trade fairs, which also take place in South Korea and China and have established themselves as important events for the coffee industry worldwide. Participation in the show offers an excellent opportunity to experience the dynamic and vibrant atmosphere of Hanoi while making important industry contacts and gaining insights into current market developments."
Café & Brasserie Expo Indonesia,09. - 11. October 2026,Indonesia,Jakarta,JIExpo Jakarta International Expo,cafebrasserieexpo.com,"The Café & Brasserie Expo Indonesia is recognized as the leading trade fair for coffee, tea, chocolate, wine, and culinary innovation in Indonesia and Southeast Asia. The event is organized by Reed Panorama Exhibitions , a seasoned provider of high-quality B2B trade shows in the region. The Café & Brasserie Expo Indonesia brings together several themed festivals under one roof – including the Indonesia Coffee Festival , Indonesia Tea Festival , Indonesia Wine Festival , and the Cokelat Expo Indonesia . This unique combination offers a highly focused yet comprehensive experience for professionals in the food and beverage industry. In a country like Indonesia, the world’s fourth-largest coffee producer, the expo holds particular significance. It serves as both a showcase and a platform for the rich diversity of locally grown Arabica and Robusta coffees, including rare specialties such as the renowned Kopi Luwak. In addition to premium products, the fair also presents the latest technologies and equipment for cafés, brasseries, hotels, and foodservice operations – ranging from espresso machines and roasting equipment to sustainable packaging solutions and digital ordering systems. Visitors can expect a vibrant program featuring barista competitions, latte art performances, live demonstrations, and expert-led seminars on current industry topics such as sustainability, market trends, and business development. Exhibitors represent sectors such as food processing, machinery and equipment manufacturing, hospitality concepts, import/export, as well as the start-up and innovation scene. The main audience includes baristas, café and restaurant owners, hoteliers, producers, culinary professionals, and investors looking for new products, networking opportunities, and industry insights. As such, the event serves not only as a display platform but also as a true driver of growth for the local and international gastronomy landscape. Unlike travelling exhibitions, the Café & Brasserie Expo Indonesia is a fixed-location flagship event that positions Tangerang as a hub of coffee culture and culinary innovation. More than just a trade fair, the Café & Brasserie Expo Indonesia is the vibrant heart of Indonesia’s coffee and gastronomy scene, where innovation, taste, and business converge."
IBAKTECH,14. - 17. October 2026,Turkey,Istanbul,Istanbul Fair Center,ibaktech.com/en/startseite,"IBAKTECH is an international trade fair for bakery and confectionery machinery, ice cream, chocolate and related production technologies. Open exclusively to trade visitors, it is one of the leading industry platforms in Eurasia. The event takes place at the Istanbul Fair Center (İstanbul Fuar Merkezi) in the Yeşilköy district and is held every two years. It is organised by Messe Stuttgart Turkey Fuarcılık Ltd. Şti. IBAKTECH covers the entire value chain across the bakery, confectionery, chocolate, sweets, ice cream, foodservice and food production sectors. Trade visitors can explore bakery and confectionery machinery, dough processing equipment, ingredients and raw materials, chocolate and ice cream production technologies, and packaging machinery. The exhibition also features decorating supplies, bakery and confectionery equipment, cooking appliances, food and beverages, snack and drinks vending machines, conveying systems, refrigeration equipment and frozen products. Exhibitors additionally showcase machinery and equipment for the food and beverage industry, along with professional kitchen equipment, furnishings and interior solutions for hotels, cafés and restaurants. This broad range gives trade visitors a comprehensive overview of machinery, ingredients, production processes and integrated operational solutions, all in one venue. Exhibitors primarily represent the machinery and plant engineering sector, the bakery and confectionery industry, chocolate and ice cream production, food processing technology, packaging and refrigeration technology. The foodservice, hospitality and professional kitchen equipment sectors are also well represented. IBAKTECH therefore provides companies not only with a platform for showcasing new products and technologies, but also with opportunities to establish international distribution partnerships, support investment decisions and enter new markets. Key visitor groups include bakers and representatives of the bakery industry, confectioners and café chains, as well as manufacturers of chocolate, confectionery, desserts and ice cream. The professional audience also includes chefs, representatives of restaurants and hotels, catering companies and food retailers. In addition, IBAKTECH attracts mechanical, production and food engineers, procurement professionals, foodservice specialists, and representatives of educational institutions, public bodies and other industry-related organisations. A major focus of the exhibition is the presentation of advanced machinery, automated production solutions and innovative technologies for bakery, confectionery, chocolate and ice cream production. IBAKTECH positions itself as a platform for innovation, investment and international professional exchange. Strong international participation and the presence of numerous established brands make the event an important meeting place for the industry. Trade visitors can compare technological developments first-hand, discover new solutions and establish contacts with potential business partners. IBAKTECH benefits from the convenient location of the Istanbul Fair Center in Yeşilköy, particularly for international visitors. Situated on the European side of Istanbul, the exhibition centre is well connected to the city's public transport network. IBAKTECH thus combines an internationally accessible venue with a broad yet highly specialised range of products, technologies and solutions. Over the course of just a few days, visitors can discover the latest technologies and products, identify suitable suppliers and establish new business contacts across the bakery, confectionery, chocolate, ice cream and foodservice sectors."
FARMER,15. - 18. October 2026,Moldova,Chişinău,International Exhibition Centre MoldExpo,www.farmer.moldexpo.md,"The FARMER Expo in Chișinău is a prestigious annual event held every October at the MoldExpo International Exhibition Center. It is organized and supported by the Ministry of Agriculture, Regional Development, and Environment of the Republic of Moldova. This trade fair serves as a central platform where leading national and international players in the agricultural sector converge. As the cornerstone of agro-industrial developments in Moldova, FARMER showcases the latest advancements in agricultural products, equipment, and technologies. The event goes beyond merely presenting products, but also celebrates the achievements and successes of the most efficient agricultural enterprises from all regions of the country. Furthermore, the expo provides a platform to discuss current issues, share positive experiences, and devise future strategies for the industry. The MoldExpo International Exhibition Center, the venue for the fair, is not just a striking location for such a significant event but also offers an ideal environment for business activities. Within the scope of the expo, pertinent topics are addressed against the backdrop of current challenges in agriculture and global trends. Accompanying international conferences, seminars, and round tables provide attendees with additional opportunities to learn about the latest products and market trends. A distinctive feature of the expo is the participation of numerous international companies introducing their innovative products and services. This promotes interaction between local and international stakeholders and contributes to the expansion of business partnerships as well as networking with financial institutions, industrial companies, and academic institutions from the Republic of Moldova and beyond. In conclusion, the FARMER Expo in Chișinău is a hub for innovation, collaboration, and progress in Moldova's agricultural sector, making an indispensable contribution to the development and strengthening of agriculture in the region."
China Home Baking Show,16. - 18. October 2026,China,Wuhan,Wuhan International Expo Center,www.bakerychina.com/en,"Hosted by the China Association of Bakery & Confectionery Industry (CABCI) in cooperation with Bakery China Exhibitions Co., Ltd., the "" China Home Baking Show "" is a leading fair for the baking craft. It takes place annually at the Wuhan International Expo Center, located in Wuhan—a city increasingly recognized as a significant center for commerce and culture in China. The fair serves as an important platform where national and international exhibitors from the baking and confectionery industry converge. The main themes of this trade fair include a variety of baking ingredients, utensils, household appliances, packaging decorations, and e-commerce solutions for baked goods. Additionally, the event offers an extensive educational program with workshops and courses for both professional and amateur bakers. The fair attracts a wide audience annually, including distributors, agents, online platforms, private studios, educational institutions, supermarkets, and baking enthusiasts of all kinds. The ""China Home Baking Show"" is not just a trading platform but also a venue for creativity and innovation, highlighted particularly by the numerous baking and coffee competitions. These competitions are a highlight of the fair and provide opportunities to learn new techniques and discover the latest industry trends. Wuhan, known for its dynamic economic growth and distinctive local culture, ideally supports the fair with its accessibility and modern infrastructure. The state-of-the-art Wuhan International Expo Center is easily accessible by public transport and offers the perfect setting for events of this scale. In conclusion, the ""China Home Baking Show"" offers a diverse program and a wide range of products, attracting thousands of visitors annually and strengthening Wuhan as a key international fair location. Visitors and exhibitors can look forward to an inspiring event that showcases both practical know-how and forward-looking ideas."
Bakery China Autumn,16. - 18. October 2026,China,Wuhan,Wuhan International Expo Center,www.bakerychina.com/en,"The "" Bakery China Autumn "" fair is recognized as a leading international platform for the bakery and confectionery industry, dedicated to the entire value chain of this sector. The event is held annually at the Wuhan International Expo Center in Wuhan, attracting industry leaders, buyers, and delegates from around the world to explore the latest innovations and trends in production, distribution, research and development, and related services. The fair is organized by the China Association of Bakery & Confectionery Industry (CABCI) in collaboration with Bakery China Exhibitions Co., Ltd., and serves as a central venue for professional competitions and conferences. The exhibition showcases a wide range of products, from ingredients like cereals, dairy, chocolate, and meat to functional ingredients, sauces, and spices, as well as extensive equipment—from production machinery, molds, and utensils to refrigeration systems and ovens, as well as smart devices and laboratory equipment. Packaging solutions, tableware, and ready-to-eat foods and snacks, from light meal options to coffee and tea, as well as ice cream and fruit and vegetable products, are also presented. The fair in Wuhan is more than just a business meeting; it is a cultural hub deeply rooted in the Chinese bakery and confectionery industry and actively supports the promotion of both local and international business relations. Highlights include various national and international baking and coffee competitions that showcase the creativity and innovation of the industry. Exhibitors and visitors represent diverse sectors such as food production, gastronomy, and franchising, making the fair an important platform for networking and knowledge exchange. With excellent transportation links, the Wuhan International Expo Center provides the ideal backdrop for this extensive and dynamic event, which sets a vital pulse for the entire industry."
GENUSSWELTEN,16. - 18. October 2026,Austria,Vienna,Palais Auersperg,genusswelten.at,"The ""GENUSSWELTEN""in Vienna is more than just a fair – it is an annual celebration for everyone who appreciates fine food and quality beverages. Twice a year, ""Genusswelten"" presents a unique combination of trade fair and public exhibition, making this culinary event appealing to gourmets and industry professionals as well as interested food lovers who want to discover, experience, and taste exquisite specialties. With carefully selected exhibitors, the fair provides an exclusive opportunity to explore both regional and international delights. From fine cheeses, freshly baked bread, and artisan pastries to rare teas, select spices, refined condiments, and exquisite wines, beers, and spirits – connoisseurs will find a feast for the senses. Direct encounters between producers and visitors foster trust and offer authentic insights into the origins, quality, and craftsmanship behind the products. A varied supporting program enhances the experience: live cooking shows reveal the art of culinary craftsmanship, interactive workshops deepen knowledge about preparation and taste, and exclusive tastings invite visitors to discover and indulge. Seasonal theme worlds add variety and give each edition its own distinctive character. GENUSSWELTEN is the meeting place for all who wish to experience food and drink with all their senses – informative, delightful, and authentic."
Fiera del Tartufo,18. October 2026,Italy,Moncalvo,Piazza Carlo Alberto,www.fieradeltartufodimoncalvo.it,"The Moncalvo Truffle Fair, an annual truffle event, is a staple on the cultural calendar of Moncalvo, a picturesque tourist town in Piedmont. Established in 1955, it has since grown into one of the leading events in the region, bringing together the best of culinary delights and cultural experiences. Moncalvo, situated in Piedmont, has a deep historical and cultural connection to truffles. Piedmont, especially its hilly and wooded areas, is renowned for its abundant production of truffles, with the White Truffle of Alba being especially famous. However, areas like Moncalvo also have a long tradition in truffle hunting and processing. Being a part of Piedmont, Moncalvo lies in a region that offers favorable climatic and geological conditions for truffle growth. The mixture of limestone soil, regular rainfall, and the cover of deciduous forests creates an ideal environment for truffles. The Moncalvo Truffle Fair is held annually on the last two Sundays of October. The central venue is Piazza Carlo Alberto, the vibrant heart of Moncalvo. This square, rich in history and charm, becomes the stage for a fair that blends the character of a market with a touch of festivity. Behind this event is the Comune di Moncalvo, the local municipality, which proudly and passionately maintains this tradition, ensuring its growth and prosperity year after year. The fair primarily celebrates the culinary treasure that is the truffle, but it also extends to other edible fungi and regional specialties. Visitors can look forward to a selection of cheese, wine, baked goods, and many other delicacies from the region. Besides purchasing fresh truffles and other delights, visitors also have the opportunity to taste these specialties. This offers a fantastic chance to truly experience the flavors and tastes of Piedmont. A special highlight of the fair is the award ceremony for the best truffle of the year, a competition that brings together the best truffle hunters and suppliers from the region. What sets the Moncalvo Truffle Fair apart from other events is its combination of top-tier culinary experiences with folkloric performances set against the picturesque backdrop of a small Italian town. Not only do locals flock to the fair, but it also attracts many tourists. Many travel agencies even offer specialized gourmet trips to the Truffle Fair, targeted specifically at food connoisseurs. The Moncalvo Truffle Fair is an experience – a tribute to the rich culinary and cultural tradition of Piedmont. For anyone wanting to experience authentic Italy, this event is a must-attend date on the calendar."
FOODTECHMASH,21. - 23. October 2026,Ukraine,Kiev,IEC - International Exhibition Center,www.iffip.kiev.ua,"FOODTECHMASH is an international trade fair for equipment and technologies in the food industry and a key part of the International Forum of Food Industry and Packaging (IFFIP). The name stands for ""Food Technology Machinery"", emphasizing its focus on state-of-the-art machines, processes, and solutions for food processing. Every year, the industry gathers at the International Exhibition Centre (IEC) in Kyiv to showcase the latest innovations, establish business relationships, and exchange insights on current trends. Organized by the renowned Kyiv International Contract Fair, FOODTECHMASH provides a comprehensive platform for companies, professionals, and decision-makers from all sectors of food production. The fair covers the entire spectrum of food manufacturing, including meat, dairy, and fish processing, as well as fruit and vegetable processing, bakery production, and beverage filling. Additionally, topics such as the frying industry, laboratory technology, transport equipment, and operational hygiene take center stage to enhance efficiency and quality throughout the value chain. Visitors to FOODTECHMASH experience cutting-edge technologies firsthand, from high-precision processing machines and modern packaging solutions to innovative hygiene techniques. In addition to exhibitions, expert lectures and live demonstrations add further value by highlighting outstanding technological advancements. The fair attracts leading manufacturers, suppliers, engineers, and production managers from across the food industry, creating an ideal environment for business development and technological progress. As a significant hub for the Eastern European food industry, FOODTECHMASH reflects the dynamism and innovative strength of the Ukrainian market. It serves not only as a central platform for international companies but also as a showcase for local producers aiming to establish themselves in global markets. Kyiv, as a vibrant metropolis and economic center of Ukraine, provides the perfect backdrop for an event of this scale. The International Exhibition Centre (IEC) is one of the most modern exhibition venues in the region and, thanks to its central location and excellent transport connections, is easily accessible for both national and international visitors. With its clear focus on forward-looking technologies and practical solutions, FOODTECHMASH is the ideal meeting point for industry professionals looking to optimize their production processes and explore new business opportunities. Anyone who wants to experience the latest developments in food technology up close cannot afford to miss FOODTECHMASH in Kyiv."
Bakery and Confectionery Industry,21. - 23. October 2026,Ukraine,Kiev,IEC - International Exhibition Center,www.iffip.kiev.ua,"The ""Bakery and Confectionery Industry"" trade fair, an international highlight in the confectionery and bakery industry, is held annually at the International Exhibition Center (IEC) in Kyiv. Organized by the Kyiv International Contract Fair, it serves as a central meeting point for experts and enthusiasts from the bakery and confectionery sectors. It reflects significant trends in both the global and Ukrainian markets and plays a crucial role in advancing the national bakery industry. The event's focal point is the presentation of the latest achievements and technologies. It showcases state-of-the-art manufacturing machinery and exquisite ingredients that captivate every professional visitor. The fair acts as a showcase for products and services and promotes the exchange of ideas and innovations. Additionally, seminars and conferences provide deeper insights into the industry. The main themes of the fair include the latest developments and innovations in the bakery and confectionery fields. These encompass new technologies and equipment for production, innovative ingredients and raw materials, advanced packaging and labeling solutions, as well as systems for quality assurance and hygiene. The fair attracts numerous exhibitors from various segments of the bakery and confectionery industries and is primarily visited by professionals and specialists. It supports the development of the national industry and introduces the latest Ukrainian trends. As part of the International Forum for Food Industry and Packaging (IFFIP), the fair takes place concurrently with the Pack Fair, Foodtechmash, and Food Expo Ukraine, offering a comprehensive overview of the entire production cycle. In summary, the ""Bakery and Confectionery Industry"" fair is an integral part of the industry, combining local and international perspectives. The easily accessible and well-equipped IEC in Kyiv provides the ideal setting for this significant industry event."
Ivory Coast Food Expo,22. - 24. October 2026,Ivory Coast,Abidjan,Parc des Expositions D’Abidjan,ivorycoastfoodexpo.com,"The "" Ivory Coast Food Expo "", organized by ATLM Expo, is an annual trade fair held in the heart of Abidjan, which has proven itself as a hub for innovation and business opportunities in the food and agricultural sectors. The Parc des Expositions d'Abidjan provides an ideal platform to bring together leading industry players, local businesses, importers, and investors. Taking place in one of West Africa's most dynamic economic centers, the fair plays a significant role in the economic development of the region. The main themes of the expo cover a wide range: from the introduction of international and local foods to the latest agricultural innovations and trends in the hospitality industry, and new technologies in the packaging industry. The fair showcases a diverse range of products, including local superfoods, organic agricultural products, advanced irrigation systems, agricultural robots, sustainable packaging solutions, energy-efficient cooking technologies, and new snack variants. Gourmet coffees and teas from local cultivation, specialized kitchen equipment for the hospitality industry, and software solutions for food logistics are also featured. This annual event attracts professionals from sectors such as food production, agricultural technology, hospitality, and packaging. They seize the opportunity to learn about the latest trends, engage in B2B meetings, and participate in buyer delegations. In addition to the display of innovative products and services, organized conferences and seminars are other highlights of the fair. Abidjan, as the venue, offers ideal conditions for this international event with its economic significance and the central location of the Parc des Expositions d'Abidjan. In summary, the Ivory Coast Food Expo is a dynamic forum that aims to share knowledge, foster cooperation, and drive economic development through the exchange of innovations and ideas. It provides a unique opportunity to gain insights into the future of the food and agricultural industries and to become part of a growing network of professionals and businesses shaping the trends of tomorrow."
Cake Fair,23. - 25. October 2026,Germany,Hamburg,Messehalle Hamburg-Schnelsen,kreativmesse.online/hamburg,"The Hamburg Cake Fair (Kuchenmesse) is an annual highlight for hobby bakers, pastry chefs, and baking enthusiasts. Held as part of the Hamburg Kreativ fair, this public exhibition takes place every autumn and transforms the Hamburg-Schnelsen exhibition hall into a paradise for sweet lovers. The event is organized by Okken GmbH, offering a wide range of cakes, pastries, cupcakes, and muffins, ensuring that baking fans get their money’s worth. The fair offers everything to make a baking lover's heart skip a beat—from unique baking ideas to creative accessories. Leading figures from the cake art scene gather here to showcase their latest creations, making the Hamburg Cake Fair a truly special experience. Another highlight is the large cake competition, where talented bakers compete against each other, presenting their best works. Visitors also have the opportunity to attend numerous workshops, where professionals teach how to decorate cakes, adorn cupcakes, and artistically present baked goods. On the action stage, exciting demonstrations take place, where experts share valuable tips on baking and decorating. It’s not just about baking, but also about creative decoration and, most importantly, the enjoyment of sweets. The Hamburg-Schnelsen exhibition hall, a modern venue with good public transport connections and ample parking, provides the perfect setting for this event. In summary, the Hamburg Cake Fair is a must-attend for anyone who loves baking and is interested in the latest trends in cake and pastry art. Whether you want to buy new products, learn innovative techniques, or simply gather inspiration—there’s something here for everyone."
Fiera del Tartufo,24. - 25. October 2026,Italy,Moncalvo,Piazza Carlo Alberto,www.fieradeltartufodimoncalvo.it,"The Moncalvo Truffle Fair, an annual truffle event, is a staple on the cultural calendar of Moncalvo, a picturesque tourist town in Piedmont. Established in 1955, it has since grown into one of the leading events in the region, bringing together the best of culinary delights and cultural experiences. Moncalvo, situated in Piedmont, has a deep historical and cultural connection to truffles. Piedmont, especially its hilly and wooded areas, is renowned for its abundant production of truffles, with the White Truffle of Alba being especially famous. However, areas like Moncalvo also have a long tradition in truffle hunting and processing. Being a part of Piedmont, Moncalvo lies in a region that offers favorable climatic and geological conditions for truffle growth. The mixture of limestone soil, regular rainfall, and the cover of deciduous forests creates an ideal environment for truffles. The Moncalvo Truffle Fair is held annually on the last two Sundays of October. The central venue is Piazza Carlo Alberto, the vibrant heart of Moncalvo. This square, rich in history and charm, becomes the stage for a fair that blends the character of a market with a touch of festivity. Behind this event is the Comune di Moncalvo, the local municipality, which proudly and passionately maintains this tradition, ensuring its growth and prosperity year after year. The fair primarily celebrates the culinary treasure that is the truffle, but it also extends to other edible fungi and regional specialties. Visitors can look forward to a selection of cheese, wine, baked goods, and many other delicacies from the region. Besides purchasing fresh truffles and other delights, visitors also have the opportunity to taste these specialties. This offers a fantastic chance to truly experience the flavors and tastes of Piedmont. A special highlight of the fair is the award ceremony for the best truffle of the year, a competition that brings together the best truffle hunters and suppliers from the region. What sets the Moncalvo Truffle Fair apart from other events is its combination of top-tier culinary experiences with folkloric performances set against the picturesque backdrop of a small Italian town. Not only do locals flock to the fair, but it also attracts many tourists. Many travel agencies even offer specialized gourmet trips to the Truffle Fair, targeted specifically at food connoisseurs. The Moncalvo Truffle Fair is an experience – a tribute to the rich culinary and cultural tradition of Piedmont. For anyone wanting to experience authentic Italy, this event is a must-attend date on the calendar."
Myanmar FoodBev,30 Oct. - 01 Nov. 2026,Myanmar,Yangon,Myanmar Plaza,www.myanmarretailsourcing.com,"Myanmar FoodBev is an annual trade fair held in the heart of Yangon and has established itself as the leading platform for Myanmar’s food and beverage industry. The name ""FoodBev"" succinctly stands for Food & Beverage and clearly reflects the event’s focus: exploring the latest developments, innovations, and driving forces in the world of food and drink. The event is organized by Index Creative Village PCL, a renowned company recognized throughout Southeast Asia for delivering high-quality professional trade shows. Once a year, the Myanmar FoodBev becomes a central meeting point for industry professionals from Myanmar and the ASEAN region who come to gain insights into trends, technologies, and market opportunities across the sector. The exhibition offers a targeted overview of the entire value chain – from raw materials, ingredients, and additives to processed foods and beverages, as well as cutting-edge solutions for processing, packaging, and distribution. Myanmar FoodBev connects players from manufacturing, supply, and trade with key service providers – including professionals from the hospitality and catering industries, bakeries, airlines, cruise lines, railway companies, and resorts. The fair is complemented by a strong supporting program featuring conferences and expert-led seminars, where leading specialists share knowledge and discuss the opportunities and challenges in one of Asia’s most dynamic growth markets. The event reflects both economic momentum and cultural diversity, highlighting Myanmar’s ambition to position itself as a serious contender in the global food and beverage landscape. Held alongside Myanmar Retail Sourcing Expo, the fair also fosters additional synergies between commerce and industry."
ISM Middle East,03. - 05. November 2026,UAE,Dubai,Dubai World Trade Center DWTC,www.ism-me.com,"The ISM Middle East is the leading trade fair for confectionery and snacks in the MENA region and is held annually at the prestigious Dubai World Trade Centre. Organized by Koelnmesse International in cooperation with Dubai World Trade Centre L.L.C., the fair specifically focuses on the latest trends and innovations in the confectionery sector. The abbreviation ISM stands for ""International Sweets Fair"", highlighting the global focus of the event on sweet treats and snack products. It attracts industry experts from around the world, including manufacturers, distributors, and buyers, who are all in search of new products and services. The range of goods includes a variety of items such as chocolate products, fine baked goods, traditional and innovative confectioneries, snacks, biscuits, cakes, ice cream, desserts, and date palm products. A highlight of ISM Middle East are the ISM Middle East Awards, which recognize outstanding innovations and achievements in the industry. The ""ISM Middle East Expert Stage"" provides a forum for discussions on current topics such as the impact of artificial intelligence and mindful snacking, making the fair a hub for future-oriented discussions. The fair also strengthens Dubai's position as a commercial hub in the Middle East and establishes the city as a nexus for the confectionery and snack industry in the region. The easy accessibility of the Dubai World Trade Centre makes it convenient for participants and visitors to attend the fair. As part of a series of ISM fairs worldwide, ISM Middle East underscores its significance in a global event series. In conclusion, ISM Middle East is more than just a fair; it is a central meeting point for professionals from the confectionery and snack industry, where they can network, learn, and grow while enjoying the dynamic atmosphere of Dubai."
FHC China Food & Hospitality China,10. - 12. November 2026,China,Shanghai,Shanghai New International Expo Center - SNIEC,www.fhcchina.com,"The FHC China - Food & Hospitality China is an international trade fair for food and beverages, held annually in November in Shanghai, one of the world's most dynamic culinary capitals. Since its inception, it has evolved into an indispensable event for the food and hospitality industry in Asia and beyond. This prestigious event is jointly organized by the Shanghai Sinoexpo Informa Markets International Exhibition Co., Ltd. and the Shanghai Cuisine Association, both of which are stakeholders with significant influence and expertise in the industry. Each year, FHC China showcases an impressive array of products and services that cover the entire supply chain of the food industry. Core topics of the fair include meat and dairy products, confectionery and chocolate, spices and oils, coffee and tea, as well as areas for bakeries and light meals. In addition, the fair provides a comprehensive overview of food processing and packaging and presents innovations in the field of prefabricated tableware and central kitchens. A distinctive feature of FHC China is its commitment to education and advancement within the industry. The fair offers a comprehensive series of seminars and workshops on current trends and developments in various segments, including food production, the wine industry, and marketing. The fair takes place at the Shanghai New International Expo Centre (SNIEC), one of China's leading exhibition centers, which, with its modern facilities and extensive infrastructure, is ideal for an event of this magnitude. SNIEC is known for its easily accessible location and the ability to host a variety of events, from international exhibitions to private corporate events. Visiting FHC China offers not just the opportunity to discover new products and place orders, but also an environment for networking and building business relationships, crucial for future success in the fast-paced world of gastronomy and hospitality. With its wide range of exhibitors, access to industry-leading information, and its position as a gateway to Asia's emerging markets, FHC China is an indispensable date in the food and beverage industry's calendar."
Bulpek,11. - 14. November 2026,Bulgaria,Sofia,IEC Inter Expo Center,food-exhibitions.bg,"The Bulpek in Sofia is a trade fair that has established itself as one of the most important events in the bakery, confectionery, and food industry in Bulgaria. It takes place annually and is organized by the National Association of Bakers and Confectioners in close cooperation with the Inter Expo Center. At the heart of the Bulpek fair is the presentation of an extensive range of products and services covering all segments of the baking industry. These include bread and baked goods, confectionery, raw materials and additives, specialized machinery and technologies, comprehensive solutions for producing a wide array of items, from pastries to chocolate products, as well as facilities for ice cream production. The fair also highlights areas such as refrigeration equipment, laboratory equipment, packaging solutions, delivery services, specialized vehicles, and professional literature. One of the main objectives of Bulpek is to introduce participants to the latest trends and innovations in the industry. This is achieved through an impressive exhibition of packaging machines, modern baking technologies, the latest ingredients and raw materials, and finished bakery and confectionery products. The fair serves as a platform for national and international professionals to exchange knowledge, network, and promote potential business relationships. Bulpek is not just a showcase for products and services, but also stands out for its extensive program of expert lectures, presentations, and live demonstrations. These interactive elements provide visitors with valuable insights into best practices, quality standards, and future market opportunities. The event is hosted at the Inter Expo Center (IEC) in Sofia, a leading exhibition center that provides a suitable setting for an event of this magnitude with its modern facilities and services. The IEC is known for its accessible location and high-quality amenities, allowing exhibitors and visitors to effectively showcase products and deepen business relationships in a professional environment. In summary, Bulpek is an indispensable event for professionals in the bakery and confectionery industry and related sectors. It offers a holistic overview of the Bulgarian market and serves as a springboard for new business opportunities, partnerships, and the expansion of professional networks on both a national and international level."
JAPAN'S FOOD EXPORT FAIR,11. - 13. November 2026,Japan,Chiba,Makuhari Messe,www.jfex.jp/jpfood/en-gb.html,"The "" JAPAN'S FOOD EXPORT FAIR"" (JFEF) is an annual trade fair for importers, wholesalers and buyers of Japanese food and beverages and held at Makuhari Messe in Chiba, near Tokyo. It serves as a central hub for the export of Japanese food and beverages. The event is organized by RX Japan Ltd., a leader in the organization of international large-scale events. The fair's goal is to bridge Japanese exporters and global markets. The fair's offerings include a wide range of products: fresh agricultural produce, seafood, meat products, processed foods, and Japanese tea varieties such as green tea, Matcha, Sencha, and Genmaicha. Additionally, Japanese beverages like sake and beer, non-alcoholic options, confectioneries, snacks, health-oriented foods, sustainable and allergen-free products, as well as traditional spices and sauces are highlighted. The fair also showcases the latest trends in kitchen appliances and tableware. In addition to product presentations, the JFEF provides comprehensive services in logistics and transportation, facilitating international trade. It attracts numerous visitors, including foreign importers, traders, international trade associations, government institutions, and media representatives. Primary visitors also include buyers from retail, department stores, hotels, restaurants, and the food processing industry. A distinctive feature of the fair is its highlights, such as tastings, sushi-making workshops, and business matchmaking activities. These offerings enrich the fair with a vibrant experience that not only promotes business exchange but also provides deep cultural insights and strengthens the relationship between Japanese culture and global markets. The JFEF is part of a series of fairs and is held in one of Japan's leading exhibition halls. Its modern infrastructure and accessibility, combined with its proximity to Tokyo, provide an attractive incentive for international visitors who seek not only business opportunities but also cultural enrichment. In summary, the JAPAN'S FOOD EXPORT FAIR is an essential platform for stakeholders in the international food trade to explore the diversity and quality of Japanese products and to establish direct contacts with leading manufacturers and exporters."
JAPAN'S FOOD EXPORT FAIR,11. - 13. November 2026,Japan,Tokyo,Tokyo Big Sight,www.jpfood.jp,"The ""JAPAN'S FOOD EXPORT FAIR"" (JFEF) is an annual trade fair for importers, wholesalers and buyers of Japanese food and beverages, held at the Tokyo Big Sight in Tokyo. It has established itself as a central hub for exporting Japanese food and beverages. The event is organized by RX Japan Ltd., a leader in organizing large international events, with the aim of connecting Japanese exporters to global markets. The fair offers a wide range of products including fresh agricultural produce, seafood, meat products, processed foods, and a variety of Japanese teas such as green tea, matcha, sencha, and genmaicha. Additionally, Japanese beverages like sake and beer, non-alcoholic alternatives, confections, snacks, and health-oriented foods are presented. Sustainable and allergen-free products, as well as traditional spices and sauces, are also highlighted. The fair additionally showcases the latest trends in kitchen appliances and tableware. Besides product presentations, the JFEF provides comprehensive logistics and transportation services to facilitate international trade. It attracts a diverse group of visitors including foreign importers, traders, international trade associations, government institutions, and media representatives. The main attendees include buyers from retail, department stores, hotels, restaurants, and the food processing industry. A distinctive feature of the fair are its highlights such as tastings, sushi-making workshops, and business matchmaking activities, which not only promote business exchange but also offer deep cultural insights and strengthen the relationship between Japanese culture and global markets. The JFEF is part of a series of fairs and takes place in one of Japan's leading exhibition halls. Thanks to its modern infrastructure and convenient location in the heart of Tokyo, Tokyo Big Sight offers an attractive incentive for international visitors seeking not only business opportunities but also cultural enrichment. In summary, the JAPAN'S FOOD EXPORT FAIR at Tokyo Big Sight serves as an essential platform for stakeholders in international food trade to explore the diversity and quality of Japanese products and to establish direct contacts with leading manufacturers and exporters."
BAKE & CAKE,17. - 18. November 2026,Israel,Tel Aviv,Israel Trade Fairs & Convention Center - Expo Tel Aviv,stier.co.il/bake-and-cake/en,"The ""BAKE & CAKE"" is an annual trade fair that has established itself as a central platform for the bakery and confectionery industry. The name of the fair already hints at its focus: ""BAKE"" stands for bakery products, and ""CAKE"" for confectionery items. It takes place at the Israel Trade Fairs & Convention Center (Expo Tel Aviv) in Tel Aviv – a city known for its dynamic food and cultural scene, lending the fair a special relevance. It is organized by Stier Group Ltd., one of the leading companies in the trade fair and event industry. The ""BAKE & CAKE"" covers a wide range of topics: from machinery, equipment, and technologies for the bakery and confectionery industries to ingredients, tools, and packaging products. A particular focus is placed on areas such as frozen and deep-frozen bakery goods as well as innovative solutions for professional bakeries and confectioneries. The range of exhibitors spans from manufacturers and importers to providers of specialized services, encompassing sectors such as bakery production, chocolate making, and specialized food technologies. The fair attracts a broad spectrum of professional visitors, including bakeries and confectioneries, confectioners, chocolate makers, boutique bread bakers, chefs, gastronomes, and decision-makers from the food and beverage management. A special highlight is the various conferences and seminars addressing important industry topics. These include the gastronomy conference of the food and retail sector and the annual meeting of the event and venue industry, offering a platform for knowledge exchange and networking. Thus, the ""BAKE & CAKE"" represents a significant opportunity for international and local actors to network, discover the latest trends, and deepen business relationships. Finally, the Israel Trade Fairs & Convention Center in Tel Aviv, as the venue for the fair, is particularly noteworthy. This modern exhibition center is not only easily accessible but also offers an ideal infrastructure for exhibitors and visitors from all over the world. In this vibrant city, a culinary and cultural melting pot, the ""BAKE & CAKE"" reflects the innovation and diversity of the global bakery and confectionery industry."
GLOBAL FOOD Expo,17. - 19. November 2026,Poland,Nadarzyn,PTAK Warsaw Expo,globalfoodexpo.pl/en,"The GLOBAL FOOD Expo is an internationally oriented trade fair with a strong focus on the future. It has established itself as a central meeting point for industry professionals from all sectors of the food industry. The name “GLOBAL FOOD Expo” reflects not only the international significance of the event but also its broad emphasis on globalization, innovation in the food sector, and international networking. The trade fair once again opens its doors at the modern Ptak Warsaw Expo in Nadarzyn, near Warsaw – the largest exhibition center in Central and Eastern Europe. The organizer is Ptak Warsaw Expo Sp. z o.o., renowned for professionally hosting leading international trade fairs. The GLOBAL FOOD Expo takes place annually. The event focuses on current developments in food production, processing, and distribution. It is specifically aimed at decision-makers, developers, technologists, traders, and logistics experts. Visitors can expect to see innovative technologies, sustainable packaging solutions, modern refrigeration and catering equipment, as well as efficient logistics systems. Special emphasis is placed on certification and quality standards such as HACCP, ISO, and organic labels, which are becoming increasingly important in global competition. A central feature of the trade fair is the accompanying Global Food Forum . This platform brings together international experts to discuss future-oriented topics such as food security, digital transformation in the food industry, and climate-friendly production processes. The event thrives on dynamic exchange – between start-ups and established companies, technicians and strategists, buyers and producers. Exhibitors represent a wide range of industries, including food processing machinery, packaging technology, refrigeration and storage systems, transport, certification services, wholesale, and foodservice supply. The primary target audience consists of professionals in food processing, trade, logistics, gastronomy, and quality management. The Ptak Warsaw Expo is exceptionally well connected. Located just a few kilometers from Warsaw city center and Chopin Airport, it offers spacious exhibition halls, modern infrastructure, and excellent accessibility for international visitors. For anyone looking to help shape the trends of tomorrow, the GLOBAL FOOD Expo provides the ideal platform."
Salon Du Chocolat,19. - 22. November 2026,Canada,Toronto,Toronto Congress Center,torontosalonduchocolat.com,"Salon du Chocolat in Toronto is Canada’s leading exhibition dedicated to chocolate, cocoa, pâtisserie and confectionery. Bringing together indulgence, craftsmanship, innovation and international industry expertise under one roof, it offers far more than a traditional chocolate show. As part of the globally renowned Salon du Chocolat series, the event serves as an international platform for the entire cocoa and chocolate value chain, from cocoa-growing regions and bean production to the latest creations of leading chocolatiers, pastry chefs and dessert specialists. The event takes place at the Toronto Congress Centre, one of Canada’s largest and most modern exhibition and convention venues. It is organised by Comexposium, a France-based organiser and one of the world’s leading exhibition groups. Comexposium delivers numerous international trade and consumer events across a wide range of industries and is particularly recognised for its high-quality B2B and consumer exhibitions. At the heart of Salon du Chocolat Toronto are premium chocolates, high-quality cocoa products, bean-to-bar concepts, artisanal production methods, and the increasingly important topics of cocoa origin and sustainability. More than 120 exhibitors showcase chocolate specialities, pralines, cocoa products, desserts, baked goods, ice cream and confectionery creations, as well as innovative ingredients and technologies for the chocolate and pastry sectors. The exhibition is further complemented by services relating to production, packaging, distribution, foodservice, training and business consultancy. The event plays an important role within Canada and particularly within the Greater Toronto area. As the country’s largest city and a major international business and cultural hub, Toronto provides an ideal setting for dialogue between North American and global market participants. The exhibition brings together producers from leading cocoa-growing countries with Canadian and international chocolate manufacturers, distributors, buyers and retailers, helping to strengthen global industry connections. One of the event’s best-known attractions is the spectacular Chocolate Fashion Show, the signature feature of the Salon du Chocolat brand. Designers and chocolatiers collaborate to create extraordinary fashion pieces made wholly or partly from chocolate. The programme also includes tastings, live demonstrations by renowned pastry chefs and chocolatiers, interactive workshops, expert presentations and immersive experiences exploring cocoa and chocolate production. Visitors also gain exclusive insights into the latest trends shaping the international worlds of desserts and chocolate artistry. Exhibitors primarily represent the chocolate manufacturing, cocoa production, pâtisserie, confectionery, bakery, confectionery manufacturing, hospitality, food processing, packaging technology and retail sectors. Participants range from global brands and specialist artisan producers to bean-to-bar makers, suppliers and innovative start-ups. The visitor profile is equally diverse. Alongside chocolate enthusiasts and consumers, the exhibition attracts professionals from pâtisserie, confectionery, hospitality, hotel management, retail, import and export, food manufacturing, wholesale distribution, procurement and product development. This successful combination of consumer appeal and professional networking makes the event both a public exhibition and a valuable industry platform. Salon du Chocolat Toronto forms part of an international exhibition series staged in major cities around the world. In addition to Toronto, editions are held in destinations including Paris, New York, London, Brussels, Dubai and Tokyo. As a result, the event benefits from the strength of a globally recognised brand and an extensive network within the international chocolate and cocoa industry. With its unique blend of indulgence, expertise, innovation and entertainment, Salon du Chocolat Toronto ranks among the most important events in the North American chocolate and pastry sectors. The Toronto Congress Centre provides an outstanding venue, offering modern infrastructure, expansive exhibition space and a convenient location close to Toronto Pearson International Airport. Excellent road links, public transport connections and international air access ensure that the venue is easily accessible for both domestic and international visitors."
PETERFOOD,24. - 26. November 2026,Russia,Saint Petersburg,ExpoForum Convention & Exhibition Centre,peterfood.ru,"Established in 1991, the Peterfood Trade Fair is an international exposition for food and food technology and is among the most significant culinary events in St. Petersburg. The name ""Peterfood"" is a combination of ""Peter"", referring to the city of St. Petersburg, and ""food"". The fair takes place annually at the prestigious ExpoForum Convention & Exhibition Centre in St. Petersburg and is organized by the Convention & Exhibition Company Imperia-Forum Ltd. The fair showcases a wide range of products and services, including confectionery and baked goods, meat and dairy products, snacks, frozen foods, beverages, tea, coffee, as well as ecological and bio-based products. Areas such as food technology, equipment, and glass packaging are also highlighted. Exhibitors from food manufacturing, beverage production, and food technology present themselves to a diverse audience that includes both professionals and amateur cooks. The Peterfood Trade Fair serves not only as a showcase for food and technologies but also as a platform for initiating business connections. Manufacturers have the opportunity to negotiate product deliveries to regional and national retail chains, marketplaces, and restaurants, making the fair a central meeting point for the food industry in Russia. The event also offers a series of seminars, workshops, and conferences where industry experts share their knowledge and experiences. Highlights include award ceremonies for industry competitions such as ""Innovative Product"", ""Our Brand"", ""Choice of Chains"", and the ""Peterfood Technology Award"". Exhibitors represent various sectors of the food industry and gastronomy. The main visitor groups come from retail, gastronomy, and food production. The ExpoForum Convention & Exhibition Centre in St. Petersburg, easily accessible via various modes of transportation, provides impressive infrastructure for exhibitors and visitors, along with the opportunity to explore the cultural attractions of the city of St. Petersburg. In conclusion, the Peterfood Trade Fair is an indispensable event for anyone working in the food and technology sectors, looking to stay informed about current trends and establish new business contacts. The impressive ExpoForum and the picturesque city of St. Petersburg make participation in the fair an unforgettable experience."
FOOD & LIFE,25. - 29. November 2026,Germany,Munich,Messe München,www.food-life.de,"The FOOD & LIFE event in Munich is a prestigious consumer and sales fair dedicated entirely to the themes of food, drink, and enjoyment. Established in 2004, the fair has been organized by GHM Gesellschaft für Handwerksmessen mbH and, since the spring of 2023, takes place twice a year. It has established itself as Germany's largest meeting point for culinary excellence, attracting visitors interested in high-quality, artisanal delicacies. The fair offers an impressive variety of products and services. Ranging from small manufacturers with regional specialties to producers of sustainable organic products, the selection is diverse. It includes spreads, baked and confectionery goods, fine and health foods, fish, meat and sausages, beverages and spirits, spices, herbs, vinegar, oil, coffee, tea, dairy products, eggs, fruits, and vegetables. This culinary abundance makes the fair a paradise for gourmets and lovers of good taste. A distinctive feature of FOOD & LIFE is the presentation by passionate distillers, brewers, coffee roasters, chocolatiers, and butchers, who showcase their products and their production processes. Celebrity chefs demonstrate their skills on live stages, making the fair an interactive and educational experience. The venue, Messe München, provides an ideal platform for this event. With its modern infrastructure and accessibility, it is a suitable setting for showcasing the diverse culinary world."
Etho,26. - 29. November 2026,Serbia,Belgrade,Belgrade Fair,etnohip.rs,"The Ethno Food & Drink Fair is an annual event first held in 2006. It takes place at the Belgrade Fair in Belgrade, Serbia, and is renowned for showcasing and promoting ethnic foods and beverages. The name of the fair reflects its focus on traditional, ethnic products. The fair is organized by Beogradski sajam, a prominent exhibition company. It annually provides a platform for manufacturers and suppliers of foods and beverages made using traditional recipes. Moreover, the main themes of the fair cover a wide range of products and services, including special equipment and packaging for these items. The Ethno Food & Drink Fair holds special significance for Belgrade and Serbia as it highlights traditional products while offering insights into the culinary culture and heritage of the region. It plays a key role in branding and marketing local products and contributes to the promotion of tourism. One of the highlights of the fair is the ""Ethno Food & Drinks – Brand of Serbia"" award. This accolade is presented by a panel of expert judges who evaluate the quality of the exhibited goods. Additionally, the Food & Drink Fair fosters knowledge exchange and the further education of participants. In the showcase area of the event, whether in the Ethno Court or at the exhibitors' stands, region-specific and sometimes forgotten dishes are presented and tasted, helping to acquaint visitors with the flavors and customs of various eras and regions. Exhibitors come from various sectors, including food production, gastronomy, and equipment manufacturing. The main visitors include shops, restaurants, hotels, large retail chains, and individuals interested in traditional products. The Belgrade Fair is a centrally located and easily accessible venue in Belgrade, offering an ideal platform for the presentation and promotion of traditional products and services."
Food Africa,07. - 10. December 2026,Egypt,Cairo,Egypt International Exhibition Center,foodafrica-expo.com,"Food Africa is the premier trade exhibition for the food and beverage industry across the African continent and the Middle East. Held annually at the Egypt International Exhibition Center (EIEC) in Cairo, the event has established itself over the past decade as an essential platform for international trade. It offers manufacturers, exporters, buyers, and decision-makers from around the globe direct access to the region’s fast-growing markets. Organized by IFP Egypt – an experienced trade fair organizer specializing in the Middle East and Africa – Food Africa serves not only as a marketplace but also as a strategic hub for partnerships, product innovation, and market insights. The exhibition focuses on the entire value chain of the food industry. Its product range is extensive, covering everything from fresh produce such as fruits, vegetables, meat, and poultry to dairy products, frozen foods, and baked goods. It also showcases specialties like dates, halal products, gluten-free items, ready-to-eat meals, and international delicacies. Beverages such as juices, water, coffee, tea, and energy drinks are also well represented, along with sweets, spices, oils, and canned goods. In addition, the event features technological services, transport and logistics solutions, as well as organic, dietary, and ethically certified food products. Choosing Cairo as the host city provides a distinct strategic advantage: Egypt is considered a central trade hub in Africa and, due to its geographic location at the crossroads of three continents, offers access to a wide range of markets. The EIEC impresses with its modern infrastructure and excellent connectivity to Cairo International Airport and the city’s transportation network. A standout feature of Food Africa is its international B2B programs, live cooking shows, guided buyer tours, and industry-specific forums that enrich the event every year with a dynamic supporting program. Exhibitors come from diverse sectors, including agriculture, food processing, packaging, retail and wholesale, gastronomy, and franchising. Key visitors include importers, retailers, supermarket chains, distributors, wholesalers, and HoReCa professionals actively seeking new business opportunities. Thanks to its unique blend of regional focus, global reach, and deep market knowledge, Food Africa offers an ideal platform to position brands, set trends, and tap into new markets—right in the heart of one of Africa’s most vital economic zones. The modern EIEC venue provides the perfect setting for effective networking, impactful presentations, and high-level business deals."
Baker Technology Fair (BTF),20. - 22. January 2027,India,Bangalore,Tripura Vasini Palace Ground,bakerstechnologyfair.com,"The Baker Technology Fair (BTF) is a specialized business-to-business trade show dedicated to India’s dynamic and fast-growing bakery, confectionery, and snack industry. Known by its acronym “BTF,” the event serves as an exclusive industry forum, bringing together cutting-edge solutions and forward-looking technologies in the realm of baked goods and sweet treats. The Baker Technology Fair takes place twice a year, alternating between the cities of Codissa and Bangalore, and brings together India's experts, manufacturers, suppliers and service providers, offering a comprehensive overview of current market trends, product innovations and sustainable production processes. The event is organized by Synergy Exposures & Events India Pvt. Ltd. , an experienced trade fair organizer focused on industry-specific formats with strong market and sector relevance. Over the years, BTF has established itself as a key platform for the Indian bakery and confectionery sector. It promotes professional exchange, facilitates business networking, and supports innovation processes. Thematically, the fair covers a broad spectrum—from modern baking technology, automation, and digital process control to eco-friendly packaging solutions, sustainable raw materials, food-safe production, and hands-on professional development. Developments in both artisanal and industrial sectors, as well as the influence of Industry 4.0, are also specifically addressed. Particular attention is given to the integrated thematic areas of ""Innovative Ingredients"" and ""Food Packaging,"" which explore new ingredient concepts and packaging trends—both critical factors for maintaining competitiveness in the industry. The fair is further enriched by the “Bakers Knowledge Sharing Forum,” which features expert talks, panel discussions, and workshops aimed at facilitating targeted knowledge transfer and providing practical insights for professionals and decision-makers. The range of exhibitors spans all key segments of the industry: from bakery equipment manufacturers, technology providers, and raw material suppliers to packaging innovators and hygiene and quality assurance solution providers. Visitors mainly include representatives from bakeries, the broader food industry, gastronomy businesses, and supply chains—decision-makers in search of concrete solutions, partnerships, and new expertise. Each event venue is selected for its modern infrastructure, strong transport connectivity, and location in economically vibrant metropolitan regions. With access to airports, expressways, and urban transit networks, the fair is easily accessible both nationally and internationally. With its clear professional focus, high level of innovation, and strategic relevance, the Baker Technology Fair has become an essential flagship event for all those committed to actively shaping the future of India’s bakery and confectionery industry."
SIGEP,23. - 27. January 2027,Italy,Rimini,Rimini Fiera,www.sigep.it,"The SIGEP fair, whose name stands for ""Salone Internazionale Gelateria, Pasticceria e Panificazione Artigianali"" and translates to “International Fair for Artisanal Ice Cream, Pastry, and Bakery,” takes place annually in Rimini, Italy. It is organized by the Italian Exhibition Group (IEG) and is considered one of the most important international trade fairs in the fields of artisanal ice cream, pastry, bakery, chocolate, and coffee. The fair showcases a wide range of products and services, including raw materials, ingredients, frozen products, machinery, furniture and equipment, packaging, as well as facilities and accessories for the production of confectionery, pastries, ice cream, and coffee. The main themes of the fair – innovation, quality, sustainability, and international trends – are reflected in all exhibition areas, from gelato and bakery to pastry, coffee, and chocolate. A distinctive feature of SIGEP is its significance for Rimini and Italy, as it serves as a meeting point for industry experts from around the world and highlights Italian excellence in these crafts. The fair offers a variety of live demonstrations, competitions, expert talks, and networking events, making it a dynamic and interactive event. Exhibitors from various sectors, including food production, gastronomy, and food service, present their products and services here. The main visitors are professionals from these areas, looking for the latest trends, technologies, and business opportunities. SIGEP is part of a series of international fairs that take place in various locations, each with its own focus and character. The Rimini Fiera exhibition center, the venue for SIGEP, is known for its modern infrastructure and accessibility. It provides an ideal platform for exchange between exhibitors and visitors. Located in Rimini, a city with a rich cultural history and picturesque beaches, it adds to the fair's attractiveness and makes it an unforgettable experience for participants from all over the world."
NEW LABEL POLAND,26. - 28. January 2027,Poland,Nadarzyn,PTAK Warsaw Expo,newlabelpoland.com/en,"NEW LABEL POLAND is Poland’s leading industry event, dedicated with precision and innovative drive to private labels, modern consumer goods trends, and technological solutions. The name “NEW LABEL” symbolizes the fair’s core mission: a leap into new brand worlds – the development of future-oriented products and the creation of unique customer experiences through private labels, packaging technology, and product design. The event serves not only as a marketplace but also as a strategic forum actively shaping the transformation of the consumer goods industry. The venue is the prestigious PTAK Warsaw Expo in Nadarzyn – Poland’s largest and most modern exhibition center, located just a few kilometers from Warsaw. The event is organized by Ptak Warsaw Expo Sp. z o. o. , renowned for high-quality trade fairs with international appeal and outstanding logistical infrastructure. At the heart of NEW LABEL POLAND are the latest developments and trends in the sectors of fresh products, frozen foods, shelf-stable groceries, confectionery, baked goods, and both alcoholic and non-alcoholic beverages. Also strongly represented are health and functional foods, personal care and cosmetic products, household chemicals, baby and child care items, pet supplies, as well as pioneering innovations in packaging, labeling, and private label technologies. The fair is not only a comprehensive product platform but also a showcase for technological solutions – from smart packaging and automation to digital private label management. NEW LABEL POLAND brings together manufacturers, retail chains, suppliers, and decision-makers from across Europe – spanning the food and beverage industry, drugstore and cosmetics sector, and wholesale and retail trade. Special focus is placed on professional visitors from the private label segment, including product developers, buyers, packaging specialists, and retail brand strategists. As such, the fair functions as a highly specialized, internationally oriented B2B networking event. A true highlight is the presentation of innovative products, where outstanding private label developments and breakthrough technologies are recognized and awarded. With its strong focus on the Central European market and deliberate positioning in economically dynamic Poland, the fair also acts as a bridge between Western and Eastern Europe. It highlights Poland’s strategic role in the production, development, and trade of consumer goods. The PTAK Warsaw Expo is conveniently located near the capital city of Warsaw and is easily accessible via the S8 expressway or by shuttle service from Chopin Airport and the city center. With state-of-the-art infrastructure, expansive exhibition halls, and comprehensive business facilities, the venue offers ideal conditions for both exhibitors and visitors."
ISM Manufacturing,31 Jan. - 03 Feb. 2027,Germany,Cologne,Köln Messe,www.prosweets-cologne.de,"The ISM Manufacturing , founded in 2006 and held under the name ""ProSweets Cologne"" until 2026, is an international trade fair that focuses specifically on the comprehensive range of suppliers to the confectionery and snack industry . This fair takes place annually in Cologne and runs concurrently with the ISM, the world's largest trade fair for confectionery and snacks. An interesting detail is that ISM Manufacturing takes a break in the years when Interpack occurs, another significant trade fair for packaging and process technology. Organized by Koelnmesse GmbH, the fair continually evolves to match the latest trends and demands of the industry. ISM Manufacturing covers a wide range of topics, including raw materials and ingredients for confectionery production, packaging materials and technologies, manufacturing machinery and equipment, and crucial aspects like refrigeration and climate technology, food safety, and quality management. A special highlight of the fair is the Robotics-Pack-Line, a demonstration showcasing the use of robotics and automation technologies in a fully automated snack packaging line. These innovations highlight the industry's move towards greater efficiency and precision. ISM Manufacturing is not just a platform for product and service presentation but also a hub for exchange and networking among professionals worldwide. It offers service providers, organizations, and publishers the opportunity to showcase themselves and discuss the latest findings and technologies. The venue, Köln Messe, is a modern and accessible exhibition center, ideally suited for showcasing such an extensive and diverse industry. ISM Manufacturing has thus established itself as a central meeting point for professionals in the confectionery industry, offering a unique opportunity to stay informed about the latest innovations and trends."
Vitafoods India,09. - 11. February 2027,India,Mumbai,Jio World Convention Centre,www.vitafoodsindia.com,"Vitafoods India is a specialized trade fair accompanied by a conference, dedicated to the rapidly growing industry of dietary supplements, functional foods, and health-focused nutrition. Since its launch in 2023, it has established itself as a key industry platform in India. The event is held annually at the Jio World Convention Centre (JWCC) in Mumbai – one of Asia’s most advanced venues, offering excellent infrastructure and direct connections to hotels, the international airport, and the city center. Vitafoods India is organized by Informa PLC, a global leader in trade exhibitions, conferences, and industry intelligence, headquartered in London. As part of the international Vitafoods event series, it plays a strategically important role within the global health and nutrition network. The focus of the exhibition is on science-backed innovations and current market trends across the entire value chain of the nutraceutical and functional food industry. Exhibitors showcase their latest developments in raw materials, ingredients, dietary supplements, functional foods and beverages, botanical extracts, packaging, processing technologies, laboratory analytics, as well as research and development. A highlight of the event is the Innovation Zone, where groundbreaking product innovations and technological advancements are unveiled for the first time. The event attracts industry professionals from across India and increasingly from international markets – including manufacturers, suppliers, distributors, scientists, product developers, marketing specialists, regulatory experts, and decision-makers from the fields of nutrition, pharmaceuticals, biotechnology, food technology, and healthcare. The accompanying conference provides in-depth insights into regulatory developments, scientific research, market analysis, and supply chain solutions. It promotes knowledge sharing and strengthens the industry’s capacity for innovation. India is considered one of the fastest-growing markets in the field of health-focused nutrition. A strong demand for natural products, Ayurvedic formulations, and modern health solutions is driving this trend. Vitafoods India responds to these developments by offering a platform that connects local market potential with global innovation. The exhibition experience is further enhanced by networking events, interactive formats, and special features such as product showcases and expert panels – offering ideal opportunities for building business relationships and staying attuned to industry developments. The Jio World Convention Centre, located in the central Bandra Kurla Complex (BKC), reflects the high standards of the event. It is easily accessible – whether by car, train, or from the Chhatrapati Shivaji Maharaj International Airport, which is just around 20 minutes away."
Expo Sweet,21. - 24. February 2027,Poland,Warsaw,Warszawskie Centrum EXPO XXI,www.exposweet.pl,"Expo Sweet is the specialized trade fair for the confectionery and ice cream industry in Poland, held annually at the EXPO XXI convention center in Warsaw. As a central hub for professionals from the confectionery, ice cream, and bakery sectors, it provides a platform for showcasing innovations, new technologies, and trends that drive these industries forward. The fair is distinguished by its wide range of exhibition topics, from innovative ice cream flavors and advanced production methods to the latest bakery technologies and trends in confectionery production. Expo Sweet offers a unique insight into current and future market developments and presents innovative products and services that attract visitors from around the world. Another highlight is the numerous competitions, including the Polish championships in dessert preparation, the Polish championships for confectionery students, and the open competition for sugar decorations. These competitions provide a stage for creativity and expertise, attracting both talented newcomers and established professionals. Expo Sweet also contributes to the promotion of the local economy and culture in Warsaw by bringing a large number of exhibitors and visitors to the city, thereby invigorating local tourism and business activities. The fair is organized by Expo Sweet EZIG, which is committed to offering an even more extensive and detailed event each year. The modern and accessible EXPO XXI convention center provides ideal conditions for exhibitors and visitors to discover new business opportunities and expand networks. In summary, Expo Sweet is not just a trade fair, but an annual institution that offers crucial insights and excellent networking opportunities for professionals in the confectionery, ice cream, and bakery industries. With its excellent infrastructure and accessibility, the EXPO XXI convention center underscores Warsaw's importance as a central trading hub in Poland and Europe."
SANA Food,21. - 23. February 2027,Italy,Bologna,BolognaFiere,www.sana.it/en/explore/sana-food/13243.html,"SANA Food , a major trade fair for the food industry, was established in 1988 and takes place annually at the prestigious BolognaFiere exhibition center in Bologna. Its central location in one of Italy’s most diverse culinary cities provides easy access for both locals and international visitors, blending tradition with modern hospitality. The fair is dedicated to sustainable and healthy food options, perfectly meeting the consumers' demand for nutritious and innovative products. The selection includes vegan, vegetarian, and plant-based products, specialties for specific dietary needs, and certified organic products, which have been the cornerstone of the fair for over three decades. SANA Food connects professionals from the hospitality, retail, and distribution sectors, creating a platform for the exchange of ideas and business opportunities. The fair showcases a wide array of innovations, from new recipes to advanced packaging solutions, all aimed at making the food industry more sustainable. Another highlight is the concurrent Slow Wine Fair, which enriches the offering with sustainably produced, high-quality wines. Additionally, the fair hosts a series of events, including the SANA Novità, a project aiming to showcase innovations and new developments in the agrifood sector, Rivoluzione Bio, the General Assembly of Organic Farming , where leading players in the organic market discuss key industry issues,and a wide range of conferences. The organizer, BolognaFiere S.p.A., ensures that a comprehensive program is offered each year, not only providing information but also practical insights into the latest culinary techniques. This is achieved through cooking shows and masterclasses led by renowned chefs and experts. Thanks to its central location in Bologna, the fair is easily accessible and surrounded by excellent accommodation and dining options, making it an ideal meeting point for professionals from around the world. Overall, SANA Food offers more than just a trade fair; it is an experience that transports visitors to the future of the food industry, offering unparalleled opportunities for education, innovation, and business development."
GastroPan,11. - 13. March 2027,Romania,Sibiu,Redal Expo,www.gastropan.ro,"GastroPan is a trade fair for the bakery, confectionery, and catering industries. Since its founding in 2009, it has established itself as an important meeting place for professionals, entrepreneurs, and decision-makers. The name is a combination of ""Gastro"" for ""gastronomy"" and ""Pan"" for bread, reflecting the trade fair's focus: food production. The event takes place annually at different locations throughout Romania and is organized by Boro-Info Srl, a company specializing in trade events for the food industry. GastroPan brings together innovation and tradition, addressing current trends such as digitalization and automation to optimize production processes in bakeries and confectioneries. At the same time, it serves as a platform for artisanal craftsmanship, where outstanding professionals showcase their expertise. A particular highlight is the ""Bread of the Year"" competition, which shines a spotlight on both artisanal and industrial baking excellence. The fair offers a comprehensive range of products and services, including state-of-the-art technologies, equipment, raw materials, and ingredients for the production of bakery and confectionery goods, ice cream, chocolate, and donuts. The gastronomy and HoReCa sectors also benefit from tailored solutions for restaurants, bars, cafés, hotels, guesthouses, and catering businesses. The program is further enriched by IT solutions, consultancy services, and marketing strategies specifically designed for the food industry. In addition to its diverse exhibitor offerings, GastroPan is renowned for its prestigious competitions, where the finest bakery and confectionery products are awarded. These competitions provide professionals with the opportunity to demonstrate their skills and engage with industry peers. Each year, the fair attracts a wide range of bakers, confectioners, restaurateurs, hoteliers, and decision-makers seeking innovative solutions and new business opportunities."
FHH Food & Hotel,17. - 19. March 2027,Vietnam,Hanoi,I.C.E. International Center for Exhibition,foodnhotelhanoi.com,"The Food & Hotel Hanoi (FHH) is an international trade fair specialising in food, beverages, hotels, bakeries, restaurants, catering, and related equipment. It takes place at the impressive ICE Hanoi International Exhibition Centre in the heart of Hanoi and attracts numerous visitors from both domestic and international locations. Informa Markets Vietnam, a leading organiser of trade shows and events, is responsible for organising this major event. The FHH focuses on innovative ideas, current trends, and forward-looking technologies. Key themes and highlights include biodegradable products, advanced Industry 4.0 technologies, healthy plant-based alternatives, and innovative solutions for the hospitality industry. The exhibition showcases a wide range of products, including bakery and confectionery items, beverages, food products, barista equipment, halal products, organic and health foods, catering supplies, coffee and tea accessories, fast food, fine food, seafood, meat, poultry, fruits, vegetables, and snacks. The Hospitality Zone features topics such as cleaning and maintenance, security systems, disinfection methods, hospitality information systems, hotel and resort management, bar and restaurant management, smart technology for hotels, tableware, and utensils, among others. In addition to the main programme, various accompanying activities are offered, including wine tastings, industry conferences, and live cooking demonstrations by professional chefs. Notably, the culinary competition ""Culinaire Vietnam"" and the Pastry Innovation Lab, which offers creative masterclasses and enjoyable hi-tea sessions, are worth mentioning. Exhibitors come from diverse industries, ranging from food producers to hoteliers to technology providers. The primary audience of the trade fair consists of hoteliers, retailers, investors, consultants, and buyers who are seeking the latest trends and solutions in their respective fields. The ICE Hanoi International Exhibition Centre, where the fair takes place, is strategically located in the city centre. With its modern facilities and impressive view of the vibrant metropolis of Hanoi, it makes the exhibition visit an unforgettable experience."
CAKE & BAKE,20. - 21. March 2027,Germany,Dortmund,Messe Dortmund,www.cakeandbakemesse.de,"The CAKE & BAKE in Dortmund is fully dedicated to the art of baking and cake decoration. Since its inception in 2018, it has grown into the largest fair of its kind in Germany, attracting enthusiasts from both domestic and international locations. It is hosted by Messe Dortmund GmbH at the prestigious Messe Dortmund, known for its excellent facilities and capacity to accommodate large crowds. The fair serves as a platform for ambitious cake bakers and sugar artists to showcase their creations in an annual competition. In addition to this competition, live shows, workshops, demonstrations, and interactive areas provide further highlights. Participants can get inspired by experienced artists, attend ""Meet & Greets"" with well-known personalities from YouTube and blogs, and discover the latest trends and techniques in baking and decoration. A characteristic of the fair is its international orientation, with exhibitors from various countries offering a wide range of products and services in baking, decoration, patisserie, praline making, and chocolate art. This gives visitors a comprehensive overview of the latest industry innovations and the opportunity to interact directly with manufacturers. A special feature is the synergy with CREATIVA, Europe's largest creative fair, which takes place simultaneously. With a joint ticket, visitors can explore the diversity of the creative and craftsmanship world at both events. In summary, the CAKE & BAKE in Dortmund offers an excellent opportunity to deepen one's passion for baking and cake decoration. With an extensive array of demonstrations, workshops, and exhibitors, it serves as a central meeting point for the baking and cake scene in Germany and beyond."
Modern Bakery Moscow,23. - 26. March 2027,Russia,Moscow,Timiryazev Exhibition Centre,en.modern-bakery.ru,"The ""Modern Bakery Moscow"" is considered one of the most significant trade fairs in Russia and the CIS states, specializing since its inception in 1995 in the entire spectrum of production and distribution of bakery and confectionery products. It showcases innovative taste trends, ingredients, and techniques of interest to the bakery and confectionery industry. Held annually at the Timiryazev Exhibition Centre in Moscow, the event stands out for its excellent accessibility and modern facilities. The organization is handled by Gefera Media Ltd, a company experienced in managing trade fairs and conferences. The fair covers a wide range of topics: from food processing, various ingredients, raw materials, and additives to shop construction, services, and technologies for the storage and quality control of cereal products. The diversity of products and equipment is particularly impressive, ranging from classic bakery and confectionery machines to specialized equipment for the production of waffles and other specialties. As a crucial interface for the local and international bakery and confectionery industry, ""Modern Bakery Moscow"" offers a platform for professionals from various related sectors. Here, manufacturers, suppliers, and service providers can discuss the latest trends and technologies and establish business contacts. The fair is characterized by a diverse program, including workshops, master classes, and conferences led by leading experts. Special attention is given to the educational project ""Die Schule des Technologen"" (The School of the Technologist), specifically aimed at professionals. In summary, the ""Modern Bakery Moscow"" is indispensable not only for players in the bakery and confectionery industry but also represents a unique opportunity to learn and exchange information about the latest developments and technologies in the heart of Moscow, a city known for its cultural and economic diversity."
Foodservice & Hospitality Expo,03. - 05. April 2027,Romania,Bucharest,Romexpo Exhibition Center,horecaretailexpo.ro,"The Foodservice & Hospitality Expo, inaugurated in 2018, has established itself as a premier event in Romania's thriving hotel and hospitality industry. Hosted by Marketing Zone SRL, this trade fair is held in Bucharest, specifically in Hala Laminor, a venue renowned for its extensive facilities and exceptional suitability for events and exhibitions. This specialized expo serves as a central platform for professionals in the hospitality sector to explore the latest products, services, and trends in the industry. It stands out for its comprehensive showcase of various hospitality segments, including a wide array of exhibitors presenting a range of products from food and beverages to innovative non-food items, furniture, and technological solutions. The event places a special emphasis on interactivity and firsthand experiences, featuring culinary demonstrations, innovative cooking shows — with a focus on vegan cuisine — and competitions such as the Sushi Cup and thrilling pastry chef challenges. A highlight of the fair is the opportunity for attendees not only to get acquainted with products and services but also to participate in workshops. These sessions address current and significant topics such as food waste, sustainability in catering, functional design in the hotel industry, as well as tax obligations and relevant legislation. Furthermore, the Foodservice & Hospitality Expo acts as a stage for innovation, with the 'Innovation Showcase' inspiring participants through demonstrations of new and pioneering products and services. Beyond the opportunity to deepen business relationships, the Expo offers a unique chance for owners of bars and cafes, chefs, purchasing managers, sommeliers, bartenders, baristas, and consultants to network, learn, and enhance their knowledge and skills through direct interaction and feedback from industry peers. The Foodservice & Hospitality Expo transcends a traditional trade fair; it emphasizes experience, continuing education, and community development, making it an indispensable event in the annual calendar of every professional in Romania's hotel and hospitality industry. It represents not only the diversity and creativity of the sector but also underscores Bucharest's role as an emerging hub for hospitality and tourism in Eastern Europe."
ANUGA Select Brazil,06. - 08. April 2027,Brazil,Sao Paulo,Centro de Convenções - Distrito Anhembi,anuga-brazil.com.br,"ANUGA Select Brazil is an international trade fair for food and beverages and ranks among the leading business platforms for the food and drink industry in South America. Held annually in April at the Centro de Convenções – Distrito Anhembi in São Paulo, the event brings together producers, importers, distributors, service providers and senior decision-makers with a clear commercial focus. Its purpose is to generate tangible business opportunities, assess market potential and build long-term partnerships. Rather than serving as a straightforward product showcase, the fair positions itself as a strategic hub for innovation, knowledge exchange and international networking. The event is organised by Koelnmesse Organização de Feiras Ltda., the Brazilian subsidiary of Koelnmesse, one of the world’s leading trade fair organisers in the food sector. In addition to its Cologne base, Koelnmesse delivers further ANUGA formats in high-growth markets such as Asia and the Middle East, creating a global network that gives exhibitors direct access to international sales markets. The exhibition presents a broad yet clearly structured product range, including bakery and confectionery, alcoholic and non-alcoholic beverages, dairy products, frozen foods, fine foods, fresh fruit and vegetables, canned and ambient goods, as well as organic and health products. The offering is complemented by retail and point-of-sale solutions, along with services for the grocery retail and foodservice sectors. In doing so, the event covers the entire value chain — from production and processing through to distribution and in-store presentation. A strong emphasis is placed on trends, innovation and market intelligence. ANUGA Select Brazil addresses key issues such as sustainable production, transparent supply chains, new product development, clean-label strategies and shifting consumer preferences. It provides in-depth insights into consumer behaviour across Latin America, set within a broader international context. Specialist forums, conference sessions and networking formats equip industry leaders with strategic input for business development. Exhibitors represent sectors including dairy, organic food production, beverages, foodservice, import and export, as well as related service industries. Trade visitors include professionals from grocery retail and wholesale, hospitality, catering, distribution and food processing. The fair is therefore firmly targeted at a qualified B2B audience with defined purchasing and investment intentions. São Paulo’s role as host city underscores the event’s economic significance. As Brazil’s largest city and principal commercial and financial centre, it serves as a gateway to the Latin American food market. Brazil itself is one of the world’s leading agricultural and food producers. The Centro de Convenções – Distrito Anhembi is among the country’s most established exhibition and convention venues. Modern infrastructure, extensive exhibition space and convenient access to international airports and major transport links ensure straightforward travel for trade visitors from Brazil and abroad. ANUGA Select Brazil combines global exhibition expertise with in-depth regional market knowledge. As part of an international trade fair portfolio, it fosters cross-market synergies and provides companies with a focused platform to showcase innovation, strengthen business relationships and actively shape the future of the food system."
Food & Drink OEM Matching Expo,13. - 15. April 2027,Japan,Tokyo,Tokyo Big Sight,pboemfair.com,"The "" Food & Drink OEM Matching Expo "", commonly referred to as the OEM Expo , is an annual trade fair held at Tokyo Big Sight in Tokyo. Hosted by Japan Food Journal Co., Ltd., it has established itself as an essential platform for professionals in the food and beverage industry who specialize in the development and production of private labels and OEM products. OEM stands for ""Original Equipment Manufacturer"", which in this context refers to the production of products under a brand name that does not belong to the manufacturer. Therefore, the fair provides an excellent opportunity to gain deep insights into private label production and establish direct business relationships. The expo covers topics such as processed foods, fresh produce, confections and desserts, spices and sauces, dietary supplements, and beverages, including alcoholic drinks. Additionally, consulting services and analytical devices and systems are presented, enabling participants to explore all aspects from product development to quality control. Exhibitors come from various sectors of food production and related services, ranging from large international corporations to specialized small businesses. The main audience for the fair includes decision-makers in the industry, such as purchasers, product developers, and marketing professionals, making the event a key meeting place for networking and industry insights. Access to the venue, Tokyo Big Sight, is facilitated by its central location and excellent transportation links, including train and bus connections. The modern facilities and impressive architecture of the convention center attract thousands of visitors each year and create an inspiring environment for exhibitions and networking."
Anuga Select Japan,13. - 15. April 2027,Japan,Tokyo,Tokyo Big Sight,www.anuga-japan.com,"Anuga Select Japan is a specialized trade fair for healthy and sustainable food and beverages, held at Tokyo Big Sight, Japan's largest exhibition center. This annual event attracts visitors and exhibitors from around the world who are interested in innovations in the food industry. The name Anuga represents a wide array of products and innovations showcased at the fair. The event aims to meet the growing demand for health-conscious and eco-friendly products, which is especially significant in East Asia where demographic shifts and climate change challenges play a central role. The main themes of the fair include delicacies, meat products, alternative protein sources, and vegan and vegetarian options. A broad range of beverages, from coffee to innovative refreshment drinks, is also presented. These reflect the global trend towards more sustainable and healthier dietary options. Anuga Select Japan serves not only as a platform for knowledge and product exchange but also as a showcase for Japan's unique contributions to food innovation. Exhibitors from various sectors, including food production and technology as well as beverage manufacturing, display their latest developments here. Visitors to the fair are professionals from the food and beverage industry, buyers from large retail chains, and representatives of organizations committed to health and sustainability. They are in search of new products that not only delight the palate but are also beneficial for health and the environment. As part of the globally recognized Anuga fairs, the event offers a comprehensive platform for the global food industry. The strikingly designed Tokyo Big Sight is located on the artificial island of Odaiba in Tokyo Bay and is easily accessible. Anuga Select Japan promises an exciting fair experience with deep insights into the future of the food industry, offering informative and inspiring moments as well as numerous networking opportunities."
ISM Japan,13. - 15. April 2027,Japan,Tokyo,Tokyo Big Sight,www.ismjapan.com,"Launched in 2022, ISM Japan is the first specialized trade fair for the confectionery and snack industry in East Asia, serving as a significant marketplace for innovations and business developments in this sector. The fair is held annually at Tokyo Big Sight, the largest exhibition and convention center in Tokyo, renowned for its distinctive architecture. It attracts exhibitors and visitors from around the world who are keen to learn about the latest trends and technologies in the industry. Organized by Koelnmesse Co., Ltd., a subsidiary of Koelnmesse GmbH based in Cologne, ISM Japan serves as a platform to showcase the latest products in areas such as chocolate, confectionery, fine pastries, savory snacks, bread, cakes, ice cream, and frozen food. Advanced technologies and equipment for the production and packaging of these items are also presented. More than just an exhibition, ISM Japan is a vital meeting point for professionals in the food industry, from producers to suppliers and retailers, making it an indispensable event for those in the sector. A highlight of the fair are the tastings and product demonstrations, which offer participating companies the opportunity to present their innovations to a broad audience and stand out from the competition. Thanks to its close connection to Japan, a country known for its innovative food industry and a commitment to quality and aesthetics, the fair serves not only as a business event but also as a cultural bridge that celebrates the uniqueness and diversity of both Japanese and international confectionery and snack cultures. The central location of Tokyo Big Sight facilitates access for international visitors, making ISM Japan an attractive destination for industry professionals worldwide."
Dessert Sweets & Bakery Festival,13. - 15. April 2027,Japan,Tokyo,Tokyo Big Sight,www.fabex.jp,"The Dessert Sweets & Bakery Festival (DSB Festival) has established itself as a premier trade fair for the bakery, confectionery, and beverage industries. Held annually at the prestigious Tokyo Big Sight in Tokyo, it brings together experts, manufacturers, distributors, and industry professionals from around the world. Organized by Japan Food Journal Co., Ltd., the DSB Festival serves as a central platform for exchanging insights on industry trends, technological innovations, and business collaborations. As part of FABEX, one of Japan’s leading food industry trade fairs, the DSB Festival contributes to the creation of new value in the food business by bridging global culinary cultures with cutting-edge technological advancements. The event focuses on bakery and confectionery products, the beverage industry, food ingredients, and packaging solutions. Exhibitors showcase the latest developments, from high-quality ingredients and innovative baking technologies to creative packaging concepts that are shaping the market. Companies from food production, gastronomy, hospitality, and retail sectors take advantage of the fair to stay informed and expand their professional networks. The DSB Festival stands out for its dynamic atmosphere, featuring live demonstrations, tastings, expert lectures, and seminars. A particular highlight is the renowned Assiette Dessert Contest, a competition for professionals from pastry shops, hotels, and restaurants. Participants create desserts incorporating frozen components into a single, harmoniously composed dish. Besides balance and taste, originality and design play a crucial role in the evaluation process. Deeply rooted in Japanese culture, the DSB Festival reflects Japan’s high standards in food production and its passion for premium baked goods and confectionery. As a vibrant metropolis, Tokyo provides the perfect setting for this trade fair, reinforcing Japan’s role as a leader in food technology and innovation. Tokyo Big Sight, Japan’s largest exhibition center, offers modern infrastructure and excellent accessibility via Haneda International Airport and the public transportation network. Combining expertise, exclusive innovations, and a unique atmosphere, the Dessert Sweets & Bakery Festival is a must-attend event for industry professionals."
Markt des guten Geschmacks,15. - 18. April 2027,Germany,Stuttgart,Messe Stuttgart,www.messe-stuttgart.de/marktdesgutengeschmacks,"The ""Market of Good Taste"" (Markt des guten Geschmacks) in Stuttgart, a standout fair of the Slow Food movement, takes place annually in the spring. It is dedicated to showcasing and promoting regional specialties that are free from additives. Since its inception, the fair has evolved into a significant meeting point for gourmets and consumers who value quality, taste, and sustainable production. Organized by Messe Stuttgart GmbH, the fair presents an impressive selection of food and beverages from regional producers, with a focus on the quality and taste experience of the products. The event serves not only as a platform for exchange between visitors and exhibitors but also as a place for education and active participation. Visitors have the opportunity to engage directly with the producers, sample their products, and become actively involved in the fair's own cooking workshop. Under guidance, they can prepare their own dishes and then enjoy them in a convivial round. In addition to food and beverages, the fair's offerings also include handmade kitchen furniture and utensils, as well as specialist books on topics related to food and drink. An extensive program of discussion forums and lectures provides deeper insights into the Slow Food movement and sustainable food production. The fair is held at the easily accessible Stuttgart Exhibition Center, located near the A8 motorway. Thanks to its proximity to Stuttgart Airport and the numerous parking options available both at the exhibition grounds and in the airport parking garage, arrival by car and on foot is convenient. The connection to public transport also ensures a hassle-free arrival for visitors from different regions. With its spring timing, the ""Market of Good Taste"" has established itself as an important event that embodies the values of the Slow Food movement and provides a platform for exchange and discovery of regional, sustainable food and products."
InterFood,21. - 23. April 2027,Russia,Krasnodar,Expograd Yug,inter-food.su,"InterFood Krasnodar is a specialized annual trade fair dedicated to food, beverages, and packaging technology. It has established itself as a key industry platform in southern Russia. Organized by MVK – International Exhibition Company, one of the country's leading trade fair organizers with extensive experience in hosting international exhibitions and conferences, InterFood provides industry professionals with an opportunity to explore the latest developments in the food and beverage sectors and connect with experts, manufacturers, suppliers, and decision-makers. The event takes place at Expograd Yug in Krasnodar, a modern exhibition and congress center known for its innovative infrastructure. The venue offers ideal conditions for showcasing new products, technologies, and services, making it one of the most important locations for trade events in southern Russia—further underscoring the fair’s significance. Access to InterFood is restricted to trade professionals only. This focused approach encourages practical, in-depth exchanges between exhibitors and buyers. A standout feature is the integrated negotiation center, where manufacturers and suppliers present their products directly to senior buyers and category managers from major retail chains and distributors—a unique format that enables efficient, high-level networking. The exhibition covers a broad yet clearly defined range of topics, including meat and poultry products, dairy and cheese, staple foods, grain-based goods, baked and confectionery items, non-alcoholic and low-alcohol beverages, beer, snacks, and catering supplies. This is complemented by displays of cutting-edge production and processing technologies, innovative packaging solutions, and efficient storage and logistics systems—particularly attractive to technology-focused professionals. Another highlight of the fair is its hands-on program of expert lectures and seminars on current topics such as the use of artificial intelligence in food production, brand strategies in consumer goods, lab data analysis, and risk management in manufacturing. Running alongside InterFood is the ""Vinorus.Vinotech"" exhibition, where Russian wineries showcase their products through professional tastings—adding further value for visitors with an interest in wine and spirits. With its thematic depth, clear focus, and recurring annual format, InterFood Krasnodar is an essential platform for professionals looking to stay ahead of industry trends, discover innovative products, and build valuable business connections—at one of Russia’s most dynamic hubs for the food and beverage industry."
Bakery Showcase,25. - 26. April 2027,Canada,Vancouver,BC Place Stadium,www.bakeryshowcasecanada.ca,"The Bakery Showcase is a trade fair and conference for the bakery and confectionery industry in Canada. It takes place annually and alternates between the two Canadian cities of Montreal and Toronto. Founded in 1965, the Bakery Showcase has since developed into a major industry event. It is organised by the Baking Association of Canada (BAC), a national body representing the interests of the bakery and confectionery sector. The BAC’s membership spans the entire industry, including bakeries, suppliers, wholesalers, retailers, educational institutions and other organisations. The association places strong emphasis on keeping its members informed about the latest trends and technologies, while also providing opportunities for networking and professional development. The exhibition features a comprehensive range of products and services, including raw materials, baking equipment, packaging, services and technologies. Exhibits cover ingredients such as flour, sugar, yeast, fats, chocolate, fruit and nuts, as well as a variety of flavourings and fillings. The event also showcases ovens, dough mixers, portioning equipment, refrigeration and freezing systems, and bread and cake slicing machines. In addition, it presents a wide array of packaging solutions for bread, cakes, pastries and other baked goods, including environmentally friendly and sustainable options. Further offerings include solutions for decoration and presentation, cleaning and sanitation, and food safety in the bakery and confectionery sector, as well as bakery design and planning services, and marketing and sales support. The event focuses on innovation, sustainability and quality. Highlights include live product demonstrations, expert-led presentations and hands-on workshops. The Bakery Showcase provides trade visitors with an excellent opportunity to keep abreast of the latest industry developments while building valuable professional connections."
SALÓN GOURMETS,26. - 29. April 2027,Spain,Madrid,Feria de Madrid - IFEMA,www.gourmets.net/salon-gourmets/visit/datos-de-interes-en,"SALÓN GOURMETS is Europe’s leading trade fair for high-quality food and beverages, making it an essential industry event for professionals in fine foods, gastronomy, hospitality, and retail. Since its inception in 1987, it has become a central platform for exclusive delicacies, innovative products, and emerging culinary trends. Held annually at the IFEMA exhibition center in Madrid, the event benefits from modern infrastructure, excellent transport connections, and ample parking, providing ideal conditions for an international gathering of this scale. Organized by Grupo Gourmets, a renowned company dedicated to promoting fine gastronomy and premium food products for decades, SALÓN GOURMETS brings together producers, suppliers, buyers, and decision-makers from around the world. The fair fosters new business relationships and showcases the latest innovations in the industry. The extensive offering includes gourmet foods, wines, spirits, organic products, and exclusive delicacies. In addition to the traditional exhibition, the event features an extensive supporting program with tastings, live cooking demonstrations, competitions, and expert lectures that provide valuable insights into current market trends and developments. Key highlights include themed experience areas such as the Wine Tunnel, olive oil and cheese exhibitions, and the innovation space, where groundbreaking products are unveiled. A dedicated business center and a tailored matchmaking service facilitate targeted networking between exhibitors and international buyers, helping businesses expand into new markets. With its unique combination of exquisite products, high-profile industry professionals, and a world-class venue, SALÓN GOURMETS stands among the most important platforms in the fine food sector—an unmissable event for those looking to experience and market premium food and beverages at the highest level."
SIAL Canada,27. - 29. April 2027,Canada,Toronto,Enercare Centre,sialcanada.com,"SIAL Canada is one of Canada’s leading trade shows for the food, beverage, and hospitality sectors, serving as a central meeting point for professionals across this dynamic industry. The name SIAL – Salon International de l’Alimentation – highlights the event’s international focus and its specialization in food-related innovation. Since its inception in 2001, the trade show has become a major driver of innovation, commerce, and exchange within the North American agri-food sector. Held alternately in Montreal and Toronto each year, SIAL Canada brings together all key players under one roof. It is organized by the renowned Comexposium Group, one of the world’s largest trade show organizers with an extensive portfolio of international events. The Canadian edition is part of a global network that includes flagship shows in Paris, Jakarta, and Abu Dhabi. A defining feature of SIAL Canada is its clear thematic structure, divided into three focus areas: SIAL Food, SIAL Grocerant, and SIAL Packaging. SIAL Food covers the entire food production spectrum – from fresh products and beverages to niche categories such as baby food, frozen goods, and functional ingredients. SIAL Grocerant explores the growing intersection between foodservice and retail, emphasizing cutting-edge kitchen equipment, payment technologies, and service solutions. SIAL Packaging focuses on innovative and sustainable packaging concepts, logistics, and technological advancements across the supply chain. In addition to a broad product offering – ranging from cheese and olive oil to high-tech packaging – the trade show provides space for knowledge exchange, industry dialogue, and inspiration. It serves as a platform for Canadian producers, international brands, start-ups, retailers, foodservice professionals, and importers to identify trends, build business relationships, and strengthen their market presence. Deeply rooted in the Canadian market, SIAL Canada reflects the country’s cultural diversity, spirit of innovation, and commitment to sustainability. At the same time, it offers international companies a gateway to enter the North American market. One of SIAL Canada’s standout features is its range of competitions that spotlight the industry’s innovative spirit. The SIAL Innovation Award honors forward-thinking product ideas, the Olive d'Or recognizes the world’s finest olive oils, and the International Cheese Competition showcases the best in global cheesemaking. Additional highlights include a pitch contest for start-ups and the “SIAL To Go” format, which offers practical insights into current market developments. The event attracts a wide professional audience – from manufacturers and distributors to institutional foodservice experts – creating a highly specialized network designed for business success. Alongside the extensive exhibition, a conference program provides in-depth analysis and discussion of key industry topics. Whether at the Palais des Congrès de Montréal or the Enercare Centre in Toronto, both venues offer modern infrastructure, excellent accessibility, and are situated in vibrant urban environments. With international airports, convenient public transit links, and thriving culinary scenes, they provide the ideal setting for a trade fair that is more than just an exhibition: SIAL Canada is an experience, a marketplace of ideas, and a bridge between local markets and global opportunities."
Food & Hospitality Week,02. - 04. May 2027,Australia,Melbourne,MCEC - Melbourne Convention and Exhibition Center,fhweek.com.au,"Food & Hospitality Week is widely regarded as Australia’s leading platform for culinary innovation and hospitality inspiration. Held annually it brings together key decision-makers from the foodservice, hospitality, and restaurant sectors. Organized by National Media, Food & Hospitality Week brings every facet of the industry under one roof—not as a traditional trade show, but as a dynamic meeting point with a clear focus on the future. Food & Hospitality Week represents a movement that actively shapes the evolution of Australia’s food and hospitality landscape. It attracts a diverse professional audience, including chefs, restaurateurs, suppliers, and technology providers, as well as stakeholders from across the entire value chain. The program focuses on pressing topics such as food innovation, advanced kitchen technology, sustainable practices, digital transformation in hospitality, and Italian cuisine. Both national and international exhibitors showcase new products and services across food and beverage, kitchen equipment, digital systems, storage, packaging, and hospitality solutions. Australia’s rich food culture and strong spirit of innovation are reflected not only in the exhibitor lineup but also in the event program. Live competitions, expert conferences, industry awards, and networking opportunities provide a space for inspiration and professional exchange. Key event formats include the established Foodservice Australia, the new Pizza Pasta & Italian Food Show, the hands-on Commercial Kitchen Show, and the forward-looking Restaurant Technology Show. With its thematic breadth, forward-thinking approach, and unique combination of exhibition and experience, Food & Hospitality Week is the place to be for anyone shaping the future of Australia’s hospitality industry."
CIBUS,04. - 07. May 2027,Italy,Parma,Fiere di Parma,www.cibus.it,"The CIBUS International Food Exhibition is an annual trade fair dedicated to the diverse world of food. It is held at the Fiere di Parma exhibition center in Parma, a prominent center of Italian food culture. The name CIBUS, derived from the Latin word for ""food"", emphasizes the fair's central importance to the food sector. The organizer of the fair is Fiera di Parma S.p.A. It provides a platform for professionals from various sectors including wholesale, Ho.Re.Ca. sector, importers, and independent retail. The fair promotes exchange between national and international representatives from the agricultural and food sectors. The exhibition areas include dairy products, cold cuts, food and confectionery, chilled and frozen products, beverages, and specialties from local, regional, and international cuisine. CIBUS showcases a wide range of products and services, including coffee, tea, cocoa, canned goods, fresh and dried fruits and vegetables, snacks, oils, vinegars, pasta, rice, ethnic products, cereals, ready meals, baked goods, frozen products, sauces, reflecting Italy's culinary diversity and innovation. Highlights of CIBUS include conferences, expert panel discussions, workshops, tastings, live cooking shows, and masterclasses with renowned chefs. Special focus is given to the ""CIBUS Innovation Zone"" and ""CIBUS Healthy"", addressing new trends and healthy eating. Exhibitors come from various sectors of the food industry, making CIBUS a global meeting point for professionals. Main visitors are professionals from the food retail, gastronomy, catering, as well as import and export, complemented by representatives of food producers. As an annual event specifically held in Parma, CIBUS reflects the gastronomic tradition and significance of the city in the Italian food industry. Thanks to its accessibility by both public transport and car, the fair offers a unique opportunity to discover the latest trends and products in the food sector, establish business contacts, and enjoy the extraordinary atmosphere and culture of Parma."
Food Bangladesh International Expo,06. - 08. May 2027,Bangladesh,Dhaka,International Convention City Bashundhara - ICCB,www.cems-foodexpo.com,"The ""Food Bangladesh International Expo"" is an annual international fair that specializes in food, beverages, and related equipment. This event provides a high-quality platform for professionals in the food industry to exchange knowledge and explore business opportunities. The fair is organized by CEMS Conference & Exhibition Management Services Ltd. and takes place at the International Convention City Bashundhara (ICCB) in Dhaka, one of the city's largest conference and exhibition centers, known for its excellent accessibility and optimal infrastructure. The main themes of the expo include a wide range of products and services from the food industry, including halal foods, beverages, juice processing equipment, chilled and frozen foods, ingredients, flavors, and food technologies. Services from related areas such as agricultural machinery, hotel and restaurant services, as well as retail and franchising are also showcased. The expo is notably rooted in the local context. It not only provides a platform to showcase the diversity and creativity of the Bangladeshi food industry but also serves as a forum for interaction with an international audience. A highlight of the fair includes conferences and seminars where leading experts share their expertise. The exhibitors represent a variety of sectors within food production and processing, as well as adjacent sectors such as technology providers and service companies. The main visitors include industry professionals, including manufacturers, traders, importers, and representatives from hotels and restaurants. In summary, the Food Bangladesh International Expo offers a central platform for exchanging ideas, technologies, and business opportunities in the food and beverage industry in Bangladesh. The ICCB venue in Dhaka ideally supports this international gathering with its modern infrastructure and excellent accessibility."
SIAL China,18. - 20. May 2027,China,Shanghai,Shanghai New International Expo Center - SNIEC,www.sialchina.com,"Since its inception in 2000, SIAL China has been a leading international trade fair for food and beverages, held annually at the Shanghai New International Expo Center (SNIEC). The name SIAL stands for ""Salon International De L'Alimentation"", which translates to ""International Food Exhibition."" The fair is organized by Comexposium, a global operator of trade shows and conferences. The main themes of SIAL China cover a wide spectrum of the food and beverage industry, including baby food, organic and wellness products, dairy products, non-alcoholic and alcoholic beverages, meat, poultry, sausages, seafood, legumes, and grains. This diversity reflects the fair's central role as a platform for innovation and trends in the food industry. At SIAL China, food manufacturers, traders, importers, wholesalers, and retailers, as well as representatives of institutional and commercial gastronomy, present and discover the latest products and services. This makes the fair an important gateway to the Chinese market and a significant platform for international companies looking to engage in this dynamic environment. The fair is distinguished by its numerous competitions and award ceremonies, which honor outstanding innovations in the food and beverage industry. Highlights include the SIAL Innovation Competition, the SIAL Chic and Tea Contest, and the SIAL Cup Barista Challenge. These events promote quality and innovation and serve as a platform for the exchange between professionals and companies. SIAL China is part of a global series of SIAL fairs held in various international cities and plays a key role in the global food industry. Exhibitors and visitors come from various sectors, including food production, gastronomy, and trade. The Shanghai New International Expo Center, the venue for SIAL China, is centrally located and easily accessible. It offers modern facilities and excellent infrastructure, making it ideal for events of this magnitude and significance. The easy accessibility of the SNIEC further contributes to the fair's attractiveness, both for local and international participants."
Vitafoods Europe,18. - 20. May 2027,Spain,Barcelona,Fira Barcelona Gran Via,www.vitafoods.eu.com,"Vitafoods Europe is the leading international trade fair for the nutraceutical industry and has been held annually since its inception in 1997. The name ""Vitafoods"" is derived from the words ""vitality"" and ""food"" reflecting the event’s core mission: to promote health and well-being through functional foods, dietary supplements, and innovative ingredients. The event is organized by Informa Markets, a division of Informa PLC, a global provider of trade shows and knowledge platforms. The fair is distinguished by its holistic focus on the entire value chain of the industry—from the development of bioactive raw materials and manufacturing to packaging, regulatory considerations, and market-ready products. Industry professionals gain insights into current trends, access to in-depth expertise, and opportunities to connect with a global network spanning science, industry, and commerce. Each year, Vitafoods Europe highlights trending topics such as personalized nutrition, cognitive health, and sustainable product solutions. Additional themes like women's health, the gut microbiome, sports nutrition, and functional pet food are showcased in practical formats including expert panels, live demonstrations, and tastings. Notable highlights include the Nutraceuticals Showcase Theatre featuring interactive presentations, and the Startup Challenge , which provides a platform for innovative new ventures. The Innovation Awards recognize outstanding achievements and help drive momentum within the industry. The event attracts professionals from across the health, food, pharmaceutical, and cosmetics sectors—from raw material suppliers and product developers to brand owners and retailers. As part of the global Vitafoods event series, which includes editions in India and Asia, Vitafoods Europe plays a pivotal role in the international exchange of health innovation. Combining knowledge sharing, innovation promotion, and international networking, Vitafoods Europe is an essential event for anyone looking to shape the future of health."
InterFood Azerbaijan,19. - 22. May 2027,Azerbaijan,Baku,Baku Expo Centre,interfood.az,"InterFood Azerbaijan is an annual trade fair that has established itself as a key platform for the food and beverage industry in the South Caucasus. Serving as an industry meeting point, innovation forum, and international marketplace, it brings together manufacturers, distributors, technology providers, and decision-makers to showcase the latest trends, products, and solutions in the sector. The name “InterFood” symbolizes the international scope of the event and its comprehensive coverage of the entire value chain—from raw material sourcing and advanced processing technologies to packaging and marketing. The venue for the event is the modern Baku Expo Exhibition and Convention Center, located in the Azerbaijani capital of Baku. The exhibition center is distinguished by its high-quality infrastructure, convenient transport connections, and proximity to Heydar Aliyev International Airport. The trade fair is organized by Caspian Event Organisers LLC, a leading company in the region specializing in trade fairs and business events. This ensures the event is executed professionally and at a high standard. The exhibition covers a wide range of topics and is structured into four main focus areas: traditional food products such as meat and dairy, confectionery and gourmet foods, non-alcoholic and alcoholic beverages, technologies for processing and packaging, and Halal-certified products. As such, InterFood Azerbaijan provides a comprehensive overview of current developments—from traditional craftsmanship to cutting-edge innovations. A particular highlight of the fair is the annual “Gızıl Şah” National Culinary Championship , an international cooking competition featuring over 200 participants from around the globe. Entries are judged by a distinguished panel of experts. The event is further enriched by targeted B2B meetings, practical workshops, and professional seminars where industry specialists discuss technological advancements, market trends, and sector-specific challenges. Exhibitors represent a wide range of sectors—from agricultural production and food processing to packaging and logistics services. The professional audience primarily consists of representatives from wholesale and retail, the hospitality sector, import and export businesses, distribution, and governmental institutions. This makes the fair an efficient hub for both national and international business development. The Baku Expo Center is located in the Hovsan district, approximately 20 kilometers from the international airport, and is easily accessible via metro, bus, or taxi. In this way, InterFood Azerbaijan offers not only valuable content but also ideal logistical conditions for international business development and industry-specific networking in the heart of the South Caucasus."
Bakery China,19. - 22. May 2027,China,Shanghai,NECC National Exhibition and Convention Center,www.bakerychina.com/en,"Bakery China , established in 1997, is recognized as the leading global trade fair dedicated to the entire value chain of the bakery and confectionery market. This event is held annually at the National Exhibition and Convention Center (NECC) in Shanghai and attracts industry leaders, buyers, and delegates from around the world who seek to explore the latest innovations and trends in production, distribution, research and development, and related service areas. The fair is organized by the China Association of Bakery & Confectionery Industry (CABCI) in collaboration with Bakery China Exhibitions Co., Ltd., and serves as a pivotal hub for professional competitions and conferences. The extensive range of offerings includes ingredients such as cereals, dairy products, chocolate, and meat, as well as functional ingredients, sauces, and spices. The exhibition also impresses with a variety of equipment—from production machinery, molds, and utensils to cooling systems, ovens, and smart devices, to testing and laboratory equipment. Additionally, packaging solutions, tableware, and ready-to-eat foods and snacks are showcased, covering everything from light meal options to coffee and tea. Ice cream, as well as fruit and vegetable products, complete the array. Bakery China is more than just a fair; it is a cultural meeting point deeply embedded in the Chinese bakery and confectionery industry, actively promoting both local and international business relations. Event highlights include various national and international baking and coffee competitions that emphasize the industry's creativity and innovation. Exhibitors and visitors represent various sectors such as food production, catering, and franchising, making the fair an important platform for networking and knowledge exchange. The NECC in Shanghai, easily accessible due to excellent transport links, provides the ideal setting for this comprehensive and dynamic event, which serves as a vital stimulant for the entire industry."
Food & Beverage West Africa,08. - 10. June 2027,Nigeria,Lagos,Landmark Centre,fab-westafrica.com,"The ""Food and Beverage (FAB) West Africa"" is a leading trade fair for food and beverages in West Africa, held annually at the Landmark Centre in Lagos. It not only offers a wide range of products and services from sectors such as FMCG, confectionery, beverages, kitchen and retail equipment, ingredients, machinery, packaging, dairy, rice, legumes, cereals, and frozen food, but also serves as a platform for interaction between international and local companies and a professional audience, including importers, distributors, retailers, and representatives from the hospitality industry. The organizer, BtoB Events Ltd., aims to bridge the gap between international brands and the local market. This makes the fair a key player in strengthening the regional food and beverage industry. Due to its location in Lagos, a major economic hub of West Africa, the fair has a strong local relevance and contributes to the economic development of the city and the country. The visitors mainly include traders, distribution partners, providers of commercial kitchen and food services, and gastronomes. The fair is distinguished by a variety of highlights, including the introduction of new products and trends, competitions, and the awarding of prizes that emphasize the innovation and quality of the exhibited products. The Landmark Centre, as the venue, offers excellent infrastructure and is easily accessible, making it an ideal location for this significant event. Overall, FAB West Africa provides a unique opportunity to gain insights into the food and beverage industry in West Africa and to establish important business relationships."
Bakery Tech Poland,08. - 10. June 2027,Poland,Nadarzyn,PTAK Warsaw Expo,bakerytechpoland.com/en,"Bakery Tech Poland is a highly specialized trade fair focused on forward-looking technologies in the bakery and confectionery industry. It is exclusively aimed at trade professionals from the artisan sector, industrial production, and supply chain who want to experience and shape technological advancements firsthand. The fair takes place annually at the modern Ptak Warsaw Expo grounds in Nadarzyn near Warsaw – the largest exhibition center in Poland. It is organized by Ptak Warsaw Expo Sp. z o.o., one of Eastern Europe’s leading trade fair organizers, known for its expertise in hosting industry-specific professional events. As a central platform for industry dialogue, Bakery Tech Poland showcases current developments in automation, digitalization, sustainability, and product innovation. Developers, manufacturers, industry experts, and decision-makers present and discuss cutting-edge technologies such as robotics solutions, AI-driven production systems, IIoT-based controls, energy-efficient tunnel ovens, and automated dough processing systems. The range is further enriched by intelligent packaging technologies, resource-efficient equipment, and digital systems for process optimization. A particular focus is placed on customized baked goods and creative confectionery trends, where innovations like 3D printing, edible gold, and modern airbrush techniques open up new design possibilities. Functional products are also gaining importance — including gluten-free, vegan, high-protein, and reduced-sugar baked goods that respond to evolving consumer dietary habits. With its rich baking heritage and a growing market for industrial food technologies, Poland offers ideal conditions for a trade fair of this scale. Bakery Tech Poland not only provides a comprehensive overview of technological innovations but also reinforces Warsaw’s position as a key European hub for food processing and technology. One of the major highlights of the fair is the live demonstrations and technical showcases, where outstanding innovations are recognized and awarded. Exhibiting companies represent sectors such as machinery and plant engineering, food technology, packaging, software development, and raw material supply. Visitors primarily include artisan bakeries, industrial producers, wholesalers, product developers, and technologists. The Ptak Warsaw Expo venue impresses with its convenient location — close to major highways, Warsaw Chopin Airport, and offering ample parking space. Whether by car, shuttle service, or public transport, the venue is easily and efficiently accessible. With over 143,000 m² of exhibition space, the center is perfectly equipped to welcome international trade professionals."
Kazakhstan International Bakery Show,16. - 18. June 2027,Kazakhstan,Astana,IEC EXPO International Exhibition Center,kazakhstanbakeryshow.com/en,"The Kazakhstan International Bakery Show is the only specialized trade fair in Central Asia dedicated entirely to the bakery and confectionery industry. It serves as an indispensable platform for professionals, companies, and investors who wish to stay informed about current developments and emerging trends. The event is organized every two years by the renowned company United Expo, LLC at the IEC EXPO International Exhibition Center in Astana – Kazakhstan’s economic and political hub. KIBS offers comprehensive insights into the latest international developments as well as the specific dynamics of the Kazakh market. It contributes to the modernization of the sector and fosters international networking between producers, suppliers, technology providers, and service companies. The fair covers all key aspects of the bakery industry, ranging from production technologies, raw materials, and ingredients to automation, franchising, and packaging solutions. The exhibition is further enriched by presentations on food additives, accessories, bakery and confectionery tools, commercial equipment, and industry-related services. In addition to product displays, visitors can benefit from an extensive professional program featuring conferences, training sessions, live demonstrations, and masterclasses where the latest technologies are showcased in practice. The range of exhibits includes fully automated production lines, dough processing machines, ovens, cooling and storage technologies, and ingredients for specialty products such as gluten-free, vegan, or sugar-free baked goods. The portfolio also features packaging design, enterprise software solutions (ERP, MES, CRM), IoT-based quality control systems, and complete business concepts for bakeries, pastry shops, and cafés. KIBS is tailored to the specific needs of the Central Asian market while also reflecting global industry trends. Exhibitors represent sectors such as mechanical engineering, food technology, raw material trade, packaging, digitalization, and retail. The audience includes bakers, pastry chefs, manufacturers, wholesalers, restaurateurs, franchisees, investors, as well as trade visitors from the HoReCa and retail sectors – a qualified professional audience with clear investment interests. The fair plays a particularly important role as a catalyst for innovation in Kazakhstan. It actively promotes the adoption of new technologies and the professionalization of the bakery and confectionery sector. Astana as the host city underscores this ambition: the young, dynamic capital offers excellent infrastructure, strong international connections, and with the IEC EXPO International Exhibition Center, provides ideal conditions for a high-profile professional event. The venue is easily accessible by car, public transport, or shuttle services, ensuring smooth access for all participants. The Kazakhstan International Bakery Show is thus an exclusive, regionally anchored trade fair held every two years in Astana – the Central Asian hotspot for innovation, networking, and business development in the bakery world."
Africa Food Show,22. - 24. June 2027,South Africa,Cape Town,CTICC Cape Town International Convention Center,www.theafricafoodshow.com,"The “ Africa Food Show ” is one of the leading trade exhibitions for the food and beverage industry on the African continent, bringing together industry professionals, manufacturers, distributors and innovators from around the world each year. Organised by leading international exhibition organisers, the event serves as a key platform connecting African markets with global food, hospitality and catering businesses. The Africa Food Show showcases a wide range of products, services and innovations spanning the food and beverage sector, hospitality, foodservice, catering, packaging and food processing. The exhibition provides manufacturers, suppliers and technology providers with an ideal opportunity to present their products and solutions to an international trade audience while establishing new business partnerships. Exhibits include dairy products, frozen foods, meat and poultry products, fats and oils, confectionery and baked goods. The beverage segment features juices, soft drinks, coffee, tea, energy drinks and other innovative beverage concepts. The offering is further complemented by advanced technology solutions, including packaging and processing equipment, logistics systems, digital solutions, and software and IT applications for the food industry. In addition, the exhibition highlights the latest industry trends and developments, including plant-based proteins, sustainable food concepts, health-focused products, organic foods and innovative nutritional approaches. As such, the Africa Food Show provides a comprehensive insight into the future of the food and beverage industry across Africa and beyond. A particular highlight of the event is its extensive programme of conferences, seminars and workshops led by renowned industry experts. These sessions offer valuable insights into market trends, consumer behaviour, sustainable production methods and emerging technologies. Live demonstrations, culinary competitions and networking events further encourage professional exchange and create engaging experiences for both exhibitors and visitors. The exhibition also makes an important contribution to the growth of the African economy by providing a shared platform for local producers and international companies alike. In doing so, it promotes innovation, strengthens trade relationships and creates new growth opportunities within the African food industry. Overall, the Africa Food Show is regarded as an essential meeting place for professionals across the food and beverage sector, offering a valuable platform for innovation, networking and international business development."
SIAL India,24. - 26. June 2027,India,Mumbai,Jio World Convention Centre,www.sialindia.com,"SIAL India is the country’s premier international B2B trade show for food and beverages and part of the globally renowned SIAL network (""Salon International de l’Alimentation""), known for its innovation, industry leadership, and top-tier events worldwide. The event takes place annually at the state-of-the-art Jio World Convention Centre in Mumbai – India’s financial and economic hub. Organized by the French exhibition leader Comexposium, SIAL India serves as a key platform for targeted exchange between international producers, innovators, decision-makers, and buyers – within one of the fastest-growing food markets in the world. The trade fair brings together manufacturers, suppliers, and brands from all major segments of the food industry: from bakery, dairy products, confectionery, and meat and seafood, to non-alcoholic and alcoholic beverages, dried fruits, frozen foods, ready meals, tea and coffee, rice and grains, as well as spices, pet food, organic and health products, and cutting-edge processing and packaging technologies. It not only highlights current trends across the entire value chain but also reflects the diversity and innovative strength of the Indian market – a market of growing global relevance. A standout feature is the Hosted Buyer Program – a curated matchmaking format that connects leading buyers with suitable exhibitors, creating valuable opportunities for new business relationships. This is complemented by live cooking shows and product demonstrations, where top chefs showcase creative recipes and innovative applications in an engaging and hands-on format. SIAL India is aimed at trade visitors from retail, hospitality, food processing, wholesale, and import/export sectors. Exhibitors span a broad range of industry players – from established producers and start-ups to suppliers and technology providers. As part of the international SIAL family – with events in Paris, Shanghai, Jakarta, Montreal, and other major cities – SIAL India is firmly embedded in a global network that fosters high-level market access and international exchange. Located in the heart of Mumbai, the Jio World Convention Centre offers a modern, strategically connected venue with excellent accessibility via the international airport and city transport network. SIAL India is therefore much more than a product showcase: it is a carefully curated marketplace for forward-looking business development – locally rooted, globally connected."
SIGEP Asia,14. - 16. July 2027,Singapore,Singapore,Sands Expo & Convention Centre,www.sigep.it/network/sigep-asia,"The ""SIGEP Asia"" trade fair, held at the Sands Expo & Convention Centre in Singapore, is a branch of the esteemed SIGEP fair originally launched in Rimini, Italy. The name SIGEP stands for ""Salone Internazionale Gelateria, Pasticceria e Panificazione Artigianali,"" which translates to ""International Fair for Artisanal Ice Cream, Pastry, and Bakery."" This event is organized by the Italian Exhibition Group (IEG) Asia Pte. Ltd. and is one of the leading international trade fairs in the sectors of artisanal ice cream, pastry, bakery, chocolate, and coffee. SIGEP Asia showcases a wide range of products and services, including raw materials, ingredients, frozen products, machinery, furniture and equipment, packaging, as well as facilities and accessories for the production of confectionery, pastry goods, ice cream, and coffee. The main themes of the fair – innovation, quality, sustainability, and international trends – are evident across all exhibition areas, from gelato and bakery to pastry, coffee, and chocolate. SIGEP Asia inherits many characteristic features of its Italian counterpart, including the emphasis on Italian excellence in these crafts and its status as a meeting point for industry experts from around the world. The fair in Singapore also offers live demonstrations, competitions, expert lectures, and networking events, making it a dynamic and interactive event. The fair attracts exhibitors from various sectors, including food production, gastronomy, and foodservice, and is primarily visited by professionals interested in the latest trends, technologies, and business opportunities. As part of a series of international fairs, SIGEP Asia has its own focus and character. The Sands Expo & Convention Centre in Singapore, with its modern infrastructure and accessibility, provides an ideal platform for exchange between exhibitors and visitors, contributing to the fair's appeal and attracting participants from all over the world."
F Istanbul,25. - 28. August 2027,Turkey,Istanbul,Istanbul Fair Center,f-istanbul.com,"F Istanbul – Food & Technology Exhibition is Turkey’s most comprehensive international trade fair dedicated to food, beverages, and the technologies involved in their processing and packaging. Held annually at the Istanbul Expo Center in the vibrant district of Yeşilköy, the fair was established in 2022 and is organized by So Fuar. It is exclusively open to trade professionals from the retail, industrial, and hospitality sectors. With a strong focus on innovative solutions for the food and beverage industry, the exhibition serves as a premier platform for networking, business development, and insights into current market trends. Its extensive range of topics includes fresh and frozen foods, meat, poultry, and seafood products, bakery items, snacks, confectionery, as well as alcoholic and non-alcoholic beverages. In addition, it showcases cutting-edge technologies for food processing and packaging. Particular emphasis is placed on forward-looking themes such as sustainable organic foods, eco-friendly packaging solutions, and advanced safety and quality control systems within the food industry. Specialized sectors including professional kitchen equipment, hospitality supplies, catering technology, as well as ingredients and additives—such as spices, flavorings, and functional components—are also thoroughly represented. A major highlight of the exhibition is the variety of product presentations and expert talks, which spotlight current developments and groundbreaking innovations. Alongside food and beverage manufacturers, exhibitors include companies from packaging design and technology, refrigeration and storage solutions, as well as shopfitting and retail design. The Istanbul Expo Center, a modern venue with excellent infrastructure, offers convenient access by both public transport and car. Adding to the appeal, Istanbul itself—an energetic metropolis steeped in history, culture, and culinary diversity—enhances the overall experience and makes attending F Istanbul a standout event in the international trade fair calendar."
Bakery ASEAN,26. - 28. August 2027,Indonesia,Jakarta,JIExpo Jakarta International Expo,www.bakerychina.com/en,"Since its inception, Bakery ASEAN has established itself as the leading trade exhibition for the entire bakery and confectionery value chain in Southeast Asia. Held at the prestigious Jakarta International Expo (JIExpo) in Jakarta, the event attracts industry leaders, buyers and professional delegations from across the ASEAN region and beyond. It serves as a key forum where decision-makers explore the latest innovations, market trends and technologies spanning production, distribution, research and development, and related service sectors. As a major industry gathering, the show provides a comprehensive platform for business exchange, strategic partnerships and professional competitions. National and international bakery and coffee championships are among the highlights, showcasing creativity, craftsmanship and technological excellence. The exhibition covers a broad spectrum of products and services, including premium ingredients such as grain-based products, dairy, chocolate and meat, alongside functional ingredients, sauces and seasonings. It also features state-of-the-art equipment — from production lines, ovens and refrigeration systems to moulds, utensils, smart machinery and laboratory technology. Packaging solutions, tableware, finished baked goods and snacks, speciality coffee and tea, ice cream, and fruit and vegetable products complete the portfolio. Exhibitors and visitors represent sectors ranging from food manufacturing and foodservice to hospitality and franchising. In this way, Bakery ASEAN acts as a central networking hub and catalyst for innovation, knowledge transfer and sustainable business development in the rapidly expanding ASEAN market. With its modern infrastructure and excellent transport links, JIExpo Jakarta provides the ideal setting for this forward-looking, high-calibre trade fair, which makes a significant contribution to the ongoing advancement of the regional bakery and confectionery industry."
FHT Food & Hospitality Thailand,15. - 18. September 2027,Thailand,Bangkok,Queen Sirikit National Convention Center,www.fhtevent.com,"FHT Food & Hospitality Thailand is the leading international trade fair for the food and hospitality industry in the heart of Southeast Asia. The abbreviation “FHT” reflects the focus on the dynamic markets of food, beverages, gastronomy, hospitality, and retail in the region. Held annually at the Queen Sirikit National Convention Center in Bangkok, the event is organized by Informa Markets Thailand, one of the country’s foremost trade fair organizers. A distinctive feature of FHT is its clear structure into eight specialized sectors. These encompass Food & Drinks, Café & Bakery, Hospitality Style, Hospitality Technology, Foodservice Equipment, Sips & Spirits, and Shop & Retail. This organization provides professional visitors with targeted access to innovations, products, concepts, and solutions tailored to their specific business needs. The fair addresses decision-makers and experts from the hotel, restaurant, catering, and specialist retail industries, as well as the coffee and bakery sectors, and also covers retail technology, business equipment, and services. FHT offers a broad range of products and services, from modern POS systems, vending machines, cleaning and hygiene solutions to specialty coffee, craft beer, and international wines, as well as innovative technologies and sustainable concepts. This is complemented by a diverse supporting program. Expert-led seminars and workshops provide insights into current topics such as digitalization, marketing strategies, and sustainability. National competitions—including the Culinary Cup, latte art contests, and “Coffee in Good Spirits”—set professional and creative highlights while encouraging talent and innovation. Concurrent trade shows like “Hotel & Shop Plus Thailand” and “HOTELEX Thailand” further expand the offering, representing the entire value chain of the industry. FHT serves as the central meeting point for decision-makers, traders, consultants, investors, and buyers from the region, as well as for international exhibitors and visitors seeking direct access to the thriving Thai and Southeast Asian market. Through its connection with other HOTELEX exhibitions across Asia, FHT is part of a strong international trade fair network. The Queen Sirikit National Convention Center, one of the most modern venues in Thailand, is centrally located, easily accessible by public transport, and surrounded by top-class hotels, restaurants, and business addresses. FHT Food & Hospitality Thailand is therefore much more than a trade fair: it is the key platform for networking, knowledge exchange, and business development in one of the most innovative hospitality regions worldwide. Anyone interested in future trends, new business opportunities, and the leading players in the industry will find the perfect forum at FHT in Bangkok."
Thai Tourism & Hospitality Week,15. - 18. September 2027,Thailand,Bangkok,Queen Sirikit National Convention Center,www.fhtevent.com,"The annual trade fair "" Thai Tourism & Hospitality Week "" takes place at the Queen Sirikit National Convention Center (QSNCC) in Bangkok and is organized by Informa Markets Thailand. This event aims to promote the recovery and development of Thailand's tourism and hospitality sectors. It significantly supports economic recovery by focusing on areas such as medical tourism, wellness, MICE, sports tourism, and entertainment. The fair combines three significant industry events under one roof: Food & Hospitality Thailand, Hotel & Shop Plus Thailand, and HOTELEX Thailand. This combination provides a unique platform for networking and exploring new trends, especially in the gastronomy and hospitality sectors. The main themes include the recovery of tourism, innovation, as well as gastronomy and hospitality. Representatives and professionals from various fields, including gastronomy, hospitality, and event management, present their latest products and services. The range of offerings at the fair includes advanced medical tourism services, wellness and spa facilities, conference and event technology for MICE, sports tourism offers, entertainment and experience offers, gastro-technologies, hotel management software, furnishing solutions for hotels and restaurants, coffee-making equipment, and cooking technologies. Highlights of the fair are competitions such as the Thailand National Latte Art Championship and the Thailand Culinary Cup, which showcase the creativity and skill of local talents. The Thai Tourism & Hospitality Week attracts main visitors from all sectors of the hospitality industry, including entrepreneurs, hoteliers, and event managers. Finally, the QSNCC stands out not only for its modern facilities but also for its excellent transport connections, making it easy for visitors from both domestic and international locations to attend the event. Therefore, this fair is an indispensable event for all stakeholders in the tourism and hospitality sectors who wish to improve their offerings and strengthen their market position."
FHM Food & Hotel Malaysia,21. - 24. September 2027,Malaysia,Kuala Lumpur,Kuala Lumpur Convention Centre (KLCC),foodandhotel.com,"FHM – Food & Hotel Malaysia is Malaysia’s leading international trade exhibition for food, beverages, hospitality, gastronomy, bakery, confectionery, catering, and hospitality technologies. Held biennially at the Kuala Lumpur Convention Centre (KLCC), it takes place in the vibrant heart of the Malaysian capital. The event is organized by Informa Markets Malaysia Sdn Bhd, one of the region’s most experienced and respected trade fair organizers, with a strong network across the Asia-Pacific. What sets FHM apart is its unique blend of culinary diversity, technological innovation, and industry expertise. It serves as a key meeting point for decision-makers in the hotel, foodservice, and food industries – not just from Southeast Asia, but from around the globe. More than just a showcase for products, the event focuses on hands-on solutions and forward-looking trends: plant-based foods, Halal-certified products, biodegradable packaging, Industry 4.0 technologies, intelligent hotel software, and cutting-edge barista equipment. FHM is more than a trade fair – it is a platform for inspiration, knowledge exchange, and competition. A major highlight is the prestigious “Culinaire Malaysia” culinary competition, where the country’s top chefs demonstrate their skills with modern techniques and creative dishes. The Pastry Innovation Lab offers a deep dive into the world of patisserie, featuring themed competitions, masterclasses, and live demonstrations by Malaysia’s leading pâtissiers. The competition among master mixologists, who craft spectacular alcohol-free coffee-based beverages, is also raising the bar in the industry. The range of products and services presented at FHM spans nearly every segment of the hospitality and food industry – from baked goods, confectionery, beverages, and tea and coffee accessories to meat, seafood, fresh produce, refrigeration and freezing technology, cleaning systems, loss prevention solutions, hotel management software, and smart kitchen technologies. Exhibitors include food producers, caterers, hoteliers, technology providers, consulting firms, and system integrators. The core audience comprises professionals from hotel management, foodservice, retail, consulting, and investment sectors – all looking for new business opportunities, product innovations, and international partnerships. In short, FHM is a must-attend event for anyone who wants to not only discover the latest developments in the hospitality and food industries but experience them firsthand. The Kuala Lumpur Convention Centre, located next to the iconic Petronas Towers, offers the perfect setting – modern, centrally located, and easily accessible by public transport or car. Set in the dynamic metropolis of Kuala Lumpur, your visit to FHM is sure to be both inspiring and unforgettable."
iba,24. - 28. October 2027,Germany,Munich,Messe München,www.iba-tradefair.com,"The International Bakery Exhibition (iba) is considered the leading global trade fair for the bakery, confectionery, and snacks industries. It represents a global highlight for the bakery and confectionery industry. Since its founding in 1949, it has established itself as an indispensable platform for industry experts, decision-makers, and the trade public. It takes place every two years in the fall, attracts thousands of visitors, and is organized by GHM Gesellschaft für Handwerksmessen mbH. Within the spacious grounds, the iba showcases a broad spectrum of topics. These range from raw materials and baking ingredients to production and packaging techniques, and even complete interior designs for bakeries, confectioneries, and cafes. Highlights of the fair include innovations in packaging technology, process optimization, sales and POS store construction, production technology and accessories, as well as frozen and ready-made products. Other areas like logistics, energy, ventilation and air conditioning technology, IT solutions, and services are also extensively presented. A standout feature of the iba is its comprehensive representation of the entire value chain of the bakery, confectionery, and snack industries. This provides visitors with the opportunity to gain a complete overview of current trends, technologies, and solutions. Moreover, the fair is an excellent platform for networking, initiating business, and exchanging expertise. In summary, the iba is not just a meeting point for the most successful companies in the industry but also a place of learning, discovery, and networking. Anyone active in the bakery, confectionery, or snack industries, or interested in them, should not miss this globally recognized industry gathering."
Alimentaria,20. - 23. March 2028,Spain,Barcelona,Fira Barcelona Gran Via,www.alimentaria.com,"The Alimentaria in Barcelona, one of the world's largest trade fairs for food and beverages, serves as a central meeting point for leading manufacturers and suppliers in the industry. This prestigious event, held biennially, is organized by Alimentaria Exhibitions S.A. in cooperation with Fira de Barcelona, a renowned organizer of trade shows and congresses on an international level. Designed as a trade fair, Alimentaria primarily targets decision-makers from various sectors of the food industry, including retail, catering, and food technology. It provides a unique platform for exchanging ideas, discovering new products and innovations, and for establishing business contacts. Covering a wide range of topics, the fair focuses on current trends and developments in the food and beverage industry. Visitors can expect a variety of products and services – from traditional and organic foods to innovative food technologies, packaging solutions, and culinary offerings. One of the highlights of Alimentaria are the specialized areas that illuminate specific segments of the industry, such as wines and spirits, organic foods, international foods, and innovative gastronomy concepts. These areas offer targeted information and direct insights into specific markets. The fair is held at the Fira Barcelona Gran Via venue, one of the largest and most modern exhibition complexes in Europe. Fira Barcelona Gran Via impresses with its excellent infrastructure and accessibility. Its extensive exhibition space enables exhibitors to present their products and services to an international audience. In summary, Alimentaria in Barcelona is not only a showcase for the latest products and innovations in the food and beverage industry but also provides a valuable platform for professionals to network, form partnerships, and stay informed about forward-looking industry trends. The fair confirms its role as one of the leading platforms for the global food industry."
SACHSENBACK,06. - 08. May 2028,Germany,Dresden,Messe Dresden,www.messe-stuttgart.de/sachsenback,"The SACHSENBACK is a trade fair held every two years in Dresden, specifically designed for the bakery and confectionery crafts. It is considered the most important event of its kind in Eastern Germany. Since its inception in October 1990, the fair has established itself as a central platform for professional exchange, information on the latest trends and technological developments, and for networking. The organization is handled by Landesmesse Stuttgart GmbH, known for its expertise in organizing trade fairs well beyond regional boundaries. SACHSENBACK offers a wide range of topics from working and operating techniques to raw materials and commercial goods, as well as business furnishings and equipment. Additionally, there is a focus on sales promotion and services relevant to the bakery and confectionery crafts. A highlight is the Backforum, dedicated to the preparation of fruits, canapés, and other delicacies, as well as the presentation of showcase pastries. Moreover, topics such as snacks and the take-away market are gaining importance, underscoring the fair's relevance for current market trends. The diverse supporting program of SACHSENBACK includes hands-on demonstrations, the confectioners' idea market, and competitions, offering a wealth of opportunities for further education and inspiration. This attracts professional visitors from the entire spectrum of the industry, including independent businesses from the traditional bakery craft, confectioneries, and representatives of the bread and bakery products industry. The venue is Messe Dresden, which, with its modern infrastructure and flexible space concepts, provides ideal conditions for a trade fair of this size. Its central location and good accessibility by public transport and car make it an attractive meeting point for exhibitors and visitors from all over Germany and beyond. In summary, SACHSENBACK is more than just a fair; it serves as an industry platform that promotes the exchange of ideas and knowledge and provides a stage for innovations and technological advancements. Its triennial cycle gives each event a special character, eagerly anticipated by the participants."
Tuttofood,08. - 11. May 2028,Italy,Rho,Fiera Milano,www.tuttofood.it,"TUTTOFOOD , the international trade fair, is a key platform for innovation, quality, and diversity in the food and beverage industry. Since its debut in 2007, it has become a major meeting point for the global food sector and takes place every two years at the Fiera Milano exhibition center in Rho, near Milan. The name “TUTTOFOOD” combines the Italian word Tutto (everything) with the English Food, aptly reflecting the fair’s comprehensive scope. The event is organized by Fiera Milano S.p.A., one of Europe’s leading trade fair organizers. TUTTOFOOD is exclusively aimed at professionals from across the food industry, bringing together producers, distributors, buyers, restaurateurs, importers, and decision-makers from over 140 countries. The focus lies on current industry topics such as sustainability, food trends, technological innovation, and developments throughout the entire value chain. TUTTOFOOD is distinguished not only by the wide range of products on display – from fresh and frozen foods, delicacies, pasta, confectionery, dairy and meat products to beverages, functional foods, and plant-based alternatives – but also by the high quality of its exhibitors and its strong emphasis on fostering international exchange. Dedicated areas such as the Startup Area, the TUTTOFOOD Academy featuring top chefs from APCI, and the Bellavita Expo, which celebrates Italian culinary culture, further enrich the trade fair experience. Another highlight is the TUTTOFOOD Street Experience, which takes visitors on a multisensory journey of taste. The Mixology Experience has also established itself as Italy’s largest platform for the beverage and hospitality sectors. In forums such as the Better Future Arena and the Cibus Link Arena, pressing issues related to food, supply chains, and consumer behavior are discussed in a practical, solution-oriented, and forward-thinking manner. TUTTOFOOD exemplifies Italy’s culinary excellence – from traditional craftsmanship to cutting-edge food-tech innovations. The venue, Fiera Milano, is among the most modern exhibition centers in Europe. Its excellent transport connections via highways, public transit, and Milan-Malpensa International Airport make it an ideal location for an event of this scale. TUTTOFOOD is more than just a trade fair – it is the international meeting point for all those who want to help shape the future of food."
SNACKEX,21. - 22. June 2028,Austria,Vienna,Messe Wien,www.snackex.com,"SNACKEX, initiated in 1985, is the only international trade fair exclusively focused on savory snacks and snack nuts. Organized by the European Snacks Association (ESA), the fair takes place every two years in the summer, hosted in a different major European city each time. This format promotes the cultural diversity of Europe and brings together professionals from the snack industry to discuss current trends and innovations. The fair serves as a central meeting point for the industry, providing insights into the entire manufacturing process of savory snacks – from ingredient selection to laboratory testing, packaging processes, and the final products. SNACKEX showcases a wide range of products, including potato chips, tortilla chips, corn and pellet snacks, as well as a selection of snack nuts such as peanuts and exotic nut mixes. A distinctive feature of SNACKEX is the numerous networking opportunities with industry leaders, qualified buyers, and decision-makers. The fair acts as a platform for trade and exchange, fostering direct contact with industry leaders and supporting the formation of valuable business relationships. The event program includes social events and a conference that provides insights into future industry challenges and opportunities. Each venue contributes its local charm to the unique atmosphere of the fair, highlighting the international character of the event and inspiring both visitors and exhibitors. Thus, SNACKEX is more than just a trade fair – it is a vibrant, culturally enriching industry event that brings the entire snack industry together and creates an unparalleled platform for professional exchange and economic momentum."
IBIE,09. - 13. September 2028,USA,Las Vegas,Las Vegas Convention Center (LVCC),www.bakingexpo.com,"The International Baking Industry Exposition (IBIE) is the largest and most influential trade show for grain-based food products in the Western Hemisphere. It serves as the central meeting point for the global baking industry—and is far more than just a traditional trade event. Every three years, the international baking community gathers at the Las Vegas Convention Center (LVCC) to help shape the future of baking. Covering an exhibition area of approximately 40,000 square meters, IBIE provides a major platform for innovation, education, and economic advancement. The event is organized by the leading industry associations: the American Bakers Association (ABA) , BEMA, and the Retail Bakers of America (RBA). This alliance brings together the full spectrum of industrial and artisan baking, with the shared goal of consolidating expertise, strengthening networks, and unlocking new growth opportunities. IBIE addresses all key segments of the modern baking sector—from production and packaging technology to innovative ingredients, hygiene solutions, digitally controlled processes, and logistics applications. The technologies and trends showcased at the expo offer practical solutions that enhance operational efficiency and competitiveness. A central focus of the event is the IBIEducate program, which is dedicated to the industry’s current challenges and future priorities. In targeted learning formats, leading experts share actionable insights on topics such as process optimization, product quality, marketing strategies, and sustainable production. The show also serves as a stage for prestigious competitions. The Americas Selection of the Coupe du Monde de la Boulangerie brings together top bakery teams from across the region to compete in a range of disciplines. The World Bread Awards USA honor outstanding bread creations across numerous categories. Artistic cake design is also celebrated in a dedicated competition featuring wedding cakes, fondant work, sculpted cakes, and buttercream artistry. Exhibitors represent fields including mechanical engineering, ingredient manufacturing, packaging development, logistics, and process technology. Attendees come primarily from industrial and artisan bakeries, as well as from retail, foodservice, hospitality, product development, and grocery sectors. With its strong international connectivity, modern convention facilities, and vibrant atmosphere, Las Vegas offers the perfect setting for this global industry event. Located near Harry Reid International Airport and surrounded by a wide range of accommodations, IBIE is more than a trade show—it’s an immersive experience for all who are shaping the future of baking."
UpperCrust Food & Wine Show,Date still unknown,India,Mumbai,World Trade Centre,www.theuppercrustshow.com,"At World Trade Center Bangalore the UpperCrust Food & Wine Show is held every year, an event offering a wide range of food and beverages including bar and kitchen equipment. The products will be presented to the visitors by about 100 exhibitors in an appealing way. For all gourmets and amateur chefs, but also for international trade visitors from the gastronomy, a visit to the fair has become an absolute must and a feast for the senses. In the daily cookery demonstrations and tastings chefs and restaurant owners can get valuable suggestions. The event is a guarantee of success for the launch of new products and brands in accordance with the new, modern lifestyle of India."
FIRA DE REIS,Date still unknown,Spain,Igualada,Passeig Verdaguer,firaigualada.org/fira-de-reis,"The "" FIRA DE REIS "" in Igualada, established in 1373, is one of the oldest and most unique fairs in Catalonia. Its name, which translates to ""King's Fair"", highlights its traditional significance. Held annually on Epiphany, it becomes a special event. The historic Passeig Verdaguer, serving as the venue, is centrally located and contributes to the festive atmosphere. Organized by the city of Igualada, the fair attracts about 200 exhibitors each year. Across an area of 1,500 meters, they offer a wide range of products and services, including agricultural seedlings, handicrafts, regional foods, wines and spirits, clothing, artworks, decorative items, and garden supplies. This diversity emphasizes the cultural and economic importance of the region. The fair serves not only as a trading platform but also as a social event that strengthens the community and honors Catalonia's cultural heritage. It is particularly noteworthy that the FIRA DE REIS provides a platform for local farmers and craftsmen to present their products and skills to a broad audience. This attracts a diverse range of visitors, from professionals to families, who appreciate the extensive offerings. The significance of the fair extends well beyond the borders of Igualada, drawing visitors from all over Catalonia and beyond. Thus, the FIRA DE REIS is not just a showcase for local products and crafts but also a significant cultural event that honors the history and tradition of the region. The centrally located Passeig Verdaguer not only offers a picturesque setting but is also well-connected, making the fair attractive to a wide audience."
Nepal Food & Beverages Expo,Date still unknown,Nepal,Kathmandu,Bhrikuti Mandap Exhibition Hall,nepalfoodexpo.com,"The Nepal Food & Beverages Expo, organized by Futurex Trade Fair & Events Pvt. Ltd., is a professional trade show held at the Bhrikuti Mandap Exhibition Hall in Kathmandu, a prominent center for expos in Nepal. This event targets a professional audience, including retailers, wholesalers, importers, and many other key players in the food and beverage sector. The Expo covers a wide range of topics, featuring food additives, an assortment of beverages – including beer, craft beer, cider, and non-alcoholic options – preserved and processed foods, chilled and frozen foods, chocolate, cocoa, and confectionery, concentrates, cocktails and mixes, spices and sauces, confectionery, snacks and sweets, ready meals and staples, dairy and egg products, fresh fruits and vegetables, meat, poultry and seafood, organic foods, ingredients and premixes, instant coffee and tea, juices and other beverages, as well as superfoods and vegetarian foods. The Expo is known for its extensive diversity of products and services, offering participants a chance to discover the latest trends and innovations in the food and beverage industry. It also serves as a showcase for new and emerging brands looking to present their products to an international audience. A key feature of the Nepal Food & Beverages Expo is the opportunity for direct business networking and staying informed about the latest market developments. The event also provides a forum for discussions and workshops, offering valuable insights into the industry. In summary, the Nepal Food & Beverages Expo is a vital meeting point for professionals in the food and beverage industry, offering a comprehensive overview of the latest products, services, and trends. It plays a crucial role in promoting trade and partnerships within this dynamic sector."
Egy Sweet,Date still unknown,Egypt,Cairo,Cairo International Convention Center,egysweetexpo.com,"Egy Sweet is the leading platform for innovation in Egypt's confectionery and snack industry, held annually at the Cairo International Conference Center (CICC) in Nasr City, Cairo. This indispensable event serves as a central meeting point for industry professionals to discover the latest machinery, raw materials, and technologies required for the production of confectioneries and snacks. Hosted by the Trust International Group, the fair offers a unique combination of exchange and innovation. It addresses key topics such as technology, innovation, raw materials, ingredients, sustainable packaging solutions, safety standards, and food safety, which are crucial for enhancing efficiency and quality in production and for promoting food safety. At Egy Sweet, manufacturers and dealers present their products and services, ranging from raw materials and production requirements to packaging and cooling technologies. The fair serves not only as a platform for business exchange but also as a venue for introducing new products and innovations. Moreover, the fair contributes to the economic vitality of Cairo and positions Egypt as a significant hub in the global confectionery industry. The modernly equipped Cairo International Conference Center, located in Nasr City, one of Cairo's major business districts, provides the ideal backdrop for this significant industrial event. Egy Sweet, accessible to both local and international visitors, is thus an essential part of Egypt's industrial landscape and an annual highlight for industry experts worldwide."
Bakery Plus,Date still unknown,Turkey,Ankara,ATO Congresium,bakery-plus.com,"Bakery Plus is more than just a trade fair – it serves as a central platform for those who are passionate and knowledgeable about shaping the future of bakery, confectionery, and sweet goods technology. The name ""Bakery Plus"" symbolizes the diversity of the event’s offerings: beyond traditional baking topics, it covers areas such as ice cream production, advanced packaging technologies, and formats for professional exchange and continuing education – all delivering real added value to the industry. Twice a year – in spring and autumn – the ATO Congresium International Convention & Exhibition Centre in Ankara becomes the meeting point for professionals and decision-makers from across the globe. The event is organized by Landesmesse Stuttgart GmbH, which brings many years of experience and strong industry expertise to ensure a professionally executed and content-rich exhibition. At the heart of the event are state-of-the-art technologies and machinery for bakeries, confectioneries, and ice cream production, as well as systems for processing chocolate and sweets. The range is further enhanced by dough processing equipment, kitchen solutions for hotels, cafés, and bars, refrigeration technology, frozen products, additives, decorative items, and concepts for store design and shop fittings. Bakery Plus targets a highly specialized professional audience – including bakers, pastry chefs, chocolatiers, frozen food manufacturers, food engineers, investors, and decision-makers from the hospitality and foodservice sectors. Representatives from trade associations, educational institutions, and the media also attend to stay informed, build networks, and explore new product ideas. A standout feature of the event is its practical programming, including live demonstrations, competitions between young talents and master bakers, and a varied schedule of seminars and workshops. This combination of exhibition and knowledge transfer has firmly established Bakery Plus as a key date in the industry’s event calendar. The venue – the ATO Congresium in Ankara – impresses with its modern infrastructure, central location, and excellent accessibility via Esenboğa Airport and the city's well-developed transport network. As a dynamic hub for trade fairs and technology, Ankara offers ideal conditions for international exchange and forward-looking innovation – the perfect setting for a trade fair that is more than just an exhibition: Bakery Plus is a comprehensive experience for the entire industry."
NRW – The Best from the Region,Expected November 2026,Germany,Essen,Messe Essen,www.mhh-essen.de/nrws-groesste-verbrauchermesse/nrw-das-beste-aus-der-region,"Founded in 2011, the ""NRW – The Best from the Region"" fair is an annual regional trade show held every November, proudly showcasing the culinary diversity and artisanal crafts of North Rhine-Westphalia. Hosted by Messe Essen GmbH, this event attracts countless visitors each year who are interested in regional products and local food culture. It has become a fixed event on the trade fair calendar, taking place in the modern facilities of Messe Essen, which are easily accessible and offer extensive services. ""NRW – The Best from the Region"" stands out for its special focus on regional products. In an atmosphere that is appealing to both consumers and professional visitors, the exhibition provides a platform for producers and craftsmen to present their goods and services. Visitors have the opportunity to discover and sample a wide range of products, from traditional foods to handmade items, all with an emphasis on quality and sustainability. A distinctive feature of the fair is its transparency regarding the manufacturing processes of the products. Exhibitors are encouraged to share information about cultivation, production, and animal husbandry, transforming the fair into an educational platform for responsible consumption. This informative aspect is enhanced by a supporting program that includes brief presentations on selected topics. Here, current and relevant industry issues are discussed, making the fair an important hub for the exchange of ideas and further education in the region. Entertainment is also provided: the fair regularly features competitions, and as a special highlight, visitors can experience cooking demonstrations by a famous Michelin-starred chef. These events are not only entertaining but also allow for an interactive engagement with regional cuisine. ""NRW – The Best from the Region"" takes place under the umbrella of MHH (MODE HEIM HANDWERK), enabling synergies with related industries. With its unique combination of information, education, and entertainment, this event has established itself as an indispensable occasion that celebrates regional identity while simultaneously promoting important discussions about food production and consumption."
SIAL InterFOOD,Expected November 2026,Indonesia,Jakarta,JIExpo Jakarta International Expo,sialinterfood.com,"The SIAL InterFOOD is a leading international trade fair for the food and beverage industry, held annually at the JIExpo Jakarta International Expo in Indonesia. The name ""SIAL"" stands for ""Salon International de l'Alimentation"", which translates to ""International Food Salon"", emphasizing the global significance of this event. It is organized by the SIAL Group in collaboration with Krista Exhibitions and is part of a global series of SIAL trade fairs. At this fair, manufacturers, traders, and professionals from the gastronomy and retail sectors gather to showcase the latest products and innovations. Key themes include food and beverages, technologies, bakery and confectionery products, and catering equipment and ingredients. Special attention is given to sectors such as wine and spirits, coffee, tea, cocoa, as well as organic and Halal-certified products. Another focus is on services and technologies for hotels, catering, restaurants, and supermarkets, which directly relate to Jakarta's dynamic hospitality scene and Indonesia's growing market infrastructure. Competitions such as cooking contests, pastry championships, and live cooking demonstrations highlight the creative and innovative atmosphere of the fair. Each year, SIAL InterFOOD attracts thousands of professional visitors from around the world, including many decision-makers from food production, retail, and gastronomy. It serves not only as a platform for business deals but also as a venue for exchanging ideas on the latest trends and developments in food technology and production. The JIExpo, as the venue, offers ideal conditions for exhibitors and visitors with its modern infrastructure and excellent accessibility via the international airport and superb transport connections. As part of the vibrant metropolis of Jakarta, the fair provides an excellent opportunity to expand networks and explore new business opportunities. Overall, SIAL InterFOOD is an indispensable event, distinguished by its thematic diversity as well as the quality and variety of the products and services presented."
CHOCAF,Expected February 2027,Algeria,Oran,Centre de Conventions d’Oran,chocaf.dz,"The CHOCAF Fair, launched in 2015, is an outstanding event dedicated entirely to the themes of chocolate and coffee. It takes place annually at the Centre de conventions d’Oran in Oran and is organized by Vision Future. The name ""CHOCAF"" is derived from the words ""chocolate"" and ""coffee"", reflecting the fair's central themes. CHOCAF, the first fair of its kind in Algeria, provides a comprehensive insight into the world of chocolate and coffee. It brings together a multitude of exhibitors from various sectors, including manufacturers of chocolate, coffee, pastries, cookies, confectionery, ice cream, as well as providers of equipment, packaging, industrial hygiene, raw materials, and educational offerings. The fair serves as a platform for producers and craftsmen to present their products and services to a wide audience of professionals and enthusiasts of these delicacies. In Algeria, the fair holds a significant position and attracts great media interest. It promotes exchange between amateurs and professionals and offers space for communication and sharing of experiences through demonstrations, experiments, tastings, and sales exhibitions. One of the highlights of the fair are the prestigious competitions in various categories, such as artistic chocolate creations and chocolate desserts, judged by international juries and renowned confectioners. These competitions contribute not only to the national but also to the international reputation of chocolate and coffee. Visitors to the fair come from different sectors, primarily from the areas of food production and processing. The fair offers an ideal opportunity to discover new products, forge business relationships, and stay informed about the latest trends and developments in the industry."
Cake Fiesta Manila,Expected February 2027,Philippines,Pasay,World Trade Center Metro Manila,cakefiestamanila.com,"The Cake Fiesta Manila, abbreviated as CFM, has established itself as the first and largest international fair for baking and cake decorating in the Philippines. Traditionally held in Pasay City, it attracts professionals, enthusiasts, and amateur bakers from all over the world. As a hub of cake artistry, Cake Fiesta Manila provides a platform for the exchange of expert knowledge, creative ideas, and the latest trends in the baking industry. Participants have the unique opportunity to learn from world-renowned artists who share their expertise in cake decorating through hands-on workshops and live demonstrations. These interactive sessions enable visitors to learn new techniques and enhance their skills. The fair impresses not only with its educational offerings but also with the variety of cakes on display. With nearly 200 artfully designed creations, it offers a true feast for the senses and holds the record for the most cakes displayed in the Philippines. Another highlight of Cake Fiesta Manila is the exciting live cake decorating competition. Participants of various skill levels compete in different categories to showcase their talents and vie for prizes and recognition. In summary, Cake Fiesta Manila is a must-visit for anyone involved in the world of baking and cake decorating. With its diverse range of workshops, live demonstrations, competitions, and networking opportunities, it provides a unique chance to get inspired, learn, and become part of a vibrant community that shares a passion for baking."
Premium Food Show,Expected April 2027,Japan,Tokyo,Tokyo Big Sight,premiumfoodshow.jp,"The "" Premium Food Show "" is an annual trade fair held at Tokyo Big Sight, Japan's largest exhibition and convention center in Tokyo. It is organized by the Premium Food Show Executive Committee in collaboration with the First Co., Ltd. Global Business Promotion Division, attracting experts from the global food industry. The fair focuses on showcasing Halal products, vegan and plant-based foods, gluten-free, and organic foods, thus reflecting the latest trends and developments in these rapidly growing segments. This product range not only addresses the growing global demands for healthy and ethical nutrition but also considers specific dietary needs and preferences. The Premium Food Show is distinguished by a series of seminars and conferences that impart the latest expertise and highlight current topics in the food industry. Numerous industry representatives, including producers, traders, and buyers of specialty foods, as well as restaurateurs and hoteliers, use the fair to explore new business opportunities. The event strongly reflects its connection with the host city Tokyo, known for its culinary diversity and innovation. The venue, Tokyo Big Sight, offers excellent infrastructure and is easily accessible both by public transport and by car. In summary, the Premium Food Show is a central meeting point for professionals looking to exchange information on the latest developments, products, and services in the food industry. It provides a platform to discover innovative solutions that will significantly influence both the market and the lifestyle of consumers."
Philippine Food Expo,Expected April 2027,Philippines,Manila,WTCMM World Trade Center Metro Manila,philippinefoodexpo.ph,"The ""Philippine Food Expo"" (PFE) is a leading trade fair for the Philippine food and beverage industry. It serves as a central platform for producers, traders, and investors to showcase and discuss innovations, trends, and market opportunities in the agricultural and food sectors. Organized by PHILFOODEX INC., the expo takes place annually at the World Trade Center Metro Manila, bringing together key industry players. A particular focus is placed on evolving consumer habits, influenced by rising incomes, urbanization, and population growth. The expo highlights the challenges and opportunities of globalization in the food trade while emphasizing sustainable solutions. Companies present strategies to enhance productivity, optimize resource utilization, and ensure a stable market demand. The extensive range of products includes a variety of beverages such as juices, coffee, tea, milk, wine, and spirits, as well as baked goods, dairy products, chilled and frozen foods, confectionery, and fresh and processed fruits and vegetables. Additionally, seafood, herbs, organic health foods, and modern food equipment and accessories are featured. The expo portfolio is further enriched by packaging and labeling solutions, franchising, industry publications, packaging design, and distribution management. As a result, the Philippine Food Expo serves as a comprehensive platform for manufacturers, distributors, restaurateurs, and retailers. One of the standout features of the expo is its interactive special events, distinguishing it from other industry fairs. These include culinary competitions for students and faculty in hospitality management and culinary arts, featuring disciplines such as food styling and photography, healthy pasta, and Philippine regional table setting. The program is complemented by professional and business seminars offering valuable insights into current market strategies and industry developments. An investment forum provides new business perspectives, while targeted media exposure ensures broad public awareness. The Philippine Food Expo is not only a showcase for Philippine products but also highlights Manila's role as a hub for the food industry in Southeast Asia. It brings together professionals from production, distribution, gastronomy, retail, and technology, all seeking new business opportunities, partnerships, and innovative solutions. As a national flagship event, it sets industry benchmarks and contributes to the advancement of the country’s agricultural and food sectors. The venue, the World Trade Center Metro Manila, is situated in an economically vibrant region with excellent infrastructure. The expo is easily accessible from the Ninoy Aquino International Airport and Manila’s major business districts. This makes the Philippine Food Expo not only a must-attend event for industry professionals but also a gateway to one of Asia’s fastest-growing food markets."
CHOCOLATE & BAKERY EXPO (CBEX),Expected April 2027,India,Mumbai,Bombay Exhibition Centre (BEC) NESCO,www.cbexindia.in,"The ""CHOCOLATE & BAKERY EXPO (CBEX),"" held annually at the Bombay Exhibition Centre in Mumbai, has established itself as a leading event in the chocolate and bakery industry. It is organized by RADIAANT UNIFY Ltd. This trade fair provides a unique platform for leading suppliers and brands to showcase their latest products and innovations. The expo is distinguished by its focus on six main themes: chocolate, bakery products, ingredients and raw materials, machinery and equipment, packaging solutions, and services. These areas are crucial for the development and efficiency enhancement within the industry. Moreover, the expo highlights the latest trends and technological advancements. The ""CHOCOLATE & BAKERY EXPO"" showcases a variety of products, including handmade chocolates, specialty breads, gluten-free bakery items, organic chocolates, professional ovens, and chocolate molding machines. It also features raw materials such as cocoa beans and butter, advanced packaging materials, and marketing and sales solutions. CBEX reflects the dynamic market changes and provides an excellent opportunity for industry professionals to network, exchange knowledge, and establish valuable contacts. Exhibitors from various sectors, such as food production, wholesale and retail, and gastronomy, present their innovations. Furthermore, the expo has a strong local relevance, as Mumbai is a significant economic and trade center in India and offers ideal conditions for international events. The modernly equipped Bombay Exhibition Centre, with its accessibility, is the perfect venue for this event. Thus, the ""CHOCOLATE & BAKERY EXPO"" is more than just a fair; it is a central meeting point for innovation and progress in the art of chocolate and bakery production."
Anuga Select China,Expected April 2027,China,Shenzhen,Shenzhen Convention & Exhibition Center,www.anuga-cn.com,"Anuga Select China , formerly known as ANUFOOD China, is a leading international trade fair for food and beverages, held annually in China since its launch in 2014. The event takes place at the impressive Shenzhen Exhibition & Convention Center—one of the largest and most advanced exhibition venues in the world. It is organised by Koelnmesse Co. Ltd. Beijing, an experienced, globally active trade fair organiser based in the Chinese capital. Each year, the show attracts a wide range of trade visitors and exhibitors from across the food and beverage industry. The exhibition covers a broad spectrum of sectors, including dairy products, meat, fish, baked goods, beverages, fine foods, frozen foods and snacks. A particular focus is placed on sustainable and innovative products that cater to the evolving demands of the rapidly growing Chinese market. One of the event’s highlights is its extensive tasting programme, offering visitors the chance to explore new flavours and product innovations. The fair also features a variety of networking events designed to facilitate connections and knowledge exchange among industry professionals. In addition, ANUFOOD China hosts a range of live shows, including cooking demonstrations, product showcases and competitions, where renowned chefs and industry experts demonstrate their skills. These live presentations provide an engaging way for visitors to discover emerging trends, techniques and products, while drawing inspiration from leading professionals. Through these interactive elements, the fair offers a dynamic and varied experience, giving participants a comprehensive insight into the world of food and beverages. In recent years, ANUFOOD China has established itself as a key platform for international trade and for companies seeking to expand into the Chinese market. In summary, ANUFOOD China is a major industry event that showcases and promotes innovation and business opportunities within the global food and beverage sector."
Food & Drinks,Expected May 2027,Moldova,Chişinău,International Exhibition Centre MoldExpo,moldexpo.md/exhibitions,"Food & Drinks is an annual, specialized trade fair for the food and beverage industry, held each spring in the Moldovan capital, Chișinău. The name not only symbolizes the fair's culinary focus but has also established itself internationally as a hallmark of quality, innovation, and regional diversity. The event takes place at the International Exhibition Centre MoldExpo (IEC MoldExpo), the country’s largest and most modern exhibition venue. Its central location and excellent transport connections make it ideally suited for both international exhibitors and trade visitors. The event is organized by I.E.C. MOLDEXPO S.A., a seasoned company specializing in the organization of international trade fairs and conferences across various industries. The aim of ""Food & Drinks"" is to provide companies with a platform to showcase their products, services, and technological developments, while also promoting international exchange and fostering new business relationships. The fair centers around innovative solutions and current trends in the sectors of food, beverages, gastronomy, food technology, and packaging. Exhibits range from meat and dairy products to frozen goods and confectionery, as well as alcoholic and non-alcoholic beverages. Both Moldovan specialties and international delicacies—particularly from Italian cuisine—are featured. The product range is complemented by modern machinery and technologies for food processing, filling and packaging systems, and software solutions that support the digital transformation of the industry. Suppliers from the hospitality and catering sectors will also find a wide selection of professional kitchen equipment, hygiene solutions, and innovations for large-scale and institutional catering. A standout feature of the fair is its diverse supporting program, which includes live cooking shows, product tastings, expert lectures, and networking events. These elements facilitate exchange between exhibitors and visitors, turning the fair into a vibrant forum for professionals. Food & Drinks attracts trade visitors from across Eastern Europe, the Balkans, and beyond—including retailers, wholesalers, restaurateurs, hoteliers, importers, technology providers, and industry journalists. For many companies, it serves as a key platform for market entry and the initiation of strategic partnerships. In summary, ""Food & Drinks"" in Chișinău is much more than a trade fair—it is a vital driver of Moldova’s food industry. With its international orientation, focus on quality and innovation, and the professional organization provided by MoldExpo, it makes a significant contribution to the country’s economic development. Thanks to its convenient location—just a few kilometers from the city center, well connected by public transport, and easily accessible from the airport—the fair is an attractive meeting point for trade professionals from around the world."
Expo ANTAD,Expected May 2027,Mexico,Guadalajara,Guadalajara Exhibition Center,expoantad.com.mx,"Expo ANTAD in Guadalajara is the premier trade fair for the retail, gastronomy, and hospitality sectors in Mexico and across Latin America. As a central platform for business meetings, innovations, and trade strategies, it brings together industry professionals from around the world each year to showcase the latest trends, cutting-edge technologies, and top-tier products. Organized by the Asociación Nacional de Tiendas de Autoservicio y Departamentales (ANTAD), the exhibition provides an exclusive opportunity to actively shape the future of retail. The event focuses on key industry segments, including food and beverages—from fresh ingredients to innovative processed products—bakery goods and modern baking techniques, as well as healthy and fresh produce that meet the growing demands for nutrition and quality of life. Additionally, the expo serves as a global trade platform where producers and retailers from around the world present their products. Another key highlight of Expo ANTAD is the presentation of new retail technologies, featuring modern solutions for logistics, last-mile services, and innovative packaging systems. The fair also showcases furniture and equipment for store design, optimizing retail spaces and enhancing the shopping experience. A standout feature of the event is the annual ANTAD Entrepreneur Challenge Contest, which recognizes and promotes promising, innovative products with high market potential. Complementing the exhibition is a comprehensive conference and lecture program, offering in-depth expert insights on strategies, market analysis, future technologies, and consumer trends in retail, gastronomy, and hospitality. Expo ANTAD takes place annually at Expo Guadalajara, one of Mexico’s most significant event venues, known for its state-of-the-art infrastructure and international atmosphere. The dynamic economic hub of Guadalajara, renowned for its thriving trade and innovation landscape, provides the ideal setting for a trade fair that shapes the retail industry and drives new momentum across the sector. This trade-only event offers businesses a unique opportunity to increase brand visibility, establish strategic partnerships, and stay informed about the latest industry developments. With its strong international focus, hands-on solutions, and first-class networking opportunities, Expo ANTAD is the must-attend event for anyone looking to actively influence the future of retail and the food industry."
Siag - Algeria Food Expo,Expected May 2027,Algeria,Oran,Centre de Conventions d’Oran,siag-expo.com,"The ""Siag - Algeria Food Expo,"" an annual trade fair held in Oran, Algeria, at the Centre de Conventions d'Oran, was first organized in 2013. It is recognized as an important platform for the presentation and promotion of products, services, and innovations in the food industry sector. As a key event for the food and agricultural industry, the fair, organized by Proximity PR, attracts professionals, decision-makers, and experts from various sectors. The fair showcases a wide range of products and services. These include meat and its derivatives, bakery products, confectionery, pasta, vegetables, dairy products, canned goods, beverages, flavors, ingredients, and frozen products. Also in focus are machinery and production processes, packaging, hygiene, food safety, chemistry, energy, as well as equipment for community facilities and the construction industry. The ""Siag - Algeria Food Expo"" plays a significant role for the city of Oran and for Algeria as a whole, representing the largest market in the Maghreb and thus providing an ideal platform for presenting and discussing new ideas and investment opportunities in the agricultural sector. Special highlights of the fair include the SIAG Chef Zone, where renowned chefs and confectioners prepare their creations using the exhibited products, and high-quality conferences featuring world-famous speakers and leading industry experts. The exhibitors come from various sectors of the food and agricultural industry. The visitors to the fair are mainly professionals, business people, and decision-makers from these sectors. The Centre de Conventions d’Oran, as the venue for the fair, is distinguished by its modern infrastructure and the ability to host large-scale events. It provides an ideal setting for this important fair and contributes to establishing Oran as a central hub for business and trade in the region."
SIGEP China,Expected June 2027,China,Shenzhen,Shenzhen World Exhibition & Convention Center,www.sigepcn.com,"SIGEP China is the exclusive Asian edition of the renowned Italian trade fair SIGEP Rimini, which has been recognized since 1979 as a leading international platform for gelato, pastry, bakery, and coffee. Launched in 2023, the Chinese edition is held annually at the state-of-the-art Shenzhen World Exhibition & Convention Center—one of Asia’s largest and most advanced exhibition venues. The event is organized by Koelnmesse (Beijing) Co., Ltd., a subsidiary of the globally active Koelnmesse Group, in collaboration with the Italian Exhibition Group China. As a purely professional trade fair, SIGEP China is tailored exclusively for industry experts, offering them a dedicated platform to discover the latest innovations, products, and technologies in the world of artisanal sweets. The Italian roots of the brand name “SIGEP”—an acronym for Salone Internazionale Gelateria, Pasticceria, Panificazione Artigianali e Caffè—remain a core element of its identity. This legacy is preserved in the Chinese edition, while the content and presentation are thoughtfully adapted to meet the specific needs and trends of the Asian market. Focusing on five main segments—gelato, bakery, pastry, chocolate, and coffee—SIGEP China covers the entire value chain of these indulgent sectors. Exhibitors showcase state-of-the-art gelato machines, premium ingredients, and inventive recipes for handcrafted ice cream. In the bakery section, attention centers on high-performance ovens, dough-processing equipment, and innovative baking ingredients. The pastry area features exquisite raw materials, delicate decorating techniques, and professional tools for fine confectionery. Chocolate artistry also takes the spotlight, with live demonstrations highlighting processing technologies, refinement techniques, and new product developments. The coffee section rounds out the experience with a wide array of elements—from barista tools and roasting methods to the latest in coffee machine technology. A standout feature of the event is its exclusive competitions, which offer not only inspiration but also valuable insight into the highest standards of global craftsmanship. The Gelato World Cup (China Selection), the Juniores Pastry World Cup (China Selection), and the CTI Coffee Art Competition bring creative excellence and international talent to the forefront, promoting professional exchange and highlighting global industry trends. With its international orientation, close ties to its storied parent fair in Rimini, and its strategic alignment with the Asian market, SIGEP China offers a unique platform for anyone looking to shape the future of artisanal sweets."
Confitexpo,Expected August 2027,Mexico,Guadalajara,Guadalajara Exhibition Center,www.confitexpo.com,"Confitexpo is an international trade fair for confectionery, snacks, and festive accessories, held every summer since 1986 at the Guadalajara Exhibition Center in the Mexican metropolis of Guadalajara. The name ""Confitexpo"" is derived from the Spanish words Confitería (confectionery) and Expo (exhibition), precisely reflecting the event’s focus: a comprehensive showcase of the confectionery industry in all its facets. The fair is organized by Grupo GEFECC, S.A. de C.V. , an experienced event management company specializing in industry-specific, business-oriented trade shows. It is considered one of the leading players in Mexico’s trade fair sector. Confitexpo is exclusively aimed at trade professionals and positions itself as a specialized B2B platform. It attracts participants from over 17 countries, including importers, wholesalers, manufacturers, and decision-makers with clear purchasing intent. At its core, the exhibition presents current products and services from the confectionery industry—from traditional offerings such as chocolate, candies, cookies, and gummies, to raw materials, as well as cutting-edge machinery, equipment, and packaging technologies for industrial production. Related sectors, such as party supplies, festive items, and balloon manufacturers, are also represented, highlighting their close connection to the emotionally driven world of confectionery. The trade fair is complemented by hands-on seminars that explore technological innovations and industry trends. These sessions provide tangible value for attendees and support businesses in maintaining their competitiveness in a dynamic market environment. Exhibitors range across the entire value chain—from small specialty producers to international suppliers. The event serves as a targeted business platform for establishing new commercial relationships, initiating strategic partnerships, and facilitating concrete business transactions. As Mexico’s largest exhibition venue, the Guadalajara Exhibition Center offers modern infrastructure and expansive exhibition space. It is easily accessible by taxi, rental car, or public transportation. With this, Confitexpo delivers not only in terms of content, but also in organization, meeting international standards on every level."
HKTDC Food Expo,Expected August 2027,China,Hong Kong,Hong Kong Convention and Exhibition Centre,www.hktdc.com/event/hkfoodexpo/en,"The HKTDC Food Expo is Asia’s leading trade and public exhibition for food and gastronomy. It takes place every August at the renowned Hong Kong Convention and Exhibition Centre, one of the city’s most iconic landmarks. The event is organized by the Hong Kong Trade Development Council (HKTDC), a key institution dedicated to promoting international trade and Hong Kong’s economic development. The expo serves as a forward-looking platform that brings together the entire spectrum of the food market under one roof. Its clearly defined sections ensure remarkable diversity. The Food Expo is reserved exclusively for industry professionals, focusing on innovation, technological advancements, and international sourcing. The Public Hall and the exclusive Gourmet Zone invite the general public to shop and discover culinary highlights. The HKTDC Food Expo showcases premium products, everyday classics, and specialties from around the globe, while also addressing current trends such as alternative proteins, 3D food printing, and intelligent packaging solutions. The range of products extends from branded delicacies, organic and wellness items, snacks, confectionery, pasta, ready meals, and beverages to halal foods, meat, seafood, dairy products, and plant-based alternatives. The thematic scope reflects Hong Kong’s global and cultural diversity: Asian and Western delicacies, vegetarian and vegan specialties, coffee, tea, craft beer, fine wines, health and nutrition products, innovative food tech solutions, as well as numerous OEM and private label offerings are all in focus. A comprehensive supporting program featuring cooking shows, live tastings, expert talks, and award ceremonies sets new standards each year and creates memorable culinary experiences. The expo is a central meeting point for decision-makers and trendsetters from retail, wholesale, import, export, gastronomy, and hospitality. Exhibitors and visitors represent every segment of the international food and beverage industry, including manufacturers, distributors, buyers, and food enthusiasts. Together with concurrent events such as the Hong Kong International Tea Fair and the HKTDC Home Delights Expo, the HKTDC Food Expo forms the centerpiece of Hong Kong’s vibrant exhibition scene. The Hong Kong Convention and Exhibition Centre impresses with its modern infrastructure and excellent public transport connections, ensuring a comfortable and efficient experience for all participants. The Food Expo is thus not only an international industry gathering, but also a significant driver of Hong Kong’s economic vitality and innovative spirit."
Indian FoodEx,Expected August 2027,India,Bangalore,KTPO Trade Center,indiafoodex.com,"Indian FoodEx is an annual international trade fair that has established itself as a key platform for innovations, technologies, and products across the entire food value chain. The event is held annually in Bangalore – a city known as both an IT center and a dynamic location for trade and the food industry in India. Organized by the renowned Media Today Group , a seasoned trade fair organizer that sets new standards with its industry-specific exhibitions across India, Indian FoodEx offers a professional forum that brings together leading companies, emerging players, and key decision-makers from around the world. It fosters knowledge exchange, facilitates business partnerships, and supports targeted market development. The exhibition focuses on cutting-edge machinery and technologies for food processing and packaging, hotel and kitchen equipment, cold chain solutions, organic and functional foods, digital coding and logistics systems, automation, and post-harvest and agricultural technologies. The offering is complemented by a diverse range of fresh and processed food products – including Basmati rice, tea, spices, frozen foods, baked goods, dairy products, snacks, juices, pickles, as well as convenience and plant-based foods. Forward-looking segments such as robotic packaging systems, digital temperature control, export services, seafood processing equipment, and certified organic products are given special emphasis. Indian FoodEx stands out not only for its thematic depth but also for its clear target group orientation: it addresses professionals from food production, retail, wholesale, hospitality, research, agriculture, logistics, and export sectors, offering tailored solutions, the latest technologies, and direct access to decision-makers and investors. Exhibitors represent a broad spectrum of relevant industries – from food and machinery manufacturers to packaging experts, research institutions, certification bodies, international consulates, and agri-financing companies. The trade fair serves both as a showcase for India’s rapidly growing food industry and as a platform for international market participants looking to establish a foothold in one of the fastest-expanding markets worldwide. A varied supporting program featuring workshops, live demonstrations, and expert presentations provides practical insights and valuable impulses for the continued advancement of the sector."
International Foodtech,Expected August 2027,India,Kolkata,Biswa Bangla Mela Prangan,www.foodtechkolkata.com,"International Foodtech has established itself as a leading trade fair for food processing and hospitality in Eastern and Northeastern India. Known as ""International Foodtech Kolkata"" (IFK), the event stands for technological innovation and represents the intersection of tradition and progress within India’s dynamic food and hospitality sectors. Held annually at the modern Biswa Bangla Mela Prangan exhibition grounds in Kolkata, the fair benefits from a strategic location and excellent transport connectivity. Organised by N.K. Kapur & Co. (P) Ltd., a seasoned Indian trade fair agency specialising in industry-specific exhibitions, IFK serves as an important driver of growth and innovation for the region’s food economy. The event is aimed at professionals from food production, hospitality, confectionery and bakery sectors, as well as the retail food trade – not only from India but also from neighbouring countries such as Bangladesh, Nepal, Bhutan, and Myanmar. This has made IFK a vital hub for both regional and international business development. At the heart of the exhibition are forward-looking technologies for safe and efficient food processing, advanced packaging solutions, cutting-edge cold chain systems, and new developments in additives and flavouring agents. A strong emphasis is placed on the bakery and confectionery sectors, supported by expert seminars, panel discussions, and live demonstrations tailored for bakers and pastry professionals. The hospitality industry is also comprehensively covered – from professional kitchen equipment and catering solutions to culinary innovation. Exhibitors showcase the latest in processing technologies, packaging machinery, ovens, confectionery production systems, food safety solutions, ingredient innovations, and specialised services. Participants range from established brands and start-ups to machinery manufacturers, suppliers, hoteliers, and food industry experts, all aligned with emerging market trends and developments. Key highlights of the event include a dedicated conference for the confectionery and snack industries, seminars for bakery and patisserie professionals, and interactive forums on culinary topics. IFK positions itself not merely as a product showcase, but as a platform for knowledge exchange, networking, and strategic business growth. The venue, Biswa Bangla Mela Prangan, offers state-of-the-art infrastructure and easy accessibility – via Netaji Subhas Chandra Bose International Airport, multiple rail connections, and a well-developed public transport network. In a city renowned for its culinary diversity, International Foodtech provides not only insight into the latest technologies but also an inspiring environment for all those shaping the future of the food industry."
Fine Food Australia,Expected August 2027,Australia,Melbourne,MCEC - Melbourne Convention and Exhibition Center,finefoodaustralia.com.au,"""Fine Food Australia"" represents more than just a name—it's a commitment to quality and excellence. Embracing the ""Fine Food"" label, the emphasis is on select foods, drinks, and services within the hospitality sector. Established in 1984, this event has become a pivotal gathering for the Australian food and hospitality sectors. It's expertly organised by Diversified Communications Australia, specialists in hosting international fairs and events. Annually in September, ""Fine Food Australia"" alternates between two renowned venues: the International Convention Centre (ICC) in Sydney and the Melbourne Convention and Exhibition Centre. It showcases the latest trends, products, and innovations that drive the industry. Key features include food specialties, catering, front-of-house equipment, beverages, coffee and tea, bakery tools, hotel and retail tech, dairy insights, and pioneering packaging solutions. A significant portion of exhibitors hail from retail, food service, and hospitality backgrounds. This event allows them to showcase their newest products and services to a vast industry audience. Primarily, it attracts buyers and key decision-makers from the aforementioned sectors, presenting them with an unparalleled opportunity to keep abreast of industry innovations and establish business connections. Concluding, it's worth noting the strategic locations of both venues: the ICC in Sydney and the Convention Centre in Melbourne. Their central positioning coupled with excellent transport links ensures ease of access. The annual city switch offers attendees a unique opportunity to witness the vibrant facets of the Australian food and hospitality industry. Explore ""Fine Food Australia"" and delve into a realm of culinary innovation and discovery!"
Inter Food EXPO,Expected September 2027,Armenia,Yerevan,Karen Demirchyan-Komplex,www.expo.am,"The "" Inter Food EXPO "", held annually at the Karen Demirchyan-Komplex in Yerevan, Armenia, is an international trade fair for the food industry. Organized by the Logos Expo Center, it has established itself as an indispensable platform for industry leaders and representatives from both wholesale and retail sectors. Armenia's geographical position, increasingly important in global food production and distribution, adds significant relevance to the fair. The aim of the Inter Food EXPO is to showcase a wide range of products and services. These include meat and dairy products, non-alcoholic beverages, mineral water, spirits, tobacco products, confectioneries, and ice cream. The fair also presents the latest technologies in food production and packaging, making it an essential gathering for professionals in the field. The fair not only offers insights into innovations and new products but also serves as an educational platform. Seminars and round-table discussions on current issues and future perspectives of the food industry are held, emphasizing its role as a place for learning and professional exchange. Annually, the fair attracts a diverse array of industry representatives, including manufacturers, suppliers, wholesalers, and retailers. It is also a magnet for restaurateurs and governmental regulatory bodies, highlighting the variety of participants and the broad interest it generates. The Karen Demirchyan-Komplex, with its modern facilities and convenient access, is an ideal venue. Moreover, Yerevan's rich cultural and historical context provides additional incentives for international visitors to attend the fair and take the opportunity to explore Armenia."
SaudiFood Manufacturing,Expected September 2027,Saudi Arabia,Riyadh,RFECC Riyadh Front Exhibition & Conference Center,www.saudifoodmanufacturing.com,"SaudiFood Manufacturing has established itself as a leading trade fair and central procurement hub for the food and beverage industry. This annual event, held at the Riyadh Front Exhibition & Conference Center in Riyadh, attracts professionals from the global and regional food processing sectors. The event is organized by dmg::events, a seasoned organizer known for high-quality and well-attended trade shows. The fair covers topics such as food ingredients, processing, packaging, and control and automation technologies. It showcases specific products and services, including color enzymes, emulsifiers, cultures, fermentation starters, plant extracts, stabilizers, and solutions for meat processing, baking, and beverage processing. A special focus is placed on state-of-the-art cooling technologies, food safety and quality, and innovative packaging and logistics solutions. The fair plays a crucial role for Riyadh and the Kingdom of Saudi Arabia by supporting local and regional businesses and enabling them to connect with international markets. This contributes to economic development and strengthens Saudi Arabia's position in the food and beverage industry. One of the highlights of the fair is the ""Saudi Food Manufacturing Awards,"" which recognize outstanding innovations and best practices in the industry. Curated Innovation Tours and the Food Forward Summit offer participants the opportunity to learn about new trends and gain valuable insights. The main target audience of the fair includes professionals from the food processing and beverage industries, packaging technology, and related technology and service sectors. The attendees are primarily high-ranking trade buyers, corporate decision-makers, and leading industry experts. The modern and accessible Riyadh Front Exhibition & Conference Center offers excellent infrastructure and transportation links, making it easier for participants and exhibitors to attend the fair and explore the diverse opportunities in the city of Riyadh."
Genusswerk,Expected April 2028,Germany,Ulm,Messe Ulm,www.genusswerk-messe.de,"The Genusswerk, officially known as the Trade Fair for Bakers, Butchers, and Restaurateurs, takes place every two years in Ulm, in the heart of Southern Germany. Since its inaugural event in 2014, it has become a central marketplace for the food craft industry in Germany, Austria, and Switzerland. The fair is organized by the cooperative FD-Fleischerdienst – Allgäu/Schwaben eG, in collaboration with other cooperatives. This cooperative is particularly dedicated to promoting the local butcher and gastronomy sectors. As a venue, the Ulm Exhibition Center offers a modern and easily accessible infrastructure that perfectly meets the needs of exhibitors and visitors. In the spacious halls and extensive outdoor areas, leading suppliers from all relevant specialized and supply sectors showcase their latest products and services. FAMEBA features classic assortments such as meat and sausage products, cheese, and dairy products while also serving as a platform for the latest industry trends and innovations, including state-of-the-art kitchen technology and hygiene solutions. Noteworthy segments include the snack and catering sectors, gourmet products, and regional specialties, complemented by a wide range of frozen products, canned goods, fish, delicacies, as well as beverages and spirits. Technical innovations in shopfitting, furnishing technology, and packaging and advertising services are also key focuses of the fair. Genusswerk offers a broad spectrum of services, including consulting in finance, energy, and IT, making it an essential event for professionals in the food industry. The success and significance of the fair are underscored by a high-profile list of exhibitors, including well-known brands such as Bedford, Bürger, and Victorinox. In summary, Genusswerk in Ulm is a crucial meeting point for professionals in the food craft industry, providing an excellent opportunity to learn about and exchange information on the latest products, trends, and services in an atmosphere that is both collegial and professional."
