전시회명,개최기간,개최국,개최도시,개최장소(베뉴),축제URL,축제소개
Mer & Vigne,18. - 20. September 2026,France,Paris,Hippodrome de Vincennes,www.mer-et-vigne.fr/nos-salons,"Mer & Vigne Paris is a celebration of the senses – a feast for gourmets that showcases the French art of living in its most indulgent form. The name ""Mer & Vigne"", derived from the French words for ""sea"" and ""vine"", captures the essence of the event: a refined union of seafood cuisine and wine culture. Twice a year, the historic Hippodrome de Vincennes in Paris transforms into a vibrant venue for fine delicacies, selected wines, and high-quality regional and European products. The event is organized by Mer & Vigne SARL, an experienced company that has dedicated itself for many years to curating high-end culinary exhibitions with passion and expertise. The fair stands out for its clear focus on fishing, agriculture, viticulture, and artisan food production. This unique combination appeals not only to discerning food lovers, but also to professionals from the hospitality industry, gastronomy, wine trade, and artisanal food sectors. Mer & Vigne Paris is more than a delicacy market. It serves as a lively platform for exchange and connection – a place where producers, artisans, and connoisseurs come together to discuss trends, innovations, and evolving tastes. The curated selection includes fresh seafood, handcrafted specialties from various French regions, rare wines, and selected European products, tailored to meet the expectations of a demanding audience. Paris, as the capital of fine taste, provides the ideal setting for this event, which is part of a nationwide series of fairs. Despite its wide reach, each Mer & Vigne edition retains a strong local character. In Paris, the Hippodrome de Vincennes, with its elegant atmosphere and convenient accessibility – by car or public transport – offers a fitting backdrop for this gastronomic gathering. A particular highlight of the fair is its competitions and awards, which recognize outstanding products and creative presentations. These accolades not only enrich the visitor experience but also underscore the event’s role as a benchmark of quality in French gastronomy. Mer & Vigne Paris is part of a broader series of exhibitions held throughout France. Each fair maintains its local identity while drawing a nationwide audience. In this way, Mer & Vigne Paris is far more than a marketplace – it is an authentic reflection of French culinary culture. It is a valuable destination for industry professionals, unique in its thematic depth, and uncompromising in its commitment to quality. For those who truly wish to taste and experience France, this event is not to be missed."
Expoalimentaria,23. - 25. September 2026,Peru,Lima,Jockey Exhibition Center,expoalimentariaperu.com,"The Expoalimentaria in Lima is a trade fair for the food, beverage, and gastronomy sectors. ""Expoalimentaria"" represents a specialist trade show that covers significant areas such as food and beverages, containers and packaging, machinery, equipment, technology and innovation, and international trade services. It is held annually in Lima, the vibrant capital of Peru, at the Jockey Exhibition Centre . The fair typically takes place in September. Since being established by the organiser, Adex, Expoalimentaria has consistently grown in significance. With its comprehensive expertise in trade fair organisation and industry knowledge, Adex aims to highlight the strengths of the Peruvian food industry on a global scale. Peru has become a prominent player in the global food industry, with agriculture at its core. The country is proud to be a ""strategic supplier to the world"", a distinction it owes to its unique microclimate, which supports a vast range of species. Peru is held in high esteem not only in South America but also globally for its competitiveness and business-friendly environment. It's essential to note Peru's leading roles in producing and exporting products like specialty coffee, cochineal, quinoa, fishmeal, fish oil, and asparagus. Expoalimentaria primarily focuses on the display of food, beverages, and culinary accessories. International exhibitors from diverse sectors attend the fair to introduce their latest products, identify new business avenues, and showcase their innovative concepts. In conclusion, the Jockey Exhibition Centre in Lima stands out not just for its state-of-the-art facilities but also for its outstanding accessibility. Seamlessly blending tradition with the future of the food industry, it offers the perfect backdrop for Expoalimentaria."
Salon CPV,28. September 2026,France,Lyon,L’Embarcadère,salon-cpv.fr,"The Salon CPV, short for ""Club of Wine Professionals,"" is a B2B fair dedicated to the deeply-rooted tradition and culture of wine. Hosted in the impressive venue of L'Embarcadère in Lyon, this annual September event attracts wine enthusiasts, experts, and aficionados from all over the world. The event is organized by IK COM, an organizer renowned for their impressive expertise in hosting such events. Furthermore, IK COM holds wine fairs in various cities like Nantes, Monaco, Strasbourg, and Bordeaux. The Salon CPV places particular emphasis on the regional and national terroirs of France, offering a perfect opportunity to explore new wine trends and engage with producers. As one of the leading wine-producing countries in the world, France views such events not just as a business opportunity but also as an extension of its rich wine culture. At the heart of the fair is the discovery, tasting, and discussion of various wines. Visitors can identify wines that might be significant for their businesses. The audience mainly consists of professionals from the gastronomy and hotel industry, wine merchants, sommeliers, and industry representatives. One of the highlights of the Salon CPV is the professional tastings where awards are also presented for outstanding wines. However, beyond competitions and accolades, it's the profound exchange between dedicated vintners and wine lovers that makes this event truly special. L'Embarcadère in Lyon not only provides an elegant and welcoming setting for this event but also impresses with its central and accessible location. It captures the typical charm of Lyon and stands as the ideal backdrop for a fair celebrating France's fine wines. In conclusion, the Salon CPV in Lyon offers an unparalleled wine experience, embodying a blend of tradition, passion, and innovation in the world of wine."
Mer & Vigne,02. - 05. October 2026,France,Eckbolsheim,Zenith De Strasbourg,www.mer-et-vigne.fr/nos-salons,"Mer & Vigne Strasbourg in Eckbolsheim is a sensory experience for anyone eager to discover and savor French gastronomy at its finest. Its name – derived from the French words Mer (sea) and Vigne (vine) – symbolically reflects the event’s two central themes: premium seafood and exquisite wines. Twice a year, the Zénith de Strasbourg in the Alsatian town of Eckbolsheim transforms into a vibrant meeting place for gourmets, culinary professionals, and producers from across Europe. Organized by Mer & Vigne Lyon, a seasoned event coordinator renowned for its commitment to quality and authenticity, the fair has earned a firm place in France’s culinary landscape. Each edition creates a platform that blends strong regional roots with an international outlook. At its core lies the harmony between artisanal food craftsmanship, sustainable agriculture, traditional fishing, and passionate viticulture. Visitors can look forward to a refined selection of delicacies—from freshly caught oysters and Breton scallops to air-dried hams and homemade foie gras, complemented by fine wines from Alsace, Burgundy, and Bordeaux. This diverse culinary offering is further enriched by specialties from other European regions, making Mer & Vigne Strasbourg a melting pot of cultural and gastronomic variety. The fair holds special significance for the Strasbourg region. It provides local producers and family-run businesses with a stage to showcase their creations to a wide audience, boosts regional tourism, and highlights the culinary richness of Alsace. A particular highlight is the award ceremonies honoring outstanding products and innovative concepts—celebrating quality, creativity, and passion. Exhibitors represent sectors such as fishing, agriculture, winemaking, and artisanal food production. Trade professionals from the hospitality, gastronomy, retail, and fine food industries meet here with discerning visitors in search of something exceptional. The result is an inspiring forum for networking, discovery, and culinary education. Mer & Vigne in Eckbolsheim is part of a successful event series held in various cities across France. Each location brings its own regional character, yet all share the same ambition: to unite Europe’s finest products on a unique marketplace for the senses. The venue, the modern and architecturally striking Zénith de Strasbourg, impresses with its excellent accessibility—whether by car, tram, or from neighboring countries. Situated in Eckbolsheim, just a few kilometers from the city center, it provides the perfect setting for a fair that captivates both mind and palate."
WineDortmund,03. - 04. October 2026,Germany,Dortmund,Westfälischer Industrieklub,www.webermesse.de/messe/wein-dortmund,"WeinDortmund is a distinguished wine fair that has established itself as an annual event for both trade professionals and the general public at the prestigious Westphalian Industrial Club in Dortmund. Organized by the experienced Webermesse GmbH, it invites guests each year on a flavorful journey through the world of wine. The focus is on red Burgundy varieties, which pair perfectly with seasonal autumn cuisine, as well as freshly bottled wines from the current vintage. Alongside new product releases, the fair also showcases the personal signatures and unique styles of the winemakers. The event is clearly curated: more than 500 wines from renowned German wine regions – including the Moselle, Nahe, Franconia, Rheinhessen, Palatinate, Baden, and Württemberg – as well as international selections from Italy, Spain, France, Austria, Australia, South Africa, and Chile are available for tasting. Visitors can engage directly with winemakers, wineries, cooperatives, and importers to gain deeper insight into the origins and philosophies behind each wine. WeinDortmund is much more than a traditional tasting event. It serves as an exclusive platform for trade professionals, upscale gastronomy, and discerning wine enthusiasts who not only sample but also place orders on site. Exhibitors from wine production, import/export, specialized retail, hospitality, and wine and beverage technology use the fair strategically to establish new business contacts, launch products, and showcase their brands in a premium environment. As part of Webermesse GmbH’s exclusive event portfolio, WeinDortmund is also held in selected cities such as Berlin, Cologne, and Munich – with each edition tailored to the local audience and regional culinary culture. The Westphalian Industrial Club offers not only an elegant and centrally located venue, but also excellent accessibility thanks to its proximity to the main train station, public transport, and convenient parking – making it easily reachable for both regional visitors and guests from across Germany. WeinDortmund combines in-depth wine expertise with urban hospitality – a must-attend event for anyone who wants to experience wine with all their senses."
kulinart,03. - 04. October 2026,Germany,Frankfurt,"Campus Westend, Casinogebäude, Goethe-Universität",www.kulinart-messe.de,"The kulinart Frankfurt is an annual public and trade fair held in autumn, established as a platform for culinary culture, sustainable food, and stylish lifestyle design. It is organized by Frankfurter Messe & Event GmbH, an experienced event organizer based in Offenbach. The venue is the Casino building on the Westend Campus of Goethe University Frankfurt – an architecturally striking location on one of the most beautiful university campuses in Europe. This elegant setting provides the ideal backdrop for an event dedicated to mindful enjoyment, regional diversity, and artisanal craftsmanship. More than just a trade fair, kulinart is a sensory experience that appeals to food lovers, amateur chefs, health-conscious visitors, and design enthusiasts alike. It showcases a carefully curated selection of high-quality foods, innovative culinary products, stylish kitchenware, and contemporary ideas for table culture and home living. At its core is a commitment to quality, sustainability, and individuality. Whether organic, fair-trade, or locally produced, conscious consumption becomes a journey of discovery. The focus is on culinary trends and authentic taste experiences. Visitors discover products rarely found in conventional retail stores: fine oils, unusual vinegars, handcrafted chocolates, unique spreads, aromatic spices, fresh truffles, rare mushrooms, and much more. The selection is complemented by exquisite wines – especially from Hessian winemakers in the Rheingau and Hessische Bergstraße regions – as well as artisanal sparkling wines and champagnes, distinctive craft beers, and fine spirits such as gin, whisky, and fruit brandies from small distilleries. A local specialty, apple wine, is also featured in a wide range of variations. A key emphasis of the fair is on regional origins and artisanal production. Many exhibitors come from Hesse or neighboring areas and present products made with attention to detail and traditional methods. From cheeses from small farm dairies to specialty sausages from family-run butcheries and individually brewed craft beers – culinary craftsmanship is on display at its finest. Kulinart also offers an interactive experience with live cooking shows, tastings, and workshops. On the show stage, renowned chefs and food bloggers share practical tips, present recipes, and invite the audience to think along, cook along, and sample their creations. Themed tasting zones and high-quality street food make the fair a place where culinary diversity can be experienced in all its forms – from quick bites to in-depth professional exchanges. Kulinart Frankfurt is a source of inspiration for anyone who values conscious enjoyment, sustainable products, and authentic cuisine – all within a refined setting that encourages personal encounters. Seamlessly combining marketplace, trade fair, and experiential event, it has earned a firm place in the region’s event calendar thanks to its clear focus on quality, local character, and craftsmanship."
Fiera Nazionale del Tartufo Bianco Pregiato,04. October 2026,Italy,Sant'Agata Feltria,Strada Provinciale Santagatese,www.prolocosantagatafeltria.com,"The “Fiera Nazionale del Tartufo Bianco Pregiato” is a nationally significant culinary and cultural fair held annually since 1985 in the picturesque town of Sant’Agata Feltria, nestled in Italy’s Emilia-Romagna region. Every October, the Strada Provinciale Santagatese and the town’s historic center are transformed into a vibrant stage for flavors, traditions, and craftsmanship. Organized by the Comune di Sant’Agata Feltria, the fair is not merely a culinary event, but a deliberate tribute to the region’s cultural roots and natural richness. Amidst medieval architecture, gourmets, producers, chefs, farmers, travelers, and truffle enthusiasts gather for a celebration of all the senses. At the heart of the event is the prized white truffle – a delicacy foraged in the surrounding woodlands with the help of specially trained dogs. Available only seasonally, this aromatic tuber is much more than a regional specialty: it is a symbol of local identity and cultural heritage. Since 2021, the art of truffle hunting and harvesting has been recognized by UNESCO as intangible cultural heritage – a status brought to life at the fair through themed events, demonstrations, and informative exhibits. Yet, the Fiera Nazionale del Tartufo Bianco Pregiato goes far beyond showcasing truffles. It blends culinary excellence with traditional crafts, cultural exchange, and a diverse program of events. Visitors can expect a welcoming atmosphere shaped by regional cuisine, exhibitions, live music, guided tours, and hands-on workshops – all infused with the warm hospitality of the local community. A particular crowd favorite is the truffle dog competition, where humans and animals team up in a friendly contest to demonstrate their skills in finding the ""white gold"". Meanwhile, wine tours to local vineyards and inventive truffle-based dishes in the town’s restaurants offer indulgent experiences for food lovers. The fair attracts professionals from the culinary arts, agriculture, food production, hospitality, and retail sectors, as well as private visitors, travel groups, families, and gourmet travelers. Visiting the fair is not only a journey into the world of truffles but also an encounter with history and culture. Landmarks such as the Rocca Fregoso, the Angelo Mariani Theatre, ornate fountains, and historic monasteries create a striking backdrop with a unique atmosphere. The town is easily accessible by car or public transport and welcomes guests with autumnal colors, fragrant alleyways, and unmistakable charm. The Fiera Nazionale del Tartufo Bianco Pregiato is a celebration for all senses, a tribute to regional authenticity, and a shining example of how culinary excellence, sustainable values, and living traditions can come together in inspiring harmony."
BBB,05. - 07. October 2026,Netherlands,Maastricht,MECC Maastricht Exhibition & Congress Center,www.bbbmaastricht.nl,"The ""BBB"" is a prestigious international trade fair for the hotel and gastronomy industry. The abbreviation BBB emphasizes the industry focus and the international nature of the fair. It takes place annually at the MECC Maastricht Exhibition & Congress Center and is organized by MECC Maastricht BV. At the fair, visitors get a comprehensive overview of products and services designed specifically for restaurant and hotel operators in the Netherlands. It particularly attracts professionals from Belgium and the Netherlands looking to inform themselves about the latest trends, innovations, and services in the industry. In addition to showcasing new and unique ingredients, exclusive wines, and champagnes, the fair also covers areas like nightlife, with a special emphasis on spirits, lighting trends, sound, and decoration. A central theme is food waste. One of the highlights is the ""Green Chef"" competition, where participants cook with fresh fruits and vegetables and create non-alcoholic cocktails. Moreover, the BBB offers a diverse program that includes master classes, demos, product presentations, tasting sessions, cooking competitions, and workshops by national and international star chefs. There are also varied lectures and award ceremonies, such as ""Best Upcoming Kitchen"" and ""Best Upcoming Service"". The majority of exhibitors come from the hotel and gastronomy sector. The main visitors are industry experts from these sectors who have the opportunity to discover and taste special beers, cocktails, and other beverages at the fair. Maastricht, as the host city, not only impresses with the modern MECC exhibition center but also with a culturally and historically shaped backdrop. This gives the fair a special flair and makes it a staple in the industry's trade fair calendar. The MECC Maastricht Exhibition & Congress Center, centrally located in Maastricht, is easily accessible. The city is also known for its hospitality and charm. A visit to the BBB fair in Maastricht is not only worthwhile but also offers an excellent opportunity to learn about current trends and innovations in the gastronomy and hotel industry."
Wine fair,09. - 18. October 2026,Switzerland,Bern,BERNEXPO,bernerweinmesse.ch/de,"The Bern Wine Fair, a combination of trade and public exhibition, has been celebrating an annual homage to the world of wines and culinary delights since its inception in 1974. Over the course of ten days, BERNEXPO, the renowned exhibition center in Bern, transforms into a paradise for wine lovers and gourmets. This exquisite event is organized by Berner Weinmesse AG. The heart of the fair is the Oenotheque, where more than 2,000 exquisite wines from around the world are showcased by expert dealers in a relaxed atmosphere. Visitors have the opportunity to engage directly with winemakers and wineries, gaining in-depth knowledge about the wines on offer. The Oenotheque provides a unique chance to discover and taste new and award-winning wine creations. Another highlight is the selection of cult wines, where exclusive and world-famous wines such as Château Mouton Rothschild and Redigaffi Toscana IGT are available for tasting. This special selection emphasizes the distinctive character of the Bern Wine Fair and offers connoisseurs deep insights into the elite of the wine world. In addition, regional delicacies, spirits, and specialty beers are featured, showcasing the culinary diversity of the region and beyond. This gastronomic offering complements the experience, allowing visitors to meet local producers in person and hear their stories. The Bern Wine Fair is not only known for its wide range of themes and highlights, but also for its focus on fostering dialogue and exchange between wine enthusiasts and producers. As a meeting and tasting venue, it provides a platform for independent winemakers, family-owned wineries, distillers, and wine cooperatives to present their latest products and recommendations to a broad audience. Throughout its long history, the Bern Wine Fair has established itself as an indispensable event on the calendar of every wine lover. The fair takes place in the impressive setting of BERNEXPO, which stands out not only for its central location but also for its modern facilities and welcoming atmosphere. Every year, this event attracts thousands of national and international visitors who share a common passion for wine and gastronomy."
Vinessio Wine Fair,10. - 11. October 2026,Germany,Erlangen,Heinrich-Lades-Halle,weinmesse-erlangen.de,"The Vinessio Wine Fair Erlangen is an annual event dedicated to wine and culinary delights. Since its debut in 2011, it has become a well-established fixture in the Franconian event calendar, attracting both private wine enthusiasts and professional visitors from the hospitality industry. The venue is the Heinrich-Lades-Halle – a modern, centrally located facility with excellent accessibility and ample parking. Every autumn, it transforms into a gathering point for the national and international wine scene. The fair is organized by assessio GmbH, an experienced company specializing in the planning and execution of high-quality gourmet events. At the heart of the fair is a carefully curated selection of domestic and international wines, complemented by spirits and fine foods such as oils, vinegars, cheeses, cured meats, and coffee. Visitors are invited not only to sample and compare these products but also to purchase directly from the producers. Personal interaction with winemakers and artisans is a key element of the event’s philosophy and is actively encouraged. A particular focus is placed on sustainability. Biodynamically produced wines form an integral part of the exhibition and reflect the forward-looking character of the event. The fair is further enriched by seminars on viticulture, sensory evaluation, and origin, which are included in the admission and offer accessible expert knowledge for both beginners and advanced attendees. Vinessio creates a link between regional roots and international ambition. It provides Franconian winemakers with a platform to present their products to a quality-conscious audience, while also welcoming renowned producers from countries such as Austria and Italy. In doing so, the fair makes a valuable contribution to positioning the region as a destination for wine and gourmet culture. Most exhibitors come from the fields of viticulture, fine foods, retail, and artisanal production. The audience includes discerning private visitors as well as professionals from gastronomy, hospitality, and trade, all looking for inspiration and networking opportunities. With its stylish setting, professional organization, and attractive location, the Vinessio Wine Fair Erlangen offers a truly special trade fair experience. More than just a calendar highlight for wine lovers, it embodies a vibrant union of enjoyment, quality, and regional identity."
WineCologne (Autumn),10. - 11. October 2026,Germany,Cologne,Sartory-Säle,www.webermesse.de/messe/koeln-wein-herbst,"WeinKöln (Autumn) is a prestigious wine fair that draws wine enthusiasts, industry professionals, and restaurateurs from across Germany and abroad to the historic Sartory Halls in the heart of Cologne every autumn. Organized by the renowned weberMESSE GmbH in Bonn, it forms part of a nationwide series of wine fairs held in several cities across the country. The event serves as an elegant platform for exchange between winemakers and connoisseurs – a key meeting point for the wine trade, fine dining sector, and discerning consumers who value direct interaction with producers. At the center of attention are the latest wines of the new vintage, with a particular focus on red Burgundy varieties that pair perfectly with the upcoming autumn and roast season. The fair positions itself as a stage for innovation: in addition to well-established classics, exhibitors showcase current trends – including natural wines, which are gaining traction as forward-looking niche products. Around 900 wines from Germany’s renowned growing regions such as Nahe, Rheinhessen, Pfalz, Baden, and Franconia are presented alongside international selections from Italy, Spain, Austria, France, South Africa, Australia, Chile, and many other countries. A defining feature of the fair is the opportunity for direct dialogue with winemakers, family-run estates, and cooperatives. Tasting wines in person with their producers gives the event the character of a wine vernissage – an occasion not only for sampling, but also for learning and networking. Many exhibitors also offer the option to place orders on-site – a service especially valued by buyers in the specialist trade. The range of exhibitors spans the entire wine industry: from independent vintners and long-established estates to importers, distillers, and distribution agencies. The audience is equally diverse, from curious private visitors to seasoned sommeliers and buyers from the high-end gastronomy sector. What unites them is a shared interest in current developments, new discoveries, and first-hand expert recommendations. WeinKöln (Autumn) is not only a must-attend event for industry insiders but also a vibrant celebration of wine culture in a city where tradition, enjoyment, and international flair come together. With their elegant, historic setting, the Sartory Halls provide the perfect backdrop for indulgent discoveries. Conveniently located in Cologne’s city center and easily accessible by public transport, the fair builds a bridge between regional passion for wine and global wine expertise – an autumn highlight for all the senses."
Fiera Internazionale del Tartufo Bianco,10. - 11. October 2026,Italy,Alba,Palazzo Mostre E Congressi,www.fieradeltartufo.org,"Alba, a city in Piedmont in the northwest of Italy, is particularly renowned for its white truffle (Tartufo Bianco). This rare and highly prized truffle is found in the neighboring forests and hills of the region and is incredibly sought after in the culinary world. The surroundings of Alba provide optimal conditions for the growth of the white truffle, accounting for its top-notch quality and distinctive flavor. The white truffle from Alba stands out from other truffle varieties due to its intense aroma and refined taste. The significance of the white truffle to Alba is also evident in the annual Fiera Internazionale del Tartufo Bianco d'Alba. At this international truffle fair, held between October and November, the Palazzo Mostre e Congressi becomes a gathering place for gourmets from around the world every weekend, both on Saturdays and Sundays. Not only is the precious white truffle the centerpiece, but other regional delicacies like wines, cheeses, pasta, and baked goods are also showcased. Visitors have the opportunity to taste these specialties right on the spot. Show-cooking events provide inspiration, and attendees can participate hands-on in cooking workshops. During this season, the medieval Alba transforms into a vibrant hub of culinary and tourist activities. Those wishing to purchase the exquisite white truffle will find an ample selection in the specialty and delicatessen stores throughout the city. The fair is undoubtedly a highlight for food enthusiasts and celebrates the culinary heritage of Alba. It attracts foodies, chefs, and gourmets from all over the world who wish to taste, buy, and learn more about the truffle. The white truffle holds deep cultural and economic significance for Alba and its residents, shaping the culinary legacy of the region."
Fiera Nazionale del Tartufo Bianco Pregiato,11. October 2026,Italy,Sant'Agata Feltria,Strada Provinciale Santagatese,www.prolocosantagatafeltria.com,"The “Fiera Nazionale del Tartufo Bianco Pregiato” is a nationally significant culinary and cultural fair held annually since 1985 in the picturesque town of Sant’Agata Feltria, nestled in Italy’s Emilia-Romagna region. Every October, the Strada Provinciale Santagatese and the town’s historic center are transformed into a vibrant stage for flavors, traditions, and craftsmanship. Organized by the Comune di Sant’Agata Feltria, the fair is not merely a culinary event, but a deliberate tribute to the region’s cultural roots and natural richness. Amidst medieval architecture, gourmets, producers, chefs, farmers, travelers, and truffle enthusiasts gather for a celebration of all the senses. At the heart of the event is the prized white truffle – a delicacy foraged in the surrounding woodlands with the help of specially trained dogs. Available only seasonally, this aromatic tuber is much more than a regional specialty: it is a symbol of local identity and cultural heritage. Since 2021, the art of truffle hunting and harvesting has been recognized by UNESCO as intangible cultural heritage – a status brought to life at the fair through themed events, demonstrations, and informative exhibits. Yet, the Fiera Nazionale del Tartufo Bianco Pregiato goes far beyond showcasing truffles. It blends culinary excellence with traditional crafts, cultural exchange, and a diverse program of events. Visitors can expect a welcoming atmosphere shaped by regional cuisine, exhibitions, live music, guided tours, and hands-on workshops – all infused with the warm hospitality of the local community. A particular crowd favorite is the truffle dog competition, where humans and animals team up in a friendly contest to demonstrate their skills in finding the ""white gold"". Meanwhile, wine tours to local vineyards and inventive truffle-based dishes in the town’s restaurants offer indulgent experiences for food lovers. The fair attracts professionals from the culinary arts, agriculture, food production, hospitality, and retail sectors, as well as private visitors, travel groups, families, and gourmet travelers. Visiting the fair is not only a journey into the world of truffles but also an encounter with history and culture. Landmarks such as the Rocca Fregoso, the Angelo Mariani Theatre, ornate fountains, and historic monasteries create a striking backdrop with a unique atmosphere. The town is easily accessible by car or public transport and welcomes guests with autumnal colors, fragrant alleyways, and unmistakable charm. The Fiera Nazionale del Tartufo Bianco Pregiato is a celebration for all senses, a tribute to regional authenticity, and a shining example of how culinary excellence, sustainable values, and living traditions can come together in inspiring harmony."
Krefelder Herbstzauber,16. - 18. October 2026,Germany,Krefeld,Galopprennbahn,renomueller.de/event/krefelder-herbstzauber,"The Krefeld Autumn Magic (Krefelder Herbstzauber) is an annual public fair held in October in the charming city of Krefeld. The name ""Autumn Magic"" alludes to the enchanting atmosphere presented to visitors during the fall season. Since its inception in 2015, the fair has been hosted on the historic grounds of the Krefeld Racecourse. This impressive location provides the perfect backdrop for the Autumn Magic, adding a touch of elegance and tradition to the event. The organization of the Krefeld Autumn Magic is managed by Reno Müller Veranstaltungen GmbH & Co. KG, a company renowned for its expertise in organizing high-caliber events. Notably, their specialization lies in organizing countryside events and autumn festivities at unique locations. The fair boasts a wide range of themes, spanning from culinary delights to fashion, art, jewelry, accessories, furniture, and decor. Carefully selected exhibitors from various sectors showcase their products and services, making the fair a magnet for enthusiasts of art, fashion, gastronomy, and much more. A special highlight of the event includes its diverse event program, walking acts, and live musical performances. For visitors arriving by car, ample parking is available at Sprödentalplatz. From there, they can avail themselves of the convenient shuttle service to the racecourse. Due to limited parking directly at the racecourse, it is strongly advised to utilize this service. In conclusion: The Krefeld Autumn Magic is more than just a fair – it's a genuine experience! The combination of a unique venue, top-notch exhibitors, and a varied program renders it an unforgettable event in the picturesque city of Krefeld."
Mer & Vigne,16. - 18. October 2026,France,Annecy-le-Vieux,Espace Rencontre,www.mer-et-vigne.fr/nos-salons,"The Mer & Vigne Annecy-le-Vieux fair is a unique showcase of French culinary culture. Held annually at the Espace Rencontre in the charming town of Annecy-le-Vieux, it invites visitors into a world of gastronomic discovery. The name—derived from the French words “Mer” (sea) and “Vigne” (vine)—is more than a title; it reflects the fair’s essence: the celebration of maritime delicacies paired with fine wine. Organized by the experienced Mer & Vigne SARL, the event has built a strong reputation through high-quality fairs dedicated to French gourmet culture. The timing in autumn is deliberate—when regional products reach their peak and the variety of fresh ingredients is at its richest. The fair showcases seafood specialties, artisanal products, and a wide selection of French wines. Carefully chosen delicacies from other European regions add a rich international dimension, making the event a meeting point for gourmets and professionals from both France and abroad. Yet Mer & Vigne is more than just a gourmet fair. It strengthens regional food craftsmanship, supports local producers, and highlights the culinary heritage of Savoy. Competitions and awards honor outstanding achievements in taste, craftsmanship, and innovation. Exhibitors represent sectors such as fishing, agriculture, winemaking, and artisanal food production. The audience includes professionals from gastronomy, trade, and manufacturing, as well as passionate food enthusiasts seeking unique experiences. As part of a nationwide event series, Mer & Vigne brings the richness and diversity of French culinary art to various regions, combining strong local ties with broad national appeal. The Espace Rencontre provides the perfect setting: modern facilities, excellent transport connections, and a location nestled between the Alps and Lake Annecy—an ideal backdrop for a celebration of the senses. Those looking to experience French cuisine in all its depth and excellence will find here a place where quality, authenticity, and passion come together."
Aux Vignobles!,16. - 18. October 2026,France,Chartres,Chartrexpo,www.auxvignobles.fr,"Aux Vignobles! is an annual wine and gourmet fair that stands out for its combination of regional authenticity, professional expertise, and direct contact with producers. It caters to both industry professionals and private wine enthusiasts and takes place in several French cities, including Chartres, Angers, Biarritz, and Brest. In Chartres, the event is held at the Parc Expo l’Illiade – a well-connected exhibition center offering ideal conditions for tastings, conversations, and sales. The fair is organized by GL Events Exhibitions Opérations, a renowned event organizer based in Brest, known for many years of experience in staging high-quality consumer exhibitions in the fields of gastronomy and fine living. Formerly known as “Salon Vins & Gastronomie”, the event has been rebranded and conceptually refined to better reflect its focus and identity. At its heart are French wines from the country’s most renowned wine regions – including Bordeaux, Burgundy, Beaujolais, the Rhône Valley, Languedoc, Loire, Sud-Ouest, Provence, and Champagne. The fair serves as a platform for authentic wine experiences, offering visitors the opportunity to meet independent winemakers (“vignerons indépendants”), taste their products, and purchase directly on-site – with no middlemen, full traceability, and expert advice. This direct-to-consumer approach, known as “direct producteur”, is a key feature, enabling not only attractive pricing but also a personal connection to the people behind the wines. Special emphasis is placed on sustainable and certified cultivation methods. Organic wines and wines bearing the HVE (Haute Valeur Environnementale) certification demonstrate that quality and environmental responsibility can go hand in hand. The fair also places importance on wine tourism, which is gaining popularity. In addition to information about the wines, visitors are inspired with ideas for traveling to the producers’ regions and discovering the origins of the wines firsthand. Aux Vignobles! is much more than a traditional wine fair – it offers a multisensory experience. Discovering new grape varieties, comparing different terroirs, and engaging in personal exchanges with winemakers turn the visit into a unique journey of discovery. The experience is further enhanced by a selection of regional delicacies such as cheeses, cured meats, and other specialties that perfectly complement the wines. With its blend of high-quality offerings, expert guidance, direct access to producers, and a genuine French lifestyle atmosphere, “Aux Vignobles!” sets itself apart from conventional trade fairs. Appealing to both connoisseurs and newcomers, it impresses with regional diversity and transparency – and, with its clear focus on enjoyment, knowledge, and connection, has become an unmissable event for anyone wishing to experience French wine culture up close."
Rohvolution,17. - 18. October 2026,Germany,Berlin,Trabrennbahn Karlshorst,rohvolution-messe.de/die-messe/berlin,"The Rohvolution is a significant fair that brings to the fore the theme of raw and healthy eating. It was founded by RohKöstlich GmbH and has been held annually since then. The abbreviation of the fair's name, 'Rohvolution' is a play on words, combining ""raw food"" and ""revolution"", thus underlining the revolutionary potential of a raw food lifestyle. The main topics covered include raw food preparation, devices and techniques for raw food preparation, and a broad spectrum of raw foods and drinks. Additionally, the fair features lectures and workshops about the latest innovations and trends in raw food. Visitors to the fair come from all walks of society, including health and fitness enthusiasts, families, and professionals from the food and nutrition industry."
Fiera Internazionale del Tartufo Bianco,17. - 18. October 2026,Italy,Alba,Palazzo Mostre E Congressi,www.fieradeltartufo.org,"Alba, a city in Piedmont in the northwest of Italy, is particularly renowned for its white truffle (Tartufo Bianco). This rare and highly prized truffle is found in the neighboring forests and hills of the region and is incredibly sought after in the culinary world. The surroundings of Alba provide optimal conditions for the growth of the white truffle, accounting for its top-notch quality and distinctive flavor. The white truffle from Alba stands out from other truffle varieties due to its intense aroma and refined taste. The significance of the white truffle to Alba is also evident in the annual Fiera Internazionale del Tartufo Bianco d'Alba. At this international truffle fair, held between October and November, the Palazzo Mostre e Congressi becomes a gathering place for gourmets from around the world every weekend, both on Saturdays and Sundays. Not only is the precious white truffle the centerpiece, but other regional delicacies like wines, cheeses, pasta, and baked goods are also showcased. Visitors have the opportunity to taste these specialties right on the spot. Show-cooking events provide inspiration, and attendees can participate hands-on in cooking workshops. During this season, the medieval Alba transforms into a vibrant hub of culinary and tourist activities. Those wishing to purchase the exquisite white truffle will find an ample selection in the specialty and delicatessen stores throughout the city. The fair is undoubtedly a highlight for food enthusiasts and celebrates the culinary heritage of Alba. It attracts foodies, chefs, and gourmets from all over the world who wish to taste, buy, and learn more about the truffle. The white truffle holds deep cultural and economic significance for Alba and its residents, shaping the culinary legacy of the region."
Fiera Nazionale del Tartufo Bianco Pregiato,18. October 2026,Italy,Sant'Agata Feltria,Strada Provinciale Santagatese,www.prolocosantagatafeltria.com,"The “Fiera Nazionale del Tartufo Bianco Pregiato” is a nationally significant culinary and cultural fair held annually since 1985 in the picturesque town of Sant’Agata Feltria, nestled in Italy’s Emilia-Romagna region. Every October, the Strada Provinciale Santagatese and the town’s historic center are transformed into a vibrant stage for flavors, traditions, and craftsmanship. Organized by the Comune di Sant’Agata Feltria, the fair is not merely a culinary event, but a deliberate tribute to the region’s cultural roots and natural richness. Amidst medieval architecture, gourmets, producers, chefs, farmers, travelers, and truffle enthusiasts gather for a celebration of all the senses. At the heart of the event is the prized white truffle – a delicacy foraged in the surrounding woodlands with the help of specially trained dogs. Available only seasonally, this aromatic tuber is much more than a regional specialty: it is a symbol of local identity and cultural heritage. Since 2021, the art of truffle hunting and harvesting has been recognized by UNESCO as intangible cultural heritage – a status brought to life at the fair through themed events, demonstrations, and informative exhibits. Yet, the Fiera Nazionale del Tartufo Bianco Pregiato goes far beyond showcasing truffles. It blends culinary excellence with traditional crafts, cultural exchange, and a diverse program of events. Visitors can expect a welcoming atmosphere shaped by regional cuisine, exhibitions, live music, guided tours, and hands-on workshops – all infused with the warm hospitality of the local community. A particular crowd favorite is the truffle dog competition, where humans and animals team up in a friendly contest to demonstrate their skills in finding the ""white gold"". Meanwhile, wine tours to local vineyards and inventive truffle-based dishes in the town’s restaurants offer indulgent experiences for food lovers. The fair attracts professionals from the culinary arts, agriculture, food production, hospitality, and retail sectors, as well as private visitors, travel groups, families, and gourmet travelers. Visiting the fair is not only a journey into the world of truffles but also an encounter with history and culture. Landmarks such as the Rocca Fregoso, the Angelo Mariani Theatre, ornate fountains, and historic monasteries create a striking backdrop with a unique atmosphere. The town is easily accessible by car or public transport and welcomes guests with autumnal colors, fragrant alleyways, and unmistakable charm. The Fiera Nazionale del Tartufo Bianco Pregiato is a celebration for all senses, a tribute to regional authenticity, and a shining example of how culinary excellence, sustainable values, and living traditions can come together in inspiring harmony."
Wine Prague,19. October 2026,Czech Republic,Prague,PVA Expo Praha,www.wineprague.com,"Wine Prague is an international wine fair that has been held annually since its inception in 2015 in Prague. As a significant event in the wine industry calendar, this exhibition attracts numerous professionals and wine enthusiasts, primarily from Central and Eastern Europe. The name ""Wine Prague"" reflects the central theme of the fair – wine. It serves as an important meeting point for wine producers, consortia, retailers, and suppliers in the wine industry. Exhibitors showcase a wide range of products and services, including new varieties of wine, advanced cultivation methods, and innovative wine production technologies. The fair provides the perfect setting to gain a comprehensive understanding of Czech wine culture and to explore current industry trends. In addition, fascinating lectures and tastings are offered, which introduce attendees to the latest wines. A selection of regional delicacies and various cheeses complements the offerings. Highlights of the fair include not only wine tastings but also seminars and expert lectures. The organizer of the fair is YACHT, s.r.o., a company known for organizing high-quality and professionally relevant events. Wine Prague focuses on presenting quality wines and promoting wine as a cultural asset. In summary, Wine Prague offers a platform where professionals and wine enthusiasts can exchange ideas, network, and further their education. It is an indispensable event for anyone interested in the art and science of winemaking."
Aux Vignobles!,23. - 25. October 2026,France,Saint-Brieuc,Palais des Congrés et des Expositions,www.auxvignobles.fr,"Once a year, the Palais des Congrès et des Expositions in Saint-Brieuc, in the heart of Brittany, transforms into a gathering place for true connoisseurs. Aux Vignobles! – formerly known as “Salon Vins & Gastronomie” – is a unique French fair dedicated to wine, gastronomy, and regional specialties. Held every autumn, the event attracts both professionals and private enthusiasts from across the country, all united by their passion for quality, taste, and authentic craftsmanship. The fair is organized by GL Events Exhibitions Opérations, based in Brest, a seasoned organizer of high-quality consumer exhibitions. With “Aux Vignobles!” they succeed in bringing together the diversity of France’s wine and culinary culture in one place – an ideal opportunity to discover and experience the richness of the country’s terroirs. The offerings range from wines from all major regions, such as Bordeaux, Burgundy, Provence, and the Loire Valley, to exquisite delicacies including cheese, charcuterie, chocolate, and foie gras. The selection is complemented by organic products and goods from sustainable agriculture, often certified with environmental labels such as HVE – a clear commitment to responsibility toward both the environment and consumers. A defining feature of the fair is the direct contact with producers. Visitors can taste on-site and purchase their discoveries immediately, often at particularly attractive prices. This closeness between producer and consumer lends authenticity to the event and fosters trust. For those who wish not only to taste but also to immerse themselves in the culture of wine, “Aux Vignobles!” offers inspiring insights into oenotourism – a blend of wine, culture, and the experience of landscapes. Thematic tours, such as a dedicated organic route, guide visitors through the diverse offerings and provide a structured way to explore the fair. Despite its national scope, each edition – including the one in Saint-Brieuc – retains its own identity with a regional focus. The fair thrives on local character, French hospitality, and the shared enthusiasm for fine flavors. With just one admission ticket valid for the entire duration, visitors are free to experience the event at their own pace – whether through a leisurely exploration or by returning to discover new favorites."
Expo Cerveza México,23. - 25. October 2026,Mexico,Mexico City,World Trade Center Mexico (WTC),www.cervezamexico.com/cdmx,"Expo Cerveza México is the leading trade fair in Mexico dedicated to craft and specialty beer. It offers a unique platform that brings together brewing expertise, entrepreneurship, innovation, and community. Over the years, the event has become a key reference point in both the Mexican and international beer scenes—appealing to hobby brewers, established producers, raw material suppliers, and distribution professionals alike. The event takes place at the centrally located World Trade Center (WTC) in Mexico City, known for its excellent accessibility and modern infrastructure. It is organized by Tradex Exposiciones, a seasoned company specializing in industry-focused trade shows. Expo Cerveza México is more than a product showcase; it is an active networking and knowledge-sharing forum. Its core themes include the production, commercialization, and marketing of craft and specialty beers. Exhibitors present every element of the brewing process—from high-quality raw materials such as malt, hops, and yeast, to state-of-the-art brewing systems, bottling lines, and labeling equipment. As such, the fair offers significant value to both startups entering the brewing sector and established breweries seeking to enhance their operations. A key feature of the event is the professional congress Mexicanos, Hagamos Cerveza (""Mexicans, Let’s Brew Beer""). This program combines hands-on workshops and presentations on essential brewing topics—such as water, yeast, hops, and malt—with business-oriented sessions on marketing, sales, legal frameworks, and management. The congress is complemented by the Beer Talks , which provide free access to presentations on the latest industry trends, product innovations, and technological advancements. A standout experience is offered by the tasting salon Salón de Catas , where guests can refine their sensory perception through guided tastings—an engaging opportunity for both industry professionals and beer enthusiasts. A major highlight for many breweries is the prestigious Copa Cerveza , a competition that recognizes outstanding beers across various categories and brewery sizes. Award-winning beers are clearly marked at exhibitor booths, turning the fair into a curated discovery journey for visitors. The Matchmaker program fosters targeted business connections among producers, suppliers, and distributors. It provides an ideal environment for B2B interactions in hospitality, retail, import/export, technical services, and related sectors. Expo Cerveza México is not part of an international trade fair series but rather a standalone national event with global appeal. It reflects the cultural richness of Mexico and sends a strong message of inclusion, respect, and community—regardless of origin, gender, or identity. The World Trade Center in Mexico City is easily accessible by public transportation, taxi, or car and offers modern exhibition spaces along with a range of amenities for both exhibitors and visitors. Expo Cerveza México is more than just a trade show—it is the vibrant heart of a growing beer culture that extends far beyond the borders of Mexico."
TERRAVINI,24. - 25. October 2026,France,Nice,Palais Nikaia,www.salons-terravini.fr,"TERRAVINI is an annual celebration of culinary delight held in the heart of the Côte d’Azur, specifically at the Palais Nikaia in Nice. Dedicated to the finest products from land and sea, the event brings together food lovers, producers, and industry professionals in a distinctive and inviting atmosphere. The name TERRAVINI is derived from the Latin words terra (earth) and vini (wine), reflecting the core mission of the event: to honor regional culinary treasures born of soil, water, and vine. Organized by SAVIM EXPO SARL, TERRAVINI serves as a platform for authentic products and artisanal quality. It welcomes both private gourmets and trade visitors from the hospitality, fine food, and beverage industries. At its heart, the fair features premium wines, champagne, fine spirits, craft beers, regional produce, freshwater and seafood delicacies, exquisite chocolates, confectionery, and gourmet specialties. Many of these products are available for on-site tasting, both hot and cold. Exhibitors – including winemakers, distillers, chocolatiers, fishermen, bakers, and delicatessen producers – come primarily from France and offer genuine insights into their craft. TERRAVINI is far more than a sales exhibition. Tastings, product presentations, culinary competitions, and awards turn a visit into a memorable experience. The regional character is ever-present – Nice and Provence not only inspire the event but are also the source of many of the showcased specialties. The fair offers a feast for the senses while providing a well-organized venue for networking, inspiration, and the discovery of exceptional products. Located close to Nice Côte d’Azur Airport and well connected to public transport, the modern Palais Nikaia provides the perfect setting for this celebration of flavor, authenticity, and regional passion."
SAVOIR-VIVRE,24. - 25. October 2026,Germany,Hamburg,Kulturkirche Altona,savoirvivre.de/weinmesse-hamburg-26,"The ""SAVOIR-VIVRE"" wine fair in Hamburg is a real feast for wine lovers and gourmets. Organized by go! Pressebüro und Verlag GmbH, particularly known for the gourmet and travel magazine SAVOIR VIVRE, this fair is one of the most anticipated events in the German wine scene. The ""SAVOIR-VIVRE"" wine fair brings together a large number of exhibitors, including renowned wineries, wine cooperatives and importers. They come not only from different regions of Germany, but also from abroad to present their latest and best wines. Visitors have the unique opportunity to taste a variety of wines and learn directly from the winemakers what makes their products special. Wine lovers can also order their favorites directly on site to expand their domestic collections. A special feature of this fair is the combination of wine tasting with cultural experiences. Overall, the ""SAVOIR-VIVRE"" wine fair is more than just a wine tasting. It is a celebration of good taste, a platform for exchange between wine lovers and professionals, and a wonderful opportunity to experience the combination of culture, history and pleasure. The SAVOIR-VIVRE will take place on 2 days from Saturday, 24. October to Sunday, 25. October 2026 in Hamburg."
Aux Vignobles!,30 Oct. - 02 Nov. 2026,France,Rennes,Parc des Expositions,www.auxvignobles.fr,"Aux Vignobles! is a vibrant experience for connoisseurs, born from the “Salon Vins & Gastronomie”, an annual event that draws wine lovers and industry professionals to Rennes. As part of a nationwide series with over 40 editions throughout France, the fair is among the most renowned platforms for showcasing French wine culture and regional gastronomy. It is organized by GL events Exhibitions – Division VIN & GASTRONOMIE, based in Brest, one of the country’s leading trade show organizers in the field of culinary arts and lifestyle. Held at the Rennes Parc Expo, a modern exhibition center with excellent transport connections and spacious halls, the event brings together winemakers from all major French wine regions. They present their wines in person – from traditional classics and organic vintages to innovative creations like craft beers and regional discoveries. This direct interaction with the producers creates an authentic, almost familial atmosphere, making the fair a truly special experience. For many attendees, this personal connection is precisely what brings them back year after year. But it’s not just about wine: “Aux Vignobles!” transforms into a “marketplace of flavors”, where selected regional specialties – from artisan cheeses and cured meats to fine foods and sweet delicacies – invite visitors to taste and purchase. The variety of high-quality, small-scale products, far removed from industrial mass production, appeals to both discerning food lovers and professional restaurateurs, reflecting the French passion for authenticity and quality. A standout feature is the temporary gourmet restaurant “Le Cépages”, created exclusively for the fair. Here, guests enjoy à la carte dishes expertly paired with wines featured at the event. The culinary offering is further enhanced by an educational program of workshops and masterclasses, providing in-depth insights into grape varieties, terroirs, and sensory analysis – a must for anyone looking to deepen their understanding of wine. For more relaxed moments of indulgence, the “L’Echanson” area offers live music, a convivial atmosphere, and a good glass of wine to round off the fair experience. Aux Vignobles! in Rennes is far more than a typical consumer fair – it’s an encounter with French terroir in all its diversity. Authentic, inspiring, and full of flavor, it offers a unique opportunity to meet producers, receive expert advice, and discover new culinary experiences – all in one place that has become a favorite annual meeting point for food and wine enthusiasts as well as industry professionals."
Salon Vins & Terroirs Toulouse,30 Oct. - 01 Nov. 2026,France,Aussonne,MEETT - Parc des Expositions et Centre de Conventions,www.salon-vins-terroirs-toulouse.com,"The ""Salon Vins et Terroirs Toulouse"" expo is a significant event in the world of wine and gourmet foods, with a focus on the culinary treasures of the region. The expo's name can be translated as the ""Wine and Terroirs Salon of Toulouse"", where ""Terroirs"" is a French term denoting the unique combination of climate, soil, and landscape that characterizes a specific wine-growing area. This biannual expo takes place at the esteemed MEETT - Parc des Expositions et Centre de Conventions in Aussonne, France. Organized by ""Toulouse expo"", the ""Salon Vins et Terroirs Toulouse"" not only showcases a remarkable selection of wines to its visitors but also offers a wide array of agricultural products, emphasizing its deep connection to the region and its significance for the local economy. A primary feature of the expo is gourmet products, which represent the diversity and quality of the French culinary scene. Highlights of the event include a wine-tasting workshop by Art of Wines, a Food Court, a farmer's market, and a gourmet bookstore. Special events, such as wine auctions, are a major draw for both exhibitors and attendees. Wine is an integral part of French culture and identity. Through its presentations, the expo accentuates this aspect and celebrates this culture. The majority of exhibitors hail from the wine and gourmet food industry, catering to both professionals in the field and enthusiasts alike. The Haute-Garonne region, where the exhibition takes place, benefits from its location within the expansive wine territory of Southwest France, boasting a rich wine tradition and history. The Fronton wine region, situated north of Toulouse, is particularly renowned for its grape variety called Négrette. This grape imparts red and rosé wines with a distinctive flavor, characterized by notes of violets, red fruits, and occasionally a hint of licorice. To the east of Toulouse, the Gaillac wine region has a storied history that dates back to Roman times. It is recognized for producing a variety of wine styles, including sparkling wines, dry white wines, red wines, and the sweet ""Vin de Voile"". Duras, Braucol, and Loin de l'Oeil are typical grape varieties of this region. Other noteworthy wine regions in Southwest France include Madiran and Pacherenc du Vic-Bilh. In conclusion, the MEETT - Parc des Expositions et Centre de Conventions in Aussonne impresses not only with its modern architecture but also its easy accessibility. The town of Aussonne itself offers a picturesque setting, making it the perfect place to unwind after an eventful day at the expo."
Food Experience Taiwan,02. - 03. November 2026,Taiwan,Taipei,POPOP,www.tastefrance-tw.com,"The 'Food Experience Taiwan' in Taipei is a trade fair dedicated to the allure and diversity of French gourmet products, wines, spirits, and kitchenware. Situated in the bustling heart of POPOP, it provides an impressive platform for exhibitors to showcase the crème de la crème of their products from France. The event is divided into two main sections: an exhibition hall where visitors can explore a multitude of stalls and discover the latest culinary creations from France, and an exclusive workshop area that invites in-depth culinary exchange. These workshops, led by renowned French gourmet experts, create an intimate setting for up to 50 participants. Here, they have the opportunity not only to learn about the unique features of French delicacies but also to witness firsthand how these products are demonstrated in culinary presentations and seminars. The fair's objective is to establish a connection between French culinary culture and the professionals of the food and beverage industry in Taiwan. Hence, representatives from cafes, hotels, restaurants, and even the agricultural and food industry are invited to participate. This annual gathering leads to the introduction of new French ingredients and products which are showcased not only to industry professionals but also to the general public in a specially organized press conference. It offers an excellent opportunity for Taiwanese media and influential personalities to get firsthand information about the latest trends from France. In summary, the 'Food Experience Taiwan' is not just a fair – it's a culinary voyage that brings the best of France directly to Taipei. An event that offers both exhibitors and visitors an unforgettable experience year after year."
Salon des Vins des Vignerons Indépendants,06. - 09. November 2026,France,Reims,Parc des Expositions,www.vigneron-independant.com,"Salon des Vins des Vignerons Indépendants is an annual wine fair held since 2017 in the historic wine region of Reims. It is organized by the French association Vignerons Indépendants de France , which has long championed the visibility and recognition of independent, artisanal winemakers. Each year, the fair brings together independent winegrowers from across France—producers who oversee every step of the winemaking process, from vine to bottle. Visitors are not met with a faceless product showcase, but with personal encounters: winemakers themselves are present at their stands to share their stories, philosophies, and methods. This creates a unique atmosphere where wine is not just tasted, but experienced through dialogue—and purchased directly on site. A core objective of the event is to highlight the diversity of the French wine landscape. All major regions—from Bordeaux, Alsace, and the Loire to Provence—are represented. Equal visibility is a key principle: every exhibitor is given an identical stand, ensuring that smaller producers enjoy the same prominence as larger ones. The sensory experience is another major focus. In addition to free tastings, professionally guided workshops offer deeper insights into the world of wine—covering grape varieties, aroma profiles, and responsible consumption. Sustainability has also become increasingly important. Many winemakers now present themselves with organic certifications or carry the Haute Valeur Environnementale (HVE) label, which recognizes environmentally responsible farming practices. The fair thus reflects the industry’s broader shift toward ecological awareness and sustainable viticulture. A standout feature is the Concours des Vignerons Indépendants , a wine competition judged not by experts but by amateur wine enthusiasts. Here, authenticity, enjoyment, and personal taste take precedence over academic scoring—placing the character of the wines at the forefront. Award-winning wines receive a medal at the end of the fair, serving as a trusted mark of quality and distinction. The fair’s culinary offerings also come from regional producers. Food stalls provide a delicious complement to the wine tastings—with selections ranging from charcuterie and cheese to foie gras and fresh oysters. The event attracts wine lovers, trade professionals, restaurateurs, and curious consumers who value authenticity and a personal connection to what they enjoy. The Reims edition is part of a nationwide tour that also stops in cities like Paris, Lyon, and Strasbourg—each with the same mission: to give independent winemakers a stage. Located in the heart of Champagne, Reims offers a symbolically perfect setting for an event devoted to genuine, handcrafted wine—an ideal backdrop for celebrating tradition, craftsmanship, and the passion behind every bottle."
die Mürzer Messe,06. - 08. November 2026,Austria,,Stadtsaal,muerzer-messe.at,"The Mürzer Messe is much more than a traditional consumer fair – it is an annual meeting point for regional economic strength, artisanal quality, culinary diversity, and engaging leisure activities, right in the heart of Mürzzuschlag. Once a year, the Mürzzuschlag town hall, together with the exhibition tent and the adjacent open-air grounds, transforms into a vibrant hub of innovation, exchange, and connection. The event is organized by the Mürzzuschlag Agency, which curates a diverse program with great dedication and a keen sense for regional identity. The fair brings together local businesses, craft enterprises, service providers, and professionals from a wide range of industries. Visitors will find everything from household appliances, furniture, and building materials to regionally produced clothing and fine jewelry design. A special focus is placed on regional foods and culinary specialties, lovingly presented at the street food market. The Mürzer Messe showcases the region’s capabilities – and tastes like home. But the fair is more than just a marketplace – it’s a celebration for all the senses. Artisanal stalls, a large funfair with amusement rides, the popular car exhibition, a pop-up market for start-ups, and a colorful children’s program with theatre, magic shows, and readings turn the event into an experience for the whole family. The pop-up café in the small town hall and the food corner on the town square invite guests to relax and create space for encounters and conversations. Exhibitors represent a broad spectrum of industries – from traditional crafts and innovative services to gastronomy and fine arts. The Mürzer Messe attracts not only private individuals and families, but also professionals and entrepreneurs from the region who use the opportunity to network and discover new products and collaborations. Whether taking a stroll through the amusement park at Holzwollbühel, sampling local delicacies, or engaging in conversations with regional artisans – the Mürzer Messe unites business, culture, and the joy of life like no other event in the region. The venue, located in the center of Mürzzuschlag, is easily accessible by train or car, with parking available nearby. Mürzzuschlag itself is a charming town in Styria, known for its excellent infrastructure, rich cultural offerings, and beautiful setting in the Styrian Alps."
Plaza Culinaria,06. - 08. November 2026,Germany,Freiburg im Breisgau,Messe Freiburg,www.plaza-culinaria.de,"The Plaza Culinaria in Freiburg im Breisgau, an annual pleasure fair held in November, is considered one of the most outstanding culinary events in Germany. Since its inception in 2004 by the Freiburg Wirtschaft Touristik und Messe GmbH & Co. KG, the fair has evolved into a true festival for all the senses, attracting both visitors and exhibitors who wish to celebrate the finer things in life. The fair is a haven for gourmets, offering a wide range of products and services. These include non-alcoholic beverages, organic delicacies, craft beers from local breweries, international delicacies and specialties, innovative gastronomy & catering services, as well as enticing offerings of coffee, tea, chocolate, pastries, and confectionery. For those interested in the culture of cooking, Plaza Culinaria showcases the latest trends in kitchen culture and related accessories. Additionally, areas such as culinary travel, themed literature, and home & living enhance the experience. Special attention is also given to sustainable living, with a variety of products for vegetarians and vegans. The ""Christmas Magic"" is another highlight of the fair, introducing a new themed area called ""Trends & Lifestyle,"" encompassing everything from decorations to seasonal delicacies. Not to be overlooked is the selection of wines, sparkling wines, and spirits, appreciated by connoisseurs and novices alike. The event takes place at Messe Freiburg, a venue known for its modern facilities and its ability to accommodate a wide array of events. This location does not only provide ample space for the numerous exhibitors and visitors but also offers a pleasant atmosphere that encourages lingering, discovering, and indulging. In addition to the extensive range of exhibitors, Plaza Culinaria ensures an exciting supporting program with culinary entertainment highlights. These include live cooking shows, tastings led by industry experts, and workshops that give visitors the opportunity to learn directly from professionals. Overall, Plaza Culinaria is an experience that invites you to explore and celebrate the world of culinary delights with all your senses. It represents a combination of quality, diversity, and entertainment, thereby solidifying its status as one of the unmissable events for culinary enthusiasts."
FISCH&FEINES,06. - 08. November 2026,Germany,Bremen,Messe Bremen & ÖVB-Arena,fisch-feines.de,"FISCH&FEINES is a trade fair in Bremen dedicated to sustainable enjoyment and takes place every year in November. Since its founding in 2008, it has developed into the most important event for lovers of high-quality, handcrafted and natural products in the northwest. The trade fair is organized by M3B GmbH, which is committed to providing a platform for over 200 producers and retailers who present their selected foods to an enthusiastic audience. Only products that meet the strict quality criteria of FISCH&FEINES and do not contain any artificial flavors, chemical additives or flavor enhancers are admitted to the trade fair. A wide variety of products and services are offered at FISCH&FEINES. The range of products on offer ranges from fresh fish and seafood to a variety of delicatessen products such as cheese, meat, sausage, jams, chutneys, herbs, spices, salts and dairy products to fruit and vegetables. Drinks lovers will also get their money's worth with a selection of coffee, tea, wine, sparkling wine, beer and spirits. The exhibition offering is rounded off by a selection of cooking accessories, kitchen equipment and various services and informative offers. The focus is on the presentation of regional specialties, traditional manufacturing processes and high-quality products that are free of artificial additives. This trade fair is not only a feast for the senses, but also promotes awareness of sustainable consumption and supports smaller producers in making their passion and craft accessible to a wider audience. Overall, FISCH&FEINES is an indispensable event for connoisseurs and anyone interested in a sustainable lifestyle. It offers a unique opportunity to discover new taste experiences, be inspired by culinary innovations and talk directly to the producers. The CRAFT BEER EVENT has been taking place as part of FISCH&FEINES since 2014. Craft breweries from all over Germany and the Netherlands show that beer can have a lot of flavor. The ReiseLust holiday fair and caravan bremen also take place parallel to FISCH&FEINES, offering visitors an even more comprehensive experience."
Mer & Vigne,06. - 09. November 2026,France,La Tour-de-Salvagny,La Palmeraie,www.mer-et-vigne.fr/nos-salons,"The “ Mer & Vigne ” fair, held at the elegant venue La Palmeraie in La Tour-de-Salvagny, is an impressive tribute to the French way of life and the country’s rich culinary heritage. The name of the event – “Mer” meaning sea and “Vigne” meaning vine – highlights its central themes: exquisite seafood and fine wines from France’s renowned wine regions. As part of a nationwide event series, Mer & Vigne combines regional charm with national recognition. Held twice a year, the autumn edition is especially popular – a time when nature and cuisine reveal their full abundance. The fair is organized by Mer & Vigne SARL, an experienced event company known across France for its high-quality culinary events. Just a few kilometers from Lyon, La Tour-de-Salvagny offers a welcoming atmosphere that attracts gourmets and food lovers from near and far. At its core, the fair showcases products from the fields of fisheries, agriculture, and viticulture. Visitors can explore a wide range of offerings, from freshly caught seafood and artisanal delicacies to carefully selected wines from some of France’s most prestigious wine-growing regions. International specialties complement the assortment, adding a cosmopolitan flair to the event. A key focus of the fair is the support of regional producers. They are given a platform to present their high-quality products to a broad audience. Competitions and awards recognize excellence and creativity, creating special highlights throughout the event. The diversity of exhibitors reflects the rich culinary traditions of France. Alongside industry professionals, the fair also appeals to a wide audience of fine food enthusiasts in search of authentic products and new taste experiences. Thanks to its convenient location, Mer & Vigne is easily accessible for visitors from across France. La Tour-de-Salvagny lies approximately 15 kilometers from Lyon’s city center and is well connected via the A6 and A89 motorways. The town itself offers a picturesque setting, with views of the nearby golf course and surrounding landscape. La Palmeraie de la Tour is a popular venue for a variety of events – from weddings and corporate gatherings to trade fairs such as “Mer & Vigne.” With its tropical-inspired ambiance and versatile layout, it provides an ideal setting for special occasions. Mer & Vigne is a true feast for the senses – a place where tradition meets innovation, and where local character blends seamlessly with international flair to create a unique and memorable experience."
Salon du BON,06. - 08. November 2026,France,Paris,Grande Halle de la Villette,salondubon.com/billetterie,"The ""Salon du BON"" is a public fair dedicated to the world of gastronomy, wine, and culinary delights. The name ""Salon du BON"" reflects the fair's aim to emphasize the outstanding aspects of gastronomy – ""BON"" meaning ""good"" or ""high quality"". It takes place annually at the Grande Halle de la Villette in Paris, a location known for its cultural diversity and significance in the French capital. The Salon du BON is organized by JPC EVENTS in cooperation with renowned chef Thierry Marx and Bon Magazine, also initiated by Marx. The fair's objective is to bring haute cuisine closer to a wide audience. It serves as a platform for esteemed chefs, local producers, and culinary artisans to present their products and services. The main themes of the fair include the art of table setting, quality products, culinary expertise, gastronomic experiments, the art of beverages, and equipment. The fair has a strong connection to the city of Paris, considered one of the world's gastronomic capitals. It offers visitors the opportunity to participate in high-quality tastings, attend entertaining workshops, and meet experts from the culinary world. The exhibitors come from various industries, including gastronomy, viticulture, and culinary crafts. The Salon du BON attracts a broad spectrum of visitors, from experienced gourmets to newcomers in the world of gastronomy. In conclusion, the Grande Halle de la Villette in Paris is not only easily accessible but also possesses a rich history and impressive architecture, which contribute to the overall experience of the fairgoers. Therefore, the Salon du BON is a must-visit for anyone looking to explore the diverse and exquisite world of gastronomy."
WineDüsseldorf (Autumn),07. - 08. November 2026,Germany,Düsseldorf,Hotel Kö59,www.webermesse.de/messe/wein-duesseldorf,"WeinDüsseldorf (Autumn) is an exclusive wine fair of national and international renown, held annually in the elegant setting of the five-star Hotel Kö59 in the heart of Düsseldorf. The name of the event not only reflects its location, but also stands for an exceptional experience centered around wine culture, vintage presentations, and the joy of fine taste. For one weekend, the Rhine metropolis becomes a hub for the global wine community. The fair is organized by weberMESSE GmbH, based in Bonn, a company widely recognized across Germany for hosting high-quality wine events. With many years of experience, it presents WeinDüsseldorf as part of a nationwide series of premium wine fairs in major cities. At the heart of the autumn edition are the newly bottled wines of the current vintage—particularly the red Pinot varieties, which are ideally suited to the cooler season and traditional roast dishes. More than 900 wines from domestic and international producers can be sampled, and purchased or ordered directly from the winemakers. This offering appeals not only to trade professionals and fine dining establishments but also to discerning wine enthusiasts and connoisseurs. A hallmark of the event is its personal presentation: winemakers are present to introduce their wines, share insights into their origins and production methods, and foster a direct, authentic connection between producer and visitor. The fair offers a comprehensive overview of the diverse world of wine regions. Renowned German growing areas such as Mosel, Saar, Ahr, Nahe, Rheingau, Franconia, Palatinate, Baden, and Württemberg are represented alongside top international regions from Europe and beyond—including France, Italy, Spain, Portugal, Austria, Greece, California, South Africa, Chile, Argentina, Australia, New Zealand, and Turkey. Independent winemakers, established family estates, experienced cooperatives, and innovative importers meet an audience that values quality, craftsmanship, and variety. To support orientation and follow-up, all visitors receive a detailed exhibition catalogue featuring information about exhibitors, wines, and expert recommendations. As part of a nationwide event series, WeinDüsseldorf (Autumn) brings the world of wine to North Rhine-Westphalia, reinforcing Düsseldorf’s position as a wine capital with international appeal. Hotel Kö59 on the famous Königsallee provides not only an elegant setting, but—thanks to its central location and excellent transport connections—is also easily accessible for out-of-town guests, whether arriving by train, car, or plane. For anyone wishing to experience wine with all their senses, this is the perfect place to do so."
WEIN & more Neukeferloh,07. - 08. November 2026,Germany,Grasbrunn,Bürgerhaus Neukeferloh,www.wein-erlebnis-messe.de/weinmesse-neukeferloh,"Wein & More is much more than a traditional trade fair – it’s a delightful experience that takes place twice a year in the stylish setting of the Bürgerhaus Neukeferloh, located in the district of the same name within the municipality of Grassbrunn near Munich. As both a trade and public event, it caters equally to industry professionals – including sommeliers, restaurateurs, winemakers, and merchants – as well as to wine enthusiasts and food lovers from the region and beyond. Organized by Ingo Raibold, Wein & More serves as a platform for high-quality indulgence, personal exchange, and professional inspiration. Over the course of two days, the Bürgerhaus Neukeferloh transforms into a hub of culinary discovery: national and international exhibitors showcase their latest wine creations, premium spirits, fine cheeses and chocolates, gourmet foods, and other delicacies. At the heart of the event are quality, authenticity, and direct interaction between producers and visitors – a hallmark that gives the fair its unique character. The concept centers on creating a rich experience with added value. In addition to traditional tastings, visitors can enjoy a thoughtfully curated supporting program featuring workshops, seminars, expert talks, and culinary shows. Specialists from the wine and gourmet industries share up-to-date knowledge on topics such as wine storage, sensory analysis, and food pairing, offer insights into current trends, and are available for personal discussions. This combination of information, inspiration, and sensory enjoyment makes Wein & More a key event for anyone with a professional or personal interest in wine and fine food. Thanks to its biannual schedule, visitors have regular access to seasonal highlights and the latest innovations in the industry. The Bürgerhaus Neukeferloh provides the ideal setting for this – modern, spacious facilities with high-quality furnishings and a pleasant atmosphere that perfectly reflects the event’s emphasis on style and indulgence. Wein & More is not just a showcase for premium products – it’s a social event that brings together people who appreciate quality and taste, while offering direct connections to the creators behind the brands."
SAVOIR-VIVRE,07. - 08. November 2026,Germany,Berlin,Schloss Charlottenburg,savoirvivre.de/weinmesse-berlin-herbst-26,"The ""SAVOIR-VIVRE"" Wine Fair, a biannual event, is a true celebration for wine enthusiasts and gourmets alike. Hosted by go! Press Office and Publishing Ltd., especially known for the gourmet and travel magazine SAVOIR VIVRE, this fair is one of the most anticipated events in the German wine scene. This event is held twice a year, spanning a weekend each in spring and autumn, taking place in the historic and exceptional premises of the Great Orangery of Charlottenburg Palace in Berlin. This magnificent location is not just a piece of living history; with its elegant ambiance, it also provides the perfect backdrop for an event dedicated to pleasure. The ""SAVOIR-VIVRE"" Wine Fair gathers a multitude of exhibitors, including renowned vineyards, winegrower cooperatives, and importers. They come not only from various regions of Germany but also travel from abroad to present their latest and greatest wines. Visitors have the unique opportunity to taste a variety of wines and learn directly from the winemakers what makes their products special. Additionally, wine lovers can order their favorites on the spot, expanding their personal collections. A distinctive feature of this fair is the combination of wine tasting with cultural experiences. Visitors can not only sample exquisite wines but also have the opportunity to tour the famous Charlottenburg Palace. With its impressive architecture and artful gardens, the palace invites guests for an unforgettable weekend stroll. The palace park, an attraction in its own right, offers a wonderful opportunity to round off the wine tasting with a walk in picturesque surroundings. The ease of accessibility to the venue via public transport ensures a stress-free arrival. For those arriving by car, there are parking facilities nearby. Overall, the ""SAVOIR-VIVRE"" Wine Fair is more than just a wine tasting. It's a celebration of fine taste, a platform for exchange between wine aficionados and professionals, and a wonderful opportunity to experience the blend of culture, history, and pleasure."
JAPAN'S FOOD EXPORT FAIR,11. - 13. November 2026,Japan,Chiba,Makuhari Messe,www.jfex.jp/jpfood/en-gb.html,"The "" JAPAN'S FOOD EXPORT FAIR"" (JFEF) is an annual trade fair for importers, wholesalers and buyers of Japanese food and beverages and held at Makuhari Messe in Chiba, near Tokyo. It serves as a central hub for the export of Japanese food and beverages. The event is organized by RX Japan Ltd., a leader in the organization of international large-scale events. The fair's goal is to bridge Japanese exporters and global markets. The fair's offerings include a wide range of products: fresh agricultural produce, seafood, meat products, processed foods, and Japanese tea varieties such as green tea, Matcha, Sencha, and Genmaicha. Additionally, Japanese beverages like sake and beer, non-alcoholic options, confectioneries, snacks, health-oriented foods, sustainable and allergen-free products, as well as traditional spices and sauces are highlighted. The fair also showcases the latest trends in kitchen appliances and tableware. In addition to product presentations, the JFEF provides comprehensive services in logistics and transportation, facilitating international trade. It attracts numerous visitors, including foreign importers, traders, international trade associations, government institutions, and media representatives. Primary visitors also include buyers from retail, department stores, hotels, restaurants, and the food processing industry. A distinctive feature of the fair is its highlights, such as tastings, sushi-making workshops, and business matchmaking activities. These offerings enrich the fair with a vibrant experience that not only promotes business exchange but also provides deep cultural insights and strengthens the relationship between Japanese culture and global markets. The JFEF is part of a series of fairs and is held in one of Japan's leading exhibition halls. Its modern infrastructure and accessibility, combined with its proximity to Tokyo, provide an attractive incentive for international visitors who seek not only business opportunities but also cultural enrichment. In summary, the JAPAN'S FOOD EXPORT FAIR is an essential platform for stakeholders in the international food trade to explore the diversity and quality of Japanese products and to establish direct contacts with leading manufacturers and exporters."
JAPAN'S FOOD EXPORT FAIR,11. - 13. November 2026,Japan,Tokyo,Tokyo Big Sight,www.jpfood.jp,"The ""JAPAN'S FOOD EXPORT FAIR"" (JFEF) is an annual trade fair for importers, wholesalers and buyers of Japanese food and beverages, held at the Tokyo Big Sight in Tokyo. It has established itself as a central hub for exporting Japanese food and beverages. The event is organized by RX Japan Ltd., a leader in organizing large international events, with the aim of connecting Japanese exporters to global markets. The fair offers a wide range of products including fresh agricultural produce, seafood, meat products, processed foods, and a variety of Japanese teas such as green tea, matcha, sencha, and genmaicha. Additionally, Japanese beverages like sake and beer, non-alcoholic alternatives, confections, snacks, and health-oriented foods are presented. Sustainable and allergen-free products, as well as traditional spices and sauces, are also highlighted. The fair additionally showcases the latest trends in kitchen appliances and tableware. Besides product presentations, the JFEF provides comprehensive logistics and transportation services to facilitate international trade. It attracts a diverse group of visitors including foreign importers, traders, international trade associations, government institutions, and media representatives. The main attendees include buyers from retail, department stores, hotels, restaurants, and the food processing industry. A distinctive feature of the fair are its highlights such as tastings, sushi-making workshops, and business matchmaking activities, which not only promote business exchange but also offer deep cultural insights and strengthen the relationship between Japanese culture and global markets. The JFEF is part of a series of fairs and takes place in one of Japan's leading exhibition halls. Thanks to its modern infrastructure and convenient location in the heart of Tokyo, Tokyo Big Sight offers an attractive incentive for international visitors seeking not only business opportunities but also cultural enrichment. In summary, the JAPAN'S FOOD EXPORT FAIR at Tokyo Big Sight serves as an essential platform for stakeholders in international food trade to explore the diversity and quality of Japanese products and to establish direct contacts with leading manufacturers and exporters."
FoodExpo Kazakhstan,11. - 13. November 2026,Kazakhstan,Almaty,Atakent International Exhibition Centre,foodexpo.kz,"The FoodExpo Kazakhstan, formerly also known as Worldfood Kazakhstan, is a prominent trade fair in the Asian region, contributing since its inception in 1998 to the presentation of trends, products, and technologies in food production and marketing on an international platform. The expo, taking place annually at the Atakent International Exhibition Centre in Almaty, has established itself as an effective platform for introducing new products and networking with industry experts from the global food industry. The fair is organized by Iteca Almaty, an experienced organizer, which has shaped the FoodExpo into a crucial platform for companies from all over the world to present their products and services to a wide audience. With main themes extending across food and beverages, ingredients, food technology, baked goods, packaging, and agriculture, the expo offers a comprehensive range that spans from food to production and packaging equipment, through to agricultural topics and discussions. The AgriFood Forum is a special highlight of the FoodExpo, addressing issues such as animal husbandry, feed production, and efficient gardening. Here, professionals from various sectors have the opportunity to exchange ideas, expand networks, and discuss current challenges and innovations in the industry. In addition to the forum, the FoodExpo also hosts the competition and award ""The Best Product of FoodExpo Qazaqstan,"" which serves as a prestigious event within the fair and honors innovative products. Exhibitors from various industries such as food production, retail and wholesale, catering, and packaging present their products and services at the fair. Visitors, primarily from manufacturing, trade, catering, and distribution sectors, can discover a variety of products and technologies, which include food, beverages, equipment, additives, packaging, transport solutions, and numerous other subject areas. The fair not only strengthens the relationship between national and international players in the food industry but also offers an excellent opportunity to showcase the diversity and quality of the Kazakh food sector. Almaty, being one of the largest cities in Kazakhstan and a significant economic center, provides an optimally accessible location for national and international guests with the Atakent International Exhibition Centre. This exhibition center is not only a hub for international business activities but also symbolizes Kazakhstan's openness towards global markets and trends. It is easily accessible by both public transport and car and offers comprehensive facilities and services for exhibitors and visitors alike. Thus, the FoodExpo Kazakhstan forms a comprehensive, culturally, and economically significant event, promoting the exchange and presentation of innovations in the food industry and acting as a bridge between local and international market participants."
JFEX JAPAN INT’L FOOD & BEVERAGE EXPO,11. - 13. November 2026,Japan,Tokyo,Tokyo Big Sight,www.jfex.jp/hub/en-gb.html,"The ""JFEX Summer JAPAN INT'L FOOD & BEVERAGE EXPO"", an international fair in Tokyo, is dedicated to showcasing food and beverages from around the world. ""JFEX"", short for ""Japan Food Expo"", reflects the event's focus on the food industry. This trade fair takes place twice a year at Tokyo Big Sight, one of Japan's leading exhibition centers. It is organized by RX Japan Ltd., a company known for its extensive experience and expertise in organizing international exhibitions. JFEX is divided into four main areas: JFEX FOOD, focusing on frozen foods, ready-to-eat meals, agricultural and seafood products, confectionery, and spices; JFEX WINE and SPIRITS, presenting alcoholic beverages such as wine, beer, whisky, liqueurs, sake, and shochu; JFEX MEAT and DAIRY, specializing in meat and dairy products; and JFEX PREMIUM, showcasing luxury food items, confectionery, agricultural products, and both alcoholic and non-alcoholic beverages. The fair offers an excellent platform for exploring the diversity and innovations of the global food and beverage industry, particularly from Japan. It provides insights into current trends and serves as a meeting point for business contacts and networking. Exhibitors range from food and beverage manufacturers to agricultural companies and providers of packaging and processing technologies. The main visitors include professionals from the food industry, retailers and wholesalers, importers, exporters, and restaurateurs. JFEX is not only a central meeting point for professionals but also reflects the local culture and gastronomy. Tokyo, the venue, is known for its culinary diversity and its role as a trade and industrial center. As part of a global series of fairs representing the food and beverage industry, JFEX plays a significant role in the sector. Tokyo Big Sight in Tokyo stands out for its strategically advantageous location and excellent accessibility. It is an ideal place for international exhibitions and boasts an excellent infrastructure that is easily accessible by both public transport and car, facilitating participation for international visitors and exhibitors."
Aux Vignobles!,13. - 15. November 2026,France,Le Mans,Centre des Expositions,www.auxvignobles.fr,"Once a year, ""Aux Vignobles!"" invites visitors on a delightful journey through the rich wine and culinary traditions of France. This combined trade and public fair, with a clear focus on wine, gastronomy, and terroir, takes place at the Centre des Expositions in Le Mans. The name – roughly translated as “To the Vineyards!” – symbolizes the experience that awaits: direct encounters with winemakers, authentic regional products, and a deep dive into French culture of taste and craftsmanship. Organized by GL Events Exhibitions Opérations, based in Brest, the event is part of a series of similar fairs curated across northwestern France by this experienced exhibition organizer. Le Mans – widely known for its motorsport heritage – also benefits from its proximity to renowned wine regions such as the Loire Valley. Each autumn, it becomes a unique gathering place where local residents, wine enthusiasts, tourists, and professionals from the hospitality, gastronomy, and retail sectors come together to discover, taste, and purchase regional quality products directly from the producers. At the heart of the fair is French wine in all its diversity: from classic appellations and rare grape varieties to sustainable viticulture, current trends in oenology, and offers from the wine tourism sector. Many exhibitors also present travel experiences linked to their wineries – ranging from on-site tastings to overnight stays among the vines. A standout feature of the fair is the ""Parcours BIO"" – a dedicated route through the exhibition hall spotlighting organic wines and sustainably certified products, including those carrying the HVE (Haute Valeur Environnementale) environmental label. This focus underlines the event’s strong commitment to transparency, sustainability, and regional identity. The exhibition is further enriched by free tasting workshops, where experts share their knowledge of aromas, growing regions, and terroirs, allowing visitors to deepen their understanding of wine. In addition to wine, Aux Vignobles! features a curated selection of fine delicacies – including cheese, cured meats, chocolate, honey, tea, and more. Most exhibitors come from the fields of viticulture, agriculture, gourmet food production, and tourism. More than just a sales exhibition, ""Aux Vignobles!"" serves as a vibrant showcase of French culinary culture – a space for direct exchange between producers and the public, and a stage for quality, authenticity, and emotion. The venue – the modern Centre des Expositions Le Mans – is located just a few kilometers from the city center and is easily accessible by car or public transport. Thanks to its strong connection to the French rail network, the fair is also convenient for regional and national visitors. Anyone wishing to experience French wine culture in all its richness will find at ""Aux Vignobles!"" in Le Mans a unique and valuable opportunity to taste the best of France’s regions – where people and pleasure come together."
WeinMünchen (Winter),14. - 15. November 2026,Germany,Munich,Praterinsel,www.webermesse.de/messe/wein-muenchen-winter,"WeinMünchen (Winter) is a characterful and pleasure-oriented wine fair held every November on Munich’s historic Praterinsel. In addition to the winter edition, further events take place in the Bavarian capital during spring and autumn, establishing the fair as a firm fixture in both the regional and national wine scene. What sets WeinMünchen (Winter) apart is its clear thematic focus and welcoming, personal atmosphere. Each year, the Praterinsel transforms into a meeting point for wine lovers, industry professionals and connoisseurs eager to explore new vintages and current releases. Special attention is given to Pinot Noir, whose depth of flavor makes it an ideal match for the start of the roast season. Alongside premium German wines from renowned regions such as the Mosel, Ahr, Rheingau and Baden, the fair also offers a diverse international selection, including wines from Italy, Spain, France, Austria, South Africa, Chile and Australia. Visitors can taste wines on-site and purchase or order them directly from winemakers, family-run estates, cooperatives or established importers. Personal interaction is central to the experience: many exhibitors are present in person, ready to answer questions and share insights into their work and philosophy. An engaging supporting program enhances the overall fair experience. In guided tastings and presentations, producers share their in-depth knowledge, explain vintage variations, and demonstrate how terroir, winemaking methods and grape varieties shape a wine’s character. The fair attracts a diverse audience: private customers, wine retailers, restaurateurs, sommeliers and wine enthusiasts of all experience levels come together to discover new trends, make valuable connections and find fresh inspiration. The event is designed for both professional buyers and curious wine lovers in search of something special. As part of a nationwide series of wine events, WeinMünchen (Winter) stands out for its seasonal focus, personal charm and high-quality exhibitor lineup. Its location on the Praterinsel offers a unique venue in the heart of Munich – centrally situated, easily accessible by public transport, and blending the flair of an exclusive wine event with the spirit of urban culture."
Bellavita,18. - 19. November 2026,United Kingdom of Great Britain and Northern Ireland,London,ExCeL London,www.bellavita.com/en/expo/london,"Bellavita Expo London is the leading trade show in the United Kingdom dedicated entirely to high-quality Italian food and beverage culture. Once a year, the prestigious ExCeL London opens its doors to this key industry event, organized by Bellavita Expo Ltd. – a company committed to promoting Italian culinary excellence on a global scale. Exclusively aimed at trade professionals, the expo brings together decision-makers from the hospitality, retail, and wholesale sectors with carefully selected Italian producers and exporters. The focus lies on authentic “Made in Italy” products, complemented by Mediterranean specialties from countries such as Spain, Greece, and Croatia. The product range includes fine wines and spirits, traditional cheeses and cured meats, fresh seafood, artisanal pasta, innovative convenience foods, premium ingredients for the foodservice sector, and cutting-edge kitchen technology. More than just a product showcase, Bellavita Expo also serves as a dynamic platform for knowledge exchange, networking, and trend discovery. Through masterclasses, expert-led seminars, and panel discussions, attendees gain insights into the latest developments in the food and hospitality industries. Live tastings, product competitions, and award ceremonies create interactive experiences and give companies the opportunity to demonstrate their innovation and quality. Classic Italian dishes such as pizza and pasta take center stage, alongside modern culinary concepts and technologies. As part of a global event series, Bellavita Expo is held annually in other major cities. This international reach highlights its role as a strategic platform for producers looking to enter new markets – particularly in the dynamic and highly competitive UK market. The venue, ExCeL London, is a state-of-the-art exhibition centre located in the heart of the British capital, with excellent public transport links via the DLR and Elizabeth Line, and close proximity to London City Airport. As a vibrant global city, London offers the perfect setting to present the diversity and quality of Italian and Mediterranean food culture to a discerning professional audience from across the UK and beyond. Bellavita Expo London is therefore more than just a trade fair – it is an immersive experience that brings together taste, innovation, and business opportunities in a truly unique way."
Salon Du Chocolat,19. - 22. November 2026,Canada,Toronto,Toronto Congress Center,torontosalonduchocolat.com,"Salon du Chocolat in Toronto is Canada’s leading exhibition dedicated to chocolate, cocoa, pâtisserie and confectionery. Bringing together indulgence, craftsmanship, innovation and international industry expertise under one roof, it offers far more than a traditional chocolate show. As part of the globally renowned Salon du Chocolat series, the event serves as an international platform for the entire cocoa and chocolate value chain, from cocoa-growing regions and bean production to the latest creations of leading chocolatiers, pastry chefs and dessert specialists. The event takes place at the Toronto Congress Centre, one of Canada’s largest and most modern exhibition and convention venues. It is organised by Comexposium, a France-based organiser and one of the world’s leading exhibition groups. Comexposium delivers numerous international trade and consumer events across a wide range of industries and is particularly recognised for its high-quality B2B and consumer exhibitions. At the heart of Salon du Chocolat Toronto are premium chocolates, high-quality cocoa products, bean-to-bar concepts, artisanal production methods, and the increasingly important topics of cocoa origin and sustainability. More than 120 exhibitors showcase chocolate specialities, pralines, cocoa products, desserts, baked goods, ice cream and confectionery creations, as well as innovative ingredients and technologies for the chocolate and pastry sectors. The exhibition is further complemented by services relating to production, packaging, distribution, foodservice, training and business consultancy. The event plays an important role within Canada and particularly within the Greater Toronto area. As the country’s largest city and a major international business and cultural hub, Toronto provides an ideal setting for dialogue between North American and global market participants. The exhibition brings together producers from leading cocoa-growing countries with Canadian and international chocolate manufacturers, distributors, buyers and retailers, helping to strengthen global industry connections. One of the event’s best-known attractions is the spectacular Chocolate Fashion Show, the signature feature of the Salon du Chocolat brand. Designers and chocolatiers collaborate to create extraordinary fashion pieces made wholly or partly from chocolate. The programme also includes tastings, live demonstrations by renowned pastry chefs and chocolatiers, interactive workshops, expert presentations and immersive experiences exploring cocoa and chocolate production. Visitors also gain exclusive insights into the latest trends shaping the international worlds of desserts and chocolate artistry. Exhibitors primarily represent the chocolate manufacturing, cocoa production, pâtisserie, confectionery, bakery, confectionery manufacturing, hospitality, food processing, packaging technology and retail sectors. Participants range from global brands and specialist artisan producers to bean-to-bar makers, suppliers and innovative start-ups. The visitor profile is equally diverse. Alongside chocolate enthusiasts and consumers, the exhibition attracts professionals from pâtisserie, confectionery, hospitality, hotel management, retail, import and export, food manufacturing, wholesale distribution, procurement and product development. This successful combination of consumer appeal and professional networking makes the event both a public exhibition and a valuable industry platform. Salon du Chocolat Toronto forms part of an international exhibition series staged in major cities around the world. In addition to Toronto, editions are held in destinations including Paris, New York, London, Brussels, Dubai and Tokyo. As a result, the event benefits from the strength of a globally recognised brand and an extensive network within the international chocolate and cocoa industry. With its unique blend of indulgence, expertise, innovation and entertainment, Salon du Chocolat Toronto ranks among the most important events in the North American chocolate and pastry sectors. The Toronto Congress Centre provides an outstanding venue, offering modern infrastructure, expansive exhibition space and a convenient location close to Toronto Pearson International Airport. Excellent road links, public transport connections and international air access ensure that the venue is easily accessible for both domestic and international visitors."
Food und Feines,19. - 22. November 2026,Germany,Stuttgart,Messe Stuttgart,www.messe-stuttgart.de/food-feines,"Since its inception in 2024, the “ Food und Feines ” trade fair has stood for culinary discovery and a refined culture of enjoyment – authentic, regionally rooted, and globally open-minded. Each year, Messe Stuttgart welcomes a discerning audience passionate about new taste experiences, creative cuisine, and sustainable nutrition. Organized by Landesmesse Stuttgart GmbH, the event offers a carefully curated platform for producers, culinary professionals, and conscious consumers alike, shaped by a strong sense for quality and innovation. The Food und Feines presents itself as a showcase of culinary diversity. While the spotlight is on regional specialties from Baden-Württemberg – including beloved classics like Maultaschen, cheese, and artisan sausages – the fair also opens the door to international delicacies. Visitors can explore the culinary riches of the Levant, the Mediterranean, Asia, and South America, bringing global food traditions to life. Complementing this selection are fine coffee and confectionery specialties rarely found outside gourmet roasteries or international markets – from frozen yogurt to premium chocolate from Dubai. Beverages are given equal attention. A thoughtfully selected range of wines, beers, spirits, and non-alcoholic creations invites exploration. The focus is on craft and authenticity, with offerings such as small-batch beers, naturally brewed lemonades, regional brandies, and international whiskies. A stylishly designed area is dedicated to tobacco and cigar culture, featuring curated accessories and expert advice. The overall experience is further enhanced by high-quality lifestyle products for the modern home, including elegant tableware, kitchen tools, and culinary literature that inspire stylish enjoyment at home. The fair places a strong emphasis on sustainability, slow food, and mindful consumption. Expert panels and discussion formats highlight pressing topics such as regional value creation, fair production, and resource-conscious nutrition. A particular highlight are the live cooking shows with renowned chefs who share insights into global food trends – from Asian street food and African spice culture to traditional bread baking and BBQ. These sessions offer not only culinary inspiration, but also fresh perspectives on food and enjoyment. Exhibitors represent sectors such as artisanal food production, gastronomy, beverage manufacturing, fine food retail, kitchen equipment, and lifestyle. The event is tailored to gourmets, food lovers, industry professionals from retail, hospitality, and gastronomy, as well as trend-conscious home cooks. In this way, “Food und Feines” builds a unique bridge between craftsmanship, culinary culture, and responsible food practices – true to the spirit of the Stuttgart region, known for its rich and forward-thinking culinary landscape. Modern Messe Stuttgart, located directly at the airport and perfectly connected to the transport network, provides the ideal setting. Bright, spacious halls, well-designed lounge areas, and short walking distances ensure a pleasant visitor experience. For those who value enjoyment grounded in quality, diversity, and integrity, “Food und Feines” is a true culinary highlight in the southern German trade fair calendar."
Aux Vignobles!,20. - 22. November 2026,France,Limoges,Parc des expositions de Limoges,www.auxvignobles.fr,"Aux Vignobles! in Limoges is far more than a traditional wine fair. It is an invitation to gourmets, food lovers, industry professionals, and wine enthusiasts to discover the rich culinary heritage of France in all its diversity. This long-standing event takes place every autumn at the Parc des Expositions de Limoges and is part of an established series of exhibitions held in several cities across northwestern France. The organizer, GL Events Exhibitions Opérations, based in Brest, is a seasoned player in the French trade fair industry, renowned for regionally rooted, quality-focused event formats. The name Aux Vignobles! captures the essence of the event: wine and spirits take center stage—premium products, often organically produced, that embody France’s savoir-faire when it comes to indulgence and taste. Yet, the fair goes far beyond the presentation of fine wines. It celebrates artisanal craftsmanship, regional gastronomy, and the direct connection between producers and visitors. Whether it’s chocolate, cheese, cured meats, tea, or wines with protected designation of origin, the offerings are not only wide-ranging but also highly specialized. Many products are certified organic or carry the HVE (Haute Valeur Environnementale) label, indicating environmentally sustainable production. A particular highlight is the dedicated organic producers’ trail, offering visitors clear guidance and an in-depth experience of sustainable gourmet culture. The event is further enriched by the growing segment of wine tourism: wineries that double as tourist destinations showcase their experiences—from wine seminars and tastings to overnight stays at vineyard estates. The fair serves as a platform not only for regional producers in agriculture, artisanal food production, and beverages, but also specifically targets trade visitors from retail, gastronomy, and tourism. At the same time, private visitors benefit from direct sales, expert advice, exclusive discoveries, and fair prices—making for an experience that is both informative and pleasurable. Aux Vignobles! is therefore more than just a trade fair—it is a sensory journey through the French terroir, and a strong statement in favor of quality, regional identity, and personal connection between producers and consumers in an increasingly standardized world. The venue, the modern Parc des Expositions in Limoges, offers excellent transport links. Whether arriving by car, train, or public transit, the centrally located site in the charming city of Limoges—nestled in the heart of France—makes for an easy journey and invites visitors to enjoy a cultural and culinary stay in a region famed for its craftsmanship and distinctive way of life."
Aux Vignobles!,20. - 22. November 2026,France,Angers,Parc des Expositions,www.auxvignobles.fr,"Aux Vignobles! in Angers is much more than a traditional consumer fair – it’s a sensory experience for wine lovers, food enthusiasts, and anyone looking to enjoy French hospitality in its most authentic form. The name of the event – which translates to “To the Vineyards!” – says it all: visitors are invited on a flavorful journey through the diverse wine regions of France – without ever having to leave Angers. Held annually and organized by GL Events Exhibitions Opérations, based in Brest, the fair brings together winemakers, producers, and artisanal food specialists from across the French culinary landscape. Every autumn, it transforms the Parc des Expositions in Angers into a vibrant hub of culinary discovery. A visit to Aux Vignobles! is especially rewarding for those in search of authenticity. Products can be purchased directly from the producers – with personal advice, expert knowledge, and the chance to experience the quality and flavor firsthand. Regional diversity takes center stage, with numerous appellations from across France – from Bordeaux to Alsace, from the Loire to the Rhône Valley – showcasing what makes the French terroir so exceptional. Within just a few hours, visitors can embark on a genuine culinary journey through the country. A standout feature is the organic trail ( Bio-Parcours ), which highlights producers committed to ecological and sustainable farming and production methods. Certifications such as HVE (Haute Valeur Environnementale) clearly indicate which producers follow particularly eco-conscious practices. This focus on sustainability is seamlessly integrated into a holistic wine experience: tastings, samplings, and guided tours offer deeper insights into the art of oenology. But it’s not just about fine wines – the culinary offerings are rounded out with gourmet specialties such as cheese, charcuterie, chocolate, and artisan-crafted delicacies. Exhibitors represent a wide range of sectors including food production, viticulture, and gastronomy. The audience includes both trade professionals – from retail, hospitality, and food service – and private visitors with a passion for good taste. Aux Vignobles! is part of a series of events held in several cities across northwestern France. In Angers, the fair opens its doors once a year in the autumn – the perfect time to explore new vintages and prepare for the culinary delights of the colder season. Thanks to its convenient location and modern infrastructure, the Parc des Expositions in Angers is easily accessible – whether by car via the A11 or by public transport from Angers-Saint-Laud railway station. The city of Angers itself, located in the heart of the Loire Valley, is a historic center of culture and wine – offering the ideal backdrop for a fair that uniquely blends wine, gastronomy, and the French art de vivre ."
SAVIM,20. - 23. November 2026,France,Marseille,Parc Chanot,www.salons-savim.fr,"Since its founding in 1989, SAVIM – short for Salon des Vins et de la Gastronomie Méditerranéenne – has established itself as one of the most important fine food and gourmet fairs in southern France. Held twice a year, the event transforms the Parc Chanot exhibition center in Marseille into a culinary meeting point for food lovers, professionals, and producers. Organized by SAVIM EXPO SARL, the fair offers a distinctive setting for exchange and discovery, shaped by a strong focus on quality, authenticity, and regional diversity. SAVIM is more than a traditional consumer fair – it is an immersive journey through the culinary landscapes of France. Only carefully selected winegrowers from prestigious regions such as Bordeaux, Bourgogne, Champagne, and Provence are featured. Their offerings are complemented by premium spirits, craft beers, and refined non-alcoholic beverages. The spotlight is consistently on terroir and artisanal production, which give each product its unique character. The fine food selection is equally impressive in both variety and quality. From aged cheeses, air-dried charcuterie, and aromatic truffles to cold-pressed oils, exquisite spices, and handcrafted chocolates and confections – the fair offers a sensory experience that delights on every level. Organic and biodynamic products also play a central role: with over 100 certified exhibitors, SAVIM is recognized as the largest organic fair in southern France, demonstrating a strong commitment to sustainability. Many of the producers also carry the HVE (Haute Valeur Environnementale) environmental certification. Special tasting areas, each curated around a specific theme – such as oysters, Corsican meats, or regional cheeses – invite visitors to explore the richness of French culinary culture. This experience is further enriched by daily wine seminars led by Maîtres-Sommeliers, who share expert knowledge, practical advice, and personal stories in an intimate setting. SAVIM attracts a diverse audience. Industry professionals – including delicatessen retailers, restaurateurs, hoteliers, sommeliers, and wine critics – value the fair as a key networking event. At the same time, private visitors are given a unique opportunity to experience authentic French gastronomy in all its variety. The event also highlights Marseille’s role as a cultural hub of southern France, with direct access to some of the country’s finest regional products. A standout feature of the fair is its vibrant and inviting atmosphere. Spacious seating areas and dedicated dining zones recreate the ambiance of a traditional marketplace, encouraging guests to linger, explore, and enjoy. Thanks to its central location and excellent public transport connections, the fair is easily accessible by both car and public transit – the perfect setting to immerse oneself in the world of fine food and be inspired by the French art de vivre ."
Vinessio Wine Fair,20. - 21. November 2026,Germany,Fürstenfeldbruck,Veranstaltungsforum Fürstenfeld,weinmesse-fuerstenfeldbruck.de,"The Vinessio Wine Fair Fürstenfeldbruck is an annual trade and consumer event tailored for wine lovers, connoisseurs, and industry professionals. It focuses on premium wines, fine spirits, and select gourmet products. Since its founding in 2022, the name “Vinessio” has come to symbolize the fusion of wine culture, expert exchange, and the joy of tasting. The venue for the fair is the Veranstaltungsforum Fürstenfeld – a modern, conveniently located event space that combines historical charm with ample parking facilities. Every November, Vinessio opens its doors and invites visitors on a delightful journey through the world of wine. The event is organized by Assessio GmbH, an experienced company specializing in trade fairs and events. In addition to Fürstenfeldbruck, the Vinessio series is also held in Munich and Fürth. The concept is regionally rooted, thoughtfully designed, and places a strong emphasis on quality, dialogue, and enjoyment. At the heart of the fair is the opportunity to taste, compare, and purchase a wide selection of wines – including white, red, and sparkling – directly from the producers. The range is complemented by premium spirits, fine brandies, and high-quality delicacies such as cheese, cured meats, oils, and vinegars. A particular focus is placed on sustainable and biodynamically produced wines, reflecting the fair’s commitment to forward-thinking wine enjoyment. Exhibitors come from the fields of winemaking, distillation, gourmet food production, and the trade of wine accessories and fine foods. While the event welcomes private visitors looking to discover new favorites, it also specifically targets professionals from the hospitality and catering industries seeking new suppliers and product inspiration. The direct access to tastings and personal interaction creates a valuable environment for both producers and attendees. Beyond that, Vinessio promotes awareness of both regional and international wine culture and contributes to the positive image of Fürstenfeldbruck as an attractive destination for wine enthusiasts. Local winemakers and gourmet producers are given a platform to present themselves to a broad, knowledgeable audience and to gain meaningful feedback. The Veranstaltungsforum Fürstenfeld offers the ideal setting for the fair – centrally located, easily accessible by car or public transport, and set in a stylish atmosphere that perfectly blends enjoyment, culture, and connection. Anyone passionate about wine, fine food, and culinary discovery should not miss the Vinessio Wine Fair Fürstenfeldbruck."
FOOD & LIFE,25. - 29. November 2026,Germany,Munich,Messe München,www.food-life.de,"The FOOD & LIFE event in Munich is a prestigious consumer and sales fair dedicated entirely to the themes of food, drink, and enjoyment. Established in 2004, the fair has been organized by GHM Gesellschaft für Handwerksmessen mbH and, since the spring of 2023, takes place twice a year. It has established itself as Germany's largest meeting point for culinary excellence, attracting visitors interested in high-quality, artisanal delicacies. The fair offers an impressive variety of products and services. Ranging from small manufacturers with regional specialties to producers of sustainable organic products, the selection is diverse. It includes spreads, baked and confectionery goods, fine and health foods, fish, meat and sausages, beverages and spirits, spices, herbs, vinegar, oil, coffee, tea, dairy products, eggs, fruits, and vegetables. This culinary abundance makes the fair a paradise for gourmets and lovers of good taste. A distinctive feature of FOOD & LIFE is the presentation by passionate distillers, brewers, coffee roasters, chocolatiers, and butchers, who showcase their products and their production processes. Celebrity chefs demonstrate their skills on live stages, making the fair an interactive and educational experience. The venue, Messe München, provides an ideal platform for this event. With its modern infrastructure and accessibility, it is a suitable setting for showcasing the diverse culinary world."
Mer & Vigne,27. - 30. November 2026,France,Tours,Parc des Expositions de Tours,www.mer-et-vigne.fr/nos-salons,"The ""Mer & Vigne"" fair, which first opened its doors in 1996, vividly represents the French art de vivre and the pinnacle of culinary craftsmanship. The name of the fair is derived from the French words ""Mer"" for sea and ""Vigne"" for vine, indicating the event's focal themes: maritime gastronomy and viticulture. It is hosted in the striking Parc des Expositions in Tours, a city renowned for its culinary delights and as a gateway to the famous Loire Valley, celebrated far beyond its boundaries. Mer & Vigne takes place annually and attracts numerous visitors, especially in the autumn months when the harvest reaches its peak of freshness and quality. It is organized by Mer & Vigne SARL, a company renowned for hosting first-class culinary events. The main themes of the fair encompass seafood and agriculture, supplemented by the diverse sector of wine production. The range of products and services offered extends from fresh seafood and handcrafted regional delicacies to exquisite wines from various regions of France. This selection is complemented by specialities from other European countries, making Mer & Vigne an internationally esteemed meeting point for gourmets and connoisseurs. The significance of the fair to the city of Tours and the surrounding region cannot be overstated. It promotes local producers and spotlights the outstanding quality of the regional French cuisine. Highlights of the event include competitions and award ceremonies that honor the creativity and quality of the exhibitors. The exhibitor spectrum covers fisheries, agriculture, viticulture, and the food craft industry. The primary visitors are professionals from these sectors as well as aficionados of refined French cuisine. Mer & Vigne is part of a series of fairs held nationwide across France. Each individual event is characterized by its local flavor while simultaneously attracting a national audience. The Parc des Expositions de Tours impresses not only with its aesthetic ambiance but also with its excellent transport connections. This accessibility makes it easy for visitors from all over France and abroad to attend the fair. Thus, the Mer & Vigne fair is an indispensable event for all those who wish to experience the diversity and excellence of French gastronomy up close – a celebration for both the mind and the palate."
Aux Vignobles!,27. - 29. November 2026,France,Nantes,Parc des Expositions de la Beaujoire,www.auxvignobles.fr,"The trade fair Aux Vignobles! , whose name evokes a symbolic invitation to the vineyards of France, is much more than a traditional wine exhibition. It serves as a vibrant showcase of French lifestyle and regional diversity – a platform that brings together wine and gastronomy, craftsmanship and passion, tradition and innovation in a uniquely enjoyable way. Each autumn, it opens its doors at the Parc des Expositions de la Beaujoire in Nantes – a modern exhibition center with excellent transport connections and optimal conditions for both exhibitors and visitors. Organized by GL Events Exhibitions Opérations , based in Brest, Aux Vignobles! is part of a series of regional trade and public events held throughout northwestern France. Its aim is to foster a close connection between producers and consumers. The name speaks for itself: the fair invites attendees to explore the full richness of France’s wine-producing regions and engage directly with the people who, with expertise and dedication, create wine and culinary specialties. The event’s thematic focus is clear, relevant, and practical: it centers on wine, gastronomy, organic farming, and wine tourism. Visitors are taken on a sensory journey through both renowned and lesser-known wine regions of France – with the opportunity not only to sample fine wines but also to purchase them directly from the winemakers. The offering is further enhanced by a curated selection of gourmet delicacies – from artisanal cheeses, chocolates, and cured meats to teas, spices, and other specialties of French cuisine. Special emphasis is placed on organically produced goods, highlighted through a dedicated themed trail called the ""Parcours BIO"". This guided route offers orientation for those specifically interested in sustainably and responsibly produced foods. Another forward-looking focus is the topic of environmental and quality certifications – particularly the “HVE – Haute Valeur Environnementale” label, awarded to farms that meet high environmental standards. This certification reflects the growing importance of sustainable agriculture and resource-conscious production – issues that are increasingly relevant not only for industry professionals but also for the wider public. Wine tourism also plays a key role at the fair: exhibitors present experiences, travel options, and immersive activities related to wine production – from visits to historic wineries to culinary routes through France’s gourmet regions. Exhibitors primarily come from the fields of viticulture, fine foods, agricultural production, and tourism. The audience includes both professionals – such as sommeliers, restaurateurs, and retailers – as well as private visitors with a passion for quality products, expert advice, and fair pricing. Aux Vignobles! creates a space for exchange, tasting, and direct purchasing – without intermediaries, directly from producer to connoisseur. With its clear positioning as a discovery fair for premium regional products, Aux Vignobles! sets itself apart from standardized food or tourism events. It offers a unique platform for conscious enjoyment, sustainable consumption, and authentic encounters – an experience that makes France’s deeply rooted wine and culinary culture truly tangible. The Parc des Expositions de la Beaujoire in Nantes – a city known for culture, innovation, and quality of life – provides the ideal setting for the event. Easily accessible by public transport or car, the venue ensures a pleasant and seamless experience for all attendees. For anyone wishing to experience the culinary soul of France in concentrated form, a visit to this autumn fair is a must on the seasonal event calendar."
Advent market,29. November 2026,Germany,Wirsberg,Marktplatz,www.wirsberg.de,"The Wirsberg Advent Market, an event full of romance and tradition, takes place every year on the first Sunday of Advent. The market stalls are set up around the market square and the town hall square. The market is organized by the municipal administration, which creates an unforgettable experience each year with its expertise and competence. A highlight of the market is the medieval association, which sets up its camp at the town hall square. Visitors can watch the blacksmith at work and purchase hand-forged artworks. A diverse stage program provides musical and festive entertainment, ranging from Christ Child and little angels to music performances and a visit from Saint Nicholas. The culinary variety is impressive: from different variations of mulled wine and children's punch to Jagertee, mulled gin, and non-alcoholic beverages, there is something for every taste. Culinary delicacies like bratwurst, steaks, Angus burgers, baked Leberkäse, Viennese sausages, goulash from the goulash cannon, grilled cheese sausages, soups, fish sandwiches, smoked goods, homemade waffles, roasted almonds, and much more satisfy hunger and offer a true feast for the senses. Wirsberg itself, historically significant, also offers interesting sights beyond the market. Attractions such as the ruins of the Heilings Church near Neufang: The ruin is the freestanding front wall of the former pilgrimage church from the 15th century and offers an insight into medieval architecture and history. Or the protected market square ensemble: This includes a historic half-timbered town hall and the Wappenrose fountain. The market square itself is a place steeped in history, reflecting the local architecture and culture. The picturesque surroundings also invite exploration tours, perfectly complementing a visit to the Advent Market. In conclusion, this market is not only a place for shopping and entertainment but also a meeting point where community and Christmas joy are celebrated. It is a must-visit for anyone wanting to experience the special atmosphere of a traditional German Christmas market."
Aux Vignobles!,04. - 06. December 2026,France,Cherbourg-Octeville,La Cité de la Mer,www.auxvignobles.fr/cherbourg,"The “Aux Vignobles!” in Cherbourg-Octeville is far more than a traditional wine fair – it is a sensory experience that unites wine, gastronomy, and sustainable food culture at the highest level. Held once a year in the maritime setting of La Cité de la Mer in Cherbourg-Octeville, this exceptional venue in northwestern France is a destination in its own right. The event is organized by GL Events Exhibitions Opérations, a renowned organizer known throughout France for hosting high-quality trade and public exhibitions. As part of a touring exhibition series held in various cities across northwestern France, Aux Vignobles! appeals to a discerning audience with a passion for taste – from curious private visitors and specialty retailers to restaurateurs and sommeliers. The unique charm lies in its blend of authentic products, personal encounters, and a strong focus on quality and origin. At the heart of the event are wines of all styles – from classified AOC wines to organically produced vintages and handcrafted rarities from small, independent wineries. The wine selection is complemented by a carefully curated assortment of fine foods: cheese, cured meats, chocolate, honey, tea, and other delicacies made from regional or certified organic ingredients create a culinary experience that engages all the senses. A particular highlight is the opportunity to buy directly from producers. Visitors can engage in conversation, learn about cultivation and production methods, and purchase products at fair producer prices. Sustainability is a central theme – many exhibitors are certified organic or hold the French HVE label ( Haute Valeur Environnementale ), which recognizes environmentally friendly agricultural practices. Wine tourism is also given its own dedicated area. Guests can explore offers for vineyard visits, tasting experiences, and tours across France’s renowned wine regions – further underscoring the exhibition’s close connection to the French terroir culture, which conveys not just products, but a way of life. Aux Vignobles! brings together producers from the wine and fine food sectors, direct marketers, and tourism professionals with a quality-conscious audience that values authenticity, excellence, and transparency. It is an invitation to discover the diversity and depth of French savoir-vivre – firsthand, with pleasure, and in direct exchange with the people behind the products. The venue, La Cité de la Mer in Cherbourg – an impressive maritime museum with a spacious event complex – provides the perfect backdrop. Thanks to excellent transport connections by train, car, or ferry, the fair is easily accessible to local visitors as well as guests from across France and abroad. A visit to Cherbourg during the exhibition offers a unique opportunity to experience the maritime charm of Normandy combined with the rich flavors of French culinary culture."
Salon du Chocolat,07. - 09. December 2026,Saudi Arabia,Riyadh,RFECC Riyadh Front Exhibition & Conference Center,www.salonduchocolat-ksa.com,"The Salon du Chocolat et de la Pâtisserie Riyadh is far more than a traditional trade fair – it is an annual, highly specialized industry event dedicated entirely to the world of chocolate, fine pâtisserie, and culinary innovation. As part of a renowned international event series that connects major cities across the globe, it offers an exclusive platform for exchange, inspiration, and business development – right in the heart of Saudi Arabia. The venue is the state-of-the-art Riyadh Front Exhibition & Conference Center (RFECC) , which transforms during the event into a vibrant hub of gourmet culture and artisanal creativity. The event is organized by the experienced agency Event International SA , whose mission is to showcase the diversity of the chocolate and pâtisserie world – highlighting both global excellence and regional distinction. At its core, the Salon focuses on chocolate and pâtisserie. It is primarily aimed at B2B professionals – including manufacturers, distributors, chocolatiers, pastry chefs, restaurateurs, and retailers – while also attracting emerging start-ups, artisanal producers, and providers of technological solutions. Beyond presenting high-quality products and cutting-edge technologies, the event also fosters dialogue on market developments, sustainability, and future trends. A defining feature of the Salon du Chocolat et de la Pâtisserie Riyadh is its unique blend of craftsmanship, experience, and knowledge sharing. Live demonstrations by renowned pâtissiers, exclusive masterclasses, expert panels, and competitions turn the event into an immersive experience. A highlight that garners international attention is the Défilé en Chocolat – a fashion show featuring garments made entirely of chocolate. The program is further enriched by formats such as the Pastry Show, tastings at the Cacao Bar, and educational offerings like Choco-Genèse, which explore topics such as cocoa origin, sustainability, and fair production – extending the conversation well beyond the culinary domain. For Saudi Arabia, the Salon holds particular significance: it promotes international dialogue around gourmet culture while integrating local expertise. At the same time, it reinforces Riyadh’s role as an innovative trade fair destination in a rapidly growing fine food and luxury goods market in the Middle East. Exhibitors represent a wide range of sectors – from chocolate manufacturing, pâtisserie, food technology, and mechanical engineering to gastronomy, packaging, retail, and lifestyle. They use the Salon to showcase new products, services, and technological innovations. The audience is just as diverse – spanning industry professionals and decision-makers to food enthusiasts, families, and curious visitors, all seeking inspiration and a unique sensory experience. The Salon du Chocolat et de la Pâtisserie Riyadh stands for creative excellence, economic relevance, and immersive indulgence. As part of a global network of events under the same name, it contributes to the international visibility of the industry. The Riyadh Front Exhibition & Conference Center provides the ideal setting: modern, easily accessible, and well connected – a fitting venue where gourmet culture, innovation, and global industry trends come together."
Mer & Vigne,11. - 13. December 2026,France,Le Port-Marly,Les Pyramides,www.mer-et-vigne.fr/nos-salons,"Mer & Vigne Le Port-Marly is far more than a traditional consumer fair. It invites visitors to experience the essence of French lifestyle at its most delightful. The name – derived from the French words Mer (sea) and Vigne (vine) – represents an event devoted with exceptional care and quality to maritime gastronomy and viticulture. The venue for this exclusive culinary experience is Les Pyramides, a stylish events center in Le Port-Marly, picturesquely situated between Paris and Versailles. Its elegant setting and excellent accessibility make it a perfect meeting place for food lovers. Each autumn, at the peak of the culinary season, the fair opens its doors to connoisseurs, professionals, and curious visitors eager to explore the rich diversity of French and European gourmet products. It is organized by the experienced company Mer & Vigne SARL, renowned throughout France for hosting high-quality gastronomic exhibitions. At the heart of the event are products from the sea, agriculture, and wine production – carefully curated by exhibitors from the fishing industry, wine trade, farming, and artisanal food sectors. Visitors can look forward to a refined selection of fresh seafood, handcrafted delicacies, and distinctive wines from all corners of France. These are complemented by specialties from other parts of Europe, giving the fair a truly international gourmet character. More than just a showcase of culinary excellence, the fair also serves as a platform for competitions and awards that recognize outstanding creativity and quality. These highlights draw additional attention and enhance the appeal of the event for both attendees and exhibitors. In addition to private enthusiasts, the fair attracts professionals from the gastronomy, retail, and tourism sectors – individuals who value authenticity and the quality of traditional products. As part of a series of fairs held under the Mer & Vigne banner in various French cities, the event plays a key role in making regional specialties accessible to a broader audience while preserving their local charm. With Les Pyramides as its venue, the fair not only offers an elegant backdrop but also benefits from modern infrastructure and excellent transport links, ensuring easy access from Paris, surrounding regions, or abroad. Mer & Vigne Le Port-Marly is a must for anyone wishing to immerse themselves in the fascination of French cuisine – an experience that is refined, inspiring, and truly unique."
Salon du Chocolat,11. - 12. December 2026,Turkey,Istanbul,ICC Istanbul Congress Center,www.salonduchocolatistanbul.com,"Salon du Chocolat Istanbul is far more than a traditional trade fair – it is a multisensory experience and a premium platform for those who not only appreciate the world of chocolate but also seek to shape its future. Each year, the Istanbul Congress Center opens its doors to this exceptional event, organized by Sözen Media & Organization INC. (Sözen Group). As a regional edition of an internationally renowned event series – with stops in Paris, Shanghai, and New York – Salon du Chocolat Istanbul brings global expertise, creative momentum, and economic vitality to the dynamic metropolis on the Bosphorus. The event stands for excellence, creative diversity, and international networking within the chocolate industry. It attracts a broad professional audience: chocolatiers, pâtissiers, cocoa farmers, manufacturers, brand representatives, start-ups, food bloggers, as well as professionals from the hospitality, gastronomy, and retail sectors – alongside families and chocolate enthusiasts eager to explore the journey from bean to bonbon. At the heart of the event are the latest developments, technologies, and trends in chocolate production. Renowned figures from the international patisserie and chocolaterie scene share exclusive insights into their craft through expert talks and live demonstrations. The program is enriched by spectacular highlights such as the “Chocolate Fashion Show” and artistic chocolate installations. High-level competitions featuring master artisans and emerging talents further position the event as a stage for innovation and excellence. The fair reflects the entire value chain – from sustainable cocoa cultivation and advanced processing technologies to modern packaging solutions and exclusive product creations. It highlights how chocolate today is perceived not only as a delicacy, but also as a cultural, artistic, and economic asset. Thanks to its central location in Istanbul – a city that bridges Europe and Asia – the event fosters connections between markets, cultures, and ideas. The Istanbul Congress Center offers state-of-the-art infrastructure, providing ideal conditions for exhibitors and visitors from around the world. Salon du Chocolat Istanbul is not just a key date in the calendar for industry professionals – it is a unique space for inspiration, innovation, and international exchange, set in one of the world’s most captivating cities."
WorldFood,15. - 18. December 2026,Turkey,Istanbul,Istanbul Fair Center,worldfood-istanbul.com,"WorldFood Istanbul is much more than a traditional food trade fair. It is regarded as a central, annual platform for the international food industry, dedicated to innovation, sustainability, and global exchange. The name ""WorldFood"" underscores the event's global scope: In Istanbul, producers, decision-makers, retailers, marketing experts, and technology providers from every continent come together to explore current developments, innovative products, and the latest technologies in food and beverages. The event is held at the renowned Tüyap Fair Convention & Congress Center, which offers an ideal setting for the trade fair thanks to its modern infrastructure and convenient location. The event is organized by ICA Events. Over the course of four days, WorldFood Istanbul addresses key industry topics. The opening day focuses on market potential, export opportunities, economic forecasts, and trends. The second day highlights climate protection, sustainability, and innovative production methods. This is followed by new quality standards, clean label concepts, and functional foods that promote healthy nutrition. The final day covers artificial intelligence, experience design, and the digital transformation of the sector. A special feature is the ""Food Tech Garage"", which brings together start-ups and established companies to jointly develop solutions for greater efficiency, sustainability, and climate protection. The trade fair not only presents foods from a wide range of segments—from raw materials to finished products for retail—but also showcases advanced technologies, packaging solutions, and services along the entire value chain. Exhibitors represent all areas of the food industry, including producers, suppliers, machine manufacturers, and distributors. The professional audience primarily consists of decision-makers, buyers, manufacturers, retailers, and marketing professionals. As a bridge between Europe and Asia, Istanbul offers ideal conditions for WorldFood Istanbul. The fair reinforces the city’s role as a global hub for the food trade and opens doors to the dynamic Turkish market as well as new international sales opportunities. The Tüyap Fair Center is easily accessible by public transportation and car, offers ample parking, and impresses with its modern facilities. Each year, WorldFood Istanbul becomes the central meeting point for everyone who wants to actively shape the future of the food industry."
GenussGipfel,10. - 11. January 2027,Germany,Hamburg,Messe Hamburg,nordstil.messefrankfurt.com/hamburg/de/profil/genuss-gipfel.html,"The GenussGipfel is an annual trade fair dedicated to fine foods, delicacies and premium gourmet products. It is held at Hamburg Messe alongside Nordstil. As an established networking platform for Germany's fine food industry, the GenussGipfel brings together manufacturers, importers, artisan producers and brands with buyers, specialist retailers and hospitality professionals. The trade fair is organised by Messe Frankfurt GmbH, which also stages Nordstil, one of Germany's leading regional consumer goods trade fairs. The GenussGipfel complements Nordstil's ""Kitchen & Enjoyment"" exhibition segment with a carefully curated selection of premium fine food and gourmet products, creating valuable synergies between retail, concept stores, specialist wine merchants, the hospitality sector and the food trade. Held annually, the event has established itself as a key industry meeting place where retailers can discover new products at an early stage, expand their product ranges and build valuable business relationships. The exhibition showcases fine foods and delicacies from Germany and around the world. The product range includes antipasti, speciality cheeses and cured meats, fish products, truffles, premium spreads, preserves, honey and a wide variety of other gourmet specialities. The offering is complemented by fine wines, spirits, craft gin, grappa, sake and other premium beverages. Exhibitors also present artisan chocolates, pralines and confectionery, together with premium spices, olive oils, vinegars, barbecue products and other ingredients for high-end cuisine. International culinary showcases are a particular highlight, featuring specialities from countries including Italy, France, Portugal, Greece, the Nordic countries and Japan. Innovative artisan producers and start-ups also use the event to introduce new gourmet products, sustainable concepts and emerging food trends to a professional trade audience. The GenussGipfel plays an important role in the German-speaking fine food market by providing manufacturers and producers with direct access to decision-makers from the retail and hospitality sectors. Exhibitors include fine food producers, delicatessen manufacturers, wine and spirits producers, importers, food brands, as well as manufacturers of spices, oils and gourmet products. Trade visitors are drawn primarily from specialist fine food retailers, the grocery retail sector, specialist wine merchants, hospitality, hotels, food wholesalers, concept stores and independently owned supermarkets. Many buyers attend specifically to discover new products, establish relationships with suppliers and place orders for the forthcoming season. Among the event's highlights are exclusive tastings, product presentations by leading manufacturers and a wide range of networking events designed to encourage direct interaction between producers and buyers. The fair also presents the ""Product of the Year"" award, voted for by trade visitors, and the ""Delicacy of the Year"" award, presented by the members of Corpus Culinario e. V. Both awards generate significant media exposure for the winning products and are widely recognised within the fine food industry as marks of quality. Hamburg is one of Germany's leading centres for trade and gastronomy, and its international outlook provides the ideal setting for a trade fair with both national and international participation. The event takes place at the modern Hamburg Messe exhibition centre in the heart of the city. Its central location, excellent public transport links, multiple U-Bahn and S-Bahn stations, and convenient access from Hamburg Central Station and Hamburg Airport provide outstanding conditions for exhibitors and trade visitors from Germany and abroad."
Salon du Chocolat,16. - 17. January 2027,India,Mumbai,Jio World Convention Centre,salonduchocolatindia.com,"Since its debut, the Salon du Chocolat et de la Pâtisserie has captivated audiences as an international platform for both chocolate lovers and professionals from the chocolate and pâtisserie industries. In Mumbai, this globally renowned event is held at the Jio World Convention Centre, organized by FourPlus Media, a seasoned host of culinary experience exhibitions. Passionately dedicated to the world of chocolate and pâtisserie, the exhibition provides a dynamic stage for chocolatiers, pastry chefs, cocoa producers, artisan manufacturers, international brands, and rising talents to showcase their products, innovations, and creative techniques—all under one roof. At the heart of the event are themes such as emerging trends in chocolate and pastry arts, stunning chocolate sculptures, live demonstrations, and prestigious competitions. Beyond finished products and fine delicacies, the fair also presents cutting-edge packaging solutions, laboratory technologies, and production tools—offering deep insights into the future of the industry. Highlights include international chocolate and pastry competitions, live shows by top chocolatiers and pastry chefs, and a dedicated B2B area where industry professionals can connect, exchange ideas, and explore new business opportunities. Exhibitors range from chocolate producers, pastry creators, and cocoa growers to packaging technology providers, food bloggers, and influencers—all showcasing the latest creations and trends. The audience is equally diverse: professionals from gastronomy, hospitality, retail, and manufacturing mingle with chocolate enthusiasts, families, and media representatives. The Salon du Chocolat et de la Pâtisserie in Mumbai is part of a global series of events celebrating the diversity and innovative spirit of the international chocolate and pastry scene. More than just a paradise for indulgence, this fair is a must-attend platform for networking, inspiration, and knowledge-sharing within the global professional community."
Winter FancyFaire,17. - 19. January 2027,USA,San Francisco,Moscone Convention Center,www.specialtyfood.com/fancy-food-shows/winter-fancyfaire,"The Winter FancyFaire is more than a traditional trade show. It serves as a vibrant meeting point for the North American specialty food scene, bringing together thought leaders, producers, retailers, and trendsetters from across the industry. Organized by the renowned Specialty Food Association, Inc. (SFA), the event takes place annually in winter, rotating between various cities across the United States. At its core, the Winter FancyFaire showcases the defining developments shaping the future of specialty foods – from sustainable product concepts and innovative preparation methods to strategic brand building. Curated selections highlight products across fine foods, beverages, functional nutrition, plant-based innovations, clean-label solutions, and other culinary trends. Innovation, taste, and craftsmanship are seamlessly interwoven throughout the exhibition. Signature formats such as the First Taste Table offer buyers focused tasting experiences, while the interactive Discovery Kitchen features top chefs from the U.S. West Coast demonstrating real-world applications of new products. Positioned as a discovery platform for industry professionals, the Winter FancyFaire offers targeted opportunities to explore emerging brands in the Debut District , engage with category-specific themes in dedicated pavilions, or experience exceptional packaging design in the curated Spotlight Shoppe . The event is tailored to a specialized audience: retail buyers, culinary professionals, distributors, foodservice experts, trend scouts, and media representatives – all looking for the next big ideas in the specialty food market. A highlight of the event is the presentation of the prestigious sofi Awards, honoring outstanding product quality and innovation. In addition to Gold Awards and the coveted Product of the Year title, the recently introduced Timeless Taste Award celebrates products with lasting appeal and flavor excellence. These accolades are considered a benchmark in the U.S. specialty food industry and provide recipients with significant market visibility. As part of the year-round FancyFaire series – which also includes a summer edition – the Winter FancyFaire has become a key fixture in the industry calendar. It is more than a showcase of products; it is a catalyst for ideas and innovation that drive the entire world of gourmet and specialty foods forward – year after year."
HOGA,17. - 19. January 2027,Germany,Nuremberg,Messe Nürnberg,www.hoga-messe.de,"The HOGA trade fair, established in 1950 and named after the acronym for ""Hotel und Gaststätte"" (Hotel and Restaurant), serves as a pivotal platform for professionals in the hospitality, gastronomy, and community catering sectors. It is held biennially at the Nuremberg Exhibition Center, which is easily accessible thanks to its central location in Germany and excellent transport connections. The event is organized by AFAG Messen und Ausstellungen GmbH, renowned for its meticulous planning and the diversity of topics presented. As one of Germany's leading trade fairs, HOGA offers a wide range of topics including innovations and trends, career opportunities, and personnel development. Special awards such as the Gastro Innovation Award are also presented, honoring outstanding startups and innovative projects. The fair attracts exhibitors from the fields of food & beverage, furnishings, kitchen technology, as well as services, and provides a comprehensive overview of current and future industry trends. A distinctive feature of the fair is its strong local and regional roots, which allow visitors to explore the rich culinary and cultural diversity of Nuremberg. The main target audience includes professionals from all areas of the hospitality industry who seek to learn about new products and services, expand their networks, and exchange valuable knowledge. In conclusion, the HOGA trade fair acts as a unique platform that reflects developments in the hospitality industry and functions as a barometer-like tool, measuring the pulse of the industry. With its blend of tradition and innovation, it is an indispensable event for industry insiders. Attending the next HOGA promises direct insights into the core topics of the hospitality industry and inspiration from the latest trends and products."
Formex,19. - 21. January 2027,Sweden,Stockholm,Stockholmsmässan,formex.se,"Formex, a renowned trade fair for interior and design with a Scandinavian focus, has evolved since its inception in 1960 into a pivotal event in the world of design. The name ""Formex"" is derived from the words ""Form"" and ""Exhibition"", aptly reflecting the fair's focus on design and exhibition. The event is held at Stockholmsmässan, Stockholm's largest trade fair and congress center, organized by Stockholmsmässan AB. The biannual ""Formex"" attracts professional visitors from sectors such as interior decoration, design, gift items, delicacies, children's products, fashion, and accessories. The fair centers around the Scandinavian living and lifestyle, sustainability, and innovations in home decor and gift items. A wide range of products and services is presented here: from bath and wellness items, ceramics, textiles, furniture, to organic and fair-trade products. There's also a special area for children's clothing, toys, and stuffed animals. A particular highlight is the Sustainability Award, given to companies or designers for exceptionally sustainable products. This demonstrates the fair's commitment to environmental awareness and sustainable development. The fair brings together exhibitors and visitors from various sectors, including the interior and gift item industry, designers, producers, and media representatives. International buyers, agents, and wholesalers use ""Formex"" as a vital platform for networking and business transactions. Finally, it's noteworthy that Stockholmsmässan impresses with its size and modernity and, thanks to its excellent accessibility, both locally and internationally, represents an ideal venue for such a significant fair."
SIRHA Lyon,21. - 25. January 2027,France,Chassieu,Eurexpo Lyon,www.sirha-lyon.com/en,"The "" SIRHA Lyon "" is an international trade fair focusing on the food industry, hospitality and catering services, the bakery and confectionery industry, the packaging industry, and gastronomy. The name ""SIRHA"" stands for ""Salon International de la Restauration, de l'Hôtellerie et de l'Alimentation"", which translates to ""International Salon for Gastronomy, Hotel Industry, and Food"". This fair takes place at Eurexpo Lyon in Chassieu and is held biennially. Organized by GL Expo, a leading company in the trade fair and events sector, SIRHA Lyon offers a wide array of themes ranging from food and beverages, bakery and confectionery industries, to kitchen technology, equipment for cafes and bars, furniture, textiles, table decorations, hotel supplies, as well as technology and hygiene products. Additionally, innovative solutions in packaging technology and logistics are presented. SIRHA Lyon is a significant meeting point for both the local economy and international industry experts. Highlights of the fair include professional competitions and presentations such as the French Bakery Cup, Pastry World Cup, International Catering Cup, European Sugar Art Championship, the Sirha COFFEE SHOW, demonstrations by bakers and confectioners, as well as conferences on various exhibition topics. A special focus is placed on the competition for innovative products. A special area named ""SIRHA MÉTIERS DE BOUCHE"" (Food Trade) is established. It serves as a platform for professionals in the food industry and showcases the skills and products of sommeliers, butchers, fishmongers, cheese makers, and other culinary experts. Exhibitors from various sectors, including manufacturers of food and beverages, providers of kitchen technology and hotel supplies, as well as service providers in the areas of hygiene and logistics, present their latest products and services. The main visitors of the fair are professionals from these sectors, who take the opportunity to network, exchange knowledge, and establish new business contacts. As part of the international Sirha network, SIRHA Lyon is one of several trade fairs that are held at various locations around the world. In conclusion, the Eurexpo Lyon, the venue of the fair, not only impresses with its modern infrastructure but also with its accessibility. It thus provides the ideal setting for an event of this size and international scope."
Finest Spirits,22. - 24. January 2027,Germany,Munich,Zenith,finest-spirits.de,"The "" Finest Spirits Festival "" in Munich is an annual, prestigious event organized by Meininger Verlag GmbH, specializing in the world of high-quality spirits. It is held at the Zenith Cultural Hall, which impresses not only with its stunning architecture but also with its accessibility—making it an ideal venue for a festival of this magnitude. Finest Spirits serves as a platform for a wide range of premium spirits, including whisky, gin, rum, tequila, fruit brandy, and cognac. Both established manufacturers and innovative startups showcase their latest creations and products here. The festival provides a unique opportunity for producers, traders, and importers from around the world to present their exclusive spirits to an enthusiastic audience. A key aspect of the fair is education. Through the offered masterclasses and sensory seminars, both newcomers and experienced spirit connoisseurs can gain in-depth insights into the production and tasting of various spirits. These educational offerings make the festival a valuable experience hub where visitors can expand their knowledge and sharpen their senses. With about 4,500 visitors annually, the event attracts a diverse audience, including professionals from the gastronomy and trade sectors as well as passionate bartenders and spirit enthusiasts. Finest Spirits is not just a festival, but also a cultural event that celebrates the tradition and innovation of the spirits industry, deeply rooted in Munich's and Germany's cultural landscapes. Whether for direct purchase or pre-ordering, the fair offers the chance to discover new favorite spirits and directly engage with the producers. In conclusion, the ""Finest Spirits Festival"" stands out not only for its diverse offerings but also for its excellent location in the Zenith Cultural Hall, which is easily accessible by public transport. This makes it a must-visit for anyone wanting to experience the fascinating world of fine spirits."
Saveurs & Métiers,31 Jan. - 02 Feb. 2027,Belgium,Namur,Namur Expo,www.saveurs-metiers.be,"The "" Saveurs & Métiers "" is a biennial trade fair held at Namur Expo and aimed at the food artisans and food retailers. Curated by Easyfairs, this event attracts professionals from the entire food industry interested in innovations, trends, and best practices. The fair, whose name translates to ""Tastes and Professions"", offers a unique combination of local and international food products, artisanal specialties, and the latest technologies in equipment and packaging. Visitors can discover everything from traditional regional delicacies reflecting the culinary heritage of Wallonia to modern solutions for hygiene and traceability in food production. A highlight is the ""Market Place"", dedicated to the latest food trends and offering options for organic products, fair trade, vegan and vegetarian diets, and zero-waste initiatives. These reflect the increasing demand for sustainable and responsible food options. As a crucial meeting point for the industry, from startups to established international brands, Saveurs & Métiers facilitates intensive knowledge exchange and networking through inspiring demonstrations, workshops, and conferences. The venue, Namur Expo, is renowned for its excellent facilities and optimally supports the extensive program of the fair. In collaboration with the Agence Wallonne pour la Promotion d’une Agriculture de Qualité (APAQ-W), the fair promotes local produce in the event ""Saveurs de chez nous"", thus emphasizing its regional connection. Additionally, a special job day promotes career opportunities in the food industry. In summary, Saveurs & Métiers offers an outstanding opportunity to discover the latest developments in the food industry, connect with professionals, and advance one's brand. It is an indispensable event for industry insiders and those interested."
TASTE,06. - 08. February 2027,Italy,Florence,Fortezza da Basso,taste.pittimmagine.com,"TASTE by Pitti Immagine Srl is more than just a fair; it is an annual culinary festival held at the Fortezza da Basso in Florence. Showcasing outstanding products from the food and wine scene, TASTE captivates with its uniqueness and its deep connection to Italy’s rich culinary culture. Over 700 exhibitors, including 100 new additions, showcase their latest products and services from the world of gastronomy. TASTE not only stands for ""taste"" but also symbolizes the sampling of high-quality culinary products and promotes research and innovation in this field. The event attracts professionals from the food and beverage industry, as well as gourmets and food enthusiasts in search of exceptional culinary experiences. The exhibition is divided into several areas: TASTE TOUR offers a journey through top culinary and oenological products, providing special tasting experiences. TASTE SPIRITS highlights Italian spirit producers and presents small, specialized companies with unique stories. TASTE TOOLS displays, in addition to food, lifestyle products that enhance the culinary enjoyment. The UNICREDIT TASTE ARENA serves as a forum for discussions on current food industry topics, featuring meetings, debates, and masterclasses by experts. A special feature of TASTE is its connection to the city of Florence, a center of culture and gastronomy. The Fuoriditaste program deepens this connection by hosting thematic tastings and presentations at selected locations in the city in the evening. The exhibitors, ranging from small artisan businesses to large manufacturers, make TASTE a must-attend for industry insiders. Lastly, it is noteworthy that Fortezza da Basso is not only a historically significant location in Florence but also easily accessible, making it the ideal venue for an internationally important event like TASTE. This event promises a comprehensive experience for all who are passionate about culinary innovations and trends."
WEIN & GENUSS,12. - 13. February 2027,Austria,Linz,Design Center,www.vinaria.at/weingenusslinz,"The WEIN & GENUSS Linz is an annual event held at the Design Center Linz, marking the beginning of the wine year in Austria. Organized by Vinaria, Austria's leading wine magazine published by LWmedia GmbH & Co. KG, the fair has become an important meeting place for wine enthusiasts and connoisseurs of fine dining over the years. The fair focuses on the finest wines and vintners, from all Austrian wine regions as well as international vineyards. WEIN & GENUSS Linz offers a unique platform where visitors can taste exquisite wines and discover a variety of high-quality foods. From delicious regional products to international specialties, the fair presents a wide range of culinary experiences. Visitors can taste not only new wine vintages but also beer, cider, and bacon from Upper Austria, gourmet meatloaf, wild products from the Waldviertel, fresh crêpes, Kaiserschmarren with apricot compote, and various fine spirits. Another highlight of the fair is the commented Masterclasses, specially offered in the new studio of the Design Center Linz for those interested. These provide an excellent opportunity to deepen one's knowledge and learn directly from experts. The Design Center Linz, as the venue, emphasizes the exclusivity of this event with its modern architecture and flexible room concepts. The available parking options, both outdoor and in the underground garage at the fair site, ensure convenient access for visitors. WEIN & GENUSS Linz stands out for its unique combination of high-quality products, expert presentations, and a welcoming atmosphere. It is not just a fair, but a festival of the senses, becoming a memorable experience for wine and gourmet lovers each year."
Wine fair,19. - 20. February 2027,Germany,Soest,Stadthalle,www.die-weinmesse.com,"The Wine Fair held in the Stadthalle in Soest is a prestigious, annual wine enjoyment and purchasing fair , focusing on the presentation, sale, and tasting of wines and sparkling wines. The organizer of the Wine Fair in Soest is ""das Team Agentur für Marketing GmbH,"" based in Neustadt an der Weinstraße, one of the centers of viticulture in Germany. Since 1988, the company has been offering comprehensive services for the wine industry. Demonstrated expertise and years of experience in direct and indirect wine marketing form the solid foundation for efficient wine marketing. Therefore, it's not surprising that these wine enjoyment fairs are now conducted in several German cities, including Bochum, Bremen, Leipzig, Kiel, Potsdam, and Bad Homburg. The event focuses on showcasing, trading, and especially tasting wines and sparkling wines. Many visitors are encouraged by the excellent value for money to purchase their preferred wines or exciting new discoveries on-site and take them home. An important aspect is sustainability: visitors receive information on how winemakers use environmentally friendly cultivation techniques and benefit from the opportunity to buy sustainably directly from the producer. The Stadthalle in Soest, as a venue, provides an impressive backdrop and a fascinating atmosphere. It has modern facilities and is known for its variety of events. The Stadthalle, as a central meeting place for culture and events in Soest, forms the ideal setting for the Wine Fair. Beyond the Wine Fair, the city of Soest has much to offer. It enchants visitors with its historical charm, picturesque alleys, and half-timbered houses. As one of the oldest cities in Westphalia, Soest has a rich history and is also known for its picturesque parks and green spaces."
Rum Fair PUEBLO DEL RON,20. - 21. February 2027,Germany,Nuremberg,Messe Nürnberg,www.whiskey-messe.de,"Established in 2017, the Rum Fair PUEBLO DEL RON, organized by AFAG Messen und Ausstellungen GmbH, is an annual event held in spring at the Nuremberg Exhibition Center. It is part of a larger event concept that also includes the Whisk(e)y Fair THE VILLAGE. PUEBLO DEL RON has quickly become a significant event for rum enthusiasts and industry visitors from around the world, offering an extensive selection of rums and rhums. The fair is distinguished by its Caribbean flair, which it brings to Nuremberg, allowing visitors to discover a variety of products from around the world. Guests can explore the diversity and quality of spirits, ranging from classic rum varieties to rare and exotic rhums. Admission to the fair is restricted to individuals over 18 years of age to ensure a responsible tasting experience. A highlight of PUEBLO DEL RON is the meat tastings, where visitors can try different types of rum and learn how they can be paired with various dishes. These tastings offer a unique opportunity to experience the rich flavor diversity of rum in conjunction with culinary delights. The Nuremberg Exhibition Center provides an ideal venue for PUEBLO DEL RON. With its modern facilities and easily accessible location, it serves as a meeting point for industry insiders, enthusiasts, and the curious who wish to dive into the world of rum. The concurrent scheduling with the Whisk(e)y Fair THE VILLAGE allows visitors to experience a wide range of spirits in one place and stay informed about the latest trends and products. In summary, the Rum Fair PUEBLO DEL RON is a must-attend event for all rum enthusiasts. It serves as a platform for exchange, education, and enjoyment, celebrating the culture and diversity of this spirit by presenting an impressive selection of rums and rhums from around the world, along with special highlights such as the meat tastings. Organized by the experienced AFAG Messen und Ausstellungen GmbH and located at the attractive Nuremberg Exhibition Center, PUEBLO DEL RON offers an unparalleled opportunity to immerse oneself in the fascinating world of rum."
"Whisk(e)y Fair Nuremberg, THE VILLAGE",20. - 21. February 2027,Germany,Nuremberg,Messe Nürnberg,www.whiskey-messe.de,"he Whisk(e)y Fair Nuremberg, THE VILLAGE, takes place annually in spring and has established itself since its inception in 2013 as a significant meeting point for whisk(e)y enthusiasts worldwide. Organized by AFAG Trade Fairs and Exhibitions GmbH, the fair provides a platform for distilleries, breweries, importers, and marketers from around the globe to showcase their products – a total of around 2,000 different whiskeys and whiskys from countries like Scotland, Ireland, Germany, Japan, the USA, and many others. THE VILLAGE's diverse offerings include not only an impressive selection of whisk(e)ys but also an extensive program ranging from beginner seminars to master classes for connoisseurs. These events allow participants to deepen their knowledge and directly experience the nuances of various specialties. Culinary delights are provided by typical Scottish and Irish dishes like Haggis and Irish Stew, which, along with the evening program featuring live music and fitting dishes in an authentic atmosphere, complete the fair experience. Since 2017, THE VILLAGE has been complemented by the R(h)um Fair PUEBLO DEL RON, presenting a wide range of rums and rhums from all over the world and bringing Caribbean flair to Nuremberg. Admission is restricted to individuals over the age of 18. The Nuremberg Exhibition Center, known for its excellent accessibility, serves as the venue. Visitors are recommended to arrive by subway (U1, Messe station), especially those who wish to sample the variety of whisk(e)ys. For those arriving by car, ample parking is available. Overall, THE VILLAGE offers a comprehensive and impressive experience for whisk(e)y lovers, beginners, and professionals alike, confirming its reputation as one of the leading events in the world of whisk(e)y,"
Wine fair,25. - 27. February 2027,Austria,Innsbruck,Messe Innsbruck,www.cmw.at,"The Innsbruck Wine Fair is an annual event that takes place every spring, attracting wine enthusiasts and professionals from around the world since its inception in 2001. It is organized by Messen CMW Peter Lindpointner GmbH & Co KG, a renowned organizer specializing in the presentation of high-quality culinary events. The fair is held at Messe Innsbruck, a venue known for its excellent infrastructure and the ability to accommodate a wide variety of national and international exhibitors. The Innsbruck Wine Fair is distinguished by a broad range of topics, from wines to sparkling wines, fine brandies, distillates, cider, spirits, and gin. Visitors have the unique opportunity to taste and purchase a variety of products that are often not available in regular trade due to small sales volumes. This provides an excellent platform for top winemakers to present their young and mature wines to an interested audience and receive direct feedback from wine lovers. A special feature of the fair is the high quality of the wines presented, which is regularly confirmed by prestigious awards. Thus, visitors can be assured that they will discover excellent wines at the Innsbruck Wine Fair, highly esteemed by both juries of experts and wine enthusiasts alike. Furthermore, the Innsbruck Wine Fair offers a platform for exciting stories and facts about the world of wine, personally shared by the winemakers. This creates a unique atmosphere where visitors can not only taste exclusive wines but also gain deeper insights into the culture and tradition of winemaking. Overall, the Innsbruck Wine Fair represents a unique opportunity to find the perfect favorite wine and experience an exciting journey into the realm of fine drops. With its mix of excellent products, informative presentations, and the opportunity for direct exchange with producers, the Innsbruck Wine Fair is a must-visit for every wine lover and professional attendee."
EUREGIO Economic Exhibition,27 Feb. - 07 Mar. 2027,Germany,Aachen,Allianz Park,euregio-wirtschaftsschau.de,"The EUREGIO Economic Exhibition in Aachen is an annual event that highlights the diversity and strengths of trade, crafts, and service providers from the tri-border region of Germany, Belgium, and the Netherlands. Organized by the renowned Medienhaus Aachen GmbH, this fair has established itself as the largest showcase in the region and attracts a wide audience every March. Since its inception in 1986, the EUREGIO Economic Exhibition has evolved into a platform where visitors can discover a broad range of products and services. The fair offers a unique blend of information, advice, and sales, complemented by culinary delights as well as fun and entertainment for the whole family. Thematically, the fair covers a wide spectrum, from the latest trends in various industries to hobbies and leisure, and innovative services. The EUREGIO Economic Exhibition is more than just a consumer fair; it is a unique experience that offers numerous opportunities for exhibitors and visitors alike to discover new things, exchange ideas, and conduct business. With its wide range of trends and innovations from various sectors, it is a must-visit for anyone interested in the developments in the tri-border area. In summary, the EUREGIO Economic Exhibition in Aachen is an annual event that, through the organization of Medienhaus Aachen GmbH, has become an important meeting point for industry, trade, and services in the heart of Europe. It provides a platform for knowledge exchange, networking, and business development in a friendly and inspiring environment."
Expo Café & Gourmet,03. - 05. March 2027,Mexico,Guadalajara,Guadalajara Exhibition Center,www.cafeygourmet.com,"Expo Café & Gourmet is Mexico’s leading trade fair dedicated to coffee and premium gourmet products. It stands for quality, professionalism, and refined indulgence in an exclusive setting. Each year, the Guadalajara Exhibition Center becomes the central meeting point for coffee experts, gourmet producers, industry professionals, restaurateurs, and discerning food enthusiasts. The event is organized by Tradex Exposiciones, a seasoned organizer renowned for its successful trade fairs in the food and hospitality sectors. What sets the fair apart is its unique combination of two worlds of taste: the aromatic depth of coffee and the sophistication of selected gourmet delicacies. It serves not only as a platform for professional exchange but also as a catalyst for trends and innovations in coffee preparation, artisanal food production, and gastronomy equipment. At the heart of the exhibition are products and services from key areas of the industry – from specialized roasters and professional coffee machines to precision grinders, barista tools, and high-quality foods such as cheese, bread, cured meats, jams, wines, and spirits. Exclusive culinary publications also feature prominently. A special highlight is the strong presence of Mexican coffee culture: numerous producers from across the country offer insights into their craft and demonstrate the outstanding quality of their work – a living testament to Mexico’s rich coffee tradition. The vibrant atmosphere of the event is shaped by the diversity of its exhibitors and attendees. Represented are companies from the coffee industry, gastronomy, hospitality, food retail, machinery, and interior design. The professional audience includes café owners, restaurateurs, buyers, distributors, and sommeliers. The Guadalajara Exhibition Center is one of the most modern trade fair venues in Mexico. Conveniently located within the city, it is easily accessible by car and public transport, offers ample parking, and provides excellent infrastructure for both national and international visitors. Whether you're looking to forge new business connections, launch products, or explore the region’s finest flavors – Expo Café & Gourmet brings together everything related to coffee and gastronomy at the highest level."
Kulinarik,05. - 07. March 2027,Austria,Salzburg,Messe Salzburg,www.kulinarik-salzburg.at,"The ""Kulinarik"" in Salzburg, an annual affair, opens its doors to both trade visitors and the general public. Organized by Messe Salzburg GmbH, it has established itself as a must-visit for every gourmet and connoisseur in search of new taste experiences and culinary diversity. The fair presents a wide array of culinary delights, ranging from fresh regional products to exotic specialties from around the world. It is a paradise for anyone who loves good food and fine beverages, with special consideration for vegetarian and vegan options. Visitors can watch professionals in the show kitchen and expand their knowledge through informative lectures. The fair also offers a ""Marketplace of Regions,"" where visitors can discover and purchase fresh, authentic products from regional and international producers. The ""Taste Trends"" theme world showcases the latest trends in food and drink, from extraordinary culinary delights to innovative ideas. Here, startups and well-known companies come together to take visitors on a culinary journey of discovery. The fair targets a national audience and is held at the Salzburg Exhibition Center, known for its convenient access and parking facilities. The exhibition center itself is renowned for its modern facilities and versatile use. Salzburg, the city hosting the fair, is rich in history and culture. Famous for its picturesque architecture, historical significance, and as Mozart's birthplace, the city provides a unique backdrop for this culinary event. Visitors can seize the opportunity to explore the rich history and cultural treasures of Salzburg while indulging in the fair's culinary offerings."
Wine fair,05. - 07. March 2027,Germany,Leipzig,WERK 2 Kulturfabrik,www.die-weinmesse.com,"The Wine Fair at Werk 2 Kulturfabrik in Leipzig is a prestigious, annual wine enjoyment and shopping fair , focusing on the presentation, sale, and tasting of wines and sparkling wines. The organizer of the Wine Fair in Leipzig is ""das Team Agentur für Marketing GmbH,"" based in Neustadt an der Weinstraße, one of the centers of viticulture in Germany. Since 1988, the company has been offering comprehensive services for the wine industry. Proven expertise and years of experience in direct and indirect wine marketing form the solid foundation for efficient wine marketing. Thus, it's no surprise that these wine enjoyment fairs are now conducted in several German cities such as Bochum, Bremen, Soest, Kiel, Potsdam, and Bad Homburg. The event focuses on showcasing, trading, and especially tasting wines and sparkling wines. Many visitors are encouraged by the excellent value for money to purchase their preferred wines or exciting new discoveries on the spot and take them home. An important aspect is sustainability: visitors receive information on how winemakers use environmentally friendly cultivation techniques and benefit from the opportunity to make sustainable purchases directly from the producers. The Kulturfabrik Werk 2 in Leipzig represents a creative and stimulating venue for events, captivating with its lively ambiance. Originally a factory building, it has evolved into a popular meeting point for cultural events, concerts, and fairs. The Leipzig Wine Fair benefits from the unique atmosphere of the industrial building, adding a special touch and creating a cozy environment for wine enthusiasts. Moreover, Leipzig offers a variety of attractions. The city is known for its extensive cultural and historical tradition, dynamic music scene, and architectural heritage. With plenty of parks and green spaces, as well as the nearby Leipzig Neuseenland, the city also offers ample opportunities to experience nature."
Salon des Vins des Vignerons Indépendants,05. - 07. March 2027,France,Chassieu,Eurexpo Lyon,www.vigneron-independant.com,"The Salon des Vins des Vignerons Indépendants is a unique trade and consumer wine fair, catering to wine enthusiasts, industry professionals, and connoisseurs alike. Since its inception, it has stood for authenticity, quality, and direct engagement with the winemakers themselves. Held annually at the Eurexpo Lyon exhibition centre in Chassieu, a suburb of Lyon, the event is part of a nationwide series of fairs also hosted in cities such as Paris, Strasbourg, Lille and Bordeaux. What sets the Salon apart is its refreshingly different approach: no middlemen, no flashy stage shows – just meaningful encounters with the independent winemakers who present their wines in person, share their philosophy, and bring their terroirs to life. Every stand is identically designed to ensure a level playing field for all exhibitors. Established names and rising stars stand side by side, creating an ideal environment for discovery, new taste experiences, and genuine conversations at eye level. At the heart of the event is the extraordinary diversity of the French wine landscape. Visitors can sample fine wines from regions including Alsace, Bordeaux, Burgundy, Beaujolais, Languedoc-Roussillon, Provence and Corsica, the Loire Valley, the South-West, and the Rhône Valley – all with a tasting glass handed to them upon entry. Here, wine is not just tasted – it’s experienced: sensuous, immediate, and deeply personal. The fair is complemented by a wide selection of regional delicacies – from cheeses, foie gras and oysters to traditionally crafted charcuterie. Guided tastings led by industry experts offer insights into grape varieties, flavour profiles, and the principles of responsible wine consumption. Most exhibitors are independent winemakers who handle their own production and sales. Visitors come from across France and abroad – including wine merchants, restaurateurs, sommeliers, and many private enthusiasts seeking out new favourites or purchasing directly from producers. As part of a national series, the Salon des Vins des Vignerons Indépendants brings regional wine culture to a wider stage. Lyon – regarded as the gateway to the wines of the Rhône Valley – provides the perfect setting, with the Eurexpo Lyon in Chassieu offering a modern, easily accessible venue. Whether arriving by car, shuttle, or public transport, guests are guaranteed a relaxed, enjoyable experience centred around discovery, flavour and connection."
Vinessio Wine Fair,06. - 07. March 2027,Germany,Munich,Zenith,www.weinmesse-muenchen.de,"The Vinessio Wine Fair Munich is an event for wine enthusiasts and industry professionals from the hospitality and gastronomy sectors, taking place at the Kulturhalle Zenith. The hall was originally built as an industrial facility in the 1910s and served, among other things, as a production site for the armaments industry. Today, the Kulturhalle Zenith is a versatile venue used for a wide range of events, such as concerts, trade fairs, corporate events, and cultural gatherings. Thanks to its impressive architecture and unique atmosphere, the Kulturhalle Zenith is a popular location for events of all kinds. The fair, which originated in 2007, is held annually, usually in March, and is organized by the experienced event organizer Assessio GmbH, a company specializing in the organization of trade fairs and events. Assessio GmbH not only organizes the Vinessio Wine Fair in Munich but also in Fürth and Fürstenfeldbruck. The Vinessio Wine Fair Munich contributes to enhancing the region's image as an attractive destination for wine lovers. Through the fair, visitors can explore the diversity of wines from the region and gain insight into the local wine culture. It offers winemakers from the region the opportunity to present their wines to a broad audience and receive direct feedback from wine enthusiasts and experts. This helps them further develop their products and increase their visibility. Products showcased at the Vinessio focus on wines, spirits, delicacies, and accessories related to the theme of wine. Visitors can look forward to a wide range of regional and international wines and delicacies and have the opportunity to taste, compare, and purchase them directly from the producer on-site. A key focus of the fair is the presentation of sustainable and biodynamic wines, making it a forward-looking event for the wine industry. In summary, the Vinessio Wine Fair Munich is a must for all wine lovers and connoisseurs who want to learn about the latest trends in the industry and seek the opportunity to discover and enjoy high-quality wines directly on site."
Bellavita,07. - 09. March 2027,Canada,Mississauga,The International Centre,www.bellavita.com/en/expo/toronto,"The Bellavita Expo in Mississauga is Canada’s leading trade fair for Italian food and beverages. Since its inception in 2018, it has established itself as a key platform for showcasing authentic Italian products, offering industry professionals from the hospitality, retail, and wholesale sectors a unique opportunity to explore the diversity of Italian enogastronomy. Organized by Bellavita Expo Ltd., the event takes place annually in Mississauga. With a strong focus on promoting Italian specialties, the Bellavita Expo Mississauga connects leading exhibitors with key decision-makers from the HoReCa and foodservice industries. It serves as a stage for innovative products, sets new market trends, and strengthens business relationships on a global scale. At the heart of the event are products from categories including wine and spirits, cheese and dairy, meat and cured products, seafood, fruits and vegetables, confectionery, delicacies, and convenience foods. The exhibition is further enriched by exclusive tastings, prestigious competitions, and awards, where companies present their finest products to be evaluated by renowned experts. Thanks to its continuous growth, the Bellavita Expo Mississauga has become an essential meeting point for food industry professionals dedicated to the highest standards of Italian gastronomy. Beyond showcasing exceptional products, it offers a strategic opportunity to tap into new markets, establish international connections, and promote Italian culinary culture in North America in a lasting and meaningful way."
Foodex Japan,09. - 12. March 2027,Japan,Tokyo,Tokyo Big Sight,www.jma.or.jp,"Foodex Japan, an international trade fair for the food and beverage industry as well as the gastronomy sector, is held annually at the impressive Tokyo Big Sight, one of the largest exhibition centers in Tokyo. The name ""Foodex"" is an abbreviation for ""Food Exhibition,"" highlighting the fair's central role in presenting and promoting food and beverages. The fair is organized by the Japan Management Association (JMA), a prestigious institution dedicated to advancing industry and commerce in Japan. Foodex Japan is a vital part of the Japanese economy, serving as a platform for both international and local exhibitors to present their latest products and services. The fair attracts representatives from a wide range of industries, including manufacturers of agricultural products, beverages, alcohol, wine, frozen foods, meat, imported and exported foods, spices, organic and wellness products, processed foods, plant-based and alternative foods, seafood, as well as confectionery and snacks. Key themes of the fair include the presentation of new products, the promotion of business relationships, and providing information on current trends in the food industry. A special highlight is the ""Foodex Frozen"" zone, showcasing a wide array of frozen products such as fruits, confectionery, seafood, ready-made meals, vegetables, meat, as well as bakery goods and specialized machinery. Additionally, the fair offers an extensive program of seminars and workshops, led by experts on current topics such as healthy eating, sustainability, and innovations in the agricultural and food industries. The primary audience of the fair comprises professionals from the fields of food production, trade, gastronomy, and catering. They use Foodex Japan as a platform to gather information about new products, maintain business relationships, and exchange information on industry-relevant developments. Foodex Japan not only highlights local culture and cuisine but also integrates international trends and innovations. In conclusion, Foodex Japan is more than just a showcase for the latest products and services in the food and beverage industry; it is a central meeting point for professionals from around the world. The venue, Tokyo Big Sight, is easily accessible due to its modern and spacious facilities, providing an excellent environment for this prestigious event."
Wine Warsaw Expo,09. - 11. March 2027,Poland,Nadarzyn,PTAK Warsaw Expo,winewarsawexpo.com/en,"The "" Wine Warsaw Expo ,"" an annual trade fair for wine, wine producers, wine importers and wine dealers held at Ptak Warsaw Expo in Nadarzyn , near Warsaw, is considered one of the most exquisite events of its kind. Organized by Ptak Warsaw Expo Sp. z o.o., it provides an ideal platform for trade exchange, discussions, networking, and industry training. Given the dynamic development of the wine sector in Poland, where an increasing interest and appreciation for wine are observed, these aspects gain special relevance. The fair showcases the latest trends in the wine industry, including advanced wine production technologies, ecological cultivation, wine marketing and certification, as well as wine tourism. The exhibited products and services include wines from Polish and international wine regions, wine production technologies, wine accessories, packaging technologies, and e-commerce solutions for wine products. The fair is of great significance to Warsaw and Poland, as it significantly contributes to solidifying the country's position as one of the most promising wine regions globally. Highlights of the fair include lectures and workshops by experienced industry experts and networking zones, making it an indispensable meeting point for vineyard owners, importers, traders, restaurateurs, sommeliers, and wine enthusiasts. The exhibitors represent a wide range of industries, including wine production, trade, technology, and tourism. The main visitors of the fair are professionals from the wine industry, including vineyard owners, hotel managers, head chefs, authors, and bloggers. In summary, the Ptak Warsaw Expo in Nadarzyn, with its modern facilities and excellent accessibility, is the ideal venue for such a prestigious event."
WEIN & more,13. - 14. March 2027,Germany,Kolbermoor,Kesselhaus,www.wein-erlebnis-messe.de/weinmesse-kolbermoor,"The ""Wine & More"" fair at the Kesselhaus in Kolbermoor is a paradise for wine aficionados and those aspiring to be. It attracts numerous visitors from the local region and beyond, all keen on high-quality wines, spirits, and culinary delights. During this two-day event, many national and international exhibitors showcase their products and services. The event is organized by Ingo Raibold, who is dedicated to bringing together wine enthusiasts and interested attendees. Look forward to an array of delightful red, white, and rosé wines, outstanding champagnes and sparkling wines, organic products, and top-notch whiskeys and spirits. The focus is on rich red wines, but fresh and fruity white wines are also featured prominently. You're sure to find the perfect bottle for cozy evenings by the fireplace or lively garden parties. The fair represents diverse wine regions from Germany and Austria, Italy, Spain, Australia, New Zealand, France, South Africa, Bulgaria, Argentina, Chile, Canada, and Greece. During your visit, compare wines and many other treats. Conversations with the vintners and producers are prioritized, laying the foundation for personal purchase decisions at direct-from-the-producer prices. Complementing the wine, anticipate fine delicacies from various regional cuisines. Culinary delights such as South Tyrolean cheese and bacon, olive oils, pumpkin seed products, jams, and essences round off the fair. Direct contact with customers is paramount for our vintners. Only in this way can they find the perfect wine for you. While there might be larger wine fairs, here, you are unquestionably the center of attention. The Kesselhaus in Kolbermoor is within walking distance of the train station, and there's ample parking nearby. The ""Wine & More"" in Landshut isn't just an exhibition, but also a social event, making it an ideal platform for indulgence, information, and connecting with like-minded individuals in a relaxed atmosphere."
Lähiruoka & Luomu,18. - 21. March 2027,Finland,Helsinki,Messukeskus Expo and Convention Centre,lahiruokajaluomu.messukeskus.com,"Lähiruoka & Luomu is a trade fair in Finland specializing in regional and organic food. The name is derived from the Finnish terms ""Lähiruoka"" (regional food) and ""Luomu"" (organic products), symbolizing high-quality, sustainable nutrition. As an integral part of the renowned Kevät Messut, this unique fair takes place annually in spring at the Messukeskus Helsinki, offering visitors the opportunity to explore the diversity of Finnish small-scale producers and sustainable food. The fair is organized by Messukeskus Helsinki, Finland's largest trade and convention center. Thanks to its central location and excellent infrastructure, it provides optimal conditions for exhibitors and visitors alike. The event highlights key topics such as regional food production, organic farming, and sustainable nutrition trends. It offers deep insights into a responsible food culture, bringing together producers, retailers, restaurateurs, and consumers. The fair serves as a platform for exchanging ideas on current developments in the food industry and discovering new products. The product range is diverse, spanning from artisanal meat and dairy products to grain-based foods, root vegetables, and traditional specialties, as well as innovative protein sources such as hemp. The fair also features organic ice cream, preserved foods, and canned goods. In addition to opportunities for tasting and purchasing products, the event offers a varied program, including cooking demonstrations, expert lectures, and workshops. Visitors receive valuable tips on sustainable nutrition and gain insights into organic certifications, eco-friendly production methods, and fair trade practices. A particular highlight of the fair is the presentation of the ""Vuoden lähiruokateko"" award (""Local Food Action of the Year""), which honors outstanding initiatives promoting regional food. This competition raises awareness of sustainable production and provides small businesses with a platform to showcase their innovations. The fair attracts exhibitors from various sectors, including organic farmers, local producers, gourmet food retailers, gastronomy businesses, and food technology companies. It also serves as a valuable networking platform for retailers, restaurant owners, and professionals in the food industry, facilitating new business opportunities. The main visitors include environmentally conscious consumers, professionals from the hospitality industry, and key decision-makers in the food sector. Lähiruoka & Luomu has established itself as a key event in Finland’s trade fair calendar, making a significant contribution to raising awareness of sustainable nutrition. As an integral part of Kevät Messut, it benefits from a broad audience and synergies with other thematic fairs in the areas of gardening, home living, and outdoor activities. Messukeskus Helsinki, the venue of the event, is not only Finland’s most important exhibition center but also conveniently accessible. It is well connected by public transport and easily reachable by car. Its central location in the Finnish capital makes it an ideal destination for both national and international visitors looking to be inspired at one of Northern Europe’s most modern exhibition venues."
Cafexpo Honduras,19. - 20. March 2027,Honduras,San Pedro Sula,Copantl Hotel & Convention Center,www.cafexpo.org,"CAFEXPO Honduras is the most important trade fair for specialty coffee in Honduras and enjoys a strong international reputation. Each year, the prestigious Copantl Hotel & Convention Center in San Pedro Sula transforms into a vibrant hub for the global coffee community. Organized by the Honduran Coffee Institute (IHCAFE), the event uniquely brings together expertise, innovation, and the country’s deeply rooted coffee culture. More than just a conventional trade fair, CAFEXPO serves as a specialized platform focused on quality, origin, and the future of the coffee sector. Producers, exporters, roasters, machinery manufacturers, packaging experts, baristas, and service providers from Honduras and around the world gather to exchange insights, share innovations, and foster new business opportunities. At the heart of it all: Honduran coffee – from select microlots and cutting-edge processing methods to roasting trends and creative value-added products such as cascara, cold brews, and specialty infusions. A particular highlight of the fair includes high-level cuppings, live roasting sessions, hands-on brewing techniques, and expert presentations on topics such as quality assurance, export strategies, market opportunities, and sustainable cultivation. The national coffee competition, along with the presentation of prestigious awards, positions CAFEXPO as a showcase of excellence and traceability. CAFEXPO’s significance for Honduras cannot be overstated. It highlights not only the economic and cultural importance of coffee to the country but also strategically connects the local industry with international markets and trends. The event targets decision-makers, buyers, baristas, start-ups, and coffee enthusiasts alike – in short, anyone who wants to actively shape the future of coffee, not just consume it. Exhibitors represent a wide range of sectors including agrotechnology, mechanical engineering, packaging, gastronomy, logistics, and trade – a thematic diversity that sets CAFEXPO apart. The Copantl Hotel & Convention Center, one of San Pedro Sula’s premier hotels, offers spacious, modern exhibition areas alongside high-quality accommodations. Thanks to its central location, the venue is just minutes from Ramón Villeda Morales International Airport – ideal for both national and international guests seeking comfort, efficiency, and coffee excellence all in one place."
Salon CPV,22. March 2027,Monaco,Monaco,Le Méridien Beach Plaza,salon-cpv.fr,"The Salon CPV, which stands for ""Club of Wine Professionals,"" is a B2B trade show dedicated entirely to the art and culture of wine. Hosted in the luxurious setting of Le Méridien Beach Plaza in Monaco, this annual event in October attracts wine aficionados, professionals, and enthusiasts from around the globe. The event is organized by IK COM, a company not only recognized for its expertise in managing large-scale events but also for hosting wine fairs in cities like Lyon, Nantes, Monaco, Strasbourg, and Bordeaux. Focusing primarily on the regional and national terroirs of France, Salon CPV presents a unique opportunity to uncover upcoming wine trends and to engage directly with the producers. France, one of the most prestigious wine-producing countries in the world, views such fairs not just as business opportunities, but as a continuation of its rich wine culture. Central themes of the fair revolve around the discovery, tasting, and discussion of various wines. This offers attendees the chance to identify wines that might be relevant to their businesses or ventures in the future. The audience primarily consists of gastronomy and hospitality professionals, wine merchants, sommeliers, as well as representatives and buyers. A special highlight of the Salon CPV is the professional wine tastings, during which awards are given for outstanding wines. However, more than competitions and awards, it is the unique atmosphere of exchange between passionate producers and connoisseurs that distinguishes this fair. Le Méridien Beach Plaza in Monaco not only offers a stylish and welcoming setting for this event, but it also stands out due to its central location. It epitomizes the luxury and charm typical of Monaco, creating the ideal backdrop for a fair that celebrates France's exquisite wines. In conclusion, the Salon CPV in Monaco offers an impressive wine experience, representing a fusion of tradition, passion, and innovation in the world of wine."
Parizza,24. - 25. March 2027,France,Paris,Paris Expo Porte de Versailles,www.sandwichshows.com,"The Parizza trade fair is an annual event that takes place in Paris and focuses on the pizza and Italian catering industry. It was created to provide professionals in the Italian cuisine field with a platform for exchanging ideas, innovations, and networking opportunities. The event attracts visitors and exhibitors from all over the world, including restaurant owners, pizza makers, ingredient and equipment suppliers, as well as representatives from franchise companies and food chains. The fair showcases new products, technologies, and services that are relevant to the industry. These include pizza ovens, dough kneading machines, refrigeration and storage systems, as well as innovative ingredients and recipes. Another highlight of the fair is the prestigious ""France Pizza Championship"" competition, in which talented pizza makers demonstrate their skills and compete for the title of the best pizza maker in France. The Parizza fair takes place at the Paris Expo Porte de Versailles exhibition center and usually lasts for two days. The Parizza fair takes place jointly with the Sandwich & Snack Show. The Sandwich & Snack Show is a leading European event for fast-food restaurants and out-of-home consumption. By combining the two events, visitors and exhibitors benefit from an expanded range of products, services, and innovations that are relevant to both the pizza and sandwich and snack industries."
Snack Show,24. - 25. March 2027,France,Paris,Paris Expo Porte de Versailles,www.sandwichshows.com,"The Snack Show ranks among Europe’s leading trade fairs for contemporary snacking concepts, quick-service dining and the out-of-home food market. Held annually at Paris Expo Porte de Versailles, it brings together the industry’s key players and provides a highly specialised marketplace for product innovation, technology and forward-looking foodservice concepts. Organised by RX France, one of the country’s foremost exhibition organisers and part of a global network of B2B event brands, the show extends well beyond a national platform. As part of an international portfolio, it attracts senior decision-makers from across Europe and further afield. Paris as the host city reinforces this global positioning. France is widely regarded as one of Europe’s most dynamic markets for bakery, snacking and chain catering, combining strong culinary heritage with a high level of innovation in foodservice. The Snack Show positions itself both as a trend barometer and as a business hub. The focus is on current developments in snacking, from plant-based and vegan concepts to gluten-free ranges, functional snacks and emerging flavour profiles. Exhibits include aperitifs, sweet snacks, ice cream and desserts, bread and baked goods, pasta, salads, sandwiches, sauces, meat and charcuterie products, dairy, frozen foods and international specialities. The offer is complemented by a comprehensive drinks segment covering tea, matcha, energy drinks, juices, natural soft drinks, syrups and lemonades. Non-food categories are equally prominent, with packaging solutions, labelling, disposable and reusable tableware, and tabletop accessories reflecting the growing importance of sustainable and functional presentation formats in the out-of-home sector. A particular draw for trade visitors is the technology and equipment segment, notably the “Smart Lab”, which showcases foodtech solutions, professional kitchen equipment, digital ordering and EPOS systems, and efficiency tools for foodservice operators, caterers and on-the-go concepts. In addition, “Parizza” provides a dedicated, closely integrated area for Italian-inspired snack and catering concepts, with a strong emphasis on pizza and pasta solutions. In this way, the show brings together several specialised segments under one roof. Exhibitors represent the food and beverage industry, packaging, catering equipment, foodtech, logistics and digital services. The event is primarily targeted at operators of quick-service restaurants, bakeries, coffee shops and chain catering businesses, as well as catering companies, hoteliers, retailers, petrol station and travel retail operators, investors and franchisors. As such, the Snack Show covers the entire out-of-home value chain. As an annual industry event, the show benefits from the modern infrastructure of the Porte de Versailles exhibition centre. The venue is directly connected to the Paris Metro and tram network and is easily accessible both from the city centre and from the international airports Charles de Gaulle and Orly. The combination of a global city, state-of-the-art exhibition facilities and a fast-growing foodservice market makes the Snack Show a key date in the calendar for anyone looking to shape the future of Europe’s snacking and quick-service sectors."
International Bulk Wine and Spirits Show UK (IBWSS UK),25. - 26. March 2027,United Kingdom of Great Britain and Northern Ireland,London,Christ Church Spitalfields Venue,ibwsshowuk.com/en/,"The International Bulk Wine and Spirits Show UK (IBWSS UK) is a leading industry event held annually in London. Organized by the Beverage Trade Network , the show has established itself as a key platform for buyers and sellers in the global wine and spirits industry. Its primary goal is to connect producers, distilleries, importers, and distributors, fostering new business opportunities and strengthening existing networks. IBWSS UK attracts a diverse range of exhibitors – including renowned wineries, distilleries, and importers. In addition to offering products for sale, many participants also provide services such as contract manufacturing and private label programs. This allows attendees to create customized products and bring them successfully to market. The comprehensive event program covers a wide array of current topics – from trends in bulk and private label production to modern marketing strategies and global market insights. Attendees particularly value the networking events, which enable professionals to connect and forge new partnerships, as well as the practical seminars and workshops led by top industry experts. A core focus of IBWSS UK is the sourcing of bulk wine and spirits and the opportunity to build direct relationships with private label suppliers. The event offers supermarkets, retailers, restaurants, and large-scale buyers an international platform to discover exclusive products for their portfolios. The show takes place at the stunning Christ Church Spitalfields Venue – one of London’s most architecturally significant Baroque churches. Located in the vibrant and creative district of Shoreditch, the venue combines historic charm with modern amenities, providing the perfect setting for IBWSS UK. The unique atmosphere of Christ Church Spitalfields lends the event a distinctive flair and creates an inspiring environment for networking, innovation, and business success."
Speciality and Fine Food Fair,05. - 07. April 2027,United Kingdom of Great Britain and Northern Ireland,London,ExCeL London,www.specialityandfinefoodfairs.co.uk,"The Speciality & Fine Food Fair (SFFF) is one of the leading trade fairs for premium food and drink specialties in the United Kingdom. Held annually in September at the prestigious ExCeL London in the heart of London, the event is organised by Montgomery International Ltd., a globally active and experienced trade show organiser. The fair is considered a must-attend event for professionals in the fine food trade, gastronomy, and high-end retail sectors. The fair serves as a platform for discovering and tasting innovative products from both the UK and abroad. It fosters meaningful dialogue among producers, buyers, retailers, importers, exporters, and hospitality professionals. The focus lies firmly on quality, authenticity, and taste – from award-winning cheeses and craft spirits to internationally recognised delicatessen products. With a clear emphasis on the evolving needs of a dynamic industry—where provenance, craftsmanship and sustainability play an increasingly vital role—the Speciality & Fine Food Fair provides targeted inspiration. Signature features such as “Pitch Live”, where emerging brands present their products to leading retailers, and the “Start-Up Village”, which showcases innovative newcomers, help bring the latest trends to light. A particular highlight is the curated education programme on the “Food for Thought” stage. Industry experts offer valuable insights into current developments, including trend forecasting, artificial intelligence in retail, ethical sustainability, gender diversity in the drinks sector, and cyber resilience. This knowledge-sharing format adds significant value beyond the product showcases. The newly designed Village Square serves as the central networking hub, offering space for regional tastings, moderated discussions, and business matchmaking. The fair experience is further enriched by immersive zones such as the Drinks Quarter, Wine Cellar and Great Taste Deli, where visitors can explore the latest flavour and consumer trends. Firmly rooted in London and the UK, the Speciality & Fine Food Fair highlights regional British specialties while simultaneously positioning the country as an international hub for fine food innovation. The historic ExCeL London, with its central location and excellent public transport links, offers ideal conditions for national and international trade visitors. For those seeking new impulses, a strong focus on quality, and opportunities to connect with thought leaders across the sector, the Speciality & Fine Food Fair remains an essential event on the industry calendar."
WEIN & more,10. - 11. April 2027,Germany,Landshut,Bernlochner Saal,www.wein-erlebnis-messe.de/weinmesse-landshut,"The Wein & More trade fair in Landshut is a small but fine, family wine fair in Lower Bavaria that focuses on the world of wines, spirits and culinary delights. The trade fair takes place in the Stadtsäle Bernlochner in Landshut, a modern and versatile event hall in the Bavarian city. It attracts numerous visitors from the region and beyond who are interested in high-quality wines, spirits and culinary delights. During the two-day event, numerous national and international exhibitors will present their products and services. It is organized by organizer Ingo Raibold, who is committed to bringing wine lovers and interested visitors together. Wein & More offers a wide range of wines, spirits, cheese, chocolate, delicatessen and other specialties from different regions and countries. The trade fair is a meeting point for winemakers, dealers, restaurateurs, sommeliers, trade visitors and wine lovers who want to exchange ideas about the latest trends, developments and innovations in the world of wine and gourmet enjoyment. In addition to the exhibition area, Wein & More offers a diverse supporting program ranging from tastings, seminars, workshops and specialist lectures to culinary shows and presentations. Experts and industry insiders share their knowledge and experiences with visitors and offer valuable information, tips and suggestions for selecting, storing and tasting wines and other products. The Wein & More in Landshut is not just a trade fair, but also a social event and therefore an ideal platform for enjoyment, information and exchange with like-minded people in a relaxed atmosphere."
Foodex Manufacturing Solutions,12. - 14. April 2027,United Kingdom of Great Britain and Northern Ireland,Birmingham,National Exhibition Center (NEC),www.foodex.co.uk,"Foodex Manufacturing Solutions is one of the United Kingdom’s leading trade exhibitions for the food and drink manufacturing industry. Open exclusively to trade visitors, the event provides a comprehensive overview of the latest developments across the entire food production value chain, from processing and packaging through to logistics, automation and sustainable manufacturing solutions. The exhibition takes place at the National Exhibition Centre (NEC) in Birmingham, one of the UK’s largest and most advanced exhibition venues. Foodex Manufacturing Solutions is held annually and organised by William Reed Ltd., a respected British media and events company specialising in the food, beverage and hospitality sectors. Drawing on the organiser’s extensive industry expertise, the event has established itself as a key meeting place for decision-makers, manufacturers, technology providers and industry professionals. The exhibition focuses on food processing solutions, packaging technologies, intralogistics, and digital and automated production systems. Visitors can explore the latest manufacturing and process technologies, including equipment for mixing, cutting, heating and cooling food products, as well as quality assurance and hygiene management systems. The event also showcases innovative packaging machinery, sustainable packaging solutions, coding and marking technologies, and end-of-line and palletising systems. Additional areas of focus include logistics and supply chain solutions, traceability systems, and warehousing and materials handling technologies for the food industry. Emerging technologies such as robotics, artificial intelligence, Industry 4.0 applications, Manufacturing Execution Systems (MES) and data-driven process optimisation are also strongly represented. Sustainability is another key theme, with exhibitors presenting energy-efficient production methods, resource-saving technologies, circular economy concepts and solutions designed to reduce carbon emissions throughout manufacturing and logistics operations. The exhibition covers a broad range of industry sectors, including meat processing, bakery production, dairy manufacturing, beverage production, fresh foods and seafood. Reflecting this diversity, exhibitors range from machinery and plant manufacturers to packaging specialists, automation providers, software developers, logistics companies and quality management service providers. Key visitor groups include production managers, plant and operations managers, engineers, technicians, quality managers, procurement professionals and senior executives from across the food and drink industry. The event also attracts professionals from the packaging, logistics, retail and research sectors, who attend to discover new technologies, gain insights into market trends and develop valuable business connections. Highlights of the exhibition include live demonstrations of advanced processing and packaging technologies, expert-led conference sessions and presentations showcasing innovative concepts for the factory of the future. The NEC provides a first-class exhibition environment with direct access to the UK motorway network, Birmingham International railway station and Birmingham Airport, which is located adjacent to the venue. This excellent transport infrastructure ensures that Foodex Manufacturing Solutions is easily accessible to both domestic and international visitors, providing an ideal platform for business development, networking and the exchange of forward-looking industry ideas."
Anuga Select Japan,13. - 15. April 2027,Japan,Tokyo,Tokyo Big Sight,www.anuga-japan.com,"Anuga Select Japan is a specialized trade fair for healthy and sustainable food and beverages, held at Tokyo Big Sight, Japan's largest exhibition center. This annual event attracts visitors and exhibitors from around the world who are interested in innovations in the food industry. The name Anuga represents a wide array of products and innovations showcased at the fair. The event aims to meet the growing demand for health-conscious and eco-friendly products, which is especially significant in East Asia where demographic shifts and climate change challenges play a central role. The main themes of the fair include delicacies, meat products, alternative protein sources, and vegan and vegetarian options. A broad range of beverages, from coffee to innovative refreshment drinks, is also presented. These reflect the global trend towards more sustainable and healthier dietary options. Anuga Select Japan serves not only as a platform for knowledge and product exchange but also as a showcase for Japan's unique contributions to food innovation. Exhibitors from various sectors, including food production and technology as well as beverage manufacturing, display their latest developments here. Visitors to the fair are professionals from the food and beverage industry, buyers from large retail chains, and representatives of organizations committed to health and sustainability. They are in search of new products that not only delight the palate but are also beneficial for health and the environment. As part of the globally recognized Anuga fairs, the event offers a comprehensive platform for the global food industry. The strikingly designed Tokyo Big Sight is located on the artificial island of Odaiba in Tokyo Bay and is easily accessible. Anuga Select Japan promises an exciting fair experience with deep insights into the future of the food industry, offering informative and inspiring moments as well as numerous networking opportunities."
UzFood,13. - 15. April 2027,Uzbekistan,Tashkent,Uzexpocentre,uzfoodexpo.uz,"UzFood is an international trade fair for food and beverages in Uzbekistan. Held annually in spring at the UEC Uzexpocentre in Tashkent, it serves as a key platform for industry professionals, companies, and experts. As the most important event of its kind in Central Asia, UzFood brings together exhibitors and visitors from various sectors, including producers, importers, exporters, retailers, restaurateurs, and food technologists. The fair is organized by Iteca Exhibitions, a company specializing in the organization of high-profile trade fairs. UzFood covers a wide spectrum of the food industry, showcasing the latest trends, products, and technologies. Key themes include food and beverages, such as meat and fish products, dairy products, baked goods, confectionery, frozen foods, and beverages. Additionally, ingredients and additives, including spices, flavors, organic products, and sweeteners, are a major focus. Another core area is food processing and packaging, featuring machinery for food production, innovative packaging solutions, and systems for labeling and quality assurance. The HoReCa sector (Hotels, Restaurants, Catering) also plays a significant role at UzFood. The fair presents professional kitchen equipment, bakery appliances, as well as coffee and tea accessories. Moreover, it highlights advancements in agricultural and agritech solutions, including modern greenhouse technologies, agricultural machinery, and innovations in seed and crop protection. A special highlight of UzFood is its live demonstrations, expert lectures, and conferences, which provide visitors with the opportunity to experience new technologies firsthand and engage with industry specialists on the latest developments. The fair plays a crucial role in advancing Uzbekistan’s food industry by fostering innovation, strengthening international business relations, and offering companies a platform to present themselves to a growing market. UzFood attracts companies from numerous sectors, including food production, gastronomy, retail, agriculture, and packaging technology. Its primary audience consists of decision-makers and professionals looking for new products, business partners, and innovative solutions. As Uzbekistan’s economic hub, Tashkent provides a modern infrastructure for trade fairs and congresses at the UEC Uzexpocentre. Conveniently located, the venue offers easy access from both the airport and the city center. This makes UzFood the ideal meeting point for businesses and experts to actively shape the future of the food and beverage industry in Uzbekistan and beyond."
WorldFood Poland,13. - 15. April 2027,Poland,Warsaw,Warszawskie Centrum EXPO XXI,www.worldfood.pl,"WorldFood Poland is an international fair dedicated to the fields of food and beverages, food processing, and packaging. As the largest food fair in Poland, it connects traders, retailers, manufacturers, and industry associations. The annual event takes place at the Warszawskie Centrum EXPO XXI in Warsaw, known for its excellent accessibility and modern facilities. Organized by Lentewenc Sp. z o.o. Ltd., a company experienced in the organization of trade fairs, ""WorldFood Poland"" offers a wide range of products and services. This includes raw materials, additives, food products, and beverages, as well as packaging and logistics solutions. Special attention is given to segments such as organic foods, functional foods, dietary supplements, and plant-based meat and dairy alternatives. The fair reflects the dynamism and diversity of the food industry, both in Poland and internationally, serving as a showcase for innovations and current trends. Highlights of the program include the ""WorldFood Gold Medal"" competition for outstanding products and various conferences and workshops with industry experts, addressing important topics like sustainable meat production and alternative protein sources. With a broad spectrum of exhibitors from the fields of food production, beverage manufacturing, technology, as well as packaging and logistics, the fair appeals to a diverse audience. This includes producers, suppliers, retailers, and wholesalers, as well as industry specialists, emphasizing the fair's significance for trade and networking. Finally, the Warszawskie Centrum EXPO XXI in Warsaw, with its modern infrastructure and central location, provides an ideal venue. The vibrant culture and history of Warsaw further enrich the experience for fair visitors. The good transport connections and proximity to accommodations and dining facilities make the fair center an attractive meeting point for professionals from around the world."
Bellavita,13. - 15. April 2027,Poland,Warsaw,Warszawskie Centrum EXPO XXI,www.bellavita.com/en/expo/warsaw,"The Bellavita Expo in Warsaw is a globally renowned trade fair dedicated to Italian food and beverages, held annually. It has established itself as a key platform for Italian producers to showcase their high-quality products to an international audience of professionals from the gastronomy, retail, and wholesale sectors. The event is organized by Bellavita Expo Ltd., a company committed to promoting Italian food and beverage culture worldwide. With a strong emphasis on authenticity and quality, the expo offers a unique opportunity to experience the richness and excellence of Italian cuisine up close. Visitors can explore a diverse range of products, from traditional specialties to innovative new offerings, including fine wines and spirits, premium cheeses, air-dried cured meats, handmade pasta, exquisite confectionery, and fresh fruits and vegetables. Italian coffee, gourmet delicacies, and convenience products also play a significant role in the exhibition. A highlight of the event is the live cooking demonstrations and tastings, where top Italian chefs showcase their skills and take guests on a culinary journey through Italy’s diverse regions. Competitions and award ceremonies add further excitement, recognizing outstanding products and innovations. The Bellavita Expo in Warsaw is exclusively open to industry professionals and serves as a central meeting point for buyers, importers, and distributors looking to expand their portfolios with premium Italian products. The fair provides an excellent platform for forging new business connections and establishing long-term trade relationships. Warsaw was strategically chosen as the venue due to its role as a dynamic commercial hub for Central and Eastern Europe. The expo is held in a modern event location that offers top-tier infrastructure and an ideal setting for business negotiations and product presentations. As part of the internationally expanding Bellavita series, which also takes place in other cities worldwide, the Bellavita Expo in Warsaw has become one of the most important industry events for Italian food and beverages. With a steadily growing number of exhibitors and visitors, it underscores its central role in the international trade of Italian delicacies year after year."
COFFeEAST,16. - 18. April 2027,Romania,Bucharest,Romexpo Exhibition Center,coffeeast.com,"COFFeEAST is a hybrid trade and cultural fair dedicated to speciality coffee. It brings together business, craft and community in a distinctive format. The event is organised by COFFEEAST FESTIVAL SRL, a Romanian company committed to strengthening the Eastern European coffee scene, fostering connections and raising its international profile. The fair takes place at the Romexpo Exhibition Center in Bucharest, the country’s leading exhibition and convention venue. This strategic location positions COFFeEAST at the heart of South Eastern Europe – a region experiencing rapid growth in hospitality, a wave of innovative roasteries and rising demand for speciality coffee. COFFeEAST covers the entire coffee value chain. Its core focus is Eastern Europe’s speciality coffee culture – from filter and espresso traditions to third-wave roasteries, independent cafés and emerging brands. At the same time, it serves as a dedicated trade platform for professional buyers and decision-makers. Exhibitors showcase state-of-the-art roasting technology, premium espresso machines and grinders, water treatment systems, digital POS and B2B solutions, as well as accessories, ceramics and design-led products. The portfolio is complemented by craft beverages, food concepts and carefully curated lifestyle brands that broaden the overall coffee experience. A defining feature of the fair is its hands-on programme. Workshops, cuppings, sensory sessions and expert talks provide both industry professionals and ambitious coffee enthusiasts with practical insights and applicable expertise. Baristas, roasters, traders, hospitality professionals, café owners, hoteliers, importers and start-ups use the event as a platform for networking, product launches and market entry into Eastern Europe. Highlights include competitions such as the GreatEast Cup – a barista championship featuring individual and team formats alongside creative and speed challenges. The programme also includes latte art throwdowns and live performance formats that spotlight craftsmanship, precision and innovation. In this way, COFFeEAST is not only a business platform but also a stage for talent and emerging trends. The Romexpo Exhibition Center is located in the north of Bucharest and is easily accessible from both Henri Coandă International Airport and the city centre. Modern halls, generous exhibition space and robust infrastructure provide ideal conditions for exhibitors and trade visitors alike. COFFeEAST is therefore far more than a conventional trade fair. It combines marketplace, knowledge platform and festival into a cohesive, carefully curated experience where coffee culture, technology and commercial exchange converge."
Coffee Expo Seoul,28 Apr. - 01 May. 2027,South Korea,Seoul,COEX Convention and Exhibition Center,www.coffeeexposeoul.com,"The ""Coffee Expo Seoul"" is an international trade fair for the coffee industry, held annually at the COEX Convention and Exhibition Center in Seoul since its inception in 2012. The name underscores its significance as a central meeting point for coffee enthusiasts and professionals. As the largest coffee expo in the first half of the year, it plays a vital role in the dynamically growing coffee industry of South Korea and Asia. Organized by COEX Convention & Exhibition Ltd., a renowned entity in the field of trade fairs and conventions, Coffee Expo Seoul impresses with its diverse themes and offerings. In addition to various forms of coffee – from whole beans to green and roasted coffee – it also includes filter coffee, coffee filters, and other utensils. Moreover, numerous raw materials, ingredients, machinery, and equipment are showcased. The range extends to gourmet foods, bakery and confectionery products, as well as tea variations. Topics such as furniture and store supplies, franchising, and services, as well as paper and packaging materials, are also represented at the expo. The expo provides a unique platform for exhibitors from various sectors, including coffee producers, suppliers of bakery and tea products, and machinery and equipment providers. It attracts a wide audience, comprising dealers, restaurateurs, baristas, and other professionals from the coffee industry, as well as lovers of gourmet products and beverages. A highlight of the expo is the World Superbarista Championships, a competition that showcases the skills and creativity of the best baristas. Additionally, the expo offers seminars, workshops, and coffee tastings, granting visitors unique insights into the latest trends and innovations in the industry. The Coffee Expo Seoul reflects the increasing importance and popularity of coffee in South Korea and makes a significant contribution to the development of both local and international coffee culture. The COEX in Seoul, the largest exhibition center in Korea, also serves as a cultural and commercial hotspot. Its central location in the heart of the city, surrounded by a variety of attractions and amenities, makes it an ideal venue for international events like the Coffee Expo Seoul."
FENAVIN,11. - 13. May 2027,Spain,Ciudad Real,Pabellón Ferial de Ciudad Real,www.fenavin.com,"FENAVIN – the Feria Nacional del Vino – is the leading trade fair for Spanish wines and a key meeting point for industry professionals, buyers, and producers. Its name, meaning “National Wine Fair”, already reflects its core mission: the targeted promotion of Spanish wine culture. Since its inception in 2001 by the Provincial Council of Ciudad Real, FENAVIN has evolved into a strategically important event in the international wine trade. It is unique in its exclusive focus on Spanish wines, comprehensive in representing all Spanish wine-growing regions, and highly practical in its commitment to fostering business connections and supporting export activities. Each year, the Pabellón Ferial in Ciudad Real opens its doors to trade visitors from around the world. Its central location in the province of Castilla-La Mancha offers clear logistical advantages—just 50 minutes from Madrid by high-speed train—while also anchoring the fair in a region with centuries of winemaking tradition. FENAVIN centers on Spanish wine exports, the cultivation of business relationships, and the professionalization of the trade. A structured system connects exhibitors and buyers efficiently. Digital tools allow participants to schedule meetings in advance, search specifically for products or suppliers, and prepare thoroughly—an approach that enhances efficiency and delivers measurable value. At the heart of this system lies the tailor-made “Contact with...” program. Exhibitors include renowned wineries, cooperatives, trade companies, and service providers in production, packaging, and distribution—exclusively showcasing Spanish wines and wine-based beverages. The range spans from small, family-run bodegas to large-scale producers with global reach. This offer is complemented by the “Wine Gallery”, a central tasting zone where visitors can systematically compare and sample hundreds of wines, independent of the exhibition stands. A high-quality supporting program of seminars, discussion panels, and expert lectures accompanies the fair. It addresses current topics in the wine industry, emerging market trends, and legal developments—positioning FENAVIN not only as a marketplace but also as a think tank for the sector. Visitors primarily come from the national and international wholesale and retail trade, the hospitality industry, as well as from import and distribution—decision-makers with clear purchasing intent and authority. Ciudad Real, located in the heart of Spain, offers a modern exhibition center with a functional infrastructure, free parking, and excellent transport connections—whether by car or AVE high-speed train. The city itself, with its historic charm, vibrant culinary scene, and proximity to major wine regions, invites guests to enrich their visit with cultural experiences. FENAVIN is therefore far more than a trade fair—it is a window into the soul of Spanish wine."
Allergy & Free From Show,15. - 16. May 2027,United Kingdom of Great Britain and Northern Ireland,Birmingham,National Exhibition Center (NEC),allergyshow.co.uk,"The Allergy & Free From Show in Birmingham, organised by Raccoon Media Group Ltd, is the leading event for health-conscious consumers focused on allergy-friendly lifestyles. It caters to individuals with allergies, respiratory conditions, food intolerances, eczema, or coeliac disease. Held annually at the NEC Birmingham—one of the UK’s largest and most modern exhibition centres—the event benefits from excellent transport links, spacious exhibition areas, and state-of-the-art infrastructure, offering ideal conditions for both visitors and exhibitors. The show provides a unique platform for direct interaction between visitors, manufacturers, experts, charities, and support groups. On display are allergen-free foods and beverages, skincare and haircare products, as well as household items designed to make daily life easier and improve the quality of life for those affected. A particular highlight is the diverse programme of events, including live cooking demonstrations, expert talks, and personalised advice sessions. These offer practical solutions and innovative approaches for living allergy-free. The programme is complemented by children’s activities, giving the show a family-friendly atmosphere that combines education with entertainment. For exhibitors, the event is a valuable opportunity to reach their target audience directly and receive immediate feedback on products and services. The show serves not only as a marketplace but also as a central hub for sharing knowledge and personal experiences. The Allergy & Free From Show in Birmingham is a key destination for anyone seeking safe and reliable solutions in dealing with allergies and intolerances. Year after year, it attracts thousands of visitors and hundreds of exhibitors—a place where information, innovation, and inspiration come together."
Fispal Sorvetes,18. - 21. May 2027,Brazil,Sao Paulo,Expo Center Norte,www.fispalfoodservice.com.br,"Fispal Sorvetes is a renowned trade fair for the ice cream and gastronomy industries. The acronym ""Fispal"" stands for ""Feira Internacional de Produtos e Serviços para a Alimentação"", which translates to ""International Fair for Products and Services in the Food Industry"". It takes place annually at the Expo Center Norte in São Paulo, Brazil, attracting industry professionals from around the world during the local winter months. Organized by Informa Markets, a global leader in trade fairs, Fispal Sorvetes provides a platform to showcase the latest products, services, and technologies for the ice cream industry and related gastronomy sectors. Main themes include product development technologies, cold chain optimization, logistics, and energy efficiency. The fair features equipment, products, and services specifically developed for the gastronomy sector, including innovative ice cream machines, ingredients, and packaging solutions. These offer a comprehensive overview of the current state and future trends of the industry. The fair is significant for São Paulo and Brazil as it brings together local and international experts, contributing to the global development of gastronomy. Highlights include numerous lectures and practical demonstrations by renowned chefs and industry experts. Workshops and consultations by highly specialized professionals are also a crucial part of the event. The main exhibitors and visitors come from food processing and gastronomy. The fair serves as a central meeting point for restaurateurs, manufacturers, and suppliers eager to explore the latest trends and technologies. Fispal Sorvetes is part of a larger family of fairs, including Fispal Food Service, and is often held concurrently with it. This arrangement provides participants with a unique opportunity to learn about various segments of the gastronomy industry and to network. The Expo Center Norte, the venue for the fair, is easily accessible due to its central location in São Paulo and features excellent infrastructure for international events. This makes it an ideal location for an international fair like Fispal Sorvetes, which attracts numerous visitors and professionals each year."
IFEX Philippines,20. - 22. May 2027,Philippines,Pasay,World Trade Center Metro Manila,www.ifexconnect.com/ifexphilippines,"The IFEX Philippines is an annual trade fair for Philippine and Asian food products and services, held at the World Trade Center Metro Manila in Pasay, Philippines. The goal of this event is to showcase the rich gastronomic tradition of the region and to establish connections between local producers and the global market. The fair presents thousands of food items, beverages, and spices from Manila and across the Philippines. It allows exhibitors to introduce their products to an international audience and to build direct business relationships. Visitors have the opportunity to enjoy a sensory experience by discovering a variety of flavors and interacting directly with vendors. A key feature of the IFEX Philippines is its role as a showcase for new ideas and trends in the food sector. Numerous international exhibitors use the fair to introduce their latest products and explore new business opportunities. It serves as an ideal platform for professionals to stay informed about current trends, forge partnerships, and connect with experienced manufacturers and suppliers. The World Trade Center Metro Manila, the venue for the event, offers a modern and accessible location for this international gathering. It is situated in the heart of the Manila metropolitan area and is equipped with extensive facilities designed specifically for large events. In summary, the IFEX Philippines is not only a trading platform and a place for exchanging expertise but also a cultural showcase that highlights the diversity and richness of Philippine and Asian cuisine."
Good Food & Wine Show,28. - 30. May 2027,Australia,Melbourne,MCEC - Melbourne Convention and Exhibition Center,goodfoodshow.com.au/melbourne,"The Good Food & Wine Show is one of Australia’s most prominent public exhibitions dedicated to culinary excellence. Since its inception in 2001, it has served as a key platform for indulgence, innovation, and exchange within the Australian food and beverage industry. Today, the name represents far more than just fine food and wine—it embodies a comprehensive experience centered around premium gastronomy, exclusive tastings, and the latest gourmet trends. Each year, the show opens its doors at the Melbourne Convention and Exhibition Centre (MCEC)—Australia’s largest and most modern event venue, located on the banks of the Yarra River in the heart of Melbourne. The event is organized by Spectapular Enterprises Pty Ltd, an experienced event management company specializing in the creation of impactful, brand-defining experiences. At the heart of the exhibition is the theme of indulgence, with a focus on food, wine, spirits, hospitality, kitchen technology, and culinary tourism. Visitors can look forward to a diverse program that includes live cooking demonstrations by renowned Australian chefs such as Alastair McLeod, themed masterclasses on chocolate, cheese, or gin, and over 300 carefully curated exhibitors. The show features everything from artisanal delicacies to cutting-edge kitchen solutions. Particularly popular are experiences such as the guided Wine Selectors Tasting Rooms , chocolate journeys led by pastry chef Kirsten Tibballs, and exclusive martini workshops with tailored food pairings. A standout highlight is the Good Food Village —a bustling market hall featuring select producers and artisanal makers—as well as the Cheese Corner , which showcases the diversity and creativity of Australian cheesemaking. The event appeals to a wide audience: from hobby chefs and gourmet enthusiasts to industry professionals in hospitality, retail, and tourism. At the same time, it serves as a stage for Australia’s culinary identity, illustrating how vibrantly the industry has evolved as both a creative and economic driving force. The Good Food & Wine Show is not limited to Melbourne; it is part of a national event series that also includes cities like Sydney, Brisbane, and Perth. This makes it the premier traveling culinary exhibition in Australia. Visitors can expect an immersive, high-quality experience featuring VIP offerings, interactive tastings, and expert insights—all within an atmosphere that brings the joy of food and drink to life in a unique way. The MCEC impresses with its central location, excellent public transport connections, and state-of-the-art infrastructure. As a cultural and culinary capital, Melbourne provides the perfect backdrop for an event that seamlessly blends gastronomy, lifestyle, and innovation."
Good Food & Wine Show,25. - 27. June 2027,Australia,Sydney,International Convention Centre ICC,goodfoodshow.com.au/sydney,"The Good Food & Wine Show is an annual consumer exhibition that has established itself as a central event for culinary enthusiasts. The event is organized by Diversified Communications Australia at the renowned International Convention Centre (ICC) in Sydney, a leading company specializing in trade fairs. It offers a unique platform to discover the latest trends and innovations in the food and wine industry. Each year, the fair attracts thousands of food connoisseurs, wine lovers, and industry experts. The Good Food & Wine Show showcases an impressive variety of products and services covering a wide range of culinary topics. This includes wines from renowned Australian wine regions such as the Barossa Valley and Margaret River, craft beers, spirits, gourmet snacks, cheese, chocolate, and a selection of kitchen utensils and appliances. Numerous exhibitors from the food, beverage, hospitality, kitchen technology, and tourism sectors present their latest offerings, offering exclusive tastings and interactive cooking demonstrations. Highlights of the event include wine and food tastings, as well as interactive masterclasses conducted by industry experts. Live cooking demonstrations by famous Australian chefs such as Curtis Stone and Maggie Beer give visitors exciting insights into preparing exclusive dishes. Additionally, participants can attend special events such as the RIEDEL Wine Glass Experience or the Chocolate Appreciation Masterclass to deepen their knowledge of the art of wine and chocolate enjoyment. The Good Food & Wine Show fosters cultural and economic ties with Australia by showcasing the country's culinary traditions and innovative spirit, while also encouraging international exchange. The events take place not only in Sydney but also in other cities like Melbourne, Brisbane, and Perth, giving the fair national significance. It is particularly noteworthy that the fair offers professionals in the gastronomy, wine production, food manufacturing, and tourism industries valuable opportunities to network, maintain business relationships, and explore new markets. The primary visitors are both professionals from the foodservice and wine industries and culinary enthusiasts interested in the latest products and trends. The ICC Sydney, a modern and environmentally sustainable exhibition center in Darling Harbour, is the ideal venue for such a significant event. It offers top-notch facilities and is easily accessible for both local and international visitors. Surrounded by a vibrant atmosphere and numerous recreational opportunities, it provides the perfect location for an exhibition that stimulates all the senses and delights with a wide range of culinary experiences."
FHI Food & Hotel Indonesia,21. - 24. July 2027,Indonesia,Jakarta,JIExpo Jakarta International Expo,foodhotelindonesia.com,"FHI Food & Hotel Indonesia is one of the most prominent and internationally recognized trade fairs for the gastronomy, hospitality, and food industries in Southeast Asia. It is organized by PT Pamerindo Indonesia, a member of the Informa Markets Group—one of the world’s leading organizers of B2B events. Held biennially at the Jakarta International Expo (JIExpo)—Indonesia’s largest and most modern exhibition center—the fair benefits from a prime location with direct access to international airports, a wide range of nearby accommodations, and well-developed transport infrastructure. The choice of venue underscores Jakarta’s role as the nation’s economic and cultural hub. The exhibition comprehensively covers the entire spectrum of the foodservice and hospitality industries—from food and beverages to kitchen technology, interior design, and packaging innovation. Visitors gain insight into the latest developments and offerings, including fresh seafood, plant-based alternatives, Halal-certified products, state-of-the-art kitchen appliances, digital service systems, and innovative beverage selections such as coffee, tea, wine, spirits, and alcohol-free options. The event is geared toward professionals from the hotel and restaurant sectors, trade, consultancy, and investment. Decision-makers in procurement and operations, as well as exhibitors from food production, technology, interior design, and service industries, use the platform to establish a foothold in Indonesia’s dynamic market—an increasingly attractive destination thanks to its young population and rapidly growing tourism sector. A standout feature of the FHI is its extensive supporting program. The FHI Food Academy offers hands-on workshops, such as “Experience the Art of Vegan Cooking,” that provide valuable opportunities for professional development. Industry talks and expert panels address emerging trends, innovations, and strategic insights. The ""Innovation Spotlight"" format highlights advances in hospitality technology and digital transformation. Competitions like the Salon Culinaire and the World Fashion Drinks Competition foster creativity and showcase emerging talent. In addition, structured networking programs and targeted business matchings facilitate valuable commercial connections. FHI Food & Hotel Indonesia is an essential platform for professionals across the food, beverage, and hospitality sectors looking to strengthen their market presence, discover new products, and build international partnerships. The Jakarta International Expo serves as an ideal venue with its modern infrastructure, professional event management, and excellent accessibility—a space that brings together innovation and collaboration in the heart of a vibrant, emerging metropolis."
Finefood Indonesia,21. - 24. July 2027,Indonesia,Jakarta,JIExpo Jakarta International Expo,www.foodhospitalityindonesia.com,"Finefood Indonesia is recognized as the leading trade fair for food, beverages, baked goods, coffee, tea, wine, and spirits in Indonesia. Held annually at the Jakarta International Expo (JIExpo), one of Southeast Asia’s most modern exhibition venues, it offers excellent accessibility from both the city center and the international airport of the capital. Under the name ""Finefood"", the event showcases not only premium gourmet products but also represents a carefully curated format focused on the high-end segment of the food and beverage industry. It is organized by PT Pamerindo Indonesia, a subsidiary of the globally active Informa Markets—one of the world’s most prestigious B2B event organizers. With this strong foundation, Finefood Indonesia has become more than just a regional highlight; it is a key platform for international business development and industry networking across Southeast Asia. The trade fair covers the entire value chain of the food and beverage sector. Innovations are presented across areas such as fine foods, bakery and confectionery, ice cream production, barista technology, and advanced solutions for the hospitality, gastronomy, and foodservice industries. Special emphasis is placed on coffee and tea—from raw materials to professional equipment—as well as on wine and spirits, including tastings and introductions of new market trends. The event program is enhanced by competitions and innovation forums. Highlights such as the Latte Macchiato Challenge or creative baking contests offer a stage for professionals and emerging talent. Seminars and thematic exhibitions address current industry developments while promoting sustainability and technological progress—fully in line with the motto of the concurrently held Food & Hospitality Indonesia (FHI): “Cultivating Future in Sustainable Culinary and Hospitality”. Finefood Indonesia is designed specifically for trade professionals: producers, distributors, and suppliers of equipment for hotels, restaurants, and cafés (HoReCa) meet key decision-makers from the hospitality, gastronomy, and retail sectors. This creates a highly specialized platform that not only reflects market trends but also fosters high-level international networking. With its modern infrastructure, rich cultural backdrop, and diverse culinary landscape, Jakarta provides the ideal setting for an event that goes far beyond conventional product showcases. Finefood Indonesia is more than a trade fair—it is a catalyst for innovation, a meeting point for industry experts, and a source of momentum for shaping the future of the food and beverage industry."
Good Food & Wine Show,20. - 22. August 2027,Australia,Perth,Convention & Exhibition Center,goodfoodshow.com.au/perth,"The Good Food & Wine Show (GFWS) is one of Australia’s premier public exhibitions for food, wine, and gourmet experiences. It attracts food enthusiasts, wine connoisseurs, and industry professionals alike. Since its debut in Perth in 2008, it has impressed visitors each year with a diverse range of high-quality products, engaging live experiences, and opportunities for personal interaction. The event is held at the Perth Convention & Exhibition Centre (PCEC) – a modern venue in the heart of the city, well-connected by public transport. The show is organised by Spectapular Enterprises Pty Ltd, an experienced event management company that has created a platform through the GFWS that successfully combines culinary culture, innovation, and economic momentum. The event is far more than a traditional food fair. It showcases the culinary diversity of Australia and serves as a meeting point for the national gourmet community. Exhibits include fine wines, spirits, craft beers, premium food products, and kitchen innovations – from handcrafted delicacies to modernist cuisine and specialty items from small, independent producers. Over 200 exhibitors from renowned regions such as Margaret River, the Barossa Valley, and the Clare Valley invite visitors to exclusive tastings. Interactive masterclasses, curated food pairings, and dynamic live cooking shows featuring renowned Australian chefs turn the visit into a truly immersive experience. A highlight for many is the Kleenheat Kitchen stage, where top chefs demonstrate their skills while actively involving the audience – regardless of whether they are beginners or professionals. The event also offers the chance to speak directly with producers and discover the stories behind the products – a personal element that sets the show apart. Exhibitors represent sectors including food and beverage production, hospitality, tourism, kitchen technology, and retail. The audience is equally diverse, ranging from food-loving private visitors to professionals from the restaurant, hotel, and retail industries. The Perth edition is part of a nationwide event series that also takes place in cities such as Melbourne, Brisbane, and Sydney – each tailored to the local culinary scene. The Good Food & Wine Show is more than a culinary event – it’s a cultural highlight for Perth. It boosts tourism, supports the regional economy, and places Australia’s food and wine culture at the centre of a platform celebrated both nationally and internationally. With its central location at the Perth Convention & Exhibition Centre, just a short walk from the Swan River and easily accessible by train, bus, or car, the GFWS is the perfect destination for a flavourful weekend in Western Australia. For those seeking something special, this is the place – focused, diverse, and rich in personal experiences."
Gifts & Homeware Expo Saudi Arabia,13. - 15. September 2027,Saudi Arabia,Riyadh,RICEC Riyadh International Convention & Exhibition Center,www.sourcingexpoksa.com/gifts-homeware.html,"The Gifts & Homeware Expo Saudi Arabia is an trade fair held in the heart of Riyadh and has established itself as the leading platform for bespoke gift and homeware solutions in the Kingdom of Saudi Arabia. Organized by dmg events , a globally active exhibition and publishing company with offices in over 25 countries, the expo brings together decision-makers, creatives, manufacturers, and industry professionals from across the region and beyond. The venue – the RICEC Riyadh International Convention & Exhibition Center – is a state-of-the-art exhibition complex known for its central location and excellent infrastructure. At the core of the expo are tailored corporate gifting solutions designed to meet the needs of businesses, government entities, and institutions. The exhibition is complemented by a diverse selection of handmade items, artisanal products, and a wide range of lifestyle and homeware goods. From crystal, glass, and porcelain to home fragrances, designer gifts, kitchen accessories, appliances, packaging solutions, textiles, and decorative everyday items – the event showcases an impressive variety. With more than 200 brands and over 150 local and international exhibitors, the expo demonstrates a strong focus on trends and innovation. A key highlight of the event is the accompanying conference, featuring high-profile keynote speakers, panel discussions, and market analyses. Industry experts provide valuable insights into emerging trends, creative processes, and strategic developments. The expo thus goes far beyond a conventional trade fair – it serves as a dynamic business platform for networking, market opportunities, and inspiration. The event is primarily aimed at professionals from retail and wholesale, the events and hospitality sector, the promotional gifts industry, and institutional procurement. At the same time, it reflects the evolving consumer and lifestyle culture of Saudi Arabia, where increasing value is placed on quality, aesthetics, and individuality."
Salon du Chocolat,25. - 28. November 2027,Canada,Montreal,Gare Windsor,www.montrealsalonduchocolat.com,"The Salon du Chocolat et de la Pâtisserie is far more than a trade fair – since its inception by Event International SA, it has served as an international stage dedicated to the world of fine chocolate and pâtisserie. Its concept unites the artistry of premium chocolate with the refined craft of haute pâtisserie, placing both equally at the forefront. Each year, the historic Gare Windsor in the heart of Montréal transforms into a showcase of artisanal excellence, where leading figures from the industry meet a passionate and curious audience. The Salon aims to provide a platform for innovation, diversity, and knowledge exchange. Chocolatiers, pastry chefs, cocoa producers, established brands, start-ups, and culinary creatives present their latest creations – from elaborate chocolate sculptures and cutting-edge technologies to signature delicacies crafted exclusively for the event. Canadian producers in particular seize the opportunity to highlight their proximity to cocoa-exporting countries and showcase their artisanal heritage, bringing a distinct regional identity into focus. Visitors enter a multi-sensory world of discovery. In the Cho’ Pâtissier series, internationally renowned chefs demonstrate their craftsmanship, while the Cacao Bar invites guests to sample chocolate in imaginative pairings. A standout moment is the Défilé en Chocolat – a fashion show featuring garments made entirely of chocolate, celebrating the spectacular fusion of haute couture and confectionery art. Children explore the world of chocolate through playful workshops such as Le P’tit Choco , while adults in the Choco-Genèse space delve into the history and origins of cocoa, including key issues around sustainability and fair production. Competitions and awards are a defining element of the event, honoring international excellence and offering valuable insights into emerging trends and innovations. The Salon acts as both a showcase and a testing ground – whether for monumental chocolate sculptures, avant-garde dessert creations, or pioneering technologies. Exhibitors come from across the globe, and the audience is equally diverse: professionals from chocolate production, pâtisserie, gastronomy, and the food trade engage with families, food enthusiasts, and chocolate lovers who see the Salon as a source of inspiration and immersive experience. In doing so, the Salon du Chocolat et de la Pâtisserie Montréal becomes an integral part of a global event series held in major cities around the world, fostering international dialogue on trends, traditions, and the future of chocolate. In conclusion, the Salon du Chocolat et de la Pâtisserie is not only a haven for chocolate aficionados but also a vital meeting point for industry professionals. Located in the charming Gare Windsor, ideally connected to public transportation, Montréal offers an inspiring backdrop where tradition, innovation, and international openness come together – the perfect setting to celebrate chocolate and pâtisserie at the highest level."
SIRHA,07. - 09. March 2028,Hungary,Budapest,Hungexpo - Budapest Fair Center,sirha-budapest.com,"SIRHA Budapest is an international trade fair focusing on the food industry, hotel and catering business, bakery and confectionery industry, packaging industry, and gastronomy. The name ""SIRHA"" stands for ""Salon International de la Restauration, de l'Hôtellerie et de l'Alimentation,"" which translates to ""International Salon for Gastronomy, Hotel Industry, and Food."" This fair is held at the HUNGEXPO Budapest Convention and Exhibition Center in Budapest and takes place biennially. The SIRHA Budapest is organized by GL Events, a leading company in the trade fair and event sector. The fair offers a wide range of topics: from food and beverages to the bakery and confectionery industry, kitchen technology, equipment for cafes and bars, furniture, textiles, table decorations, hotel supplies, technologies, and hygiene products. Additionally, innovative solutions in packaging technology and logistics are presented. SIRHA Budapest is significant not only for the local economy but also serves as an important meeting point for international industry experts. The highlights of the fair include professional competitions and presentations such as the Ice Cream Arena, the final of the Public Catering Chef Competition, the Sirha COFFEE CHALLENGE, demonstrations by bakers and confectioners, as well as conferences on various exhibition topics. Special attention is given to the innovation product competition. Exhibitors from different sectors, including manufacturers of food and beverages, providers of kitchen technology and hotel supplies, as well as service providers in the field of hygiene and logistics, showcase their latest products and services. The main visitors of the fair are professionals from these industries, who have the opportunity to network, exchange knowledge, and establish new business contacts. As part of the international Sirha network, SIRHA Budapest is one of several fairs held at various locations worldwide. In conclusion, the HUNGEXPO Budapest Convention and Exhibition Center, the venue for the fair, impresses not only with its modern infrastructure but also with its accessibility. Thus, it provides the ideal setting for an event of this size and internationality."
Home Cooking Show,Date still unknown,Australia,Melbourne,MCEC - Melbourne Convention and Exhibition Center,homecookingshow.com.au,"The ""Home Cooking Show"" is a biennial trade fair that has been held at the Melbourne Convention and Exhibition Centre (MCEC) in Melbourne, Australia since its inception in 2018. It is organized by Global Links Exhibitions & Conferences Organisers Pty Ltd (GL Exhibitions), a renowned event organizer, and has become a significant event for hobby chefs and culinary enthusiasts. This fair annually attracts visitors who have a keen interest in culinary trends and homemade dishes. The main themes of the fair include a variety of cooking techniques, the latest kitchen appliances, and a wide range of food and beverage products. A special feature is the Wine and Cheese Alley, where visitors can discover a variety of wines, ciders, sausages, and selected cheeses. One of the highlights of the fair is the Super Theater, where live cooking shows take place. Here, renowned chefs demonstrate their skills on a creative kitchen stage, while visitors have the opportunity to taste various dishes. In addition, the ""World Food Championships Australia"" are held, a platform for culinary competitions that provides excitement and entertainment. Additionally, a market for healthy foods is organized, where visitors can purchase a selection of organic products and plant-based foods. The exhibitors at the Home Cooking Show come from various industries, including the food and beverage industry, kitchen appliance manufacturing, and cooking course offerings. The main target audience of the fair includes hobby chefs, culinary enthusiasts, and professionals from the gastronomy sector. Interestingly, the Home Cooking Show is not just a local event. It belongs to a series of similar fairs that take place in different cities, underscoring its national significance. The MCEC, the venue of the fair, is centrally located in Melbourne and easily accessible by public transport. As a modern and spacious center, it provides the ideal backdrop for an event of this size and contributes significantly to the fair's appeal. Melbourne, known for its diverse food culture and passion for good food, thus provides the perfect setting for the Home Cooking Show."
Christmas flair,Date still unknown,Germany,Dortmund,Schloss Bodelschwingh,schlossbodelschwingherleben.de/weihnachtsflair,"The Christmas flair at Bodelschwingh Castle, an annual highlight since its inaugural event in 2016, enchants visitors every November with its unique atmosphere. Located in the idyllic castle park of Bodelschwingh Castle, this market offers a perfect symbiosis of historical ambiance and festive mood. The centuries-old Bodelschwingh water castle, an architectural gem, forms the majestic backdrop for the market. This setting lends an atmosphere that is both historical and fairy-tale-like. The market stalls, carefully spread throughout the castle park, feature a variety of handpicked exhibitors. In their artistically designed pagodas, they present a selection of artistic, precious, delicious, and handmade items – perfect for the Christmas season. Visitors can discover unique gifts and decorations here, unavailable elsewhere. A special feature of the Dortmund Christmas Flair is its exclusivity. The careful selection of exhibitors ensures high quality and uniqueness of the products offered. This makes the market an unforgettable experience for every visitor. The culinary delights are also a highlight. Traditional delicacies and drinks, such as mulled wine, roasted almonds, and gingerbread, provide the perfect enjoyment for cold winter days and complement the festive mood. In conclusion, the Dortmund Christmas Flair is a festival of the senses, transporting visitors into a world full of warmth, light, and festive joy. An experience that remains in memory and delights anew each year."
Nepal Food & Beverages Expo,Date still unknown,Nepal,Kathmandu,Bhrikuti Mandap Exhibition Hall,nepalfoodexpo.com,"The Nepal Food & Beverages Expo, organized by Futurex Trade Fair & Events Pvt. Ltd., is a professional trade show held at the Bhrikuti Mandap Exhibition Hall in Kathmandu, a prominent center for expos in Nepal. This event targets a professional audience, including retailers, wholesalers, importers, and many other key players in the food and beverage sector. The Expo covers a wide range of topics, featuring food additives, an assortment of beverages – including beer, craft beer, cider, and non-alcoholic options – preserved and processed foods, chilled and frozen foods, chocolate, cocoa, and confectionery, concentrates, cocktails and mixes, spices and sauces, confectionery, snacks and sweets, ready meals and staples, dairy and egg products, fresh fruits and vegetables, meat, poultry and seafood, organic foods, ingredients and premixes, instant coffee and tea, juices and other beverages, as well as superfoods and vegetarian foods. The Expo is known for its extensive diversity of products and services, offering participants a chance to discover the latest trends and innovations in the food and beverage industry. It also serves as a showcase for new and emerging brands looking to present their products to an international audience. A key feature of the Nepal Food & Beverages Expo is the opportunity for direct business networking and staying informed about the latest market developments. The event also provides a forum for discussions and workshops, offering valuable insights into the industry. In summary, the Nepal Food & Beverages Expo is a vital meeting point for professionals in the food and beverage industry, offering a comprehensive overview of the latest products, services, and trends. It plays a crucial role in promoting trade and partnerships within this dynamic sector."
Coffee Europe Expo,Date still unknown,Poland,Nadarzyn,PTAK Warsaw Expo,coffeeeuropeexpo.com/en,"The "" Coffee Europe Expo "" is a significant trade fair for the European coffee industry, held annually. It provides professionals from across the coffee industry with a platform to showcase innovations and new technologies. The event has established itself as an essential gathering, bringing together leading manufacturers and dealers, as well as baristas, experts, and decision-makers from the coffee industry. The fair takes place at the Ptak Warsaw Expo in Nadarzyn, Poland. The event is organized by Ptak Warsaw Expo Sp. z o.o., a recognized name in the trade fair industry, ensuring a wide range of topics and exhibitors. Every year, professionals attend to discover and discuss the latest trends and technologies in the coffee industry. A particularly noteworthy feature is the international conference format ""Coffee Forum: Equipment & Accessories"", which focuses on the latest developments and innovations in coffee accessories and equipment. In addition to coffee production and processing, the fair focuses on equipment and technology, sustainability, current trends, as well as networking and business development. Exhibitors present their latest products and services in areas such as espresso machines, grinders, green coffee beans, intelligent coffee technology, sustainable growing methods, and solutions that serve both traditional coffee trade and modern trends like cold brew and ready-to-drink products. The fair also features roasting equipment and techniques, packaging solutions, coffee storage and logistics, accessories for baristas and cafes, maintenance and water filtration systems, specialty coffee, cold brew, RTD (ready-to-drink) beverages, alternative milk and sweeteners, flavored syrups, infusions, and blends. The ""Coffee Europe Expo"" attracts participants from a wide range of sectors, from coffee growers and traders to manufacturers of coffee machines, café operators, and retailers. As such, the fair holds not only local significance but also international relevance, serving as an important platform for exchange and the expansion of business relationships throughout the entire coffee value chain. Highlights include not only the exhibitions and conferences but also competitions where the best baristas can showcase their skills. Prizes and awards in various categories recognize outstanding achievements and contribute to further acknowledging innovative companies and products. The fair is a key event for professionals in the coffee industry, as well as for those interested in sustainability and the ethical aspects of coffee production. It thus serves as an important bridge between the various players in the coffee world. The Ptak Warsaw Expo center in Nadarzyn offers not only modern infrastructure but also excellent connectivity to the capital, Warsaw, which is just a few kilometers away. The location is easily accessible by car or public transportation, making the fair a convenient destination for visitors from across Europe."
Gourmet Festival,Date still unknown,Germany,Mönchengladbach,Hindenburgstraße,gourmetfestivals.de,"The Gourmet Festival Mönchengladbach (GFM) was first held in 2019 and has since established itself as a fixture in the city’s event calendar. This annual celebration of fine food provides an exclusive platform for culinary diversity and high-quality delicacies. Organized by the experienced event agency Wellfairs GmbH, the festival caters to both trade professionals from retail, gastronomy, and hospitality sectors, as well as private visitors with a passion for exceptional taste experiences. GFM has come to stand not only as an abbreviation for the event itself but also as a synonym for indulgent variety and sophisticated cuisine. Every summer, Hindenburgstraße in the heart of Mönchengladbach transforms into a bustling gourmet boulevard. The spotlight is on themed culinary zones. Exhibitors showcase fine delicacies, exquisite wines, craft beer, spirits, handmade chocolates, regional cheese specialties, international street food trends, and sustainably produced organic products. The offerings range from traditional artisanal goods from small manufacturers to innovative food start-ups presenting their concepts to the public for the first time. A particular highlight is the accompanying live program, featuring cooking shows, tastings, and workshops where renowned chefs demonstrate their skills—often in direct interaction with the audience. Exhibitors include food producers, beverage manufacturers, gourmet importers, organic vendors, street food concepts, as well as companies from the kitchen technology and food service sectors. Visitors have the opportunity not only to sample and purchase products but also to engage in personal conversations with producers and industry professionals—an aspect that appeals to both culinary enthusiasts and professionals alike. The festival is further enriched by product presentations, tasting formats, and live cooking demonstrations on site. The Gourmet Festival Mönchengladbach is part of a nationwide series of events organized by Wellfairs GmbH, with additional editions held in other German cities. The strong connection to the city is reflected not only in its central location but also in the active involvement of local partners, producers, and restaurateurs who help shape the festival. Hindenburgstraße is easily accessible: Mönchengladbach’s main train station is just a short walk away, and numerous parking options are available nearby for those arriving by car. As such, the Gourmet Festival is more than just a culinary highlight—it is a sensory experience right in the heart of Mönchengladbach."
Home Cooking Show,Expected September 2026,Australia,Sydney,International Convention Centre ICC,homecookingshow.com.au,"The ""Home Cooking Show"", which has been held every two years since its inception in 2018, takes place at the International Convention & Exhibition Centre (ICC Sydney) in Sydney. Organized by Global Links Exhibitions & Conferences Organisers Pty Ltd (GL Exhibitions), a renowned event organizer, it has established itself as a significant event for hobby chefs and culinary enthusiasts. The fair attracts visitors each year who are interested in culinary trends and homemade dishes. Key themes of the show include diverse cooking techniques, the latest kitchen appliances, and a wide range of food and beverage products. A special feature is the Wine and Cheese Alley, where visitors can discover a variety of wines, ciders, sausages, and selected cheeses. One of the highlights of the fair is the Super Theater, where live cooking shows take place. Here, renowned chefs demonstrate their skills on a creative kitchen stage, while visitors have the opportunity to taste various dishes. In addition, the ""World Food Championships Australia"" is hosted, a platform for culinary competitions that provides excitement and entertainment. There is also a market for healthy foods, where visitors can purchase a selection of organic and plant-based products. The exhibitors come from the food and beverage industry, kitchen appliance manufacturing, and cooking course sector. The fair mainly targets hobby chefs, culinary enthusiasts, and professionals from the gastronomy industry. The Home Cooking Show, part of a series of similar fairs in different cities, emphasizes its national significance. ICC Sydney is centrally located in Sydney and is easily accessible by public transport. As a modern and spacious center, it provides an ideal backdrop for an event of this size and contributes to the fair's attractiveness. Sydney, with its diverse food culture and passion for good eating, forms the perfect setting for the Home Cooking Show."
Mostra del Tartufo Bianco,Expected November 2026,Italy,Sant’Angelo in Vado,Centro storico,www.mostratartufo.it,"The "" Mostra del Tartufo Bianco "" in Sant'Angelo in Vado is an annual highlight for gourmets and truffle enthusiasts. This event celebrates the esteemed white truffle. The event's name itself alludes to the main attraction: the rare white truffle, distinct for its unique aroma and its premium price compared to other truffle varieties. Held in the picturesque town of Sant'Angelo in Vado , located near Rimini and San Marino, the fair was established in 1963 and is organized by the National White Truffle Fair Committee . They are not only dedicated to showcasing this noble fungus but also have extensive expertise in promoting truffles at a national level. Annually on consecutive weekends from October to November, the fair attracts both locals and international visitors. The focus, of course, is on the white truffle, in whose honor competitions are held and awards are given. However, the fair offers much more than just truffles. At numerous market stalls, various regional products and handicrafts are presented. Thus, exhibitors come from various sectors, from gastronomy to handicrafts. Sant'Angelo in Vado has a special connection with the white truffle, as the region is renowned for the high quality and abundance of this delicacy. As such, the primary attendees of the fair are food connoisseurs, restaurateurs, and lovers of regional products. To enhance the experience of the fair, the event location, the historic center of Sant'Angelo in Vado, offers a magical backdrop. Visitors can wander the narrow lanes between fair visits, admire beautiful churches, and taste regional wines. With excellent transportation links, the historic center is easily accessible, making it the perfect setting for this unique event. In conclusion, the White Truffle Fair in Sant'Angelo in Vado is a sensory experience that celebrates the traditions and culinary diversity of this wonderful region."
Saveurs & Terroirs,Expected November 2026,France,Chambéry,Savoiexpo,www.saveursetterroirs.com,"""Saveurs & Terroirs"" stands out as a premier regional gastronomy fair that annually opens its doors at the Parc des Expositions, also known as Savoiexpo, in Chambéry, France. The name ""Saveurs & Terroirs,"" translated as ""Flavors and Origins,"" emphasizes the connection of the showcased products to their places of origin and respective terroirs. The fair celebrates local gastronomy and craftsmanship and takes place regularly once a year. It is organized by the seasoned Savoiexpo organization, which specializes in highlighting local products and services. The fair underscores the cultural and culinary significance of the Savoy region and boosts the local economy by providing a platform for small producers and craftsmen. The main attractions of the fair are the presentation and sale of local agricultural products, including fruits, vegetables, cheese, and wine. The accompanying program includes cooking classes, wine tastings, and a variety of tasting workshops. This makes the fair an important platform for local producers and merchants to present their products to a wider audience. A strong connection to Chambéry and the Savoy region is evident through the emphasis on culinary specialties and craftsmanship. The highlights of the fair include tasting workshops, a butcher's competition, pastry workshops, and cooking classes. A particular draw is the gathering of chefs, where renowned regional culinary masters offer free cooking classes. Exhibitors at ""Saveurs & Terroirs"" primarily come from the food industry and the sector of arts and crafts. From butchers and pastry chefs to vintners and farmers, the fair covers a broad spectrum of industries. The visitors are equally diverse, ranging from professional attendees from gastronomy and trade to lovers of fine cuisine and craftsmanship. In conclusion, it should be noted that the Savoiexpo venue in Chambéry is very accessible. The Parc des Expositions boasts excellent infrastructure and is well-connected by both public transport and car, making the fair an attractive destination for visitors from both the local area and further afield."
Good Food Show,Expected December 2026,United Kingdom of Great Britain and Northern Ireland,Birmingham,National Exhibition Center (NEC),www.goodfoodshow.com,"The Good Food Show in Birmingham is one of the most prestigious public culinary events in the UK. Since its inception in 1991, it has captivated a growing community of food enthusiasts, amateur chefs, and connoisseurs twice a year. Organized by BBC Good Food on behalf of Immediate Live, the show has become a cornerstone of the British food scene. Each June and November, the National Exhibition Centre (NEC) in Birmingham—one of the country’s largest and most modern exhibition venues—transforms into a vibrant celebration of culinary diversity. With its excellent infrastructure and convenient transport connections, the NEC provides the ideal setting for this exceptional event. The Good Food Show offers a unique blend of food market, live entertainment, and educational experiences. Designed for the general public rather than trade visitors alone, it places a strong focus on high-quality foods, innovative kitchen solutions, and contemporary nutrition trends. Visitors can explore a wide array of offerings: handpicked regional products, street food stalls, artisanal delicacies, organic goods, and a curated selection of wines, craft beers, and spirits—complemented by expert tastings and recommendations. A standout attraction is the live cooking shows featuring internationally renowned celebrity chefs. These chefs not only showcase their favorite recipes but also share insights into modern culinary techniques and their personal inspirations. The program is further enriched by interactive workshops and cooking classes, offering practical guidance on topics such as healthy eating, special diets, and baking arts—from gluten-free meals to plant-based cuisine. At the heart of the event lies the intersection of enjoyment and knowledge. Expert talks on sustainable nutrition, conversations with innovative producers, and direct exchanges with top chefs create a comprehensive and inspiring experience. Sustainability runs as a central theme throughout the entire event, with a clear emphasis on regionality, quality, and conscious consumption. The Good Food Show is more than just a fair—it’s a dynamic gathering place for anyone who values good food, creative cooking, and responsible eating. Whether you're interested in the latest culinary trends or seeking extraordinary taste experiences, this event offers inspiration, connection, and gourmet enjoyment at the highest level."
Aux Vignobles!,Expected January 2027,France,Biarritz,Halle d’Iraty,www.auxvignobles.fr,"The ""Aux Vignobles!"" wine fair in Biarritz, held annually in February, has evolved into an indispensable gathering for wine lovers and gastronomy enthusiasts. Organized by GL Events Exhibitions Opérations, it is part of a series of about 18 similarly named fairs held each year in various cities across Northwestern France. Originally known as ""Salon Vins & Gastronomie,"" the fair has changed its name while retaining its essence and charm. It serves as an important platform, bringing together winemakers, retailers, restaurateurs, and wine enthusiasts. The French, known for their expertise in wine and love of hospitality, find this fair an ideal setting to indulge their passions. The fair is characterized by an impressive variety of products and services. Visitors can expect booths brimming with delights – from chocolates and teas to deli meats and cheeses, along with a wide range of wines, including organic ones and those with protected designation of origin. A standout feature of the fair is direct sales. This allows visitors to buy products directly from producers, offering both individual advice and price flexibility to suit all budgets. The event is held at the Halle D'Iraty in Biarritz, known for its easy accessibility and excellent facilities. The location further contributes to the fair's atmosphere, making it an unforgettable event for all participants. Overall, ""Aux Vignobles!"" is more than just a wine fair; it's a cultural event that celebrates the French way of life and attracts a wide audience, from producers to gourmets and the curious."
Wine fair,Expected February 2027,Germany,Berlin,Station-Berlin,weinmesseberlin.de,"The Berlin Wine Fair (WEINmesse), an annual highlight for wine enthusiasts and professionals, traditionally takes place in February and has established itself as one of Germany's most significant wine fairs since its inception in 1992. It is organized by Wein-Plus Solutions GmbH in cooperation with Deutsche Wein Marketing GmbH. This fair offers a unique platform for personally meeting wine producers and gaining profound insights into the world of wine. One of the main attractions of the Berlin Wine Fair is the opportunity to taste a variety of wines directly from the producers. Visitors can learn about the latest trends in the wine world and get to know both new and tried-and-tested products. The range spans from local German wines to international creations, each wine having its own story and origin. A special feature of the fair is the direct interaction with the winemakers. Visitors have the chance to learn firsthand about wine production, the philosophy behind each wine, and the unique aspects of various wine regions. This personal touch gives the fair a unique atmosphere and allows wine lovers to deepen their knowledge while discovering new favorite wines. The fair is not only a place for presenting wines but also offers a range of services and products related to wine. These include wine accessories, consulting services, and educational opportunities, of interest to both professionals and amateurs. Another highlight of the Berlin Wine Fair is the location itself: Station-Berlin. This historic location, known for its industrial charm and versatile event spaces, provides the perfect setting for an event that combines tradition and modernity. Once a post railway station, Station-Berlin has evolved into one of the capital's trendiest venues and offers an impressive backdrop for the wine presentation. Overall, the Berlin Wine Fair is an essential meeting point for all who are interested in wine and the culture behind it. It unites enjoyment, education, and business in a unique atmosphere, making it a must-attend annual event for wine lovers and professionals alike."
Aux Vignobles!,Expected February 2027,France,Vertou,Salle Sèvre et Maine,www.auxvignobles.fr,"The ""Aux Vignobles!"" wine fair in Vertou is an annual highlight for wine lovers and connoisseurs of gastronomy. Originally known as the ""Salon Vins & Gastronomie,"" it has evolved into a significant platform in the region, bringing together vintners, retailers, artists, gastronomes, and wine enthusiasts. Organized by GL Events Exhibitions Opérations, a renowned organizer known for its expertise in culinary and wine events, the fair occurs annually and is part of a series of about 18 similar fairs held in various cities across Northwestern France. A key feature of the ""Aux Vignobles!"" fair is its wide range of products and services. Visitors can discover a variety of delights, from chocolates and teas to cold cuts and cheese. Noteworthy are the organic wines, artisanal wines, and wines with designation of origin, representing the diverse wine landscape of France. The fair is not just a place to view and sample these delicacies but also facilitates the direct sale of products. This allows visitors to interact directly with producers and purchase products suited to every budget. A highlight of the fair is the venue itself: the Salle Sèvre et Maine in Vertou. This location provides the ideal setting for such an event and contributes to the fair's special atmosphere. In summary, the ""Aux Vignobles!"" in Vertou is a standout event for anyone interested in wine and gastronomy. With its blend of high-quality products, direct contact with producers, and a welcoming atmosphere, it is a must-visit for every wine lover."
Aux Vignobles!,Expected February 2027,France,Le Havre,Carré des Docks,www.auxvignobles.fr,"The ""Aux Vignobles!"" wine fair in Le Havre is an annual event that has evolved into one of the most outstanding occasions for wine enthusiasts and gastronomes in France. Initially known as the ""Salon Vins & Gastronomie,"" the fair has changed its name but retained its essence and charm. It serves as a vital platform, bringing together winemakers, retailers, restaurateurs, and wine lovers. The French, renowned for their expertise in winemaking and their love of hospitality, utilize this fair as the ideal place to indulge their passions. Organized by GL Events Exhibitions Opérations, a prestigious event coordinator known for their expertise in organizing large-scale events, ""Aux Vignobles!"" is held every February and is part of a series of about 18 fairs conducted in various cities across Northwestern France. These fairs are characterized by their regional roots and promotion of local products and traditions. The fair offers a platform for winemakers, retailers, artists, and gastronomes to showcase their products and services to a broad audience. Visitors can look forward to a variety of delights ranging from chocolates and teas to charcuterie and cheese, as well as organic wines and artisanal wines with appellations of origin. The carefully organized stands offer not just a view but also a taste and the opportunity to purchase directly. A distinctive feature of the fair is the tailored advice and pricing, ensuring there are offers for every budget. It serves not only as a trading platform but also as a site for cultural exchange and education, offering visitors the chance to learn about the latest trends in the wine and gastronomy sectors. The venue, Carré des Docks in Le Havre, with its modern infrastructure and inviting atmosphere, provides the ideal setting for such an event. The location of the fair center allows visitors to experience the cultural diversity and beauty of Le Havre, further enhancing the fair's appeal. In summary, the ""Aux Vignobles!"" wine fair in Le Havre is an indispensable event for anyone interested in wine, gastronomy, and the French way of life. It offers a unique opportunity to dive into the world of wines, discover new flavors, and engage with like-minded individuals."
Aux Vignobles!,Expected February 2027,France,Saint-Malo,Le Quai St-Malo,www.auxvignobles.fr,"The Aux Vignobles! Wine Fair, formerly known as ""Salon Vins & Gastronomie,"" is an annual highlight for wine enthusiasts and gourmets in the picturesque town of Saint-Malo in the northwest of France. Organized by GL Events Exhibitions Opérations, a leading company in event management, this fair attracts visitors from around the world who are interested in high-quality regional products. The fair takes place annually, usually in February, and is part of an impressive series of about 18 fairs held in various cities in the northwest of France. This series provides a unique platform for direct and personal exchanges between producers and consumers. In addition to wines, the offering includes a variety of gastronomic products, allowing visitors to discover and enjoy the culinary diversity of France. A special feature of the fair is the direct sales opportunity, which allows visitors to receive individual advice and purchase products at prices suitable for all budgets. In times of globalization and standardization, visitors particularly appreciate the chance to buy unique and authentic products directly from the producers. The venue, Le Quai St-Malo, with its modern infrastructure and attractive seaside location, provides the ideal setting for the fair. This location emphasizes the event's connection with the region and its maritime tradition, creating a welcoming atmosphere for exhibitors and visitors alike. Special features of the Aux Vignobles! Fair in Saint-Malo include not only the diversity and quality of the products but also special events such as tastings, workshops, and presentations that offer visitors deeper insights into the world of wine and French gastronomy. These elements make the fair a must-visit for anyone who appreciates the French way of life and the enjoyment of high-quality food and beverages. In summary, the Aux Vignobles! Wine Fair in Saint-Malo is an annual event that celebrates the rich culinary culture of France and focuses on promoting regional quality products. With its wide range of offerings, from traditional wines to innovative gastronomic products, the fair provides an important platform for encounters and exchange in today's globalized world."
Aux Vignobles!,Expected March 2027,France,La Rochelle,Espaces Congrès Encan,www.auxvignobles.fr,"Aux Vignobles! is more than just a name with a nice ring to it – it’s an open invitation to immerse yourself in the world of French wine and gourmet produce. Held annually at the Espaces Congrès Encan in La Rochelle, right on the harbour of this historic Atlantic city, the event takes visitors to the very heart of France’s culinary and terroir culture. Organised by GL Events Exhibitions Opérations, based in Brest, this seasoned trade fair organiser also brings the “Aux Vignobles!” format to other cities across north-western France. Industry professionals – including restaurateurs, sommeliers and independent retailers – come together with a discerning public eager not just to sample, but to buy directly from producers. This direct interaction is what sets the event apart: visitors meet winemakers, cheesemongers, chocolatiers, butchers and other artisan producers who proudly present their goods in person – knowledgeable, approachable and true to the direct producteur spirit. At its core, the fair showcases wines from across France – from celebrated regions such as Bordeaux, Burgundy and Champagne to distinctive gems from lesser-known areas like the South-West or the Loire Valley. Whether it’s a bold red, a delicate rosé, a crisp white or a luscious dessert wine, the variety of appellations on offer reflects the remarkable breadth of French viticulture. Complementing the wine is a rich selection of regional specialities: aged cheeses, air-dried charcuterie, chocolate, pastries, tea, honey and seasonal delicacies – all rooted in place and crafted with the expertise of small, often family-run producers. Yet “Aux Vignobles!” is far more than a traditional trade fair. Themed zones – focusing on topics such as organic viticulture, sustainable farming or the rise of wine tourism – cater to visitors with a deeper interest in specific subjects. Workshops and panel discussions explore traditional production methods, regional differences and the cultural significance of terroir. The result is a dynamic exchange that weaves together knowledge, flavour and human connection. Most exhibitors hail from the fields of winemaking, fine food, agriculture and artisanal gastronomy – many of them longstanding family businesses. The audience includes hospitality professionals, retailers and tourism experts, as well as wine lovers, food enthusiasts and advocates of the Slow Food movement. As part of a wider series of events under the “Aux Vignobles!” banner, the fair represents a conscious counterpoint to industrial standardisation. It champions authenticity, craftsmanship and the rich regional diversity of France. La Rochelle, with its modern and well-connected Espaces Congrès Encan – just a short walk from the train station and city centre – offers the perfect setting: maritime charm, a historic backdrop, and a city that lives and breathes the art of good living like few others on the French coast. For those who love wine, enjoy discovering new tastes, and want to experience France with all the senses, this is a fair as distinctive, vibrant and flavourful as the products it celebrates."
Mer & Vigne,Expected March 2027,France,Dijon,Zénith de Dijon,www.mer-et-vigne.fr/nos-salons,"The “ Mer & Vigne Dijon ” trade fair, held for the first time in 2024, is a young yet highly promising event dedicated to celebrating the full spectrum of French culinary culture. Its name combines the French words Mer (sea) and Vigne (vine), clearly reflecting its core themes: maritime delicacies and fine wines. This unique pairing appeals to both gourmets and industry professionals seeking premium products and new connections. The venue is the Zénith de Dijon, one of the most modern event locations in the Bourgogne-Franche-Comté region. With its state-of-the-art infrastructure and excellent accessibility, it provides ideal conditions for both visitors and exhibitors. Each year in autumn – the peak season for culinary pleasures – the fair opens its doors and invites guests on a sensory journey through the diverse flavors of France. Organized by Mer & Vigne SARL, a seasoned host of prestigious gourmet fairs across France, the event benefits from a high level of expertise. This is evident in the careful selection of exhibitors, a well-curated supporting program, and an inviting atmosphere that resonates with professionals and curious visitors alike. At the heart of the fair are maritime gastronomy, regional agriculture, and traditional winemaking. The offerings range from fresh oysters and fine seafood to artisanal specialties and distinguished wines from all corners of France. International delicacies further enrich the selection, fostering a culinary dialogue that transcends borders. Beyond its economic relevance, the fair also holds cultural significance for Dijon and the surrounding region. As the capital of Burgundy, Dijon has long been associated with wine and haute cuisine – a legacy that the fair embraces while introducing fresh inspiration. Competitions and awards underscore the quality of the showcased products and celebrate the innovation of participating producers. Exhibitors represent a wide array of sectors, including fisheries, agriculture, winemaking, and artisanal food production. The audience comprises industry experts, chefs, traders, and passionate gourmets – forming a vibrant network united by a commitment to quality and taste. Mer & Vigne Dijon is part of a nationwide series of trade fairs held in several cities across France. Each edition retains a distinct regional character while also attracting a broader audience that values authenticity, craftsmanship, and culinary excellence. With its modern architecture, spacious layout, and outstanding transport links – by car or public transit – the Zénith de Dijon ensures a comfortable and enjoyable visit. As a result, “Mer & Vigne Dijon” is not only a highlight of the culinary calendar but also a gathering place for those who wish to experience the very best of French lifestyle and gastronomy."
Aux Vignobles!,Expected March 2027,France,Vannes,Parc Expo le Chorus,www.auxvignobles.fr,"Every year, Vannes, the charming city in northwestern France, transforms into a paradise for wine lovers and food enthusiasts when the renowned fair ""Aux Vignobles!"" opens its doors. Formerly known as ""Salon Vins & Gastronomie"", this event has grown into one of the region’s most prestigious wine and gastronomy fairs. Organized by GL Events Exhibitions Opérations, based in Brest, it caters to both industry professionals and a discerning public with a passion for French gourmet products. The fair brings together a carefully selected group of winemakers, distillers, and fine food producers from across France. Visitors have the unique opportunity to sample exclusive products, purchase them directly from the producers, and receive expert advice. At a time when mass industrial production dominates the market, ""Aux Vignobles!"" places a strong emphasis on authenticity, regionality, and artisanal quality. The focus in Vannes is on exquisite wines and premium spirits. From fine red, white, and rosé wines to elegant sparkling varieties and distinctive spirits such as Cognac, Armagnac, whisky, and liqueurs—connoisseurs will find a remarkable selection. Alongside established wineries, up-and-coming winemakers also showcase their latest creations. But ""Aux Vignobles!"" offers much more than just wine. The Gastronomy & Terroir section is a true paradise for food lovers. Visitors can savor regional delicacies—from aromatic cheeses and flavorful cured meats to exquisite foie gras and fresh seafood. Handcrafted specialties such as fine chocolates, fragrant honey, and traditional jams provide an authentic taste experience. A special highlight of the fair is the direct interaction with the producers. Whether winemakers, master distillers, or gourmet food artisans—they are on hand for personal conversations, offering valuable recommendations on food and wine pairings, deepening visitors' connection to French culinary culture. The experience is rounded off by a series of culinary workshops and tastings, where visitors can discover new flavors, learn the art of pairing food and wine, and gain inspiration from experts. With its unique combination of high-quality products, direct access to producers, and exceptional tasting experiences, ""Aux Vignobles!"" in Vannes is a must-visit event for anyone looking to explore the richness of the French terroir—whether as a private wine lover, a restaurateur, or simply someone in search of something special."
WineAachen,Expected March 2027,Germany,Aachen,Aula Carolina,www.webermesse.de/messe/wein-aachen,"At the WineAachen, national and international wine enthusiasts gather in the Aula Carolina. The Aula Carolina is a protected historic building located at the southern end of Pontstraße in the center of Aachen. This former monastery church is used for both school assemblies and public cultural events. At this unique wine exhibition, winemakers, vineyards, and wine cooperatives present their finest and latest wine creations, inviting visitors to a tasting. Attendees of the fair have the opportunity to gain comprehensive information about selected wines of the vintage and to speak personally with the producers. The WineAachen is a wine vernissage for wine lovers and connoisseurs, where wines from the Moselle, Saar, Ruwer, Nahe, as well as from Franconia, Rheinhessen, Palatinate, Baden, Württemberg, Italy, Spain, France, Austria, Australia, South Africa, and Chile are presented. It offers independent winemakers, family vineyards, distillers, and wine cooperatives the opportunity to showcase their latest products and recommendations. The organizer of this exquisite wine fair in Aachen is weberMESSE GmbH in Bonn, which also organizes additional wine fairs in other cities in Germany as spring and autumn editions."
Weinsalon Natürel,Expected March 2027,Germany,Cologne,Balloni,www.weinsalonnaturel.com,"The Weinsalon Natürel, Germany's largest natural wine fair, takes place annually in March in Cologne, attracting wine enthusiasts from around the world. Since its inception in 2015 by La Vincaillerie, the event has established itself as a significant forum for the presentation and tasting of natural wines. Natural wine is defined as pure, fermented grape juice with minimal interventions and at most a minimal addition of sulfur – embodying the motto ""Nothing in, nothing out."" Another hallmark of natural wines is their freedom from synthetic pesticide residues and various fining agents, making them a transparent and healthy choice. Thus, Weinsalon Natürel provides a platform for international luminaries of the natural wine scene as well as for emerging young winemakers to present their products to an interested audience. The fair is characterized by its focus on themes such as the transparency and purity of the wines. Visitors have the opportunity to taste a variety of wines and learn about the philosophy and practices of natural wine production, making Weinsalon Natürel an important meeting point for advocates of sustainable and environmentally conscious wine production. The event takes place at the Balloni Halls in Cologne, which, with their charming ambiance, provide the perfect setting for the tastings. Known for their versatile event possibilities, they contribute to the success of the fair with their unique atmosphere. In addition to the tasting of top wines, the highlights of Weinsalon Natürel also include workshops, discussion rounds, and presentations that offer insights into the world of natural wines. Thus, the fair has established itself not only as an event for the tasting of exquisite wines but also as an educational platform that promotes awareness of sustainable wine production. Overall, Weinsalon Natürel offers a unique opportunity to discover the diversity and quality of natural wines and to exchange ideas with like-minded individuals. With its commitment to transparency, sustainability, and quality, the fair is a must for every wine enthusiast and deserves a permanent place in the calendar."
Salon des Vins des Vignerons Indépendants,Expected March 2027,France,Paris,Espace Champerret,www.vigneron-independant.com,"The Salon des Vins des Vignerons Indépendants is far more than a traditional wine fair – it’s an authentic, vibrant celebration for anyone passionate about artisanal wines and the stories behind them. Each year, the Espace Champerret in the heart of Paris is transformed into a hub of flavour, discovery and human connection. The event is organised by the Vignerons Indépendants de France , the national association of independent French winegrowers, which champions the visibility, appreciation and preservation of small, family-run estates. What sets this event apart is the direct, personal connection it fosters between winemakers and visitors. Only independent producers are invited to exhibit, and they do so in person – no corporate entities, no faceless brands, just dedicated individuals with dirt under their nails who tend their own vines, craft their own wines, and speak about them with genuine passion. Tastings, conversations and sales take place face-to-face – authentic, unfiltered and human. The Salon has a distinctive, focused profile: a showcase of the diversity of French wine. Visitors can explore prestigious appellations as well as hidden gems from lesser-known terroirs – from Burgundy, Alsace and the Loire to Corsica, the South-West and the Rhône Valley. The wine offering is complemented by a curated selection of regional delicacies from artisan producers: cheeses, charcuterie, oysters, foie gras – everything needed to complete the tasting experience. The audience is as diverse as the exhibitors: trade professionals, restaurateurs, sommeliers, private collectors, curious foodies and international visitors eager to engage with French wine culture at close range. Novices are also warmly welcomed – guided tastings and sensory introductions offer an accessible entry point into the world of grape varieties, aromas and terroirs. The Paris edition is part of a broader series of events held in cities across France – including Strasbourg, Lyon, Lille and Bordeaux – all with the shared goal of deepening the dialogue between winemakers and consumers while promoting responsible enjoyment of wine. The venue, Espace Champerret , is centrally located in Paris’s 17th arrondissement and easily accessible via Métro line 3 (Porte de Champerret station) and several bus routes. Its compact layout, convenient location and proximity to some of the city’s culinary hotspots make it an ideal setting for a fair dedicated to authentic flavour – personal, approachable, and unmistakably French."
Aux Vignobles!,Expected March 2027,France,Caen,Parc des Expositions,www.auxvignobles.fr,"Aux Vignobles! is a consumer-focused wine and gastronomy fair dedicated to showcasing the diversity, quality and authenticity of French wine culture. It takes place at the Parc des Expositions de Caen in the Norman city of Caen. Each year, the exhibition centre becomes a meeting point for wine enthusiasts, industry professionals and curious private visitors who want to do more than simply taste French wines—they seek a deeper understanding of their origins, production methods and distinctive character. The event is organised by GL Events Exhibitions Opérations, an internationally active trade fair organiser based in Brest. Renowned for high-quality, visitor-oriented consumer exhibitions, the company has established Aux Vignobles! as a successful touring format held in several cities across northern and western France. At the heart of the fair is an extensive selection of wines from almost all of France’s major wine-producing regions, including Bordeaux, Burgundy, the Loire Valley, Provence, Alsace and the South West. The wine offering is complemented by a carefully curated range of regional specialities such as cheese, cured meats, foie gras, chocolate and fine food products, bringing the natural pairing of wine and gastronomy vividly to life. A particular highlight is the opportunity for direct exchange with winemakers, producers and artisanal businesses, who present their products in person, share insights into production and terroir, and sell their wines and delicacies directly, without intermediaries. The fair is closely linked to France’s culture of gastronomy and its self-image as a leading wine-producing nation. At the same time, it reflects the role of Caen and the Normandy region as welcoming destinations with a strong openness to culinary discovery. Highlights include guided tastings, themed areas dedicated to organic and sustainable viticulture, and presentations exploring current trends in wine and culinary tourism. Exhibitors primarily represent the wine, agriculture, artisanal food production and fine food sectors. Visitors range from private wine lovers to restaurateurs, retailers, sommeliers and professionals from the food and beverage industry. As part of a nationwide exhibition series, Aux Vignobles! in Caen benefits from strong brand recognition and consistently high standards. The experience is rounded off by the attractive location of the Parc des Expositions, which is well connected to the transport network and easily accessible by car and public transport alike—providing an ideal setting for an event that brings together French lifestyle, craftsmanship and enjoyment in an authentic and engaging way."
WeinMünchen (Spring),Expected March 2027,Germany,Munich,Praterinsel,www.webermesse.de/messe/wein-muenchen-fruehling,"WeinMünchen (Spring) is an annual wine fair for both consumers and trade professionals, bringing together wine enthusiasts and industry experts alike. The event is dedicated to the pleasurable discovery of new vintages and distinctive wines from renowned wine regions. It is organised by weberMESSE GmbH, an experienced trade fair organiser based in Bonn, which stages exclusive wine fairs across Germany each spring and autumn. WeinMünchen (Spring) forms part of this well-established series of events, which tours several German cities and has become a fixture in the German-speaking wine calendar. In Munich, the fair is held on Prater Island, a unique venue set in the heart of the River Isar. The historic vaulted cellars of the former Riemerschmidt liqueur factory lend the event a distinctive and atmospheric setting. Each year, national and international winemakers, estates, cooperatives and distillers present around 900 carefully selected wines for tasting. The focus is on both the current vintage and mature wines from older years, complemented by a particularly strong selection of fresh white summer wines, ideally suited to the asparagus season and outdoor dining. The range on offer spans leading German wine regions such as the Mosel, Saar, Ruwer, Nahe, Franconia, Rheinhessen, the Palatinate, Baden and Württemberg, as well as international producers from Italy, Spain, France, Austria, Australia, South Africa and Chile. Visitors benefit not only from the breadth of wines available, but above all from direct contact with the producers themselves. Exhibitors present their wines in person, provide insights into winemaking methods, vintages and styles, and offer tailored recommendations. The experience is further enhanced by a comprehensive fair catalogue and the opportunity to place orders on site. WeinMünchen (Spring) is aimed equally at private wine lovers and connoisseurs and at trade visitors from the retail, hospitality and media sectors who wish to explore current trends, quality benchmarks and portfolios. The appeal of the event is further enhanced by the character of the venue itself. Centrally located and easily accessible by public transport, Prater Island combines urban flair with historic architecture. As a result, WeinMünchen (Spring) has established itself year after year as a convivial meeting point for wine enthusiasts who want not only to taste wine, but to understand and experience it in depth."
World Tea Expo,Expected March 2027,USA,Las Vegas,Las Vegas Convention Center (LVCC),www.worldteaexpo.com,"The World Tea Expo is the premier event for tea enthusiasts and industry professionals. It is held annually at the renowned Las Vegas Convention Center and attracts industry experts from around the world who focus on the latest trends and innovations in the tea and beverage sector. The event is organized by Questex, a leading provider of industry-specific trade shows and conferences. At the World Tea Expo, a wide range of products and services are showcased, including teas and herbal teas, kombucha, hard tea, as well as boba and bubble tea. Delicacies, packaging materials, and ingredients such as herbs and spices are also part of the offerings. Special attention is given to sustainable and innovative methods in tea production and marketing. The expo provides an excellent opportunity for networking with leading industry experts and gaining insights into current market trends and future developments. Highlights include networking events and an extensive conference program covering topics such as industry analysis, innovation, and business strategies. Another highlight is the ""World Tea Expo Beverage Challenge"", which recognizes outstanding teas from various regions. Participants and exhibitors from various sectors, including retail, gastronomy, healthcare, wellness, and educational and spa facilities, use the expo as a platform for exchange and to expand their expertise. Las Vegas, the host city with its international airport and excellent infrastructure, provides the ideal backdrop for this global event. The Las Vegas Convention Center is easily accessible and offers first-class facilities that create ideal conditions for exhibitions and conferences. In summary, the World Tea Expo is an indispensable event for anyone active in or interested in the tea industry. It offers opportunities for networking, exchanging experiences, and further education, making it a must-attend event for industry insiders."
Aux Vignobles!,Expected March 2027,France,Quimper,Exhibition Park Quimper-Cornouaille,www.auxvignobles.fr,"Aux Vignobles! has been held annually since its launch in 2012 and takes place at the Parc des Expositions Quimper-Cornouaille in Quimper. The name, which translates as “To the vineyards!”, is intended as an invitation, transporting visitors—at least in spirit—to France’s wine-growing regions. The event forms part of a touring exhibition staged in several cities across north-west France. It caters to both private enthusiasts and trade visitors from the hospitality, retail and catering sectors. The organiser, GL Events Exhibitions Opérations, based in Brest, is an experienced exhibition company known for its professional delivery, thematic range and strong regional roots. At the heart of the fair is the breadth and diversity of French wine culture. Producers from renowned regions including Bordeaux, Burgundy, the Loire Valley, Provence, Alsace and Champagne present red, white and rosé wines, alongside sweet specialities and sparkling wines. All products are available for tasting and purchase on site. The format is deliberately practical and dialogue-driven: visitors taste wines in direct conversation with the growers, receive detailed information on grape varieties, vinification methods, vintage characteristics and food pairings, and often benefit from special show offers. As a result, the event serves not only as a retail platform but also as an opportunity to deepen one’s understanding of terroir, craftsmanship and regional identity. The wine offering is complemented by a carefully curated selection of gourmet products. Exhibitors from the delicatessen, cheesemaking, charcuterie, foie gras, chocolate, spice and tea sectors showcase high-quality goods closely linked to their regions of origin. Many are produced artisanally, in some cases using sustainable methods, reflecting growing consumer demand for transparency and quality. Themed visitor trails provide guidance, for example highlighting organic producers or wine tourism operators presenting stays at vineyards and gastronomic travel experiences. The fair is of particular significance to Brittany and to Quimper in particular. It combines French gastronomic heritage with local hospitality and attracts substantial visitor numbers each year from the surrounding area and beyond. Highlights include exclusive tastings, personal recommendations from producers and themed presentations exploring current trends in the wine sector. Exhibitors primarily represent the wine and spirits industries, gourmet food production, farm-direct sales and culinary tourism. The visitor profile ranges from quality-conscious private buyers to trade professionals from the hospitality industry, specialist wine merchants and retail, all seeking new products and suppliers. This blend creates an atmosphere that bridges the gap between a consumer fair and an industry marketplace. As part of a broader touring exhibition programme, Aux Vignobles! enhances the profile of French premium products across multiple cities and supports regional producers. The Parc des Expositions Quimper-Cornouaille offers modern exhibition halls, sound infrastructure and ample parking. It is easily accessible via Brittany’s main roads as well as by public transport from the town centre, providing an appropriate setting for an event that brings together fine food and wine, professional expertise and direct personal exchange."
Aux Vignobles!,Expected March 2027,France,Metz,Parc de Expositions,www.auxvignobles.fr,"The ""Aux Vignobles!"" trade fair, formerly known as ""Salon Vins & Gastronomie"", is an annual highlight for wine enthusiasts and gourmets, held in several cities across northwestern France. Organized by GL Events Exhibitions Opérations, based in Brest, the event provides both industry professionals and the general public with a unique opportunity to discover the diversity and authenticity of French wines and gastronomic specialties. For the city of Metz, ""Aux Vignobles!"" is a significant economic driver. The fair attracts not only professionals, traders, and restaurateurs from across France but also numerous connoisseurs and tourists who travel specifically for the event. Although Metz itself is not a wine-producing region, its proximity to renowned vineyards such as Alsace, Champagne, and Moselle makes it a natural meeting point for winemakers, merchants, and wine lovers. Thanks to its strategic location in the Grand Est region and its close ties to Germany, Luxembourg, and Belgium, Metz is exceptionally well-connected. The TGV links the city to Paris in just 90 minutes, and direct road and rail connections make travel easy both nationally and internationally. At the heart of the event is a deep appreciation for the evolving French terroir, whose regional characteristics give it a distinctive appeal. Artisan producers from across France showcase their creations, invite visitors to tastings, and offer direct purchases of their specialties. Guests benefit from the expertise of winemakers and producers, exclusive trade fair deals, and fascinating insights into the production process. A strong emphasis is placed on sustainability and organic cultivation. Many winemakers with organic certification present their wines, while dedicated tasting areas enhance the sensory experience. Wine tourism also plays a central role, with wineries welcoming visitors, offering insights into winemaking, and presenting tourism packages that allow guests to experience the cultural heritage of wine firsthand. In addition to an extensive selection of wines, the fair features a carefully curated array of French delicacies. Specialties such as foie gras, fine charcuterie, artisanal cheeses, chocolates, pastries, and exquisite spices invite visitors to indulge. These culinary delights create harmonious pairings of food and wine, highlighting the excellence of French gastronomy. More than just a traditional consumer fair, ""Aux Vignobles!"" is a tribute to French culinary culture, offering an invitation to experience the country’s rich gastronomic heritage in a convivial atmosphere. Blending tradition with modernity, craftsmanship with innovation, the event provides both connoisseurs and newcomers with the opportunity to expand their knowledge of wine and cuisine. Set against the unique backdrop of each host city, the fair promises an enjoyable and educational experience for all who share a passion for fine wines and exquisite food."
Whisky Fair Rhein Ruhr,Expected April 2027,Germany,Düsseldorf,Classic Remise,www.whisky-messe-rheinruhr.de,"The Whisky Fair Rhein-Ruhr is a premier event for whisky enthusiasts and industry experts. Since its inception in 2014, it has been one of Düsseldorf’s annual highlights. As a unique blend of trade fair and public exhibition, it brings together a diverse range of exhibitors and visitors. Distilleries, importers, specialist retailers, and independent bottlers showcase the latest trends and exquisite whisky specialties. Organized by Rolf Kaspar GmbH, a distinguished company in the whisky industry known for its expertise, quality, and exclusive selection, the fair offers visitors the opportunity to sample high-quality whiskies from around the world. Guests can participate in professional tastings and attend expert-led seminars where industry professionals share valuable insights. Collectors and connoisseurs also have the chance to discover rare bottlings and limited editions. The event takes place at Classic Remise Düsseldorf, a stunning industrial landmark with a unique atmosphere. Typically serving as an exhibition space for classic cars, this stylish venue provides the perfect setting for an exclusive whisky experience. Düsseldorf stands out as a host city with excellent accessibility and a vibrant cultural scene. In addition to exceptional whisky selections, visitors can enjoy a carefully curated culinary program that complements the tasting experience. The Whisky Fair Rhein-Ruhr is more than just a trade show—it is an immersive event for those who appreciate whisky in all its diversity and wish to deepen their knowledge."
Premium Food Show,Expected April 2027,Japan,Tokyo,Tokyo Big Sight,premiumfoodshow.jp,"The "" Premium Food Show "" is an annual trade fair held at Tokyo Big Sight, Japan's largest exhibition and convention center in Tokyo. It is organized by the Premium Food Show Executive Committee in collaboration with the First Co., Ltd. Global Business Promotion Division, attracting experts from the global food industry. The fair focuses on showcasing Halal products, vegan and plant-based foods, gluten-free, and organic foods, thus reflecting the latest trends and developments in these rapidly growing segments. This product range not only addresses the growing global demands for healthy and ethical nutrition but also considers specific dietary needs and preferences. The Premium Food Show is distinguished by a series of seminars and conferences that impart the latest expertise and highlight current topics in the food industry. Numerous industry representatives, including producers, traders, and buyers of specialty foods, as well as restaurateurs and hoteliers, use the fair to explore new business opportunities. The event strongly reflects its connection with the host city Tokyo, known for its culinary diversity and innovation. The venue, Tokyo Big Sight, offers excellent infrastructure and is easily accessible both by public transport and by car. In summary, the Premium Food Show is a central meeting point for professionals looking to exchange information on the latest developments, products, and services in the food industry. It provides a platform to discover innovative solutions that will significantly influence both the market and the lifestyle of consumers."
DRINK SEOUL,Expected April 2027,South Korea,Seoul,COEX Convention and Exhibition Center,drinkseoul-en.imweb.me/MAIN,"DRINK SEOUL is South Korea’s premier trade fair for the national and international beverage industry. Held annually at the renowned COEX Convention and Exhibition Center in Seoul – one of Asia’s most advanced venues for exhibitions and events – the show is organized by the Global MICE Experts Group (GMEG), a seasoned provider of international B2B trade events with a strong focus on networking platforms. As a central industry meeting point for manufacturers, distributors, buyers, and professionals from the beverage, food, and hospitality sectors, DRINK SEOUL offers a high-caliber platform to showcase and discover the latest trends, technologies, and products. Exhibitors range from breweries, wineries, and spirits producers to makers of traditional Korean beverages, as well as suppliers of raw materials, machinery, equipment, franchise concepts, and retail technologies. The fair also features MD products, by-products, and specialized services such as training and consulting. A particular emphasis is placed on the diverse and innovative world of beverages – from craft beer and premium spirits to trending non-alcoholic drinks – and on the fusion of traditional brewing and distilling craftsmanship with forward-thinking product design. DRINK SEOUL positions itself not only as a trade fair, but also as a source of inspiration, a trend monitor, and a professional development hub. Masterclasses, seminars, and tasting sessions covering categories such as wine, sake, mead, and soju provide deep insights into the history, production methods, and sensory characteristics of these drinks. International competitions and cultural showcases – including those held in parallel with the Korea International Beer Expo (KIBEX) – make the event an immersive experience, highlighting Korea’s cultural identity as a country rich in tradition yet open to innovation. The combination of business matching, networking events, and knowledge-sharing opportunities makes DRINK SEOUL especially valuable for decision-makers in sales, retail, gastronomy, hospitality, as well as importers, export agencies, and franchise providers. DRINK SEOUL offers a prominent stage for both local start-ups and global brands to position themselves in the dynamic South Korean market and build sustainable partnerships. The venue – COEX in Seoul’s Gangnam district – is easily accessible via several subway lines and ideally situated amidst hotels, restaurants, and shopping areas, making it convenient for both domestic and international visitors. Anyone who doesn’t want to miss the next big development in the beverage industry can’t afford to overlook DRINK SEOUL."
Philippine Food Expo,Expected April 2027,Philippines,Manila,WTCMM World Trade Center Metro Manila,philippinefoodexpo.ph,"The ""Philippine Food Expo"" (PFE) is a leading trade fair for the Philippine food and beverage industry. It serves as a central platform for producers, traders, and investors to showcase and discuss innovations, trends, and market opportunities in the agricultural and food sectors. Organized by PHILFOODEX INC., the expo takes place annually at the World Trade Center Metro Manila, bringing together key industry players. A particular focus is placed on evolving consumer habits, influenced by rising incomes, urbanization, and population growth. The expo highlights the challenges and opportunities of globalization in the food trade while emphasizing sustainable solutions. Companies present strategies to enhance productivity, optimize resource utilization, and ensure a stable market demand. The extensive range of products includes a variety of beverages such as juices, coffee, tea, milk, wine, and spirits, as well as baked goods, dairy products, chilled and frozen foods, confectionery, and fresh and processed fruits and vegetables. Additionally, seafood, herbs, organic health foods, and modern food equipment and accessories are featured. The expo portfolio is further enriched by packaging and labeling solutions, franchising, industry publications, packaging design, and distribution management. As a result, the Philippine Food Expo serves as a comprehensive platform for manufacturers, distributors, restaurateurs, and retailers. One of the standout features of the expo is its interactive special events, distinguishing it from other industry fairs. These include culinary competitions for students and faculty in hospitality management and culinary arts, featuring disciplines such as food styling and photography, healthy pasta, and Philippine regional table setting. The program is complemented by professional and business seminars offering valuable insights into current market strategies and industry developments. An investment forum provides new business perspectives, while targeted media exposure ensures broad public awareness. The Philippine Food Expo is not only a showcase for Philippine products but also highlights Manila's role as a hub for the food industry in Southeast Asia. It brings together professionals from production, distribution, gastronomy, retail, and technology, all seeking new business opportunities, partnerships, and innovative solutions. As a national flagship event, it sets industry benchmarks and contributes to the advancement of the country’s agricultural and food sectors. The venue, the World Trade Center Metro Manila, is situated in an economically vibrant region with excellent infrastructure. The expo is easily accessible from the Ninoy Aquino International Airport and Manila’s major business districts. This makes the Philippine Food Expo not only a must-attend event for industry professionals but also a gateway to one of Asia’s fastest-growing food markets."
Frühling auf Schloss Trebsen,Expected April 2027,Germany,"Trebsen, Mulde",Schloss Trebsen,gartenkoenig.com/event/fruehling-auf-schloss-trebsen-schloss-trebsen,"Spring at Trebsen Castle is not a traditional trade fair, but a high-quality public event with an exhibition character. Held annually in spring, it deliberately focuses on inspiration, atmosphere and quality. The event is organised by ARCOS GmbH, an experienced curator of sophisticated lifestyle and castle events. With a keen eye for distinctive locations, coherent themes and clearly defined audiences, ARCOS creates exceptional visitor experiences. Each spring, the late-Gothic Trebsen Castle in the Leipzig district is transformed into an elegant world of inspiration, where visitors can stroll through thoughtfully designed state rooms and the idyllic inner courtyard, gathering fresh ideas for the season ahead. The exhibition centres on spring-themed interior and garden ideas, contemporary living, artistic decorations, curated gift ideas, as well as fashion, jewellery and accessories. A selection of hand-picked culinary specialities completes the experience, adding a pleasurable gastronomic dimension. The products and services on display are drawn primarily from the fields of home and interior design, gardening and floristry, arts and crafts, design, fashion, artisan food producers and creative lifestyle concepts. While the event has a strong regional connection to Saxony and the Leipzig area, it also attracts exhibitors and visitors from across central Germany. It is aimed in particular at private consumers, connoisseurs, style-conscious families, home and garden enthusiasts, and culturally minded visitors who value quality, individuality and a distinctive setting. Trebsen Castle enjoys a picturesque location on the banks of the River Mulde, just a few kilometres east of Leipzig, and is easily accessible by car and public transport alike. It provides the ideal backdrop for welcoming spring in style and finding fresh inspiration."
Vinobile,Expected April 2027,Austria,Feldkirch,Montforthaus Feldkirch,feldkirch-leben.at/erleben/veranstaltungen/vinobile,"Vinobile is an annual wine fair with a clear mission: to offer wine lovers and connoisseurs a high-quality and enjoyable experience – right in the heart of Feldkirch, Austria. Since its inception in 1998, the event has grown into one of the most important wine fairs in the Lake Constance region. The name “Vinobile” combines the Italian words vino (wine) and nobile (noble), perfectly encapsulating the event’s ambition: noble wine in an elegant setting. The fair takes place at the Montforthaus Feldkirch, an architecturally striking venue located in the city’s historic center. Every spring, traditionally in April, it provides the ideal stage for more than 130 winemakers to present their wines – from emerging talents to established wineries representing all Austrian wine-growing regions. The offering is complemented by selected international vineyards from the Lake Constance area showcasing their specialties. Vinobile is organized by Stadtkultur und Kommunikation Feldkirch, an institution dedicated to promoting cultural diversity and regional value creation. As such, the fair is more than just a platform for presenting wines – it is a cultural event with deep regional roots. Increasing focus is also being placed on organic and biodynamic viticulture, a topic that resonates with both industry professionals and curious wine enthusiasts, while reflecting current trends in the wine sector. A highlight of the program is the Vorarlberg Wine Award, which honors outstanding wines from the region. This recognition reinforces the fair’s commitment to quality and places a spotlight on the work of local winemakers. Alongside tastings and direct exchange with producers, the opportunity to purchase wine on-site has also become a popular feature – offering a refined shopping experience in a sophisticated setting. Vinobile is aimed at professionals from the gastronomy and hospitality sectors, as well as private visitors with a passion for fine wine. The Montforthaus is centrally located in Feldkirch’s Old Town, fully accessible, and easily reached by public transport or car. Anyone seeking an authentic, rich, and atmospheric wine experience will find not only exceptional wines at Vinobile, but also an inspiring space for connection, enjoyment, and discovery."
VDP.Weinboerse,Expected April 2027,Germany,Mainz,Rheingoldhalle,www.vdp.de,"The VDP.Weinbörse is a trade fair for top-quality German wines and a key meeting point for industry professionals from retail, gastronomy, and the media. Organized annually by the Association of German Prädikat Wine Estates (Verband Deutscher Prädikats- und Qualitätsweingüter, VDP), the event takes place at the Rheingoldhalle in Mainz. Admission is reserved exclusively for trade visitors. As a platform for quality, innovation, and exchange, the VDP.Weinbörse brings together nearly all of the 202 VDP estates from across Germany under one roof. Winemakers present their latest vintages in person, offering a compelling insight into German wine culture at its finest. Alongside established grape varieties such as Riesling and Spätburgunder (Pinot Noir), the focus also includes developments such as biodynamic viticulture, orange wines, indigenous grape varieties, and sustainable winegrowing concepts that combine ecological responsibility with economic viability. Visitors can expect not only an exclusive selection of wines but also in-depth expertise delivered through hands-on masterclasses. Whether it’s emerging trends in German Pinot Noir, the renaissance of Riesling, or the future of sustainable viticulture, the VDP.Weinbörse provides valuable, practice-oriented knowledge at a high professional level. This depth of content makes the event an indispensable resource for meaningful industry exchange. Professionals from across Europe—including winemakers, merchants, restaurateurs, sommeliers, and journalists—use the fair as an opportunity for direct dialogue, networking, and developing new business relationships. The VDP.Weinbörse is considered a reliable indicator of vintage quality and a trendsetter for the German wine industry. It also plays an important role for the city of Mainz, which, as the wine capital of Rheinhessen, offers excellent transport connections by train, car, or plane due to its central location. The Rheingoldhalle, situated directly on the Rhine and just steps from the historic old town, provides an ideal setting for the event. For anyone seeking a comprehensive overview of Germany’s wine elite—combined with top-tier tasting, information, and networking—the VDP.Weinbörse is an unmissable occasion."
Vyno Dienos (Wine Days),Expected May 2027,Lithuania,Vilnius,Litexpo - Lithuanian Exhibition Center,www.vynodienos.lt,"Vyno Dienos (Wine Days) is the largest and most prestigious wine fair in the Baltic region. Held annually at LITEXPO, the Lithuanian Exhibition and Congress Centre in Vilnius—the capital of Lithuania—the event has, since its inception in 2005, become a major meeting point for industry professionals and wine enthusiasts aged 20 and above. It has gained international recognition and is organized by Vyno Klubas, a dedicated Lithuanian organization committed to promoting wine knowledge and culture, widely regarded as a leading force in the industry. More than just a showcase for global wine trends, Vyno Dienos plays a key role in supporting Lithuania’s young but rapidly growing wine scene. It brings together wine lovers, winemakers, importers, distributors, and experts from both Lithuania and abroad, offering a unique platform for professional exchange, product discovery, and sensory experiences. The event primarily focuses on European wines, complemented by a curated selection of sparkling wines, mead, and craft beers. A standout feature of the fair is its guided tastings, where attendees can interact directly with producers and sample rare or newly released wines. The tasting experience is enriched by a thoughtfully selected range of gourmet foods and delicacies that pair perfectly with the wines on offer. The event also features a diverse educational program, including workshops, seminars, and expert-led lectures—some geared toward sommelier training—designed to deepen wine knowledge at an advanced level. In addition, the fair showcases wine accessories and cutting-edge technologies related to wine production and storage. Visitors also gain insights into wine tourism opportunities and destinations, appealing to both private travelers and tour operators. Networking events further encourage direct connections between producers, trade professionals, and retailers, creating fertile ground for new collaborations. With its blend of international scope, regional focus, high-quality educational content, and immersive tasting experiences, Vyno Dienos stands out as a one-of-a-kind wine fair—a must-attend annual event for industry experts and passionate wine lovers alike. Admission to the fair is strictly permitted only to persons aged 20 and over."
Bellavita,Expected May 2027,Italy,Rho,Fiera Milano,www.bellavita.com/en/expo/milan,"Bellavita Milano is an international trade fair dedicated to showcasing and promoting Italian food and beverages. It takes place annually at Fiera Milano (Rho) in Rho, a prominent and accessible venue that serves as a hub for international trade and cultural events. The trade fair is organized by Bellavita Expo Ltd. and is part of an extensive series of Bellavita events that take place in other cities worldwide, highlighting the global reach and international character of the fair. The fair offers a variety of main themes and covers a wide range of product categories, including wines and spirits, cheeses and dairy products, meats and sausages, fish and seafood, fruits and vegetables, confections, as well as gourmet and convenience foods. Additionally, specialized segments such as organic, vegan, and ""free-from"" products, along with dressings, sauces, and spreads, are showcased. The fair holds significant cultural and economic importance for the Milan region, known for its cultural diversity and interest in international culinary trends. This makes it an ideal location for such an event. One of the highlights of Bellavita Milano is the numerous competitions, tastings, and award ceremonies where companies can present their products and win accolades. These events attract more exhibitors and visitors each year and enhance the prestige of the fair. Exhibitors come from various sectors of the Italian food industry, while the main visitors are professionals from gastronomy, retail, and wholesale, who are always on the lookout for new products and trends. In summary, Bellavita Milano is more than just a fair. It serves as a central platform for the Italian food and beverage industry and offers a unique opportunity to experience the diversity and quality of Italian products in a dynamic and international setting."
Langres Gastronomique,Expected June 2027,France,Langres,Salle Jean-Favre,langresfoiregastronomique.fr,"Langres Gastronomique is an annual highlight for food lovers, producers, and enthusiasts of regional culinary culture. Held at the Salle Jean-Favre in Langres—a historic town in northeastern France—the event is organized by the dedicated Association Langres Foires et Salons , which is committed to promoting the region’s economy, culture, and way of life. This fair is much more than a marketplace – it serves as a vibrant showcase of the terroir , the culinary and artisanal identity of the Langres region. Numerous passionate exhibitors present their specialties, ranging from artisan cheeses and air-dried sausages to homemade pasta, honey, syrups, and premium ice cream. Visitors are not only invited to sample the products but also to engage directly with the producers – an experience that defines the unique character of the event. What further sets Langres Gastronomique apart is its successful blend of gastronomy, culture, and entertainment. The program includes cooking demonstrations, culinary competitions, and live tastings, along with musical performances, evening events, and interactive experiences for both children and adults. Workshops, talks, and hands-on activities add extra depth, turning a visit into a well-rounded and memorable experience. The fair is deliberately focused on quality over quantity, emphasizing regional food craftsmanship and artisanal products. Most exhibitors come from the fine food, specialty food production, and artisan sectors. The primary audience includes culinary professionals, hoteliers, retailers, and food enthusiasts seeking authentic products, new business contacts, or fresh culinary inspiration. Langres Gastronomique reflects the history, craftsmanship, and zest for life of the region. It plays a key role in promoting local products and producers while strengthening regional identity and pride. The centrally located Salle Jean-Favre is easily accessible by car and public transport. For anyone wishing to experience the authentic spirit of French culinary culture combined with regional diversity and a rich cultural program, Langres Gastronomique is a must-attend event on the culinary calendar."
Gourmet Selection,Expected June 2027,France,Paris,Paris Expo Porte de Versailles,www.salon-gourmet-selection.com,"The Gourmet Selection is an annual trade fair that has established itself as a key event in the international fine food industry since its inception in 2009. It is organized by Comexposium, one of the world’s leading trade show organizers. This exclusive event has become a highly specialized platform for delicacies, gourmet products, and culinary innovations. Held at Paris Expo Porte de Versailles—one of Europe’s largest and most modern exhibition centers—it benefits from a central location in the French capital, a city synonymous with gastronomy, lifestyle, and refined enjoyment. Excellent access to public transport ensures convenient travel for trade visitors from both France and abroad. At the heart of the fair are quality, craftsmanship, and origin. A carefully curated selection of specialties from France and around the world is showcased—ranging from characterful cheeses, premium charcuterie, foie gras, preserves, artisanal chocolates and pralines, fine pastries, and specialty breads to exquisite wines, craft spirits, and innovative non-alcoholic beverages. The event celebrates not only culinary excellence and artisanal quality but also reflects current trends such as plant-based nutrition, “free-from” products, sustainable snacking, and features on guest regions from across the globe. A distinctive feature of the fair is the strong presence of products with protected designations of origin, such as AOP, AOC, or IGP, alongside a wide range of certified organic goods carrying the AB label. Sustainability and transparent sourcing are integral to the concept of the fair and are reflected throughout the product offerings and presentations. In addition to food, the event also includes offerings related to gastronomy and fine food retail, including stylish tableware, premium packaging solutions, and digital tools for the point of sale. The fair is exclusively open to professional visitors—particularly those from the fine food trade, premium grocery retail, concept stores, as well as upscale restaurants and the hospitality sector. A highlight of the event is the “Gourmet Selection Best Of” competition, which honors outstanding and particularly innovative products—a recognized mark of quality and creativity. The fair experience is further enhanced by the Tasting Forum, where fine foods are prepared and sampled live, and the Experts’ Agora, a space dedicated to professional exchange and knowledge transfer. With its clear focus, exceptional product selection, international reach, and the unique atmosphere in the heart of Paris, Gourmet Selection offers a specialized platform for those seeking to combine excellence, innovation, and high-end indulgence."
Bellavita,Expected June 2027,Austria,Vienna,Marx Halle,www.bellavita.com/en/expo/vienna,"The Bellavita Expo in Vienna is an annual international trade fair dedicated to the presentation and promotion of Italian food and beverages. The fair is organized by Bellavita Expo Ltd. It is part of a broader series of Bellavita events held worldwide in cities. This underscores the global significance and international character of the fair. The Bellavita Expo Miami aims to connect Italian food producers and exporters with an international professional audience from the gastronomy, retail, and wholesale sectors. The main themes of the fair are diverse and include a wide range of product categories, such as wines and spirits, cheeses and dairy products, meats and sausages, fish and seafood, fruits and vegetables, confectioneries, as well as gourmet and convenience products. Additionally, specialized segments like organic, vegan, and ""free-from"" products, as well as dressings, sauces, and spreads, are presented. One of the highlights of the Bellavita Expo are the numerous competitions, tastings, and award ceremonies, where companies can showcase their products and win awards. These events attract more exhibitors and visitors each year and enhance the prestige of the fair. The exhibitors come from various sectors of the Italian food industry, while the main visitors are professionals from gastronomy, retail, and wholesale sectors who are always looking for new products and trends. In summary, the Bellavita Expo in Vienna i is more than just a fair. It serves as a central platform for the Italian food and beverage industry and offers a unique opportunity to experience the diversity and quality of Italian products in a dynamic and international setting."
Nouvelle Moselle,Expected June 2027,Germany,Traben-Trarbach,Die Mosel Vinothek & Winebar,www.nouvellemoselle.de,"Nouvelle Moselle is a specialised natural wine fair with a clear regional focus. At the same time, it positions itself as a cultural wine festival that reimagines the Mosel not only as a place of origin, but as a shared philosophy and a forward-looking space for artisanal winemaking. Rather than presenting itself as a large, cross-industry trade show, Nouvelle Moselle is deliberately conceived as a curated platform for serious natural wine. The event takes place at the Mosel Vinothek & Winebar in Traben-Trarbach — a venue that, like few others, embodies the historical and economic significance of Mosel wine. The fair is organised by DIE MOSEL Restaurant & Weinbar, a hospitality concept that brings together top regional wines, culinary excellence and cultural programming. Nouvelle Moselle creates an environment in which producers, trade professionals and engaged wine lovers meet and exchange ideas on equal terms. At its core, the fair treats natural wine as an expression of a conscious philosophy. The focus is on organically or biodynamically farmed wines, fermented with indigenous yeasts and bottled with minimal sulphur additions. Synthetic fertilisers, herbicides and technical interventions that might obscure the character of the terroir are consistently avoided. The event combines tasting and knowledge-sharing: visitors sample current releases, single-vineyard and estate wines, pét-nats, skin-contact whites and unfiltered Rieslings, while engaging directly with the growers. Practical discussions explore topics such as vineyard management, soil health, agroforestry systems and the history of the Mosel wine trade. In dedicated “Deep Talks”, the question “What is natural wine?” is examined in depth, providing clarity around a term that is often used loosely. Beyond wine, the fair also showcases products and services from related sectors, including sustainable vineyard technology, specialist publications, hospitality concepts, regional artisan foods and consultancy on biodynamic viticulture and marketing. Exhibitors are drawn primarily from wine production, hospitality, wine retail and sustainable agriculture. The core audience comprises sommeliers, specialist merchants, restaurateurs, journalists, wine consultants and discerning private buyers seeking authentically crafted wines with a clear sense of origin. Choosing Traben-Trarbach as the host location is about more than geography. Once a major centre of the international wine trade, the town uniquely combines Art Nouveau architecture, dramatic river scenery and a deep-rooted wine culture. The Mosel Vinothek & Winebar is centrally located and easily accessible by car via the B53, by rail and through nearby airports. As such, Nouvelle Moselle offers more than a professional tasting event: it delivers an immersive experience in one of Germany’s most historic wine regions — a place where natural wine is not a passing trend, but part of a sustainable and forward-looking future."
Summer Fancy Food Show,Expected June 2027,USA,New York City,Jacob K. Javits Convention Center,www.specialtyfood.com,"The Summer Fancy Food Show is North America’s largest trade fair for specialty foods and is regarded as a showcase for innovation, quality, and artisanal craftsmanship in the world of culinary products. Since its inception in 1955, it has evolved into a key meeting point for the international food industry. The term “Fancy Food” not only signifies unique and premium products but also stands for high standards in taste, originality, and product quality – from exquisite delicacies to cutting-edge nutrition concepts. Every summer, the Jacob K. Javits Convention Center in the heart of Manhattan opens its doors to trade visitors from around the globe. This modern, well-equipped venue impresses with its central location, close to iconic landmarks such as Times Square and Central Park. Excellent access to public transportation makes the Javits Center easily reachable – a clear advantage for international attendees. The event is organized by the Specialty Food Association (SFA) , a nonprofit organization dedicated to supporting independent food producers and recognizing outstanding products. But the Summer Fancy Food Show is much more than just a product exhibition: it serves as a trendsetter, idea generator, and dynamic business platform. The event concept successfully combines culinary experience, business relevance, and thematic diversity. Across more than 40 product categories – ranging from plant-based foods and gourmet snacks to innovative beverages – visitors gain practical insights into the latest industry developments through tastings, live cooking demonstrations, and curated theme pavilions. Among the highlights are startups and product debuts, as well as dedicated sections such as the Bakery, Confectionery, Snacks & Sweets Pavilion , the Beverage Pavilion , and the Plant-Based Pavilion . Special attention is given to the Spotlight Showcases , which focus on themes like diversity and emerging food trends, and the RangeMe Collection , offering exclusive previews of up-and-coming brands. A standout feature of the show is the lineup of live competitions and award ceremonies. The SFA People Awards honor exceptional individuals in the industry, while the North America Pastry Competition Championship brings together eight chef teams for a sustainability-focused pastry showdown – a must-see event for anyone passionate about the future of dessert cuisine. The show connects manufacturers, distributors, importers, retailers, restaurateurs, and investors with the aim of unlocking new business opportunities, strengthening existing partnerships, and fostering targeted innovation. In just three days, attendees can establish valuable contacts, build collaborations, and close tangible business deals – efficiently, purposefully, and with an eye toward the future. For anyone looking to experience the latest in the food industry, spot trends early, and soak up the energy of New York’s culinary scene, the Summer Fancy Food Show is the place to be – unique, relevant, and truly inspiring."
Gourmet Festival,Expected July 2027,Germany,Cologne,Schokoladenmuseum,gourmetfestivals.de,"The Gourmet Festival Cologne is an annual food and drink festival organised by Wellfairs GmbH. Part of a wider event series that also takes place in Düsseldorf and Mönchengladbach, it provides a showcase for exceptional cuisine and distinctive gourmet products. The festival is held in the heart of Cologne, in front of the Chocolate Museum and along the Rheinauhafen waterfront. Its picturesque setting features rows of white pagoda marquees and stylish food trucks arranged along the aptly named “Food Truck Avenue”. Held during the summer months, the Gourmet Festival Cologne is a premium gastronomic event dedicated entirely to food and drink. With a strong emphasis on international, national and regional specialities, it invites visitors to explore a wide range of flavours and purchase high-quality products. The festival brings together exhibitors from across the food and hospitality sector, including renowned restaurateurs, winemakers and artisanal delicatessen producers. Their offerings range from premium food products, fine wines and high-end spirits to freshly prepared dishes and sweet treats. Kitchen equipment and culinary accessories are also on display. Festival highlights include workshops and tasting sessions hosted by exhibitors, as well as live musical performances. The aim is to provide visitors with an unforgettable culinary weekend. The event attracts both food enthusiasts and professionals from the hospitality and food industries. The venue, located at the Chocolate Museum on the banks of the Rhine, is easily accessible by public transport and within walking distance of Cologne city centre. Parking is available in the surrounding area, although visitors are encouraged to use public transport where possible. In summary, the Gourmet Festival Cologne is a captivating event that brings together outstanding culinary experiences and products from the region and beyond. It offers visitors a unique opportunity to discover new flavours, gain inspiration and immerse themselves in the world of fine food and drink. More than simply a celebration of taste, it is a feast for all the senses."
Foire aux Vins d'Alsace,Expected July 2027,France,Colmar,Parc des Expositions,www.foire-colmar.com,"The Foire aux Vins d’Alsace – the Alsace Wine Fair – is much more than a traditional trade or consumer exhibition. It uniquely blends wine culture, business, music, and regional identity, transforming the city of Colmar each summer since 1948 into a vibrant center of cultural and economic life in Alsace. The abbreviation FAV, short for Foire aux Vins d’Alsace , reflects the event’s core theme: Alsatian wine in all its diversity, quality, and tradition. The event takes place at the modern Parc des Expositions de Colmar, which becomes a ten-day magnet for wine enthusiasts, professionals, music lovers, and families every July or August. Organized by Colmar Expo SA in close cooperation with the Chamber of Commerce and the City of Colmar, this prominent event was originally created to revitalize the regional wine industry in the aftermath of World War II. Today, it ranks among the most significant summer festivals in France, drawing attention well beyond the borders of Alsace. At the heart of the fair are the Wines of Alsace, showcased in a dedicated wine trade exhibition featuring more than 1,500 samples, expert tastings, specialist lectures, and the ceremonial election of the Reine des Vins d’Alsace. This sensory experience is complemented by a diverse range of exhibitors—around 350 businesses from sectors such as crafts, fashion, horticulture, gastronomy, mobility, construction, and lifestyle. What sets the Foire aux Vins d’Alsace apart is its unique combination of trade fair, wine festival, and concert venue. International artists take to the open-air stage, creating a festival atmosphere with performances ranging from pop and rock to electronic and hard rock. Additional entertainment—ranging from burlesque and dance performances to children’s programs, cooking shows, and athletic displays—ensures a varied experience for a wide audience. The fair attracts not only trade visitors and business travelers, but also tourists, wine and music lovers, and culture enthusiasts from across France, the German-speaking regions, and beyond. Deeply rooted in the region, the FAV presents itself as a vibrant showcase of Alsatian lifestyle—a platform that unites economic vitality with cultural tradition and expresses regional pride through a celebration of enjoyment. The Parc des Expositions is conveniently located and easily accessible by car, train, or via nearby airports. Colmar itself, a charming and historic town nestled among the vineyards of Alsace, offers with its architecture and hospitality the perfect setting for a fair that brings the spirit of the region to life year after year."
Gourmet Festival,Expected August 2027,Germany,Düsseldorf,Königsallee,gourmetfestivals.de,"The Gourmet Festival , founded in 2011, is much more than a traditional food fair. It represents a unique, plant-based gourmet and lifestyle experience in the heart of the city. The festival’s name stands for culinary sophistication, sustainable living, and contemporary enjoyment, bringing together exclusive cuisine and inspiring culinary artistry in a special way. Once a year, the renowned Königsallee—Düsseldorf’s lively promenade—becomes a magnet for gourmets, food enthusiasts, industry experts, and all those who appreciate an innovative, vegan-oriented lifestyle. The festival is organized by Wellfairs GmbH, a renowned company known for its professional event management and keen sense of current food trends. The event serves as a platform for exceptional products and services: visitors discover plant-based alternatives to meat, fish, dairy, and cheese, as well as creative snacks, exclusive delicacies, vegan cosmetics, sustainable fashion, and modern kitchen and household appliances. The offerings are further enriched by contributions from the fields of sports, health, leisure, nutrition counseling, media, and literature, all of which together promote a forward-thinking lifestyle. The festival maintains a strong connection to Düsseldorf and the surrounding region. Many exhibitors come from the local area, highlighting the event’s deep roots within the city. Regional specialties, innovative street food concepts, and the inclusion of emerging businesses create a modern, creative atmosphere at the festival. The event appeals to both private gourmets and professional visitors, including decision-makers and trendsetters from gastronomy, hospitality, and retail. As part of a regional event series that also takes place in cities such as Mönchengladbach and Cologne, the Düsseldorf festival sets its own distinctive accents. What makes this event in the center of one of Germany’s most dynamic cities truly special is the combination of top-class cuisine, modern lifestyle, and an urban atmosphere. Its central location on the Königsallee ensures easy accessibility, whether by public transport or by car. The Gourmet Festival Düsseldorf, held annually as a leading trade fair, embodies enjoyment, sustainability, and innovation. Deeply rooted in the city’s way of life, it inspires both visitors and exhibitors with new ideas and current culinary trends."
Düsseldorfer Herbstfestival Schloss Eller,Expected August 2027,Germany,Düsseldorf,Schloss Eller,renomueller.de/event/herbstfestival-schloss-eller,"The Düsseldorf Autumn Festival at Schloss Eller is considered one of the most exclusive lifestyle and cultural fairs in western Germany, attracting numerous visitors each year who appreciate the extraordinary. More than just an event, it serves as a meeting point for those who are passionate about refined living, seeking inspiration, and discovering the latest trends in a stylish setting. The impressive Schloss Eller in Düsseldorf, with its historic architecture and expansive park, provides a remarkable backdrop for this unique fair experience. The festival takes place annually during the transition from late summer to autumn, usually in early September. It is organized by the renowned Reno Müller Veranstaltungen GmbH & Co. KG, a company known for its exclusive events and meticulous attention to detail. In addition to the Autumn Festival, the company hosts other established events such as “Gartenwelt”, “Landpartie”, “Herbstpartie” and “Schloßzauber” at selected locations, offering a diverse portfolio of experience fairs for a discerning audience. At the heart of the Düsseldorf Autumn Festival are the themes of fine food and culinary delights, fashion and jewelry, home and garden, as well as art and lifestyle. Visitors can look forward to an exclusive selection of gourmet foods, fine wines, delicacies, and popular street food specialties. The offerings are complemented by exceptional design objects, accessories, and handcrafted jewelry. For home and garden enthusiasts, exhibitors showcase elegant plants, creative decoration ideas, high-quality furniture, and exclusive garden accessories. Art lovers will find works ranging from arts and crafts to painting and sculpture, providing inspiration for a distinctive lifestyle. With more than 100 carefully selected exhibitors, the Autumn Festival presents a wide range of products and services that invite visitors to discover, experience, and participate. The fair functions not only as a sales platform but also as a trend barometer: those interested in the latest developments can find expert contacts from various sectors—from goldsmiths and wine merchants to gardeners, artists, and designers. Special highlights of the festival include the impressive Prinzensaal and the Salon of Princess Luise, whose historic interiors offer visitors a glimpse into times past. The Autumn Festival at Schloss Eller is deeply rooted in Düsseldorf’s history and underscores the special significance of art and culture in the state capital—a reflection of the region’s creative identity. The festival primarily appeals to culturally interested connoisseurs, lovers of the good life, and professional visitors from the fields of art, fashion, gardening, and gastronomy. They value the opportunity to exchange ideas with like-minded people and to find new inspiration for their own homes and personal lifestyles. Those who attend the Autumn Festival immerse themselves in a world where enjoyment, style, and inspiration are celebrated at the highest level. Schloss Eller itself is not only a historic landmark, but also conveniently accessible—whether by car, public transport, or bicycle. A visit to the Düsseldorf Autumn Festival at Schloss Eller promises a unique fair experience in one of the city’s most impressive locations and leaves lasting memories thanks to its special atmosphere."
Fine Food Australia,Expected August 2027,Australia,Melbourne,MCEC - Melbourne Convention and Exhibition Center,finefoodaustralia.com.au,"""Fine Food Australia"" represents more than just a name—it's a commitment to quality and excellence. Embracing the ""Fine Food"" label, the emphasis is on select foods, drinks, and services within the hospitality sector. Established in 1984, this event has become a pivotal gathering for the Australian food and hospitality sectors. It's expertly organised by Diversified Communications Australia, specialists in hosting international fairs and events. Annually in September, ""Fine Food Australia"" alternates between two renowned venues: the International Convention Centre (ICC) in Sydney and the Melbourne Convention and Exhibition Centre. It showcases the latest trends, products, and innovations that drive the industry. Key features include food specialties, catering, front-of-house equipment, beverages, coffee and tea, bakery tools, hotel and retail tech, dairy insights, and pioneering packaging solutions. A significant portion of exhibitors hail from retail, food service, and hospitality backgrounds. This event allows them to showcase their newest products and services to a vast industry audience. Primarily, it attracts buyers and key decision-makers from the aforementioned sectors, presenting them with an unparalleled opportunity to keep abreast of industry innovations and establish business connections. Concluding, it's worth noting the strategic locations of both venues: the ICC in Sydney and the Convention Centre in Melbourne. Their central positioning coupled with excellent transport links ensures ease of access. The annual city switch offers attendees a unique opportunity to witness the vibrant facets of the Australian food and hospitality industry. Explore ""Fine Food Australia"" and delve into a realm of culinary innovation and discovery!"
Gourmet Show,Expected September 2027,Mexico,Mexico City,World Trade Center Mexico (WTC),www.gourmetshow.mx,"The Gourmet Show is Mexico’s leading trade fair for premium food, fine beverages, and culinary lifestyle. Held annually in the heart of Mexico City – at the modern World Trade Center (WTC) – the event attracts culinary professionals, gourmet enthusiasts, and key decision-makers from across the food industry. Organized by Tradex Exposiciones, a seasoned exhibition company with decades of experience, the show has established itself as a benchmark in the sector. Each September, the Gourmet Show provides an exclusive platform for networking, presentation, and culinary exploration. Its clearly defined thematic structure, divided into dedicated exhibition zones known as Pabellones , offers visitors a well-organized experience while spotlighting industry trends and innovations. The Wine Room showcases international wines and premium spirits, while the Agave Fest is dedicated to traditional Mexican agave-based distillates such as tequila and mezcal. With Veganautas , the show also highlights the growing plant-based and vegan movement, reinforcing its commitment to culinary diversity and forward-thinking concepts. The product range is extensive – from artisanal breads, fine cheeses, and charcuterie to fresh seafood, gourmet chocolates, preserves, organic products, and creative culinary ingredients. The offering is further enriched by high-quality oils, vinegars, and international delicacies. Exhibitors include both small-scale producers and established brands from the fine food, gastronomy, hospitality, retail, wholesale, and catering sectors. Beyond business, the Gourmet Show embraces a cultural mission: to promote Mexico’s culinary heritage while bridging tradition and innovation. Through a diverse program of workshops, tastings, and networking events, it creates a vibrant meeting point for chefs, sommeliers, food professionals, and culinary enthusiasts. As Mexico’s premier culinary showcase, the event highlights the country’s rich diversity of products and producers – and in doing so, enhances its international reputation as a destination for gourmet excellence. The centrally located Pepsi Center also provides ideal infrastructure. Its proximity to the WTC, excellent public transport connections, and nearby hotel options make the Gourmet Show not only a culinary highlight but also a logistical success."
Landpartie Schloss Jägersburg,Expected September 2027,Germany,Eggolsheim,Schloss Jägersburg,gartenkoenig.com/event/landpartie-schloss-jaegersburg,"Landpartie Schloss Jägersburg is not a conventional trade fair in the strict sense, but a curated public event with an exhibition character that captures the spirit of autumn in all its richness. Rather than focusing on the functional mechanics of a typical fair, it offers an atmospheric marketplace that brings together inspiration, quality and experience. Once a year, the historic grounds of Schloss Jägersburg in Eggolsheim are transformed into a showcase for garden culture, home design, craftsmanship and fine food. The event is organised by ARCOS GmbH, an experienced promoter of high-end lifestyle and country-style events. Great emphasis is placed on the careful selection of exhibitors, a coherent overall concept and a refined setting. As a result, the event clearly distinguishes itself from standard consumer fairs: the priority is quality and curated variety, not a broad-based mass offering. The thematic focus is on autumnal ideas for gardens and living. Visitors can explore seasonal planting schemes, inspiration for garden and landscape design, and selected products relating to plants, outdoor spaces and nature-inspired living. The range is complemented by high-quality home accessories, stylish decorations for house and garden, and handcrafted one-off pieces. Artisans, designers and fashion labels present distinctive products – from textiles and jewellery to statement accessories – that stand apart from industrial mass production. Culinary specialities complete the experience, with savoury dishes, sweet treats and regional delicacies reflecting the flavours of the season. Exhibitors predominantly represent horticulture, floristry, home and lifestyle, arts and crafts, fashion, fine foods and regional artisan producers. The visitor profile is correspondingly diverse: garden enthusiasts, design-conscious consumers, lovers of regional cuisine, local families and culturally and architecturally minded guests who appreciate the unique setting. The event is not aimed at trade professionals; rather, it is designed for discerning private visitors with an appreciation of aesthetics, craftsmanship and gastronomy. A defining feature is the atmosphere of the historic castle estate itself. With its expansive grounds, mature trees and autumnal backdrop, it provides a fitting and evocative setting for the exhibition. The Landpartie is conceived as a space to explore, linger and enjoy over three days – a deliberately unhurried format that combines inspiration with an enjoyable retail experience. At the same time, the event is firmly rooted in the region. It enriches cultural life in Eggolsheim and the wider Franconian area, supports local producers and attracts visitors from across Bavaria and beyond. Landpartie Schloss Jägersburg forms part of a series of comparable events held at selected historic venues, each individually tailored to its location. The venue is easily accessible. Eggolsheim lies in Upper Franconia between Bamberg and Forchheim and can be reached conveniently by car via the A73 motorway as well as by public transport. In this way, Landpartie Schloss Jägersburg brings together regional identity, the pleasures of the autumn season and a quality-driven exhibitor profile in a refined seasonal highlight."
Rohvolution,Expected September 2027,Germany,Spires,Stadthalle,rohvolution-messe.de/die-messe/speyer,"The 'Rohvolution' fair in Speyer stands as a beacon for the raw food nutritional revolution. The name melds the word ""Roh"", denoting the core essence of the showcased diet, with ""Revolution"", indicating a transformative shift in nutritional perspectives. Hosted in the scenic city of Speyer, specifically within the town hall, Rohvolution began its journey in 2017. It has since become an annual magnet for raw food aficionados. The fair is orchestrated by RohKöstlich GmbH, esteemed for their event management prowess and deep understanding of raw food nutrition. Central to the fair is the exploration of raw food nutrition. Attendees can delve into a myriad of related products and services. Offerings span from raw food preparation tools like juicers to taste-test opportunities provided by organic producers and fruit vendors. Here, one can relish smoothies, fresh juices, and other raw food delights. What particularly stands out at the Rohvolution are the enlightening lectures and workshops, shedding light on the art of raw food preparation. Exhibitors, ranging from organic farmers to kitchen equipment manufacturers, spotlight their offerings. Among the visitors, one finds nutrition enthusiasts, health-aware individuals, and professionals spanning the spheres of nutrition, gastronomy, and farming. In summary, Speyer's town hall is more than just a venue; it's a nexus point, both accessible by public transport and car. Set against the historic allure of Speyer, the fair is more than an event – it's an odyssey into the realm of mindful and healthful eating."" Note: The 'Rohvolution' fair in Speyer is a central event in the raw food revolution, offering attendees a chance to immerse themselves in raw food nutrition, sample delightful products, and learn from experts. Held at a strategic location, it promises not just knowledge but also a unique cultural experience."
Bellavita,Expected September 2027,Latvia,Riga,International Exhibition Centre Kipsala,www.bellavita.com/en/expo/riga,"Bellavita in Riga is the leading trade fair for Italian food and beverages in the Baltic region. As an exclusive centre of expertise, it showcases authentic culinary experiences from every region of Italy. Each year, it opens its doors at the International Exhibition Centre Kipsala in Riga to industry professionals from gastronomy, retail, and wholesale, who can explore the diversity and quality of Italian products here. Organised by Bellavita Expo Ltd., the fair—whose name stands for ""the beautiful life"" and the Italian way of living—combines outstanding culinary excellence with a high-quality, internationally oriented business network. The range of products on offer extends from classic specialities such as olive oil, wine, and cheese to innovative delicacies and convenience solutions, always with a focus on premium quality. A key feature is the international buyer and matchmaking programme, organised in cooperation with the Italian Trade Agency (ICE) and the partner fairs Cibus Parma and TuttoFood Milano. This structured format actively promotes connections between exhibitors and buyers from Central and Northern Europe, opening up new business opportunities in the Baltic market. Bellavita Expo also sees itself as a platform for knowledge transfer and industry trends. Blind tastings, competitions, and awards give producers the opportunity to have their products evaluated by experts. Exhibitors from the fields of wine, dairy products, meat and charcuterie, fish, fruit and vegetables, confectionery, and delicatessen meet a qualified audience from trade, gastronomy, and the international import and export sector. The trade fair is part of a successful, internationally expanding series of events that takes place not only in Riga but also at other locations worldwide. The modern Kipsala Exhibition Centre provides ideal conditions—from its central location to the inspiring atmosphere in Latvia's vibrant capital. Bellavita Expo Riga thus serves as the key platform for anyone wishing to experience Italian food trends, build business relationships, and discover premium products for the Baltic market. The Bellavita take place annually, and therefore presumably in September 2027 in Riga."
WineTech,Expected July 2028,Australia,Adelaide,Adelaide Convention Centre,winetech.com.au,"WineTech , the Australian Wine Industry Trade Exhibition, is the leading trade fair for Australia’s wine sector. Held every three years at the Adelaide Convention Centre, the event takes place in a state-of-the-art venue located in the heart of South Australia’s capital. Its central location offers convenient access to the airport, central train station, hotels, and restaurants. Over time, WineTech has established itself as a key platform for innovation, technology, and professional exchange within the industry. The name “WineTech” symbolically represents the intersection of wine production and technological advancement—an essential driver of the industry’s long-term viability. The exhibition is organised by Expertise Events Pty Ltd., a renowned Australian event organiser known for delivering high-impact, professional trade shows. Its triennial schedule ensures a steady stream of fresh ideas, technological breakthroughs, and practical solutions to both current and emerging challenges. At the core of WineTech are practical innovations in viticulture and oenology, spanning the entire production process—from vineyard management and modern winemaking technologies to sustainable packaging and bottling solutions. Exhibitors from fields such as automation, sensor technology, robotics, IoT, laboratory analytics, and microbiome science showcase their latest developments, alongside contributions from research institutions, life sciences, and agricultural technology. High-interest topics include precision viticulture, CO₂-reduced materials, data-driven processes, and climate-resilient cultivation methods. The exhibition is further enriched by high-level workshops, interactive floor talks, and the accompanying Australian Wine Industry Technical Conference. These formats create a unique knowledge platform that brings together hands-on professionals, scientists, and industry leaders. Visitors from across the entire value chain—from production to export—attend the event to gain insights, exchange ideas, and make informed investment decisions. WineTech is not a travelling exhibition but a firmly established event rooted in Adelaide. As the capital of South Australia—home to the country’s most productive wine-growing regions—Adelaide offers an ideal setting. Its proximity to renowned wineries, research centres, and innovative start-ups provides the perfect backdrop for a trade fair that embraces both tradition and transformation. Whether the goal is to future-proof operations, develop sustainable vineyards, or gain a competitive edge in global markets, WineTech offers a practical, inspiring, and unparalleled platform for actively shaping the future of the wine industry."
