전시회명,개최기간,개최국,개최도시,개최장소(베뉴),축제URL,축제소개
Herbstfest Kloster Veßra,18. - 20. September 2026,Germany,Kloster Veßra,Kloster Veßra,gartenkoenig.com/event/herbstfest-kloster-vessra,"The Herbstfest Kloster Veßra is an annual lifestyle and garden fair that transforms the historic grounds of the Henneberg Museum Kloster Veßra into an autumn-inspired world of experiences. Organized by Arcos GmbH, this event uniquely combines tradition with contemporary trends, nature with indulgence, and craftsmanship with lifestyle. Each year in September, as the vibrant colors of autumn unfold, the festival invites visitors to experience the special atmosphere of one of Thuringia’s most beautiful open-air museums. The listed walls of the former Cistercian monastery provide a striking backdrop for a fair that is far more than a typical market – it is a stylish celebration for garden enthusiasts, food lovers, families, and curious explorers alike. The event centers around themes related to home, garden, and rural living, always reflecting the region’s artisanal and agricultural heritage. Visitors can discover seasonal plants such as roses, herbs, and perennials, accompanied by expert advice and practical care tips. The selection is complemented by thoughtfully curated products for stylish living – from handmade decorations and rustic-elegant furniture to distinctive fashion pieces, including Italian designer wear and high-quality alpaca wool clothing. Jewelry and trendy accessories further enrich the diverse range on offer. Culinary highlights include a delightful mix of regional specialties and international delicacies. Special features such as whisky tastings and gourmet food stands with unique offerings provide additional culinary experiences. Exhibitors mainly come from the fields of horticulture, crafts, design, home décor, fashion, fine foods, and natural products. The audience is just as diverse, drawing visitors from across Thuringia, Franconia, Hesse, and beyond. Garden lovers, connoisseurs, families, and professionals from the floristry, decoration, and event industries particularly value the successful blend of quality, atmosphere, and regional flair. The venue – the Henneberg Museum Kloster Veßra – is a cultural landmark in southern Thuringia. Its impressive architecture and picturesque surroundings give the event a truly one-of-a-kind setting. Getting there is easy: by car via the A71 motorway, or by public transport to the nearby Themar train station, from which shuttle services run to the event grounds."
kulinart,03. - 04. October 2026,Germany,Frankfurt,"Campus Westend, Casinogebäude, Goethe-Universität",www.kulinart-messe.de,"The kulinart Frankfurt is an annual public and trade fair held in autumn, established as a platform for culinary culture, sustainable food, and stylish lifestyle design. It is organized by Frankfurter Messe & Event GmbH, an experienced event organizer based in Offenbach. The venue is the Casino building on the Westend Campus of Goethe University Frankfurt – an architecturally striking location on one of the most beautiful university campuses in Europe. This elegant setting provides the ideal backdrop for an event dedicated to mindful enjoyment, regional diversity, and artisanal craftsmanship. More than just a trade fair, kulinart is a sensory experience that appeals to food lovers, amateur chefs, health-conscious visitors, and design enthusiasts alike. It showcases a carefully curated selection of high-quality foods, innovative culinary products, stylish kitchenware, and contemporary ideas for table culture and home living. At its core is a commitment to quality, sustainability, and individuality. Whether organic, fair-trade, or locally produced, conscious consumption becomes a journey of discovery. The focus is on culinary trends and authentic taste experiences. Visitors discover products rarely found in conventional retail stores: fine oils, unusual vinegars, handcrafted chocolates, unique spreads, aromatic spices, fresh truffles, rare mushrooms, and much more. The selection is complemented by exquisite wines – especially from Hessian winemakers in the Rheingau and Hessische Bergstraße regions – as well as artisanal sparkling wines and champagnes, distinctive craft beers, and fine spirits such as gin, whisky, and fruit brandies from small distilleries. A local specialty, apple wine, is also featured in a wide range of variations. A key emphasis of the fair is on regional origins and artisanal production. Many exhibitors come from Hesse or neighboring areas and present products made with attention to detail and traditional methods. From cheeses from small farm dairies to specialty sausages from family-run butcheries and individually brewed craft beers – culinary craftsmanship is on display at its finest. Kulinart also offers an interactive experience with live cooking shows, tastings, and workshops. On the show stage, renowned chefs and food bloggers share practical tips, present recipes, and invite the audience to think along, cook along, and sample their creations. Themed tasting zones and high-quality street food make the fair a place where culinary diversity can be experienced in all its forms – from quick bites to in-depth professional exchanges. Kulinart Frankfurt is a source of inspiration for anyone who values conscious enjoyment, sustainable products, and authentic cuisine – all within a refined setting that encourages personal encounters. Seamlessly combining marketplace, trade fair, and experiential event, it has earned a firm place in the region’s event calendar thanks to its clear focus on quality, local character, and craftsmanship."
WineDortmund,03. - 04. October 2026,Germany,Dortmund,Westfälischer Industrieklub,www.webermesse.de/messe/wein-dortmund,"WeinDortmund is a distinguished wine fair that has established itself as an annual event for both trade professionals and the general public at the prestigious Westphalian Industrial Club in Dortmund. Organized by the experienced Webermesse GmbH, it invites guests each year on a flavorful journey through the world of wine. The focus is on red Burgundy varieties, which pair perfectly with seasonal autumn cuisine, as well as freshly bottled wines from the current vintage. Alongside new product releases, the fair also showcases the personal signatures and unique styles of the winemakers. The event is clearly curated: more than 500 wines from renowned German wine regions – including the Moselle, Nahe, Franconia, Rheinhessen, Palatinate, Baden, and Württemberg – as well as international selections from Italy, Spain, France, Austria, Australia, South Africa, and Chile are available for tasting. Visitors can engage directly with winemakers, wineries, cooperatives, and importers to gain deeper insight into the origins and philosophies behind each wine. WeinDortmund is much more than a traditional tasting event. It serves as an exclusive platform for trade professionals, upscale gastronomy, and discerning wine enthusiasts who not only sample but also place orders on site. Exhibitors from wine production, import/export, specialized retail, hospitality, and wine and beverage technology use the fair strategically to establish new business contacts, launch products, and showcase their brands in a premium environment. As part of Webermesse GmbH’s exclusive event portfolio, WeinDortmund is also held in selected cities such as Berlin, Cologne, and Munich – with each edition tailored to the local audience and regional culinary culture. The Westphalian Industrial Club offers not only an elegant and centrally located venue, but also excellent accessibility thanks to its proximity to the main train station, public transport, and convenient parking – making it easily reachable for both regional visitors and guests from across Germany. WeinDortmund combines in-depth wine expertise with urban hospitality – a must-attend event for anyone who wants to experience wine with all their senses."
Fiera Nazionale del Tartufo Bianco Pregiato,04. October 2026,Italy,Sant'Agata Feltria,Strada Provinciale Santagatese,www.prolocosantagatafeltria.com,"The “Fiera Nazionale del Tartufo Bianco Pregiato” is a nationally significant culinary and cultural fair held annually since 1985 in the picturesque town of Sant’Agata Feltria, nestled in Italy’s Emilia-Romagna region. Every October, the Strada Provinciale Santagatese and the town’s historic center are transformed into a vibrant stage for flavors, traditions, and craftsmanship. Organized by the Comune di Sant’Agata Feltria, the fair is not merely a culinary event, but a deliberate tribute to the region’s cultural roots and natural richness. Amidst medieval architecture, gourmets, producers, chefs, farmers, travelers, and truffle enthusiasts gather for a celebration of all the senses. At the heart of the event is the prized white truffle – a delicacy foraged in the surrounding woodlands with the help of specially trained dogs. Available only seasonally, this aromatic tuber is much more than a regional specialty: it is a symbol of local identity and cultural heritage. Since 2021, the art of truffle hunting and harvesting has been recognized by UNESCO as intangible cultural heritage – a status brought to life at the fair through themed events, demonstrations, and informative exhibits. Yet, the Fiera Nazionale del Tartufo Bianco Pregiato goes far beyond showcasing truffles. It blends culinary excellence with traditional crafts, cultural exchange, and a diverse program of events. Visitors can expect a welcoming atmosphere shaped by regional cuisine, exhibitions, live music, guided tours, and hands-on workshops – all infused with the warm hospitality of the local community. A particular crowd favorite is the truffle dog competition, where humans and animals team up in a friendly contest to demonstrate their skills in finding the ""white gold"". Meanwhile, wine tours to local vineyards and inventive truffle-based dishes in the town’s restaurants offer indulgent experiences for food lovers. The fair attracts professionals from the culinary arts, agriculture, food production, hospitality, and retail sectors, as well as private visitors, travel groups, families, and gourmet travelers. Visiting the fair is not only a journey into the world of truffles but also an encounter with history and culture. Landmarks such as the Rocca Fregoso, the Angelo Mariani Theatre, ornate fountains, and historic monasteries create a striking backdrop with a unique atmosphere. The town is easily accessible by car or public transport and welcomes guests with autumnal colors, fragrant alleyways, and unmistakable charm. The Fiera Nazionale del Tartufo Bianco Pregiato is a celebration for all senses, a tribute to regional authenticity, and a shining example of how culinary excellence, sustainable values, and living traditions can come together in inspiring harmony."
Wine fair,09. - 18. October 2026,Switzerland,Bern,BERNEXPO,bernerweinmesse.ch/de,"The Bern Wine Fair, a combination of trade and public exhibition, has been celebrating an annual homage to the world of wines and culinary delights since its inception in 1974. Over the course of ten days, BERNEXPO, the renowned exhibition center in Bern, transforms into a paradise for wine lovers and gourmets. This exquisite event is organized by Berner Weinmesse AG. The heart of the fair is the Oenotheque, where more than 2,000 exquisite wines from around the world are showcased by expert dealers in a relaxed atmosphere. Visitors have the opportunity to engage directly with winemakers and wineries, gaining in-depth knowledge about the wines on offer. The Oenotheque provides a unique chance to discover and taste new and award-winning wine creations. Another highlight is the selection of cult wines, where exclusive and world-famous wines such as Château Mouton Rothschild and Redigaffi Toscana IGT are available for tasting. This special selection emphasizes the distinctive character of the Bern Wine Fair and offers connoisseurs deep insights into the elite of the wine world. In addition, regional delicacies, spirits, and specialty beers are featured, showcasing the culinary diversity of the region and beyond. This gastronomic offering complements the experience, allowing visitors to meet local producers in person and hear their stories. The Bern Wine Fair is not only known for its wide range of themes and highlights, but also for its focus on fostering dialogue and exchange between wine enthusiasts and producers. As a meeting and tasting venue, it provides a platform for independent winemakers, family-owned wineries, distillers, and wine cooperatives to present their latest products and recommendations to a broad audience. Throughout its long history, the Bern Wine Fair has established itself as an indispensable event on the calendar of every wine lover. The fair takes place in the impressive setting of BERNEXPO, which stands out not only for its central location but also for its modern facilities and welcoming atmosphere. Every year, this event attracts thousands of national and international visitors who share a common passion for wine and gastronomy."
Fiera Nazionale del Tartufo Bianco Pregiato,11. October 2026,Italy,Sant'Agata Feltria,Strada Provinciale Santagatese,www.prolocosantagatafeltria.com,"The “Fiera Nazionale del Tartufo Bianco Pregiato” is a nationally significant culinary and cultural fair held annually since 1985 in the picturesque town of Sant’Agata Feltria, nestled in Italy’s Emilia-Romagna region. Every October, the Strada Provinciale Santagatese and the town’s historic center are transformed into a vibrant stage for flavors, traditions, and craftsmanship. Organized by the Comune di Sant’Agata Feltria, the fair is not merely a culinary event, but a deliberate tribute to the region’s cultural roots and natural richness. Amidst medieval architecture, gourmets, producers, chefs, farmers, travelers, and truffle enthusiasts gather for a celebration of all the senses. At the heart of the event is the prized white truffle – a delicacy foraged in the surrounding woodlands with the help of specially trained dogs. Available only seasonally, this aromatic tuber is much more than a regional specialty: it is a symbol of local identity and cultural heritage. Since 2021, the art of truffle hunting and harvesting has been recognized by UNESCO as intangible cultural heritage – a status brought to life at the fair through themed events, demonstrations, and informative exhibits. Yet, the Fiera Nazionale del Tartufo Bianco Pregiato goes far beyond showcasing truffles. It blends culinary excellence with traditional crafts, cultural exchange, and a diverse program of events. Visitors can expect a welcoming atmosphere shaped by regional cuisine, exhibitions, live music, guided tours, and hands-on workshops – all infused with the warm hospitality of the local community. A particular crowd favorite is the truffle dog competition, where humans and animals team up in a friendly contest to demonstrate their skills in finding the ""white gold"". Meanwhile, wine tours to local vineyards and inventive truffle-based dishes in the town’s restaurants offer indulgent experiences for food lovers. The fair attracts professionals from the culinary arts, agriculture, food production, hospitality, and retail sectors, as well as private visitors, travel groups, families, and gourmet travelers. Visiting the fair is not only a journey into the world of truffles but also an encounter with history and culture. Landmarks such as the Rocca Fregoso, the Angelo Mariani Theatre, ornate fountains, and historic monasteries create a striking backdrop with a unique atmosphere. The town is easily accessible by car or public transport and welcomes guests with autumnal colors, fragrant alleyways, and unmistakable charm. The Fiera Nazionale del Tartufo Bianco Pregiato is a celebration for all senses, a tribute to regional authenticity, and a shining example of how culinary excellence, sustainable values, and living traditions can come together in inspiring harmony."
Speis & Trank,17. - 18. October 2026,Germany,Fellbach,Alte Kelter,www.messe-speisundtrank.de,"The ""Speis & Trank"" fair in Fellbach, organized by M&S Messebau & Service GmbH, is an annual highlight for lovers of exquisite food and drink cultures. With its unique concept, the fair presents a carefully curated selection of international and local delights in the impressive setting of the Alte Kelter, a historic building located in the heart of Fellbach, near Stuttgart. With space for around 100 exhibitors, ""Speis & Trank"" offers an inspiring culinary journey through the latest trends in gastronomy. Visitors can explore and purchase everything from handmade spreads to premium wines and high-quality gourmet products. The fair successfully brings together a wide range of products and services, making it a must-attend event for any food connoisseur. A particular highlight is the variety of tasting opportunities, allowing guests to discover new flavors on-site. The culinary offerings are complemented by a selection of refreshing drinks and light snacks, all of which can be enjoyed in the charming atmosphere of the Alte Kelter. Beautifully decorated seating areas invite visitors to linger and savor the experience. The Alte Kelter itself adds to the event's special charm with its unique architecture and historical significance. Centrally located in Fellbach, it is easily accessible by public transport, and for those arriving by car, ample parking is available at the nearby Max-Graser Stadium. With its combination of international diversity, regional quality, a unique venue, and a broad range of products and experiences, the ""Speis & Trank"" fair stands out from other events. It is a must-visit for anyone who loves food and drink. The fair provides a platform for both exhibitors and visitors to immerse themselves in the world of culinary arts while also experiencing the rich culture and history of Fellbach."
Fiera Nazionale del Tartufo Bianco Pregiato,18. October 2026,Italy,Sant'Agata Feltria,Strada Provinciale Santagatese,www.prolocosantagatafeltria.com,"The “Fiera Nazionale del Tartufo Bianco Pregiato” is a nationally significant culinary and cultural fair held annually since 1985 in the picturesque town of Sant’Agata Feltria, nestled in Italy’s Emilia-Romagna region. Every October, the Strada Provinciale Santagatese and the town’s historic center are transformed into a vibrant stage for flavors, traditions, and craftsmanship. Organized by the Comune di Sant’Agata Feltria, the fair is not merely a culinary event, but a deliberate tribute to the region’s cultural roots and natural richness. Amidst medieval architecture, gourmets, producers, chefs, farmers, travelers, and truffle enthusiasts gather for a celebration of all the senses. At the heart of the event is the prized white truffle – a delicacy foraged in the surrounding woodlands with the help of specially trained dogs. Available only seasonally, this aromatic tuber is much more than a regional specialty: it is a symbol of local identity and cultural heritage. Since 2021, the art of truffle hunting and harvesting has been recognized by UNESCO as intangible cultural heritage – a status brought to life at the fair through themed events, demonstrations, and informative exhibits. Yet, the Fiera Nazionale del Tartufo Bianco Pregiato goes far beyond showcasing truffles. It blends culinary excellence with traditional crafts, cultural exchange, and a diverse program of events. Visitors can expect a welcoming atmosphere shaped by regional cuisine, exhibitions, live music, guided tours, and hands-on workshops – all infused with the warm hospitality of the local community. A particular crowd favorite is the truffle dog competition, where humans and animals team up in a friendly contest to demonstrate their skills in finding the ""white gold"". Meanwhile, wine tours to local vineyards and inventive truffle-based dishes in the town’s restaurants offer indulgent experiences for food lovers. The fair attracts professionals from the culinary arts, agriculture, food production, hospitality, and retail sectors, as well as private visitors, travel groups, families, and gourmet travelers. Visiting the fair is not only a journey into the world of truffles but also an encounter with history and culture. Landmarks such as the Rocca Fregoso, the Angelo Mariani Theatre, ornate fountains, and historic monasteries create a striking backdrop with a unique atmosphere. The town is easily accessible by car or public transport and welcomes guests with autumnal colors, fragrant alleyways, and unmistakable charm. The Fiera Nazionale del Tartufo Bianco Pregiato is a celebration for all senses, a tribute to regional authenticity, and a shining example of how culinary excellence, sustainable values, and living traditions can come together in inspiring harmony."
Food Expo,21. - 23. October 2026,Ukraine,Kiev,IEC - International Exhibition Center,www.iffip.kiev.ua,"The ""Food Expo"", an annual international trade fair for food and beverages, takes place at the International Exhibition Center in Kyiv, Ukraine. As an integral part of the International Forum for Food Industry and Packaging (IFFIP), it has evolved into the leading platform for the food sector in Ukraine. Organized by the Kyiv International Contract Fair, it regularly brings together a multitude of manufacturers, producers, suppliers, and traders from the relevant industry. At the ""Food Expo"", national, international, and regional exhibitors offer a comprehensive range of products and services. This includes meat, fish, cheese, dairy products, coffee, tea, juices, water, cereals, baked goods, and fruits and vegetables. Special attention is given to extraordinary creations and specialties of various flavors. The fair provides international and new brands access to the Ukrainian market and supports established companies in increasing their brand recognition, generating new business, and maintaining existing business relationships. The ""Food Expo"" is closely linked with the city of Kyiv and the country of Ukraine, reflecting the cultural diversity and gastronomic wealth of the region. In addition to the product variety, various business events are highlights of the fair, promoting networking among participants and providing insights into new developments and future perspectives of the industry. Exhibitors and visitors of the ""Food Expo"" come from a variety of sectors within the food and beverage industry, including: meat and fish industry, dairy industry, beverage industry, bakery and confectionery, fruit and vegetable processing, dietary supplements and health foods, packaging industry, food technology and equipment. This wide range of sectors allows the ""Food Expo"" to present a comprehensive picture of current trends, products, and innovations in the food and beverage industry. In summary, the ""Food Expo"" plays a significant role in the food and beverage industry due to its extensive offerings and easy accessibility. The modern infrastructure of the International Exhibition Center in Kyiv further enhances the importance of this fair."
Good Food & Wine Show,23. - 25. October 2026,Australia,Brisbane,Brisbane Convention & Exhibition Center,goodfoodshow.com.au/brisbane,"The Good Food & Wine Show Brisbane is an annual culinary event that has established itself as a special highlight for food lovers and connoisseurs. Since joining the national event series in 2005, it has been held at the Brisbane Convention & Exhibition Centre (BCEC), a modern venue located in the heart of South Bank – the city’s cultural and gastronomic hub. With its excellent infrastructure and central location, the BCEC provides the perfect setting for a show that combines fine food and drink with entertainment, education, and direct encounters with producers. The show was first launched in Melbourne in 2001 and quickly developed into a nationwide success. Today, it forms part of a series of events also hosted in Sydney, Melbourne, and Perth. It is organized by Diversified Exhibitions Australia, an experienced event company specializing in both trade and consumer formats, with a focus on connecting industries, opening up markets, and showcasing innovation. The Good Food & Wine Show Brisbane appeals to both passionate consumers and industry professionals. Rather than serving primarily as a sales platform, it presents itself as a multisensory experience that celebrates food, drink, and culinary culture. At its core are the opportunities to connect directly with producers, experience culinary processes live, and gain knowledge in an engaging and entertaining way. One of the show’s main attractions is the series of live cooking demonstrations featuring well-known Australian chefs. These sessions not only showcase culinary skill but also offer audiences practical tips and personal insights into each chef’s philosophy. Another highlight is the Wine & Beverage Zone, where visitors can taste premium wines, craft beers, ciders, and spirits while speaking directly with winemakers and producers. The focus goes beyond individual products, highlighting entire wine regions such as the Barossa Valley, Margaret River, McLaren Vale, and the Granite Belt, each with its own geographic, cultural, and tourism identity. The event also features a wide selection of street food, gourmet products, cheese, chocolate, and delicacies. Guests can enhance their experience by joining paid masterclasses and workshops led by experts, covering topics such as wine pairing, cocktail making, and advanced cooking techniques. Visitors also have the chance to meet culinary personalities in person, collecting autographs and photos during post-show meet-and-greets. A distinctive element of the show is the strong involvement of food artisans and producers, who share insights into their craft, explain production processes, and communicate the philosophy behind their products. This direct exchange creates an authentic experience and emphasizes the event’s focus on quality, regional identity, and innovation. More than just a consumer fair, the Good Food & Wine Show Brisbane is an interactive celebration of taste that brings together gastronomy, learning, and entertainment at a high level – an annual highlight for anyone who not only enjoys food and drink, but also wants to understand, experience, and share them."
TERRAVINI,24. - 25. October 2026,France,Nice,Palais Nikaia,www.salons-terravini.fr,"TERRAVINI is an annual celebration of culinary delight held in the heart of the Côte d’Azur, specifically at the Palais Nikaia in Nice. Dedicated to the finest products from land and sea, the event brings together food lovers, producers, and industry professionals in a distinctive and inviting atmosphere. The name TERRAVINI is derived from the Latin words terra (earth) and vini (wine), reflecting the core mission of the event: to honor regional culinary treasures born of soil, water, and vine. Organized by SAVIM EXPO SARL, TERRAVINI serves as a platform for authentic products and artisanal quality. It welcomes both private gourmets and trade visitors from the hospitality, fine food, and beverage industries. At its heart, the fair features premium wines, champagne, fine spirits, craft beers, regional produce, freshwater and seafood delicacies, exquisite chocolates, confectionery, and gourmet specialties. Many of these products are available for on-site tasting, both hot and cold. Exhibitors – including winemakers, distillers, chocolatiers, fishermen, bakers, and delicatessen producers – come primarily from France and offer genuine insights into their craft. TERRAVINI is far more than a sales exhibition. Tastings, product presentations, culinary competitions, and awards turn a visit into a memorable experience. The regional character is ever-present – Nice and Provence not only inspire the event but are also the source of many of the showcased specialties. The fair offers a feast for the senses while providing a well-organized venue for networking, inspiration, and the discovery of exceptional products. Located close to Nice Côte d’Azur Airport and well connected to public transport, the modern Palais Nikaia provides the perfect setting for this celebration of flavor, authenticity, and regional passion."
Fiera Nazionale del Tartufo Bianco Pregiato,25. October 2026,Italy,Sant'Agata Feltria,Strada Provinciale Santagatese,www.prolocosantagatafeltria.com,"The “Fiera Nazionale del Tartufo Bianco Pregiato” is a nationally significant culinary and cultural fair held annually since 1985 in the picturesque town of Sant’Agata Feltria, nestled in Italy’s Emilia-Romagna region. Every October, the Strada Provinciale Santagatese and the town’s historic center are transformed into a vibrant stage for flavors, traditions, and craftsmanship. Organized by the Comune di Sant’Agata Feltria, the fair is not merely a culinary event, but a deliberate tribute to the region’s cultural roots and natural richness. Amidst medieval architecture, gourmets, producers, chefs, farmers, travelers, and truffle enthusiasts gather for a celebration of all the senses. At the heart of the event is the prized white truffle – a delicacy foraged in the surrounding woodlands with the help of specially trained dogs. Available only seasonally, this aromatic tuber is much more than a regional specialty: it is a symbol of local identity and cultural heritage. Since 2021, the art of truffle hunting and harvesting has been recognized by UNESCO as intangible cultural heritage – a status brought to life at the fair through themed events, demonstrations, and informative exhibits. Yet, the Fiera Nazionale del Tartufo Bianco Pregiato goes far beyond showcasing truffles. It blends culinary excellence with traditional crafts, cultural exchange, and a diverse program of events. Visitors can expect a welcoming atmosphere shaped by regional cuisine, exhibitions, live music, guided tours, and hands-on workshops – all infused with the warm hospitality of the local community. A particular crowd favorite is the truffle dog competition, where humans and animals team up in a friendly contest to demonstrate their skills in finding the ""white gold"". Meanwhile, wine tours to local vineyards and inventive truffle-based dishes in the town’s restaurants offer indulgent experiences for food lovers. The fair attracts professionals from the culinary arts, agriculture, food production, hospitality, and retail sectors, as well as private visitors, travel groups, families, and gourmet travelers. Visiting the fair is not only a journey into the world of truffles but also an encounter with history and culture. Landmarks such as the Rocca Fregoso, the Angelo Mariani Theatre, ornate fountains, and historic monasteries create a striking backdrop with a unique atmosphere. The town is easily accessible by car or public transport and welcomes guests with autumnal colors, fragrant alleyways, and unmistakable charm. The Fiera Nazionale del Tartufo Bianco Pregiato is a celebration for all senses, a tribute to regional authenticity, and a shining example of how culinary excellence, sustainable values, and living traditions can come together in inspiring harmony."
Fiera Nazionale del Tartufo Bianco Pregiato,01. November 2026,Italy,Sant'Agata Feltria,Strada Provinciale Santagatese,www.prolocosantagatafeltria.com,"The “Fiera Nazionale del Tartufo Bianco Pregiato” is a nationally significant culinary and cultural fair held annually since 1985 in the picturesque town of Sant’Agata Feltria, nestled in Italy’s Emilia-Romagna region. Every October, the Strada Provinciale Santagatese and the town’s historic center are transformed into a vibrant stage for flavors, traditions, and craftsmanship. Organized by the Comune di Sant’Agata Feltria, the fair is not merely a culinary event, but a deliberate tribute to the region’s cultural roots and natural richness. Amidst medieval architecture, gourmets, producers, chefs, farmers, travelers, and truffle enthusiasts gather for a celebration of all the senses. At the heart of the event is the prized white truffle – a delicacy foraged in the surrounding woodlands with the help of specially trained dogs. Available only seasonally, this aromatic tuber is much more than a regional specialty: it is a symbol of local identity and cultural heritage. Since 2021, the art of truffle hunting and harvesting has been recognized by UNESCO as intangible cultural heritage – a status brought to life at the fair through themed events, demonstrations, and informative exhibits. Yet, the Fiera Nazionale del Tartufo Bianco Pregiato goes far beyond showcasing truffles. It blends culinary excellence with traditional crafts, cultural exchange, and a diverse program of events. Visitors can expect a welcoming atmosphere shaped by regional cuisine, exhibitions, live music, guided tours, and hands-on workshops – all infused with the warm hospitality of the local community. A particular crowd favorite is the truffle dog competition, where humans and animals team up in a friendly contest to demonstrate their skills in finding the ""white gold"". Meanwhile, wine tours to local vineyards and inventive truffle-based dishes in the town’s restaurants offer indulgent experiences for food lovers. The fair attracts professionals from the culinary arts, agriculture, food production, hospitality, and retail sectors, as well as private visitors, travel groups, families, and gourmet travelers. Visiting the fair is not only a journey into the world of truffles but also an encounter with history and culture. Landmarks such as the Rocca Fregoso, the Angelo Mariani Theatre, ornate fountains, and historic monasteries create a striking backdrop with a unique atmosphere. The town is easily accessible by car or public transport and welcomes guests with autumnal colors, fragrant alleyways, and unmistakable charm. The Fiera Nazionale del Tartufo Bianco Pregiato is a celebration for all senses, a tribute to regional authenticity, and a shining example of how culinary excellence, sustainable values, and living traditions can come together in inspiring harmony."
Food Experience Taiwan,02. - 03. November 2026,Taiwan,Taipei,POPOP,www.tastefrance-tw.com,"The 'Food Experience Taiwan' in Taipei is a trade fair dedicated to the allure and diversity of French gourmet products, wines, spirits, and kitchenware. Situated in the bustling heart of POPOP, it provides an impressive platform for exhibitors to showcase the crème de la crème of their products from France. The event is divided into two main sections: an exhibition hall where visitors can explore a multitude of stalls and discover the latest culinary creations from France, and an exclusive workshop area that invites in-depth culinary exchange. These workshops, led by renowned French gourmet experts, create an intimate setting for up to 50 participants. Here, they have the opportunity not only to learn about the unique features of French delicacies but also to witness firsthand how these products are demonstrated in culinary presentations and seminars. The fair's objective is to establish a connection between French culinary culture and the professionals of the food and beverage industry in Taiwan. Hence, representatives from cafes, hotels, restaurants, and even the agricultural and food industry are invited to participate. This annual gathering leads to the introduction of new French ingredients and products which are showcased not only to industry professionals but also to the general public in a specially organized press conference. It offers an excellent opportunity for Taiwanese media and influential personalities to get firsthand information about the latest trends from France. In summary, the 'Food Experience Taiwan' is not just a fair – it's a culinary voyage that brings the best of France directly to Taipei. An event that offers both exhibitors and visitors an unforgettable experience year after year."
Plaza Culinaria,06. - 08. November 2026,Germany,Freiburg im Breisgau,Messe Freiburg,www.plaza-culinaria.de,"The Plaza Culinaria in Freiburg im Breisgau, an annual pleasure fair held in November, is considered one of the most outstanding culinary events in Germany. Since its inception in 2004 by the Freiburg Wirtschaft Touristik und Messe GmbH & Co. KG, the fair has evolved into a true festival for all the senses, attracting both visitors and exhibitors who wish to celebrate the finer things in life. The fair is a haven for gourmets, offering a wide range of products and services. These include non-alcoholic beverages, organic delicacies, craft beers from local breweries, international delicacies and specialties, innovative gastronomy & catering services, as well as enticing offerings of coffee, tea, chocolate, pastries, and confectionery. For those interested in the culture of cooking, Plaza Culinaria showcases the latest trends in kitchen culture and related accessories. Additionally, areas such as culinary travel, themed literature, and home & living enhance the experience. Special attention is also given to sustainable living, with a variety of products for vegetarians and vegans. The ""Christmas Magic"" is another highlight of the fair, introducing a new themed area called ""Trends & Lifestyle,"" encompassing everything from decorations to seasonal delicacies. Not to be overlooked is the selection of wines, sparkling wines, and spirits, appreciated by connoisseurs and novices alike. The event takes place at Messe Freiburg, a venue known for its modern facilities and its ability to accommodate a wide array of events. This location does not only provide ample space for the numerous exhibitors and visitors but also offers a pleasant atmosphere that encourages lingering, discovering, and indulging. In addition to the extensive range of exhibitors, Plaza Culinaria ensures an exciting supporting program with culinary entertainment highlights. These include live cooking shows, tastings led by industry experts, and workshops that give visitors the opportunity to learn directly from professionals. Overall, Plaza Culinaria is an experience that invites you to explore and celebrate the world of culinary delights with all your senses. It represents a combination of quality, diversity, and entertainment, thereby solidifying its status as one of the unmissable events for culinary enthusiasts."
WEIN & more Neukeferloh,07. - 08. November 2026,Germany,Grasbrunn,Bürgerhaus Neukeferloh,www.wein-erlebnis-messe.de/weinmesse-neukeferloh,"Wein & More is much more than a traditional trade fair – it’s a delightful experience that takes place twice a year in the stylish setting of the Bürgerhaus Neukeferloh, located in the district of the same name within the municipality of Grassbrunn near Munich. As both a trade and public event, it caters equally to industry professionals – including sommeliers, restaurateurs, winemakers, and merchants – as well as to wine enthusiasts and food lovers from the region and beyond. Organized by Ingo Raibold, Wein & More serves as a platform for high-quality indulgence, personal exchange, and professional inspiration. Over the course of two days, the Bürgerhaus Neukeferloh transforms into a hub of culinary discovery: national and international exhibitors showcase their latest wine creations, premium spirits, fine cheeses and chocolates, gourmet foods, and other delicacies. At the heart of the event are quality, authenticity, and direct interaction between producers and visitors – a hallmark that gives the fair its unique character. The concept centers on creating a rich experience with added value. In addition to traditional tastings, visitors can enjoy a thoughtfully curated supporting program featuring workshops, seminars, expert talks, and culinary shows. Specialists from the wine and gourmet industries share up-to-date knowledge on topics such as wine storage, sensory analysis, and food pairing, offer insights into current trends, and are available for personal discussions. This combination of information, inspiration, and sensory enjoyment makes Wein & More a key event for anyone with a professional or personal interest in wine and fine food. Thanks to its biannual schedule, visitors have regular access to seasonal highlights and the latest innovations in the industry. The Bürgerhaus Neukeferloh provides the ideal setting for this – modern, spacious facilities with high-quality furnishings and a pleasant atmosphere that perfectly reflects the event’s emphasis on style and indulgence. Wein & More is not just a showcase for premium products – it’s a social event that brings together people who appreciate quality and taste, while offering direct connections to the creators behind the brands."
FoodExpo Kazakhstan,11. - 13. November 2026,Kazakhstan,Almaty,Atakent International Exhibition Centre,foodexpo.kz,"The FoodExpo Kazakhstan, formerly also known as Worldfood Kazakhstan, is a prominent trade fair in the Asian region, contributing since its inception in 1998 to the presentation of trends, products, and technologies in food production and marketing on an international platform. The expo, taking place annually at the Atakent International Exhibition Centre in Almaty, has established itself as an effective platform for introducing new products and networking with industry experts from the global food industry. The fair is organized by Iteca Almaty, an experienced organizer, which has shaped the FoodExpo into a crucial platform for companies from all over the world to present their products and services to a wide audience. With main themes extending across food and beverages, ingredients, food technology, baked goods, packaging, and agriculture, the expo offers a comprehensive range that spans from food to production and packaging equipment, through to agricultural topics and discussions. The AgriFood Forum is a special highlight of the FoodExpo, addressing issues such as animal husbandry, feed production, and efficient gardening. Here, professionals from various sectors have the opportunity to exchange ideas, expand networks, and discuss current challenges and innovations in the industry. In addition to the forum, the FoodExpo also hosts the competition and award ""The Best Product of FoodExpo Qazaqstan,"" which serves as a prestigious event within the fair and honors innovative products. Exhibitors from various industries such as food production, retail and wholesale, catering, and packaging present their products and services at the fair. Visitors, primarily from manufacturing, trade, catering, and distribution sectors, can discover a variety of products and technologies, which include food, beverages, equipment, additives, packaging, transport solutions, and numerous other subject areas. The fair not only strengthens the relationship between national and international players in the food industry but also offers an excellent opportunity to showcase the diversity and quality of the Kazakh food sector. Almaty, being one of the largest cities in Kazakhstan and a significant economic center, provides an optimally accessible location for national and international guests with the Atakent International Exhibition Centre. This exhibition center is not only a hub for international business activities but also symbolizes Kazakhstan's openness towards global markets and trends. It is easily accessible by both public transport and car and offers comprehensive facilities and services for exhibitors and visitors alike. Thus, the FoodExpo Kazakhstan forms a comprehensive, culturally, and economically significant event, promoting the exchange and presentation of innovations in the food industry and acting as a bridge between local and international market participants."
MIF Expo,12. - 15. November 2026,France,Paris,Paris Expo Porte de Versailles,www.mifexpo.fr,"The MIF Expo in Paris, established in 2012, is regarded as the premier showcase for French products and services that represent the exclusive French lifestyle. Behind the acronym MIF lies the term ""Made in France"". This designation reflects both the main philosophy and the core focus of the fair. It opens its doors annually at the prestigious Paris Expo Porte de Versailles and attracts both visitors and exhibitors from all over France and beyond. The firm ADEL SAS – Salon MIF Expo, which specializes in presenting high-quality, innovative, and quintessentially French products and services, is responsible for its organization and execution. At the heart of the MIF Expo is the introduction of the diversity and excellence of products and services that proudly bear the ""Made in France"" label. The range on offer spans from fashion and accessories to gastronomy and household appliances. Visitors have the opportunity to discover a wide array of items, including fragrances, jewelry, clothing, bicycles, leather goods, underwear, sportswear, sunglasses, as well as various beverages and confections. The fair plays a significant role for both Paris and France as a whole. It reinforces the national awareness of quality, craftsmanship, and innovation and encourages the purchase of domestically-produced goods. A special highlight of the event is the awarding of the ""Made in France Grands Prix"", which honors outstanding French products and services. The program is complemented by engaging conferences featuring experts discussing topics such as the reparability of items and the importance of craftsmanship. A notable attraction is the ""Usine Éphémère"", where visitors can closely witness the manufacturing process of everyday objects. Additionally, the fair is enhanced by various entertainment activities, like blind tastings, product presentations, games, and more. The primary audience of the MIF Expo consists of professionals from the fashion, gastronomy, and household sectors. However, end consumers, who have a penchant for the French lifestyle and quality products, are also present in large numbers. Finally, the venue, the Paris Expo Porte de Versailles, stands out as one of the largest exhibition centers in Europe. It is easily accessible by both public transportation and car. Paris, the vibrant heart of France, enriches the fair visit with its rich culture, history, and attractions, making the event an unforgettable experience."
SAVIM,20. - 23. November 2026,France,Marseille,Parc Chanot,www.salons-savim.fr,"Since its founding in 1989, SAVIM – short for Salon des Vins et de la Gastronomie Méditerranéenne – has established itself as one of the most important fine food and gourmet fairs in southern France. Held twice a year, the event transforms the Parc Chanot exhibition center in Marseille into a culinary meeting point for food lovers, professionals, and producers. Organized by SAVIM EXPO SARL, the fair offers a distinctive setting for exchange and discovery, shaped by a strong focus on quality, authenticity, and regional diversity. SAVIM is more than a traditional consumer fair – it is an immersive journey through the culinary landscapes of France. Only carefully selected winegrowers from prestigious regions such as Bordeaux, Bourgogne, Champagne, and Provence are featured. Their offerings are complemented by premium spirits, craft beers, and refined non-alcoholic beverages. The spotlight is consistently on terroir and artisanal production, which give each product its unique character. The fine food selection is equally impressive in both variety and quality. From aged cheeses, air-dried charcuterie, and aromatic truffles to cold-pressed oils, exquisite spices, and handcrafted chocolates and confections – the fair offers a sensory experience that delights on every level. Organic and biodynamic products also play a central role: with over 100 certified exhibitors, SAVIM is recognized as the largest organic fair in southern France, demonstrating a strong commitment to sustainability. Many of the producers also carry the HVE (Haute Valeur Environnementale) environmental certification. Special tasting areas, each curated around a specific theme – such as oysters, Corsican meats, or regional cheeses – invite visitors to explore the richness of French culinary culture. This experience is further enriched by daily wine seminars led by Maîtres-Sommeliers, who share expert knowledge, practical advice, and personal stories in an intimate setting. SAVIM attracts a diverse audience. Industry professionals – including delicatessen retailers, restaurateurs, hoteliers, sommeliers, and wine critics – value the fair as a key networking event. At the same time, private visitors are given a unique opportunity to experience authentic French gastronomy in all its variety. The event also highlights Marseille’s role as a cultural hub of southern France, with direct access to some of the country’s finest regional products. A standout feature of the fair is its vibrant and inviting atmosphere. Spacious seating areas and dedicated dining zones recreate the ambiance of a traditional marketplace, encouraging guests to linger, explore, and enjoy. Thanks to its central location and excellent public transport connections, the fair is easily accessible by both car and public transit – the perfect setting to immerse oneself in the world of fine food and be inspired by the French art de vivre ."
FOOD & LIFE,25. - 29. November 2026,Germany,Munich,Messe München,www.food-life.de,"The FOOD & LIFE event in Munich is a prestigious consumer and sales fair dedicated entirely to the themes of food, drink, and enjoyment. Established in 2004, the fair has been organized by GHM Gesellschaft für Handwerksmessen mbH and, since the spring of 2023, takes place twice a year. It has established itself as Germany's largest meeting point for culinary excellence, attracting visitors interested in high-quality, artisanal delicacies. The fair offers an impressive variety of products and services. Ranging from small manufacturers with regional specialties to producers of sustainable organic products, the selection is diverse. It includes spreads, baked and confectionery goods, fine and health foods, fish, meat and sausages, beverages and spirits, spices, herbs, vinegar, oil, coffee, tea, dairy products, eggs, fruits, and vegetables. This culinary abundance makes the fair a paradise for gourmets and lovers of good taste. A distinctive feature of FOOD & LIFE is the presentation by passionate distillers, brewers, coffee roasters, chocolatiers, and butchers, who showcase their products and their production processes. Celebrity chefs demonstrate their skills on live stages, making the fair an interactive and educational experience. The venue, Messe München, provides an ideal platform for this event. With its modern infrastructure and accessibility, it is a suitable setting for showcasing the diverse culinary world."
WorldFood,15. - 18. December 2026,Turkey,Istanbul,Istanbul Fair Center,worldfood-istanbul.com,"WorldFood Istanbul is much more than a traditional food trade fair. It is regarded as a central, annual platform for the international food industry, dedicated to innovation, sustainability, and global exchange. The name ""WorldFood"" underscores the event's global scope: In Istanbul, producers, decision-makers, retailers, marketing experts, and technology providers from every continent come together to explore current developments, innovative products, and the latest technologies in food and beverages. The event is held at the renowned Tüyap Fair Convention & Congress Center, which offers an ideal setting for the trade fair thanks to its modern infrastructure and convenient location. The event is organized by ICA Events. Over the course of four days, WorldFood Istanbul addresses key industry topics. The opening day focuses on market potential, export opportunities, economic forecasts, and trends. The second day highlights climate protection, sustainability, and innovative production methods. This is followed by new quality standards, clean label concepts, and functional foods that promote healthy nutrition. The final day covers artificial intelligence, experience design, and the digital transformation of the sector. A special feature is the ""Food Tech Garage"", which brings together start-ups and established companies to jointly develop solutions for greater efficiency, sustainability, and climate protection. The trade fair not only presents foods from a wide range of segments—from raw materials to finished products for retail—but also showcases advanced technologies, packaging solutions, and services along the entire value chain. Exhibitors represent all areas of the food industry, including producers, suppliers, machine manufacturers, and distributors. The professional audience primarily consists of decision-makers, buyers, manufacturers, retailers, and marketing professionals. As a bridge between Europe and Asia, Istanbul offers ideal conditions for WorldFood Istanbul. The fair reinforces the city’s role as a global hub for the food trade and opens doors to the dynamic Turkish market as well as new international sales opportunities. The Tüyap Fair Center is easily accessible by public transportation and car, offers ample parking, and impresses with its modern facilities. Each year, WorldFood Istanbul becomes the central meeting point for everyone who wants to actively shape the future of the food industry."
GenussGipfel,10. - 11. January 2027,Germany,Hamburg,Messe Hamburg,nordstil.messefrankfurt.com/hamburg/de/profil/genuss-gipfel.html,"The GenussGipfel is an annual trade fair dedicated to fine foods, delicacies and premium gourmet products. It is held at Hamburg Messe alongside Nordstil. As an established networking platform for Germany's fine food industry, the GenussGipfel brings together manufacturers, importers, artisan producers and brands with buyers, specialist retailers and hospitality professionals. The trade fair is organised by Messe Frankfurt GmbH, which also stages Nordstil, one of Germany's leading regional consumer goods trade fairs. The GenussGipfel complements Nordstil's ""Kitchen & Enjoyment"" exhibition segment with a carefully curated selection of premium fine food and gourmet products, creating valuable synergies between retail, concept stores, specialist wine merchants, the hospitality sector and the food trade. Held annually, the event has established itself as a key industry meeting place where retailers can discover new products at an early stage, expand their product ranges and build valuable business relationships. The exhibition showcases fine foods and delicacies from Germany and around the world. The product range includes antipasti, speciality cheeses and cured meats, fish products, truffles, premium spreads, preserves, honey and a wide variety of other gourmet specialities. The offering is complemented by fine wines, spirits, craft gin, grappa, sake and other premium beverages. Exhibitors also present artisan chocolates, pralines and confectionery, together with premium spices, olive oils, vinegars, barbecue products and other ingredients for high-end cuisine. International culinary showcases are a particular highlight, featuring specialities from countries including Italy, France, Portugal, Greece, the Nordic countries and Japan. Innovative artisan producers and start-ups also use the event to introduce new gourmet products, sustainable concepts and emerging food trends to a professional trade audience. The GenussGipfel plays an important role in the German-speaking fine food market by providing manufacturers and producers with direct access to decision-makers from the retail and hospitality sectors. Exhibitors include fine food producers, delicatessen manufacturers, wine and spirits producers, importers, food brands, as well as manufacturers of spices, oils and gourmet products. Trade visitors are drawn primarily from specialist fine food retailers, the grocery retail sector, specialist wine merchants, hospitality, hotels, food wholesalers, concept stores and independently owned supermarkets. Many buyers attend specifically to discover new products, establish relationships with suppliers and place orders for the forthcoming season. Among the event's highlights are exclusive tastings, product presentations by leading manufacturers and a wide range of networking events designed to encourage direct interaction between producers and buyers. The fair also presents the ""Product of the Year"" award, voted for by trade visitors, and the ""Delicacy of the Year"" award, presented by the members of Corpus Culinario e. V. Both awards generate significant media exposure for the winning products and are widely recognised within the fine food industry as marks of quality. Hamburg is one of Germany's leading centres for trade and gastronomy, and its international outlook provides the ideal setting for a trade fair with both national and international participation. The event takes place at the modern Hamburg Messe exhibition centre in the heart of the city. Its central location, excellent public transport links, multiple U-Bahn and S-Bahn stations, and convenient access from Hamburg Central Station and Hamburg Airport provide outstanding conditions for exhibitors and trade visitors from Germany and abroad."
Winter FancyFaire,17. - 19. January 2027,USA,San Francisco,Moscone Convention Center,www.specialtyfood.com/fancy-food-shows/winter-fancyfaire,"The Winter FancyFaire is more than a traditional trade show. It serves as a vibrant meeting point for the North American specialty food scene, bringing together thought leaders, producers, retailers, and trendsetters from across the industry. Organized by the renowned Specialty Food Association, Inc. (SFA), the event takes place annually in winter, rotating between various cities across the United States. At its core, the Winter FancyFaire showcases the defining developments shaping the future of specialty foods – from sustainable product concepts and innovative preparation methods to strategic brand building. Curated selections highlight products across fine foods, beverages, functional nutrition, plant-based innovations, clean-label solutions, and other culinary trends. Innovation, taste, and craftsmanship are seamlessly interwoven throughout the exhibition. Signature formats such as the First Taste Table offer buyers focused tasting experiences, while the interactive Discovery Kitchen features top chefs from the U.S. West Coast demonstrating real-world applications of new products. Positioned as a discovery platform for industry professionals, the Winter FancyFaire offers targeted opportunities to explore emerging brands in the Debut District , engage with category-specific themes in dedicated pavilions, or experience exceptional packaging design in the curated Spotlight Shoppe . The event is tailored to a specialized audience: retail buyers, culinary professionals, distributors, foodservice experts, trend scouts, and media representatives – all looking for the next big ideas in the specialty food market. A highlight of the event is the presentation of the prestigious sofi Awards, honoring outstanding product quality and innovation. In addition to Gold Awards and the coveted Product of the Year title, the recently introduced Timeless Taste Award celebrates products with lasting appeal and flavor excellence. These accolades are considered a benchmark in the U.S. specialty food industry and provide recipients with significant market visibility. As part of the year-round FancyFaire series – which also includes a summer edition – the Winter FancyFaire has become a key fixture in the industry calendar. It is more than a showcase of products; it is a catalyst for ideas and innovation that drive the entire world of gourmet and specialty foods forward – year after year."
Expo Café & Gourmet,03. - 05. March 2027,Mexico,Guadalajara,Guadalajara Exhibition Center,www.cafeygourmet.com,"Expo Café & Gourmet is Mexico’s leading trade fair dedicated to coffee and premium gourmet products. It stands for quality, professionalism, and refined indulgence in an exclusive setting. Each year, the Guadalajara Exhibition Center becomes the central meeting point for coffee experts, gourmet producers, industry professionals, restaurateurs, and discerning food enthusiasts. The event is organized by Tradex Exposiciones, a seasoned organizer renowned for its successful trade fairs in the food and hospitality sectors. What sets the fair apart is its unique combination of two worlds of taste: the aromatic depth of coffee and the sophistication of selected gourmet delicacies. It serves not only as a platform for professional exchange but also as a catalyst for trends and innovations in coffee preparation, artisanal food production, and gastronomy equipment. At the heart of the exhibition are products and services from key areas of the industry – from specialized roasters and professional coffee machines to precision grinders, barista tools, and high-quality foods such as cheese, bread, cured meats, jams, wines, and spirits. Exclusive culinary publications also feature prominently. A special highlight is the strong presence of Mexican coffee culture: numerous producers from across the country offer insights into their craft and demonstrate the outstanding quality of their work – a living testament to Mexico’s rich coffee tradition. The vibrant atmosphere of the event is shaped by the diversity of its exhibitors and attendees. Represented are companies from the coffee industry, gastronomy, hospitality, food retail, machinery, and interior design. The professional audience includes café owners, restaurateurs, buyers, distributors, and sommeliers. The Guadalajara Exhibition Center is one of the most modern trade fair venues in Mexico. Conveniently located within the city, it is easily accessible by car and public transport, offers ample parking, and provides excellent infrastructure for both national and international visitors. Whether you're looking to forge new business connections, launch products, or explore the region’s finest flavors – Expo Café & Gourmet brings together everything related to coffee and gastronomy at the highest level."
Salon des Vins des Vignerons Indépendants,05. - 07. March 2027,France,Chassieu,Eurexpo Lyon,www.vigneron-independant.com,"The Salon des Vins des Vignerons Indépendants is a unique trade and consumer wine fair, catering to wine enthusiasts, industry professionals, and connoisseurs alike. Since its inception, it has stood for authenticity, quality, and direct engagement with the winemakers themselves. Held annually at the Eurexpo Lyon exhibition centre in Chassieu, a suburb of Lyon, the event is part of a nationwide series of fairs also hosted in cities such as Paris, Strasbourg, Lille and Bordeaux. What sets the Salon apart is its refreshingly different approach: no middlemen, no flashy stage shows – just meaningful encounters with the independent winemakers who present their wines in person, share their philosophy, and bring their terroirs to life. Every stand is identically designed to ensure a level playing field for all exhibitors. Established names and rising stars stand side by side, creating an ideal environment for discovery, new taste experiences, and genuine conversations at eye level. At the heart of the event is the extraordinary diversity of the French wine landscape. Visitors can sample fine wines from regions including Alsace, Bordeaux, Burgundy, Beaujolais, Languedoc-Roussillon, Provence and Corsica, the Loire Valley, the South-West, and the Rhône Valley – all with a tasting glass handed to them upon entry. Here, wine is not just tasted – it’s experienced: sensuous, immediate, and deeply personal. The fair is complemented by a wide selection of regional delicacies – from cheeses, foie gras and oysters to traditionally crafted charcuterie. Guided tastings led by industry experts offer insights into grape varieties, flavour profiles, and the principles of responsible wine consumption. Most exhibitors are independent winemakers who handle their own production and sales. Visitors come from across France and abroad – including wine merchants, restaurateurs, sommeliers, and many private enthusiasts seeking out new favourites or purchasing directly from producers. As part of a national series, the Salon des Vins des Vignerons Indépendants brings regional wine culture to a wider stage. Lyon – regarded as the gateway to the wines of the Rhône Valley – provides the perfect setting, with the Eurexpo Lyon in Chassieu offering a modern, easily accessible venue. Whether arriving by car, shuttle, or public transport, guests are guaranteed a relaxed, enjoyable experience centred around discovery, flavour and connection."
World Hotel,09. - 11. March 2027,Poland,Nadarzyn,PTAK Warsaw Expo,worldhotel.pl,"World Hotel is an international trade fair for the hotel and hospitality industry, held annually at the PTAK Warsaw Expo in Nadarzyn. Since its inception in 2008, it has grown into a key platform for professionals from the hotel, gastronomy, and tourism sectors. The name ""WorldHotel"" symbolizes the global exchange of innovative solutions and services that drive the industry forward. Organized by the renowned Ptak Warsaw Expo Sp. z o. o., the trade fair offers a comprehensive showcase of the latest trends and technologies in the industry. The key focus areas include hotel furnishings, catering supplies, building technology, digitalization, and sustainability. Exhibitors present a diverse range of products, from hotel furniture, textiles, and decorative items to telecommunications and IT solutions for hotel management, as well as cleaning products, air conditioning systems, security solutions, and building automation. Innovations in leisure and wellness infrastructure also play a central role. WorldHotel attracts an international audience, including hotel operators, restaurateurs, interior designers, suppliers, and decision-makers in facility management. Beyond being a marketplace for innovative products, the event serves as a networking hub where industry experts exchange insights and establish valuable business connections. A highlight of the trade fair is the ""Hotel Innovation Forum"", which features inspiring lectures, workshops, and discussions on current trends and challenges. Industry experts provide valuable insights into future technologies, sustainable concepts, and economic developments shaping the hotel industry in the long term. Additionally, the event offers numerous networking opportunities, fostering direct interaction between businesses and professionals. As an integral part of Poland's trade fair calendar, WorldHotel strengthens the country's position as a key hub for the hotel and hospitality sector in Central and Eastern Europe. Conveniently located near Warsaw, the PTAK Warsaw Expo—the largest trade and congress center in the region—is easily accessible. Its state-of-the-art infrastructure makes the event an attractive meeting point for national and international companies working together to shape the future of the hospitality industry."
GastroPan,11. - 13. March 2027,Romania,Sibiu,Redal Expo,www.gastropan.ro,"GastroPan is a trade fair for the bakery, confectionery, and catering industries. Since its founding in 2009, it has established itself as an important meeting place for professionals, entrepreneurs, and decision-makers. The name is a combination of ""Gastro"" for ""gastronomy"" and ""Pan"" for bread, reflecting the trade fair's focus: food production. The event takes place annually at different locations throughout Romania and is organized by Boro-Info Srl, a company specializing in trade events for the food industry. GastroPan brings together innovation and tradition, addressing current trends such as digitalization and automation to optimize production processes in bakeries and confectioneries. At the same time, it serves as a platform for artisanal craftsmanship, where outstanding professionals showcase their expertise. A particular highlight is the ""Bread of the Year"" competition, which shines a spotlight on both artisanal and industrial baking excellence. The fair offers a comprehensive range of products and services, including state-of-the-art technologies, equipment, raw materials, and ingredients for the production of bakery and confectionery goods, ice cream, chocolate, and donuts. The gastronomy and HoReCa sectors also benefit from tailored solutions for restaurants, bars, cafés, hotels, guesthouses, and catering businesses. The program is further enriched by IT solutions, consultancy services, and marketing strategies specifically designed for the food industry. In addition to its diverse exhibitor offerings, GastroPan is renowned for its prestigious competitions, where the finest bakery and confectionery products are awarded. These competitions provide professionals with the opportunity to demonstrate their skills and engage with industry peers. Each year, the fair attracts a wide range of bakers, confectioners, restaurateurs, hoteliers, and decision-makers seeking innovative solutions and new business opportunities."
WEIN & more,13. - 14. March 2027,Germany,Kolbermoor,Kesselhaus,www.wein-erlebnis-messe.de/weinmesse-kolbermoor,"The ""Wine & More"" fair at the Kesselhaus in Kolbermoor is a paradise for wine aficionados and those aspiring to be. It attracts numerous visitors from the local region and beyond, all keen on high-quality wines, spirits, and culinary delights. During this two-day event, many national and international exhibitors showcase their products and services. The event is organized by Ingo Raibold, who is dedicated to bringing together wine enthusiasts and interested attendees. Look forward to an array of delightful red, white, and rosé wines, outstanding champagnes and sparkling wines, organic products, and top-notch whiskeys and spirits. The focus is on rich red wines, but fresh and fruity white wines are also featured prominently. You're sure to find the perfect bottle for cozy evenings by the fireplace or lively garden parties. The fair represents diverse wine regions from Germany and Austria, Italy, Spain, Australia, New Zealand, France, South Africa, Bulgaria, Argentina, Chile, Canada, and Greece. During your visit, compare wines and many other treats. Conversations with the vintners and producers are prioritized, laying the foundation for personal purchase decisions at direct-from-the-producer prices. Complementing the wine, anticipate fine delicacies from various regional cuisines. Culinary delights such as South Tyrolean cheese and bacon, olive oils, pumpkin seed products, jams, and essences round off the fair. Direct contact with customers is paramount for our vintners. Only in this way can they find the perfect wine for you. While there might be larger wine fairs, here, you are unquestionably the center of attention. The Kesselhaus in Kolbermoor is within walking distance of the train station, and there's ample parking nearby. The ""Wine & More"" in Landshut isn't just an exhibition, but also a social event, making it an ideal platform for indulgence, information, and connecting with like-minded individuals in a relaxed atmosphere."
Kulinar Tulln,18. - 21. March 2027,Austria,Tulln an der Donau,Messe Tulln,www.messe-tulln.at/messe-kalender/kulinar-tulln,"Kulinar Tulln is the most significant gourmet fair in Lower Austria, attracting food enthusiasts, gastronomy professionals, and lovers of fine cuisine to the picturesque town of Tulln on the Danube each year. As a public fair, it welcomes everyone passionate about high-end cuisine, innovative food trends, and exclusive wines. Organized by Messe Tulln GmbH, the event is held at a modern exhibition center, offering excellent accessibility and ideal infrastructure for a delightful culinary experience. The focus of Kulinar Tulln is the diverse world of gastronomy, food, and kitchen culture. Visitors can explore regional specialties, international delicacies, fine wines and spirits, organic products, as well as innovative kitchen tools and cooking appliances. The fair is not only a unique opportunity to discover new flavors but also provides exciting insights into the latest trends in the food and gourmet industry. A special highlight is the Cooking Arena, where renowned top chefs and award-winning ""Hauben"" chefs showcase their culinary skills live, creating exclusive dishes. Hauben chefs are outstanding culinary masters recognized by the prestigious Austrian restaurant guide Gault&Millau, which awards them one or more Hauben (French: toque, chef’s hat). These chefs set new gastronomic standards with their innovative creations and commitment to the highest product quality. Visitors have the opportunity to learn directly from the professionals, try out new recipes, and draw inspiration from their expertise. Another highlight is the wide range of wine tastings, where guests can sample exquisite regional wines as well as international top selections. Running alongside Kulinar Tulln is ""pool + garden Tulln"", an exhibition dedicated to stylish outdoor living. The combination of a gourmet fair and a garden expo creates a unique experience for those who appreciate both culinary delights and exclusive outdoor living. With its diverse offerings, top-tier program, and exceptional atmosphere, Kulinar Tulln is an unmissable event for anyone who enjoys the art of fine dining with passion."
TISCH & TAFEL,20. - 21. March 2027,Germany,Fellbach,Alte Kelter,messe-tischundtafel.de,"The ""TISCH & TAFEL"" fair in Fellbach, not far from Stuttgart, takes place every April and is organized by M&S Messebau & Service GmbH. It has established itself as a significant meeting point for enthusiasts of culinary and living culture. The fair combines gastronomy, drink culture, living, and interior design into an extraordinary experience. Exhibitors present a carefully selected range of products of the highest quality, convincing not only with their characteristics but also with their unique backgrounds. The selection ranges from handmade kitchen and decorative items to extensive living furniture, inviting visitors to immerse themselves in the world of sophisticated living. At the culinary stands, a variety of delicacies tempts attendees, from spirits and spreads to wines and gourmet foods. Additionally, the fair's program includes exclusive cooking shows by renowned chefs and a variety of tastings to satisfy every taste. A characteristic element of ""TISCH & TAFEL"" is its venue, the Alte Kelter in Fellbach. This historic site, located in the heart of Fellbach and close to the state capital Stuttgart, gives the fair a special atmosphere. The Alte Kelter impresses not only with its imposing architecture and history but also with its excellent public transport connections. For drivers, ample parking is available near the Max-Graser-Stadium. Hosted by M&S Messebau & Service GmbH, ""TISCH & TAFEL"" reflects the organizers' passion and commitment to creating a platform where exquisite products from the realms of culinary and living culture are showcased. The fair serves as an interface between tradition and innovation, promoting exchange between local producers and an interested audience. As an annual highlight in April, it attracts visitors interested in current trends and innovations in the quality of life and living."
IFE,05. - 07. April 2027,United Kingdom of Great Britain and Northern Ireland,London,ExCeL London,www.ife.co.uk,"The International Food & Drink Event (IFE) is one of the UK’s leading trade shows for the food and drink industry. Held annually at the prestigious ExCeL London, the event transforms the modern exhibition venue in East London into a key meeting point for decision-makers, buyers and brands from around the world. It is organised by Montgomery International Ltd., an experienced British exhibition organiser with a strong international outlook and extensive industry connections. IFE spans the full breadth of the food and drink sector, structured into clearly defined product areas. These include vegan and plant-based products, speciality and artisan foods, chilled and frozen lines, ambient grocery, and wholesale ranges. Health-focused, organic and naturally positioned products also feature prominently. International pavilions showcase culinary concepts from around the globe, creating tangible import and distribution opportunities within the UK market. The show is further enhanced by a dedicated start-up area for emerging brands, a specialist cheese pavilion for premium dairy products, a “free-from” zone for allergen-free and specialist formulations, and a business support hub offering guidance on growth strategies and market entry. In addition, technological innovation, packaging solutions and specialist services for manufacturing, logistics and retail form an integral part of the exhibition. Exhibitors represent virtually every segment of the food and drink industry: producers of ready meals, meat and seafood, bakery products, snacks, confectionery and spices, alongside drinks manufacturers ranging from spirits and soft drinks to low- and no-alcohol propositions. The line-up also includes organic producers, innovative food tech companies and international brands seeking to expand into the UK market. IFE is strictly a trade-only event. Buyers from major retail chains, wholesalers, distributors and importers, as well as foodservice operators, hospitality professionals, product developers and category managers, attend to source products, monitor market developments and build strategic partnerships. A comprehensive programme of seminars, trend briefings and panel discussions provides in-depth insights into consumer behaviour, sustainability requirements and current market trends in the UK and beyond. ExCeL London offers a modern infrastructure, expansive exhibition halls and excellent transport links. Located in the revitalised Royal Docks area, it is directly connected to the public transport network, including the Elizabeth Line and the Docklands Light Railway, and is just minutes from London City Airport. As such, IFE provides not only a commercially relevant marketplace but also a logistically convenient platform for companies looking to succeed in the global food and drink sector."
Speciality and Fine Food Fair,05. - 07. April 2027,United Kingdom of Great Britain and Northern Ireland,London,ExCeL London,www.specialityandfinefoodfairs.co.uk,"The Speciality & Fine Food Fair (SFFF) is one of the leading trade fairs for premium food and drink specialties in the United Kingdom. Held annually in September at the prestigious ExCeL London in the heart of London, the event is organised by Montgomery International Ltd., a globally active and experienced trade show organiser. The fair is considered a must-attend event for professionals in the fine food trade, gastronomy, and high-end retail sectors. The fair serves as a platform for discovering and tasting innovative products from both the UK and abroad. It fosters meaningful dialogue among producers, buyers, retailers, importers, exporters, and hospitality professionals. The focus lies firmly on quality, authenticity, and taste – from award-winning cheeses and craft spirits to internationally recognised delicatessen products. With a clear emphasis on the evolving needs of a dynamic industry—where provenance, craftsmanship and sustainability play an increasingly vital role—the Speciality & Fine Food Fair provides targeted inspiration. Signature features such as “Pitch Live”, where emerging brands present their products to leading retailers, and the “Start-Up Village”, which showcases innovative newcomers, help bring the latest trends to light. A particular highlight is the curated education programme on the “Food for Thought” stage. Industry experts offer valuable insights into current developments, including trend forecasting, artificial intelligence in retail, ethical sustainability, gender diversity in the drinks sector, and cyber resilience. This knowledge-sharing format adds significant value beyond the product showcases. The newly designed Village Square serves as the central networking hub, offering space for regional tastings, moderated discussions, and business matchmaking. The fair experience is further enriched by immersive zones such as the Drinks Quarter, Wine Cellar and Great Taste Deli, where visitors can explore the latest flavour and consumer trends. Firmly rooted in London and the UK, the Speciality & Fine Food Fair highlights regional British specialties while simultaneously positioning the country as an international hub for fine food innovation. The historic ExCeL London, with its central location and excellent public transport links, offers ideal conditions for national and international trade visitors. For those seeking new impulses, a strong focus on quality, and opportunities to connect with thought leaders across the sector, the Speciality & Fine Food Fair remains an essential event on the industry calendar."
World Travel Catering & Onboard Services Expo,06. - 08. April 2027,Germany,Hamburg,Messe Hamburg,www.worldtravelcateringexpo.com,"The World Travel Catering & Onboard Services Expo (WTCE) is the leading trade fair for onboard catering, onboard services, and passenger comfort. Since its inception in 2012, it has established itself as a key platform for innovation and industry trends. Organized annually by RX UK Reed Exhibitions Ltd., the event traditionally takes place at the Hamburg Messe, a centrally located venue with excellent infrastructure. As a major industry meeting point, WTCE brings together experts, suppliers, and decision-makers to showcase the latest products and services for the aviation, rail, and cruise industries. WTCE offers in-depth insights into the world of inflight catering, onboard retail, and passenger services. Visitors gain exclusive access to innovative solutions ranging from high-quality food and beverages to eco-friendly packaging, digital service offerings, and comfort products such as blankets, pillows, and duty-free items. Companies present products and technologies designed to enhance and streamline the travel experience, including sustainable catering solutions and state-of-the-art inflight entertainment systems. A key highlight of WTCE is the Taste of Travel Theatre, where international top chefs, industry analysts, and experts discuss the latest trends and concepts. Here, groundbreaking ideas for onboard catering and passenger comfort are introduced, shaping the future of the travel industry. Running alongside the exhibition is the prestigious Passenger Experience Conference (PEC), which provides in-depth insights into the future of passenger care and develops strategies for optimizing onboard environments. WTCE attracts exhibitors and trade visitors from a variety of sectors, including airlines, rail operators, cruise lines, catering providers, logistics companies, and onboard equipment manufacturers. It serves as a platform for networking, business deals, and the exchange of innovative ideas. In addition to leading companies, startups are also represented, bringing fresh momentum to the industry with their pioneering concepts. As one of Europe's most important aviation hubs and home to numerous aerospace suppliers, Hamburg provides the perfect setting for the event with its well-connected exhibition center. The city is not only known for its innovative strength but also for its cultural diversity and maritime atmosphere, which further enrich the visitor experience. The World Travel Catering & Onboard Services Expo (WTCE) is much more than just a trade fair – it is a driving force for the future of onboard services, an innovation hub, and a unique networking platform for the entire industry. Anyone looking to succeed in the world of travel catering and onboard services cannot afford to miss WTCE."
WEIN & more,10. - 11. April 2027,Germany,Landshut,Bernlochner Saal,www.wein-erlebnis-messe.de/weinmesse-landshut,"The Wein & More trade fair in Landshut is a small but fine, family wine fair in Lower Bavaria that focuses on the world of wines, spirits and culinary delights. The trade fair takes place in the Stadtsäle Bernlochner in Landshut, a modern and versatile event hall in the Bavarian city. It attracts numerous visitors from the region and beyond who are interested in high-quality wines, spirits and culinary delights. During the two-day event, numerous national and international exhibitors will present their products and services. It is organized by organizer Ingo Raibold, who is committed to bringing wine lovers and interested visitors together. Wein & More offers a wide range of wines, spirits, cheese, chocolate, delicatessen and other specialties from different regions and countries. The trade fair is a meeting point for winemakers, dealers, restaurateurs, sommeliers, trade visitors and wine lovers who want to exchange ideas about the latest trends, developments and innovations in the world of wine and gourmet enjoyment. In addition to the exhibition area, Wein & More offers a diverse supporting program ranging from tastings, seminars, workshops and specialist lectures to culinary shows and presentations. Experts and industry insiders share their knowledge and experiences with visitors and offer valuable information, tips and suggestions for selecting, storing and tasting wines and other products. The Wein & More in Landshut is not just a trade fair, but also a social event and therefore an ideal platform for enjoyment, information and exchange with like-minded people in a relaxed atmosphere."
Markt des guten Geschmacks,15. - 18. April 2027,Germany,Stuttgart,Messe Stuttgart,www.messe-stuttgart.de/marktdesgutengeschmacks,"The ""Market of Good Taste"" (Markt des guten Geschmacks) in Stuttgart, a standout fair of the Slow Food movement, takes place annually in the spring. It is dedicated to showcasing and promoting regional specialties that are free from additives. Since its inception, the fair has evolved into a significant meeting point for gourmets and consumers who value quality, taste, and sustainable production. Organized by Messe Stuttgart GmbH, the fair presents an impressive selection of food and beverages from regional producers, with a focus on the quality and taste experience of the products. The event serves not only as a platform for exchange between visitors and exhibitors but also as a place for education and active participation. Visitors have the opportunity to engage directly with the producers, sample their products, and become actively involved in the fair's own cooking workshop. Under guidance, they can prepare their own dishes and then enjoy them in a convivial round. In addition to food and beverages, the fair's offerings also include handmade kitchen furniture and utensils, as well as specialist books on topics related to food and drink. An extensive program of discussion forums and lectures provides deeper insights into the Slow Food movement and sustainable food production. The fair is held at the easily accessible Stuttgart Exhibition Center, located near the A8 motorway. Thanks to its proximity to Stuttgart Airport and the numerous parking options available both at the exhibition grounds and in the airport parking garage, arrival by car and on foot is convenient. The connection to public transport also ensures a hassle-free arrival for visitors from different regions. With its spring timing, the ""Market of Good Taste"" has established itself as an important event that embodies the values of the Slow Food movement and provides a platform for exchange and discovery of regional, sustainable food and products."
BBQ Days,15. - 18. April 2027,Germany,Stuttgart,Messe Stuttgart,www.messe-stuttgart.de/bbq-days,"The BBQ Days are the leading trade and consumer fair for everyone who sees barbecuing not just as a method of cooking, but as a true passion. Every year, Messe Stuttgart in the heart of Baden-Württemberg transforms into a vibrant hub for barbecue lovers, outdoor enthusiasts, culinary connoisseurs, and professionals from the meat and grilling industry. Organized by Landesmesse Stuttgart GmbH, the BBQ Days ignite the season – traditionally held in summer – bringing real heat to the grill and energy to the exhibition halls. The focus lies on barbecuing, outdoor cooking, and premium culinary experiences. The event combines live shows, competitions, expert advice, and product innovations into an immersive experience that appeals equally to consumers and professionals from gastronomy, meat processing, retail, and event catering. A major highlight is the extensive display of modern grilling technology and outdoor kitchens – ranging from classic smokers to ceramic and pellet grills, all the way to high-tech gas grills with infrared searing features. The offering is rounded off with accessories, premium ingredients, spices, and technical equipment – everything ambitious grillers and seasoned professionals need for the ultimate barbecue. A signature element of the BBQ Days is the daily live grilling shows featuring renowned grill masters. Visitors enjoy exclusive insights, expert tips, and the chance to sample freshly prepared creations. High-caliber competitions add further excitement, including the BBQ Republic Invitational, where top barbecue teams face off in a live cook-off, and the Butcher Wars Germany – the contest to crown the country’s best butcher. These events highlight the professional caliber of the fair and provide emotional highlights throughout the program. Exhibitors come from a wide range of sectors: manufacturers of grills and outdoor kitchens, suppliers of accessories, fine food producers, butcheries, specialists in meat processing tools, and innovative start-ups from the gourmet and tech industries all use the BBQ Days as a platform to showcase new products and make valuable connections. While the fair attracts barbecue fans of all kinds, its core audience also includes professionals from food retail, gastronomy, the meat industry, and the event and catering sectors. With its unique blend of entertainment, commerce, and expertise, the BBQ Days are among the most important barbecue events in the German-speaking world. Messe Stuttgart impresses with state-of-the-art infrastructure and a prime location – directly connected to the airport and easily accessible by motorway and public transport. Attending the BBQ Days means experiencing a first-class BBQ event while discovering the culinary diversity of the Baden-Württemberg gourmet region."
InterFood,21. - 23. April 2027,Russia,Krasnodar,Expograd Yug,inter-food.su,"InterFood Krasnodar is a specialized annual trade fair dedicated to food, beverages, and packaging technology. It has established itself as a key industry platform in southern Russia. Organized by MVK – International Exhibition Company, one of the country's leading trade fair organizers with extensive experience in hosting international exhibitions and conferences, InterFood provides industry professionals with an opportunity to explore the latest developments in the food and beverage sectors and connect with experts, manufacturers, suppliers, and decision-makers. The event takes place at Expograd Yug in Krasnodar, a modern exhibition and congress center known for its innovative infrastructure. The venue offers ideal conditions for showcasing new products, technologies, and services, making it one of the most important locations for trade events in southern Russia—further underscoring the fair’s significance. Access to InterFood is restricted to trade professionals only. This focused approach encourages practical, in-depth exchanges between exhibitors and buyers. A standout feature is the integrated negotiation center, where manufacturers and suppliers present their products directly to senior buyers and category managers from major retail chains and distributors—a unique format that enables efficient, high-level networking. The exhibition covers a broad yet clearly defined range of topics, including meat and poultry products, dairy and cheese, staple foods, grain-based goods, baked and confectionery items, non-alcoholic and low-alcohol beverages, beer, snacks, and catering supplies. This is complemented by displays of cutting-edge production and processing technologies, innovative packaging solutions, and efficient storage and logistics systems—particularly attractive to technology-focused professionals. Another highlight of the fair is its hands-on program of expert lectures and seminars on current topics such as the use of artificial intelligence in food production, brand strategies in consumer goods, lab data analysis, and risk management in manufacturing. Running alongside InterFood is the ""Vinorus.Vinotech"" exhibition, where Russian wineries showcase their products through professional tastings—adding further value for visitors with an interest in wine and spirits. With its thematic depth, clear focus, and recurring annual format, InterFood Krasnodar is an essential platform for professionals looking to stay ahead of industry trends, discover innovative products, and build valuable business connections—at one of Russia’s most dynamic hubs for the food and beverage industry."
SIAL Canada,27. - 29. April 2027,Canada,Toronto,Enercare Centre,sialcanada.com,"SIAL Canada is one of Canada’s leading trade shows for the food, beverage, and hospitality sectors, serving as a central meeting point for professionals across this dynamic industry. The name SIAL – Salon International de l’Alimentation – highlights the event’s international focus and its specialization in food-related innovation. Since its inception in 2001, the trade show has become a major driver of innovation, commerce, and exchange within the North American agri-food sector. Held alternately in Montreal and Toronto each year, SIAL Canada brings together all key players under one roof. It is organized by the renowned Comexposium Group, one of the world’s largest trade show organizers with an extensive portfolio of international events. The Canadian edition is part of a global network that includes flagship shows in Paris, Jakarta, and Abu Dhabi. A defining feature of SIAL Canada is its clear thematic structure, divided into three focus areas: SIAL Food, SIAL Grocerant, and SIAL Packaging. SIAL Food covers the entire food production spectrum – from fresh products and beverages to niche categories such as baby food, frozen goods, and functional ingredients. SIAL Grocerant explores the growing intersection between foodservice and retail, emphasizing cutting-edge kitchen equipment, payment technologies, and service solutions. SIAL Packaging focuses on innovative and sustainable packaging concepts, logistics, and technological advancements across the supply chain. In addition to a broad product offering – ranging from cheese and olive oil to high-tech packaging – the trade show provides space for knowledge exchange, industry dialogue, and inspiration. It serves as a platform for Canadian producers, international brands, start-ups, retailers, foodservice professionals, and importers to identify trends, build business relationships, and strengthen their market presence. Deeply rooted in the Canadian market, SIAL Canada reflects the country’s cultural diversity, spirit of innovation, and commitment to sustainability. At the same time, it offers international companies a gateway to enter the North American market. One of SIAL Canada’s standout features is its range of competitions that spotlight the industry’s innovative spirit. The SIAL Innovation Award honors forward-thinking product ideas, the Olive d'Or recognizes the world’s finest olive oils, and the International Cheese Competition showcases the best in global cheesemaking. Additional highlights include a pitch contest for start-ups and the “SIAL To Go” format, which offers practical insights into current market developments. The event attracts a wide professional audience – from manufacturers and distributors to institutional foodservice experts – creating a highly specialized network designed for business success. Alongside the extensive exhibition, a conference program provides in-depth analysis and discussion of key industry topics. Whether at the Palais des Congrès de Montréal or the Enercare Centre in Toronto, both venues offer modern infrastructure, excellent accessibility, and are situated in vibrant urban environments. With international airports, convenient public transit links, and thriving culinary scenes, they provide the ideal setting for a trade fair that is more than just an exhibition: SIAL Canada is an experience, a marketplace of ideas, and a bridge between local markets and global opportunities."
CIBUS,04. - 07. May 2027,Italy,Parma,Fiere di Parma,www.cibus.it,"The CIBUS International Food Exhibition is an annual trade fair dedicated to the diverse world of food. It is held at the Fiere di Parma exhibition center in Parma, a prominent center of Italian food culture. The name CIBUS, derived from the Latin word for ""food"", emphasizes the fair's central importance to the food sector. The organizer of the fair is Fiera di Parma S.p.A. It provides a platform for professionals from various sectors including wholesale, Ho.Re.Ca. sector, importers, and independent retail. The fair promotes exchange between national and international representatives from the agricultural and food sectors. The exhibition areas include dairy products, cold cuts, food and confectionery, chilled and frozen products, beverages, and specialties from local, regional, and international cuisine. CIBUS showcases a wide range of products and services, including coffee, tea, cocoa, canned goods, fresh and dried fruits and vegetables, snacks, oils, vinegars, pasta, rice, ethnic products, cereals, ready meals, baked goods, frozen products, sauces, reflecting Italy's culinary diversity and innovation. Highlights of CIBUS include conferences, expert panel discussions, workshops, tastings, live cooking shows, and masterclasses with renowned chefs. Special focus is given to the ""CIBUS Innovation Zone"" and ""CIBUS Healthy"", addressing new trends and healthy eating. Exhibitors come from various sectors of the food industry, making CIBUS a global meeting point for professionals. Main visitors are professionals from the food retail, gastronomy, catering, as well as import and export, complemented by representatives of food producers. As an annual event specifically held in Parma, CIBUS reflects the gastronomic tradition and significance of the city in the Italian food industry. Thanks to its accessibility by both public transport and car, the fair offers a unique opportunity to discover the latest trends and products in the food sector, establish business contacts, and enjoy the extraordinary atmosphere and culture of Parma."
SIAL China,18. - 20. May 2027,China,Shanghai,Shanghai New International Expo Center - SNIEC,www.sialchina.com,"Since its inception in 2000, SIAL China has been a leading international trade fair for food and beverages, held annually at the Shanghai New International Expo Center (SNIEC). The name SIAL stands for ""Salon International De L'Alimentation"", which translates to ""International Food Exhibition."" The fair is organized by Comexposium, a global operator of trade shows and conferences. The main themes of SIAL China cover a wide spectrum of the food and beverage industry, including baby food, organic and wellness products, dairy products, non-alcoholic and alcoholic beverages, meat, poultry, sausages, seafood, legumes, and grains. This diversity reflects the fair's central role as a platform for innovation and trends in the food industry. At SIAL China, food manufacturers, traders, importers, wholesalers, and retailers, as well as representatives of institutional and commercial gastronomy, present and discover the latest products and services. This makes the fair an important gateway to the Chinese market and a significant platform for international companies looking to engage in this dynamic environment. The fair is distinguished by its numerous competitions and award ceremonies, which honor outstanding innovations in the food and beverage industry. Highlights include the SIAL Innovation Competition, the SIAL Chic and Tea Contest, and the SIAL Cup Barista Challenge. These events promote quality and innovation and serve as a platform for the exchange between professionals and companies. SIAL China is part of a global series of SIAL fairs held in various international cities and plays a key role in the global food industry. Exhibitors and visitors come from various sectors, including food production, gastronomy, and trade. The Shanghai New International Expo Center, the venue for SIAL China, is centrally located and easily accessible. It offers modern facilities and excellent infrastructure, making it ideal for events of this magnitude and significance. The easy accessibility of the SNIEC further contributes to the fair's attractiveness, both for local and international participants."
InterFood Azerbaijan,19. - 22. May 2027,Azerbaijan,Baku,Baku Expo Centre,interfood.az,"InterFood Azerbaijan is an annual trade fair that has established itself as a key platform for the food and beverage industry in the South Caucasus. Serving as an industry meeting point, innovation forum, and international marketplace, it brings together manufacturers, distributors, technology providers, and decision-makers to showcase the latest trends, products, and solutions in the sector. The name “InterFood” symbolizes the international scope of the event and its comprehensive coverage of the entire value chain—from raw material sourcing and advanced processing technologies to packaging and marketing. The venue for the event is the modern Baku Expo Exhibition and Convention Center, located in the Azerbaijani capital of Baku. The exhibition center is distinguished by its high-quality infrastructure, convenient transport connections, and proximity to Heydar Aliyev International Airport. The trade fair is organized by Caspian Event Organisers LLC, a leading company in the region specializing in trade fairs and business events. This ensures the event is executed professionally and at a high standard. The exhibition covers a wide range of topics and is structured into four main focus areas: traditional food products such as meat and dairy, confectionery and gourmet foods, non-alcoholic and alcoholic beverages, technologies for processing and packaging, and Halal-certified products. As such, InterFood Azerbaijan provides a comprehensive overview of current developments—from traditional craftsmanship to cutting-edge innovations. A particular highlight of the fair is the annual “Gızıl Şah” National Culinary Championship , an international cooking competition featuring over 200 participants from around the globe. Entries are judged by a distinguished panel of experts. The event is further enriched by targeted B2B meetings, practical workshops, and professional seminars where industry specialists discuss technological advancements, market trends, and sector-specific challenges. Exhibitors represent a wide range of sectors—from agricultural production and food processing to packaging and logistics services. The professional audience primarily consists of representatives from wholesale and retail, the hospitality sector, import and export businesses, distribution, and governmental institutions. This makes the fair an efficient hub for both national and international business development. The Baku Expo Center is located in the Hovsan district, approximately 20 kilometers from the international airport, and is easily accessible via metro, bus, or taxi. In this way, InterFood Azerbaijan offers not only valuable content but also ideal logistical conditions for international business development and industry-specific networking in the heart of the South Caucasus."
Good Food & Wine Show,28. - 30. May 2027,Australia,Melbourne,MCEC - Melbourne Convention and Exhibition Center,goodfoodshow.com.au/melbourne,"The Good Food & Wine Show is one of Australia’s most prominent public exhibitions dedicated to culinary excellence. Since its inception in 2001, it has served as a key platform for indulgence, innovation, and exchange within the Australian food and beverage industry. Today, the name represents far more than just fine food and wine—it embodies a comprehensive experience centered around premium gastronomy, exclusive tastings, and the latest gourmet trends. Each year, the show opens its doors at the Melbourne Convention and Exhibition Centre (MCEC)—Australia’s largest and most modern event venue, located on the banks of the Yarra River in the heart of Melbourne. The event is organized by Spectapular Enterprises Pty Ltd, an experienced event management company specializing in the creation of impactful, brand-defining experiences. At the heart of the exhibition is the theme of indulgence, with a focus on food, wine, spirits, hospitality, kitchen technology, and culinary tourism. Visitors can look forward to a diverse program that includes live cooking demonstrations by renowned Australian chefs such as Alastair McLeod, themed masterclasses on chocolate, cheese, or gin, and over 300 carefully curated exhibitors. The show features everything from artisanal delicacies to cutting-edge kitchen solutions. Particularly popular are experiences such as the guided Wine Selectors Tasting Rooms , chocolate journeys led by pastry chef Kirsten Tibballs, and exclusive martini workshops with tailored food pairings. A standout highlight is the Good Food Village —a bustling market hall featuring select producers and artisanal makers—as well as the Cheese Corner , which showcases the diversity and creativity of Australian cheesemaking. The event appeals to a wide audience: from hobby chefs and gourmet enthusiasts to industry professionals in hospitality, retail, and tourism. At the same time, it serves as a stage for Australia’s culinary identity, illustrating how vibrantly the industry has evolved as both a creative and economic driving force. The Good Food & Wine Show is not limited to Melbourne; it is part of a national event series that also includes cities like Sydney, Brisbane, and Perth. This makes it the premier traveling culinary exhibition in Australia. Visitors can expect an immersive, high-quality experience featuring VIP offerings, interactive tastings, and expert insights—all within an atmosphere that brings the joy of food and drink to life in a unique way. The MCEC impresses with its central location, excellent public transport connections, and state-of-the-art infrastructure. As a cultural and culinary capital, Melbourne provides the perfect backdrop for an event that seamlessly blends gastronomy, lifestyle, and innovation."
Seoul Food & Hotel,08. - 11. June 2027,South Korea,Goyang,Kintex Korea International Exhibition Center,www.seoulfoodnhotel.com,"Seoul Food & Hotel (SFH) is South Korea’s leading trade fair for the food, beverage, and hospitality industries, and ranks among the most important events of its kind in Asia. Held annually at the Korea International Exhibition Center (KINTEX) in Goyang—a modern city with excellent transport links just north of Seoul—the exhibition attracts decision-makers, trade professionals, and exhibitors from around the world. The event is organized by Informa Markets, a globally recognized organizer of international trade fairs. More than just an exhibition, SFH serves as a central platform for innovation, knowledge exchange, and business development in one of East Asia’s most economically dynamic regions. Its unique character lies in the combination of culinary diversity with technological advancements and high-quality equipment for the foodservice, hospitality, and food production sectors. Exhibits range from meat, seafood, dairy products, frozen foods, and baked goods to beverages. This is complemented by advanced solutions for food processing and packaging, professional kitchen equipment, logistics systems, and sustainable concepts. A key advantage of SFH is its international B2B networking program, which actively facilitates business contacts and fosters strategic partnerships. The event primarily attracts international buyers, hotel and restaurant operators, distributors, importers, wholesalers, and representatives from the food industry. Exhibitors include companies from food production, mechanical engineering, packaging technology, kitchen equipment, and hotel and hospitality services. SFH also acts as a strategic platform to position South Korea as an innovative player in the global food and hospitality market. It showcases the country’s strengths in quality, technology, and design—within an international environment focused on competition, knowledge transfer, and progress. With the ultra-modern KINTEX venue, the fair offers excellent logistical access—including proximity to the subway and Incheon International Airport—and an infrastructure ideally suited for large-scale international events. The city of Goyang itself also impresses with a wide range of hotel and leisure options, making SFH a rewarding experience both professionally and culturally."
Good Food & Wine Show,25. - 27. June 2027,Australia,Sydney,International Convention Centre ICC,goodfoodshow.com.au/sydney,"The Good Food & Wine Show is an annual consumer exhibition that has established itself as a central event for culinary enthusiasts. The event is organized by Diversified Communications Australia at the renowned International Convention Centre (ICC) in Sydney, a leading company specializing in trade fairs. It offers a unique platform to discover the latest trends and innovations in the food and wine industry. Each year, the fair attracts thousands of food connoisseurs, wine lovers, and industry experts. The Good Food & Wine Show showcases an impressive variety of products and services covering a wide range of culinary topics. This includes wines from renowned Australian wine regions such as the Barossa Valley and Margaret River, craft beers, spirits, gourmet snacks, cheese, chocolate, and a selection of kitchen utensils and appliances. Numerous exhibitors from the food, beverage, hospitality, kitchen technology, and tourism sectors present their latest offerings, offering exclusive tastings and interactive cooking demonstrations. Highlights of the event include wine and food tastings, as well as interactive masterclasses conducted by industry experts. Live cooking demonstrations by famous Australian chefs such as Curtis Stone and Maggie Beer give visitors exciting insights into preparing exclusive dishes. Additionally, participants can attend special events such as the RIEDEL Wine Glass Experience or the Chocolate Appreciation Masterclass to deepen their knowledge of the art of wine and chocolate enjoyment. The Good Food & Wine Show fosters cultural and economic ties with Australia by showcasing the country's culinary traditions and innovative spirit, while also encouraging international exchange. The events take place not only in Sydney but also in other cities like Melbourne, Brisbane, and Perth, giving the fair national significance. It is particularly noteworthy that the fair offers professionals in the gastronomy, wine production, food manufacturing, and tourism industries valuable opportunities to network, maintain business relationships, and explore new markets. The primary visitors are both professionals from the foodservice and wine industries and culinary enthusiasts interested in the latest products and trends. The ICC Sydney, a modern and environmentally sustainable exhibition center in Darling Harbour, is the ideal venue for such a significant event. It offers top-notch facilities and is easily accessible for both local and international visitors. Surrounded by a vibrant atmosphere and numerous recreational opportunities, it provides the perfect location for an exhibition that stimulates all the senses and delights with a wide range of culinary experiences."
FHI Food & Hotel Indonesia,21. - 24. July 2027,Indonesia,Jakarta,JIExpo Jakarta International Expo,foodhotelindonesia.com,"FHI Food & Hotel Indonesia is one of the most prominent and internationally recognized trade fairs for the gastronomy, hospitality, and food industries in Southeast Asia. It is organized by PT Pamerindo Indonesia, a member of the Informa Markets Group—one of the world’s leading organizers of B2B events. Held biennially at the Jakarta International Expo (JIExpo)—Indonesia’s largest and most modern exhibition center—the fair benefits from a prime location with direct access to international airports, a wide range of nearby accommodations, and well-developed transport infrastructure. The choice of venue underscores Jakarta’s role as the nation’s economic and cultural hub. The exhibition comprehensively covers the entire spectrum of the foodservice and hospitality industries—from food and beverages to kitchen technology, interior design, and packaging innovation. Visitors gain insight into the latest developments and offerings, including fresh seafood, plant-based alternatives, Halal-certified products, state-of-the-art kitchen appliances, digital service systems, and innovative beverage selections such as coffee, tea, wine, spirits, and alcohol-free options. The event is geared toward professionals from the hotel and restaurant sectors, trade, consultancy, and investment. Decision-makers in procurement and operations, as well as exhibitors from food production, technology, interior design, and service industries, use the platform to establish a foothold in Indonesia’s dynamic market—an increasingly attractive destination thanks to its young population and rapidly growing tourism sector. A standout feature of the FHI is its extensive supporting program. The FHI Food Academy offers hands-on workshops, such as “Experience the Art of Vegan Cooking,” that provide valuable opportunities for professional development. Industry talks and expert panels address emerging trends, innovations, and strategic insights. The ""Innovation Spotlight"" format highlights advances in hospitality technology and digital transformation. Competitions like the Salon Culinaire and the World Fashion Drinks Competition foster creativity and showcase emerging talent. In addition, structured networking programs and targeted business matchings facilitate valuable commercial connections. FHI Food & Hotel Indonesia is an essential platform for professionals across the food, beverage, and hospitality sectors looking to strengthen their market presence, discover new products, and build international partnerships. The Jakarta International Expo serves as an ideal venue with its modern infrastructure, professional event management, and excellent accessibility—a space that brings together innovation and collaboration in the heart of a vibrant, emerging metropolis."
Good Food & Wine Show,20. - 22. August 2027,Australia,Perth,Convention & Exhibition Center,goodfoodshow.com.au/perth,"The Good Food & Wine Show (GFWS) is one of Australia’s premier public exhibitions for food, wine, and gourmet experiences. It attracts food enthusiasts, wine connoisseurs, and industry professionals alike. Since its debut in Perth in 2008, it has impressed visitors each year with a diverse range of high-quality products, engaging live experiences, and opportunities for personal interaction. The event is held at the Perth Convention & Exhibition Centre (PCEC) – a modern venue in the heart of the city, well-connected by public transport. The show is organised by Spectapular Enterprises Pty Ltd, an experienced event management company that has created a platform through the GFWS that successfully combines culinary culture, innovation, and economic momentum. The event is far more than a traditional food fair. It showcases the culinary diversity of Australia and serves as a meeting point for the national gourmet community. Exhibits include fine wines, spirits, craft beers, premium food products, and kitchen innovations – from handcrafted delicacies to modernist cuisine and specialty items from small, independent producers. Over 200 exhibitors from renowned regions such as Margaret River, the Barossa Valley, and the Clare Valley invite visitors to exclusive tastings. Interactive masterclasses, curated food pairings, and dynamic live cooking shows featuring renowned Australian chefs turn the visit into a truly immersive experience. A highlight for many is the Kleenheat Kitchen stage, where top chefs demonstrate their skills while actively involving the audience – regardless of whether they are beginners or professionals. The event also offers the chance to speak directly with producers and discover the stories behind the products – a personal element that sets the show apart. Exhibitors represent sectors including food and beverage production, hospitality, tourism, kitchen technology, and retail. The audience is equally diverse, ranging from food-loving private visitors to professionals from the restaurant, hotel, and retail industries. The Perth edition is part of a nationwide event series that also takes place in cities such as Melbourne, Brisbane, and Sydney – each tailored to the local culinary scene. The Good Food & Wine Show is more than a culinary event – it’s a cultural highlight for Perth. It boosts tourism, supports the regional economy, and places Australia’s food and wine culture at the centre of a platform celebrated both nationally and internationally. With its central location at the Perth Convention & Exhibition Centre, just a short walk from the Swan River and easily accessible by train, bus, or car, the GFWS is the perfect destination for a flavourful weekend in Western Australia. For those seeking something special, this is the place – focused, diverse, and rich in personal experiences."
GASTRO IVENT,27. - 28. February 2028,Germany,Bremen,Messe Bremen & ÖVB-Arena,www.gastro-ivent.de,"The GASTRO IVENT in Bremen represents a significant event that is held biennially and has established itself as an essential meeting point for the gastronomy, hotel industry, community catering, and trade sectors. Since its founding in 2014, the trade fair has taken place in even-numbered years, parallel to fish international, the only trade fair for fish and seafood in Germany. GASTRO IVENT has developed into a central platform that bundles and presents future-oriented, eventful and stimulating impulses as well as solutions for the catering industry. The fair is organized by M3B GmbH and takes place at the Bremen Exhibition & ÖVB-Arena, known for its flexibility and outstanding infrastructure. The GASTRO IVENT specifically targets restaurant and hotel operators, catering companies, large-scale caterers, and chefs, offering them an exclusive selection of delicacies and convenience products, regional and artisanally produced raw materials, as well as innovative equipment and technical aids. Special focus is given to regional, often artisanally produced, premium food and beverages, as well as innovative convenience products. Additionally, visitors can discover cooking accessories, facilities, and technologies for the gastronomy sector, including hardware and software solutions like cash register systems, apps, and social media applications. A diverse supplementary program featuring product tastings and demonstrations, lectures on current topics, and numerous networking opportunities distinguishes the fair. It allows for a blend of relaxation and information exchange, promoting dialogue about the latest trends and developments in the industry. Another highlight is the edutainment and consultancy offerings, which not only provide visitors with knowledge and inspiration but also practical solutions and innovations for daily business operations. This mix of exhibition, interactive experiences, and professional exchange makes the GASTRO IVENT an indispensable event for professionals from the gastronomy and related fields who are searching for new products, services, and ideas to further develop their businesses and stay up-to-date. In summary, the GASTRO IVENT in Bremen is a key event for gastronomy professionals, focusing on innovation, quality, and networking opportunities and providing a platform for showcasing industry trends and future-oriented concepts. With its comprehensive range and numerous opportunities for exchange and further education, it marks an important date in the industry's calendar."
NRW – The Best from the Region,Expected November 2026,Germany,Essen,Messe Essen,www.mhh-essen.de/nrws-groesste-verbrauchermesse/nrw-das-beste-aus-der-region,"Founded in 2011, the ""NRW – The Best from the Region"" fair is an annual regional trade show held every November, proudly showcasing the culinary diversity and artisanal crafts of North Rhine-Westphalia. Hosted by Messe Essen GmbH, this event attracts countless visitors each year who are interested in regional products and local food culture. It has become a fixed event on the trade fair calendar, taking place in the modern facilities of Messe Essen, which are easily accessible and offer extensive services. ""NRW – The Best from the Region"" stands out for its special focus on regional products. In an atmosphere that is appealing to both consumers and professional visitors, the exhibition provides a platform for producers and craftsmen to present their goods and services. Visitors have the opportunity to discover and sample a wide range of products, from traditional foods to handmade items, all with an emphasis on quality and sustainability. A distinctive feature of the fair is its transparency regarding the manufacturing processes of the products. Exhibitors are encouraged to share information about cultivation, production, and animal husbandry, transforming the fair into an educational platform for responsible consumption. This informative aspect is enhanced by a supporting program that includes brief presentations on selected topics. Here, current and relevant industry issues are discussed, making the fair an important hub for the exchange of ideas and further education in the region. Entertainment is also provided: the fair regularly features competitions, and as a special highlight, visitors can experience cooking demonstrations by a famous Michelin-starred chef. These events are not only entertaining but also allow for an interactive engagement with regional cuisine. ""NRW – The Best from the Region"" takes place under the umbrella of MHH (MODE HEIM HANDWERK), enabling synergies with related industries. With its unique combination of information, education, and entertainment, this event has established itself as an indispensable occasion that celebrates regional identity while simultaneously promoting important discussions about food production and consumption."
SIAL InterFOOD,Expected November 2026,Indonesia,Jakarta,JIExpo Jakarta International Expo,sialinterfood.com,"The SIAL InterFOOD is a leading international trade fair for the food and beverage industry, held annually at the JIExpo Jakarta International Expo in Indonesia. The name ""SIAL"" stands for ""Salon International de l'Alimentation"", which translates to ""International Food Salon"", emphasizing the global significance of this event. It is organized by the SIAL Group in collaboration with Krista Exhibitions and is part of a global series of SIAL trade fairs. At this fair, manufacturers, traders, and professionals from the gastronomy and retail sectors gather to showcase the latest products and innovations. Key themes include food and beverages, technologies, bakery and confectionery products, and catering equipment and ingredients. Special attention is given to sectors such as wine and spirits, coffee, tea, cocoa, as well as organic and Halal-certified products. Another focus is on services and technologies for hotels, catering, restaurants, and supermarkets, which directly relate to Jakarta's dynamic hospitality scene and Indonesia's growing market infrastructure. Competitions such as cooking contests, pastry championships, and live cooking demonstrations highlight the creative and innovative atmosphere of the fair. Each year, SIAL InterFOOD attracts thousands of professional visitors from around the world, including many decision-makers from food production, retail, and gastronomy. It serves not only as a platform for business deals but also as a venue for exchanging ideas on the latest trends and developments in food technology and production. The JIExpo, as the venue, offers ideal conditions for exhibitors and visitors with its modern infrastructure and excellent accessibility via the international airport and superb transport connections. As part of the vibrant metropolis of Jakarta, the fair provides an excellent opportunity to expand networks and explore new business opportunities. Overall, SIAL InterFOOD is an indispensable event, distinguished by its thematic diversity as well as the quality and variety of the products and services presented."
SIAL India,Expected December 2026,India,New Delhi,Yashobhoomi India International Convention & Expo Centre,www.sialindia.com,"SIAL India is a leading international trade fair for food and beverages, held annually at the Yashobhoomi India International Convention & Exhibition Centre (IICC) in New Delhi. The acronym SIAL stands for ""Salon International De L'Alimentation"", which translates to ""International Food Exhibition"". The fair is organized by Comexposium in collaboration with InterAds Exhibitions Pvt. Ltd. The main themes of SIAL India encompass a wide range of the food and beverage industry, including bakery, confectionery, and biscuit products, organic and wellness products, dairy, non-alcoholic and alcoholic beverages, meat, poultry, deli products, seafood, legumes, and cereals. Additionally, products such as spices and seasonings, frozen food, pet food, tea, and coffee, as well as processing and packaging equipment are showcased. This diversity highlights the fair's significance as a platform for innovation and trends in the food sector. At SIAL India, food manufacturers, distributors, importers, wholesalers, and retailers, as well as representatives from institutional and commercial catering, present and discover the latest products and services. Thus, the fair serves as an important gateway to the Indian market and a crucial platform for international companies looking to engage in this dynamic environment. The fair is distinguished by numerous conferences, competitions, and award ceremonies that honor outstanding innovations in the food and beverage industry. Highlights include the SIAL Innovation Competition. These events promote quality and innovation and serve as a platform for exchange among professionals and businesses. SIAL India is part of a global series of SIAL fairs that take place in various international cities, playing a key role in the global food industry. Exhibitors and visitors come from diverse sectors, including food production, gastronomy, and commerce. The Yashobhoomi India International Convention & Exhibition Centre, the venue for SIAL India, is centrally located and easily accessible. It offers modern facilities and excellent infrastructure, ideal for events of this scale and significance. The center's accessibility further enhances the fair's attractiveness to both local and international participants."
Good Food Show,Expected December 2026,United Kingdom of Great Britain and Northern Ireland,Birmingham,National Exhibition Center (NEC),www.goodfoodshow.com,"The Good Food Show in Birmingham is one of the most prestigious public culinary events in the UK. Since its inception in 1991, it has captivated a growing community of food enthusiasts, amateur chefs, and connoisseurs twice a year. Organized by BBC Good Food on behalf of Immediate Live, the show has become a cornerstone of the British food scene. Each June and November, the National Exhibition Centre (NEC) in Birmingham—one of the country’s largest and most modern exhibition venues—transforms into a vibrant celebration of culinary diversity. With its excellent infrastructure and convenient transport connections, the NEC provides the ideal setting for this exceptional event. The Good Food Show offers a unique blend of food market, live entertainment, and educational experiences. Designed for the general public rather than trade visitors alone, it places a strong focus on high-quality foods, innovative kitchen solutions, and contemporary nutrition trends. Visitors can explore a wide array of offerings: handpicked regional products, street food stalls, artisanal delicacies, organic goods, and a curated selection of wines, craft beers, and spirits—complemented by expert tastings and recommendations. A standout attraction is the live cooking shows featuring internationally renowned celebrity chefs. These chefs not only showcase their favorite recipes but also share insights into modern culinary techniques and their personal inspirations. The program is further enriched by interactive workshops and cooking classes, offering practical guidance on topics such as healthy eating, special diets, and baking arts—from gluten-free meals to plant-based cuisine. At the heart of the event lies the intersection of enjoyment and knowledge. Expert talks on sustainable nutrition, conversations with innovative producers, and direct exchanges with top chefs create a comprehensive and inspiring experience. Sustainability runs as a central theme throughout the entire event, with a clear emphasis on regionality, quality, and conscious consumption. The Good Food Show is more than just a fair—it’s a dynamic gathering place for anyone who values good food, creative cooking, and responsible eating. Whether you're interested in the latest culinary trends or seeking extraordinary taste experiences, this event offers inspiration, connection, and gourmet enjoyment at the highest level."
Kloster- & Gartenmarkt,Expected May 2027,Germany,Leisnig,Kloster Buch,gartenkoenig.com/event/gartenmarkt_kloster_buch,"The Kloster & Garden Market is an annual experiential fair that transforms the historic grounds of Kloster Buch in Leisnig into a vibrant hub of garden culture, lifestyle, and rural inspiration. Set against the picturesque backdrop of the former Cistercian monastery, a unique marketplace unfolds every May for all who appreciate the beautiful, natural, and handmade – from hobby gardeners and design enthusiasts to families and professional visitors from the region and beyond. The event is organized by Arcos GmbH, an experienced company specializing in high-quality themed markets in the garden and lifestyle sectors. At the heart of the fair are selected products and creative solutions for the home, yard, garden, and contemporary living. Visitors can look forward to an inspiring range – from a rich variety of plants, with a special focus on roses, perennials, and seasonal rarities, to unique decorative items, artistic ceramics, furniture made from natural materials, terracotta and corten steel one-of-a-kinds, stylish fashion, handcrafted jewelry, and tasteful accessories for house and garden. Innovative technologies for garden maintenance and terrace design are also showcased. But the Kloster & Garden Market offers more than just a diverse shopping experience – it creates a welcoming atmosphere for relaxation and enjoyment. Within the historic monastery walls, guests can explore a culinary selection ranging from regional specialties to unique gourmet delights. The experience is further enriched by artisan demonstrations, live musical performances as part of the supporting program, and guided tours through the monastery grounds. Exhibitors primarily represent the fields of horticulture, floristry, arts and crafts, interior and exterior decoration, fashion, and fine food. The audience is just as diverse – ranging from private garden lovers and families to professionals such as landscape gardeners, planners, and florists, as well as those with a keen interest in regional culture. Located just south of Leipzig, Kloster Buch is not only an architectural gem steeped in history but also conveniently accessible – by car via the A14 (exit Leisnig) or by public transport via Leisnig railway station, with a shuttle service available to the monastery grounds. The Kloster & Garden Market at Kloster Buch is more than a fair – it is a sensory experience for everyone in search of authenticity, beauty, and something truly special."
The Plant Powered Show,Expected May 2027,South Africa,Cape Town,CTICC Cape Town International Convention Center,goodlifeshowafrica.com,"The ""Plant Powered Show"", a pioneering trade fair, was first held in 2020 and has since evolved into the leading African platform for plant-based nutrition, beverages, and a conscious lifestyle. It takes place at the impressive Cape Town International Convention Center (CTICC) in Cape Town, a location that is easily accessible to both local and international visitors. The fair annually attracts visitors and professionals from around the world who are interested in the latest trends and products in the plant-based lifestyle sector. Live Events Africa (Pty) Ltd., a company known for its expertise in organizing high-caliber events, is responsible for organizing the fair. The ""Plant Powered Show"" focuses on topics such as plant-based nutrition, sustainability, and healthy living. Exhibitors present a wide range of products and services, from innovative food and beverages to wellness and lifestyle items. The fair provides a platform where companies can showcase their latest innovations to a broad audience. The fair also contributes to strengthening local culture and economy by bringing together local and international companies, thus promoting the growth of the plant-based industry in South Africa. A special highlight is the tasting area, where renowned chefs showcase their culinary creations. This gives visitors the opportunity to discover new flavors and familiarize themselves with simple methods for healthy, sustainable dishes. The ""Plant Powered Show"" attracts exhibitors from various industries, including the food industry, health and wellness sector, and sustainability sector. The main visitors include professionals from these areas as well as consumers interested in a healthy and sustainable lifestyle. The CTICC is strategically located in the heart of Cape Town's business district, close to many tourist attractions, including the famous V&A Waterfront and Table Mountain. This location makes the center attractive to both business travelers and tourists who want to participate in the numerous events and exhibitions held there. The center is known for integrating sustainable practices such as water conservation measures and energy efficiency. It also engages in social projects and initiatives to strengthen the local community. In summary, the ""Plant Powered Show"" is more than just a fair; it is an annual gathering for all those committed to a healthy, sustainable, and conscious lifestyle. It offers a unique opportunity to network, learn, and discover the latest innovations in the plant-based industry."
Langres Gastronomique,Expected June 2027,France,Langres,Salle Jean-Favre,langresfoiregastronomique.fr,"Langres Gastronomique is an annual highlight for food lovers, producers, and enthusiasts of regional culinary culture. Held at the Salle Jean-Favre in Langres—a historic town in northeastern France—the event is organized by the dedicated Association Langres Foires et Salons , which is committed to promoting the region’s economy, culture, and way of life. This fair is much more than a marketplace – it serves as a vibrant showcase of the terroir , the culinary and artisanal identity of the Langres region. Numerous passionate exhibitors present their specialties, ranging from artisan cheeses and air-dried sausages to homemade pasta, honey, syrups, and premium ice cream. Visitors are not only invited to sample the products but also to engage directly with the producers – an experience that defines the unique character of the event. What further sets Langres Gastronomique apart is its successful blend of gastronomy, culture, and entertainment. The program includes cooking demonstrations, culinary competitions, and live tastings, along with musical performances, evening events, and interactive experiences for both children and adults. Workshops, talks, and hands-on activities add extra depth, turning a visit into a well-rounded and memorable experience. The fair is deliberately focused on quality over quantity, emphasizing regional food craftsmanship and artisanal products. Most exhibitors come from the fine food, specialty food production, and artisan sectors. The primary audience includes culinary professionals, hoteliers, retailers, and food enthusiasts seeking authentic products, new business contacts, or fresh culinary inspiration. Langres Gastronomique reflects the history, craftsmanship, and zest for life of the region. It plays a key role in promoting local products and producers while strengthening regional identity and pride. The centrally located Salle Jean-Favre is easily accessible by car and public transport. For anyone wishing to experience the authentic spirit of French culinary culture combined with regional diversity and a rich cultural program, Langres Gastronomique is a must-attend event on the culinary calendar."
Gourmet Selection,Expected June 2027,France,Paris,Paris Expo Porte de Versailles,www.salon-gourmet-selection.com,"The Gourmet Selection is an annual trade fair that has established itself as a key event in the international fine food industry since its inception in 2009. It is organized by Comexposium, one of the world’s leading trade show organizers. This exclusive event has become a highly specialized platform for delicacies, gourmet products, and culinary innovations. Held at Paris Expo Porte de Versailles—one of Europe’s largest and most modern exhibition centers—it benefits from a central location in the French capital, a city synonymous with gastronomy, lifestyle, and refined enjoyment. Excellent access to public transport ensures convenient travel for trade visitors from both France and abroad. At the heart of the fair are quality, craftsmanship, and origin. A carefully curated selection of specialties from France and around the world is showcased—ranging from characterful cheeses, premium charcuterie, foie gras, preserves, artisanal chocolates and pralines, fine pastries, and specialty breads to exquisite wines, craft spirits, and innovative non-alcoholic beverages. The event celebrates not only culinary excellence and artisanal quality but also reflects current trends such as plant-based nutrition, “free-from” products, sustainable snacking, and features on guest regions from across the globe. A distinctive feature of the fair is the strong presence of products with protected designations of origin, such as AOP, AOC, or IGP, alongside a wide range of certified organic goods carrying the AB label. Sustainability and transparent sourcing are integral to the concept of the fair and are reflected throughout the product offerings and presentations. In addition to food, the event also includes offerings related to gastronomy and fine food retail, including stylish tableware, premium packaging solutions, and digital tools for the point of sale. The fair is exclusively open to professional visitors—particularly those from the fine food trade, premium grocery retail, concept stores, as well as upscale restaurants and the hospitality sector. A highlight of the event is the “Gourmet Selection Best Of” competition, which honors outstanding and particularly innovative products—a recognized mark of quality and creativity. The fair experience is further enhanced by the Tasting Forum, where fine foods are prepared and sampled live, and the Experts’ Agora, a space dedicated to professional exchange and knowledge transfer. With its clear focus, exceptional product selection, international reach, and the unique atmosphere in the heart of Paris, Gourmet Selection offers a specialized platform for those seeking to combine excellence, innovation, and high-end indulgence."
Summer Fancy Food Show,Expected June 2027,USA,New York City,Jacob K. Javits Convention Center,www.specialtyfood.com,"The Summer Fancy Food Show is North America’s largest trade fair for specialty foods and is regarded as a showcase for innovation, quality, and artisanal craftsmanship in the world of culinary products. Since its inception in 1955, it has evolved into a key meeting point for the international food industry. The term “Fancy Food” not only signifies unique and premium products but also stands for high standards in taste, originality, and product quality – from exquisite delicacies to cutting-edge nutrition concepts. Every summer, the Jacob K. Javits Convention Center in the heart of Manhattan opens its doors to trade visitors from around the globe. This modern, well-equipped venue impresses with its central location, close to iconic landmarks such as Times Square and Central Park. Excellent access to public transportation makes the Javits Center easily reachable – a clear advantage for international attendees. The event is organized by the Specialty Food Association (SFA) , a nonprofit organization dedicated to supporting independent food producers and recognizing outstanding products. But the Summer Fancy Food Show is much more than just a product exhibition: it serves as a trendsetter, idea generator, and dynamic business platform. The event concept successfully combines culinary experience, business relevance, and thematic diversity. Across more than 40 product categories – ranging from plant-based foods and gourmet snacks to innovative beverages – visitors gain practical insights into the latest industry developments through tastings, live cooking demonstrations, and curated theme pavilions. Among the highlights are startups and product debuts, as well as dedicated sections such as the Bakery, Confectionery, Snacks & Sweets Pavilion , the Beverage Pavilion , and the Plant-Based Pavilion . Special attention is given to the Spotlight Showcases , which focus on themes like diversity and emerging food trends, and the RangeMe Collection , offering exclusive previews of up-and-coming brands. A standout feature of the show is the lineup of live competitions and award ceremonies. The SFA People Awards honor exceptional individuals in the industry, while the North America Pastry Competition Championship brings together eight chef teams for a sustainability-focused pastry showdown – a must-see event for anyone passionate about the future of dessert cuisine. The show connects manufacturers, distributors, importers, retailers, restaurateurs, and investors with the aim of unlocking new business opportunities, strengthening existing partnerships, and fostering targeted innovation. In just three days, attendees can establish valuable contacts, build collaborations, and close tangible business deals – efficiently, purposefully, and with an eye toward the future. For anyone looking to experience the latest in the food industry, spot trends early, and soak up the energy of New York’s culinary scene, the Summer Fancy Food Show is the place to be – unique, relevant, and truly inspiring."
Schloss- & Gartenmarkt,Expected July 2027,Germany,"Trebsen, Mulde",Schloss Trebsen,gartenkoenig.com/event/schloss-gartenfest-schloss-trebsen,"The Castle & Garden Fair is an annual experiential event that transforms the park of Trebsen Castle, near Leipzig, into a stylish world of garden culture, modern country living, and aesthetic home design. Organized by Arcos GmbH, the fair takes place in late summer—typically in August—and appeals to discerning garden enthusiasts, design lovers, and connoisseurs seeking something special, both outdoors and at home. What makes the Castle & Garden Fair truly unique is not only the impressive setting of the late Gothic four-winged castle and its expansive park grounds but also the carefully curated selection of exhibitors, known for their expertise and passion for quality. Here, historical charm meets contemporary lifestyle, creating an inspiring experience that goes far beyond a traditional plant market. At the heart of the fair are the latest gardening trends, creative design ideas for home and garden, and culinary delights with a regional flair. Visitors can discover rare and exclusive plants—from exquisite roses and alpine species to heirloom tomato varieties—and receive expert advice on garden design, outdoor décor, and sustainable care. High-quality garden furniture, elegant accessories, stainless steel grill fireplaces, and whirlpools demonstrate how outdoor spaces can be transformed into personal havens of relaxation. The fair also offers plenty of inspiration for interiors. Handmade jewelry, one-of-a-kind porcelain pieces, select textiles, and fashion accessories round out a thoughtfully curated lifestyle offering. Regional artisans and culinary vendors provide gourmet treats, fine wines, and inventive food concepts for enjoyable breaks. Exhibitors represent the fields of horticulture, design, craftsmanship, culinary arts, and lifestyle. They embody quality, personal consultation, and authenticity—attributes that attract a wide audience: gardening enthusiasts, interior designers, gourmets, industry professionals from retail and gastronomy, as well as creative self-starters. Trebsen Castle is located in the Leipzig district, nestled in a scenic river landscape, and is easily accessible via the A14 motorway or by train through the nearby Grimma station. For one weekend each year, this historic site becomes a vibrant hub of stylish garden and lifestyle culture—a must-visit for anyone who wants to experience and create with all their senses."
Foire aux Vins d'Alsace,Expected July 2027,France,Colmar,Parc des Expositions,www.foire-colmar.com,"The Foire aux Vins d’Alsace – the Alsace Wine Fair – is much more than a traditional trade or consumer exhibition. It uniquely blends wine culture, business, music, and regional identity, transforming the city of Colmar each summer since 1948 into a vibrant center of cultural and economic life in Alsace. The abbreviation FAV, short for Foire aux Vins d’Alsace , reflects the event’s core theme: Alsatian wine in all its diversity, quality, and tradition. The event takes place at the modern Parc des Expositions de Colmar, which becomes a ten-day magnet for wine enthusiasts, professionals, music lovers, and families every July or August. Organized by Colmar Expo SA in close cooperation with the Chamber of Commerce and the City of Colmar, this prominent event was originally created to revitalize the regional wine industry in the aftermath of World War II. Today, it ranks among the most significant summer festivals in France, drawing attention well beyond the borders of Alsace. At the heart of the fair are the Wines of Alsace, showcased in a dedicated wine trade exhibition featuring more than 1,500 samples, expert tastings, specialist lectures, and the ceremonial election of the Reine des Vins d’Alsace. This sensory experience is complemented by a diverse range of exhibitors—around 350 businesses from sectors such as crafts, fashion, horticulture, gastronomy, mobility, construction, and lifestyle. What sets the Foire aux Vins d’Alsace apart is its unique combination of trade fair, wine festival, and concert venue. International artists take to the open-air stage, creating a festival atmosphere with performances ranging from pop and rock to electronic and hard rock. Additional entertainment—ranging from burlesque and dance performances to children’s programs, cooking shows, and athletic displays—ensures a varied experience for a wide audience. The fair attracts not only trade visitors and business travelers, but also tourists, wine and music lovers, and culture enthusiasts from across France, the German-speaking regions, and beyond. Deeply rooted in the region, the FAV presents itself as a vibrant showcase of Alsatian lifestyle—a platform that unites economic vitality with cultural tradition and expresses regional pride through a celebration of enjoyment. The Parc des Expositions is conveniently located and easily accessible by car, train, or via nearby airports. Colmar itself, a charming and historic town nestled among the vineyards of Alsace, offers with its architecture and hospitality the perfect setting for a fair that brings the spirit of the region to life year after year."
HKTDC Food Expo,Expected August 2027,China,Hong Kong,Hong Kong Convention and Exhibition Centre,www.hktdc.com/event/hkfoodexpo/en,"The HKTDC Food Expo is Asia’s leading trade and public exhibition for food and gastronomy. It takes place every August at the renowned Hong Kong Convention and Exhibition Centre, one of the city’s most iconic landmarks. The event is organized by the Hong Kong Trade Development Council (HKTDC), a key institution dedicated to promoting international trade and Hong Kong’s economic development. The expo serves as a forward-looking platform that brings together the entire spectrum of the food market under one roof. Its clearly defined sections ensure remarkable diversity. The Food Expo is reserved exclusively for industry professionals, focusing on innovation, technological advancements, and international sourcing. The Public Hall and the exclusive Gourmet Zone invite the general public to shop and discover culinary highlights. The HKTDC Food Expo showcases premium products, everyday classics, and specialties from around the globe, while also addressing current trends such as alternative proteins, 3D food printing, and intelligent packaging solutions. The range of products extends from branded delicacies, organic and wellness items, snacks, confectionery, pasta, ready meals, and beverages to halal foods, meat, seafood, dairy products, and plant-based alternatives. The thematic scope reflects Hong Kong’s global and cultural diversity: Asian and Western delicacies, vegetarian and vegan specialties, coffee, tea, craft beer, fine wines, health and nutrition products, innovative food tech solutions, as well as numerous OEM and private label offerings are all in focus. A comprehensive supporting program featuring cooking shows, live tastings, expert talks, and award ceremonies sets new standards each year and creates memorable culinary experiences. The expo is a central meeting point for decision-makers and trendsetters from retail, wholesale, import, export, gastronomy, and hospitality. Exhibitors and visitors represent every segment of the international food and beverage industry, including manufacturers, distributors, buyers, and food enthusiasts. Together with concurrent events such as the Hong Kong International Tea Fair and the HKTDC Home Delights Expo, the HKTDC Food Expo forms the centerpiece of Hong Kong’s vibrant exhibition scene. The Hong Kong Convention and Exhibition Centre impresses with its modern infrastructure and excellent public transport connections, ensuring a comfortable and efficient experience for all participants. The Food Expo is thus not only an international industry gathering, but also a significant driver of Hong Kong’s economic vitality and innovative spirit."
Gourmet Festival,Expected August 2027,Germany,Düsseldorf,Königsallee,gourmetfestivals.de,"The Gourmet Festival , founded in 2011, is much more than a traditional food fair. It represents a unique, plant-based gourmet and lifestyle experience in the heart of the city. The festival’s name stands for culinary sophistication, sustainable living, and contemporary enjoyment, bringing together exclusive cuisine and inspiring culinary artistry in a special way. Once a year, the renowned Königsallee—Düsseldorf’s lively promenade—becomes a magnet for gourmets, food enthusiasts, industry experts, and all those who appreciate an innovative, vegan-oriented lifestyle. The festival is organized by Wellfairs GmbH, a renowned company known for its professional event management and keen sense of current food trends. The event serves as a platform for exceptional products and services: visitors discover plant-based alternatives to meat, fish, dairy, and cheese, as well as creative snacks, exclusive delicacies, vegan cosmetics, sustainable fashion, and modern kitchen and household appliances. The offerings are further enriched by contributions from the fields of sports, health, leisure, nutrition counseling, media, and literature, all of which together promote a forward-thinking lifestyle. The festival maintains a strong connection to Düsseldorf and the surrounding region. Many exhibitors come from the local area, highlighting the event’s deep roots within the city. Regional specialties, innovative street food concepts, and the inclusion of emerging businesses create a modern, creative atmosphere at the festival. The event appeals to both private gourmets and professional visitors, including decision-makers and trendsetters from gastronomy, hospitality, and retail. As part of a regional event series that also takes place in cities such as Mönchengladbach and Cologne, the Düsseldorf festival sets its own distinctive accents. What makes this event in the center of one of Germany’s most dynamic cities truly special is the combination of top-class cuisine, modern lifestyle, and an urban atmosphere. Its central location on the Königsallee ensures easy accessibility, whether by public transport or by car. The Gourmet Festival Düsseldorf, held annually as a leading trade fair, embodies enjoyment, sustainability, and innovation. Deeply rooted in the city’s way of life, it inspires both visitors and exhibitors with new ideas and current culinary trends."
FoodEx Cambodia,Expected August 2027,Cambodia,Phnom Penh,Diamond Island Convention and Exhibition Center,foodex-cambodia.com,"FoodEx Cambodia (Food Exhibition Cambodia) is the leading trade fair for the food and beverage industry in Cambodia. Held annually at the Diamond Island Convention and Exhibition Center (DIECC) in Phnom Penh, the event is organized by VEAS Co., Ltd. It is specifically designed for professionals from the retail, manufacturing, hospitality, and food service sectors who are seeking insights into the latest trends, technologies, and products in food, packaging, and processing. What sets FoodEx Cambodia apart is its clear focus on the needs of the Southeast Asian market, combined with an international outlook. The exhibition showcases a wide range of food products – from fresh fruits and vegetables, meat and poultry, and seafood to dairy products, delicacies, beverages, dietary supplements, and organic foods. This diverse offering is complemented by state-of-the-art food processing technologies, specialized machinery, innovative packaging solutions, as well as refrigeration and storage systems. Equipment for restaurants, hotels, and large-scale kitchens is also on display, making the fair a comprehensive platform that covers the entire value chain of the industry. The event reflects Cambodia’s economic growth and the increasing professionalization of its food and hospitality sectors. At the same time, it serves as an international hub for innovation and business development in a region marked by rising consumer awareness. Exhibitors from around the world – including food producers, machinery manufacturers, and packaging technology providers – connect with a highly engaged audience of importers, wholesalers, retail chains, hospitality professionals, investors, and key industry decision-makers. A core feature of the fair is its supporting program of conferences and seminars, where renowned industry experts share insights into current market developments, technological innovations, and sustainable solutions. Networking events and B2B matchmaking sessions add further value, establishing FoodEx Cambodia as a must-attend event on the industry calendar. The venue – the Diamond Island Convention and Exhibition Center – is centrally located on Koh Pich (Diamond Island) in Phnom Penh. Thanks to its convenient access via the international airport, major roads, and public transport, the exhibition center is easily reachable. With its modern infrastructure, spacious exhibition halls, and proximity to hotels and restaurants, the DIECC provides the ideal setting for an event of this scale."
Salón Chocolate y Cacao,Expected September 2027,Mexico,Mexico City,Pepsi Center,www.salonchocolate.mx,"Salón Chocolate y Cacao is Mexico’s leading trade fair dedicated to cocoa, chocolate, and related products. Held annually at the Pepsi Center next to the World Trade Center (WTC) in Mexico City, it is organized by the renowned event company Tradex Exposiciones . The fair targets industry professionals as well as connoisseurs of premium chocolate. The name “Salón Chocolate y Cacao” symbolizes the entire cocoa universe—from cultivation to the finished product—and brings together the key players in the sector. The event showcases the full value chain of chocolate production: from cocoa cultivation and processing to modern technologies, machinery, and innovative end products such as gourmet chocolate, pralines, chocolate art, and regional specialties. The focus extends beyond industrial solutions to include artisanal production, sustainability, and cultural diversity. As one of the few trade fairs worldwide, Salón Chocolate y Cacao unites indigenous producers with global technology leaders—a unique characteristic that sets it apart. A central objective of the event is to promote Mexico’s cocoa culture and highlight current market trends. As the birthplace of cocoa, Mexico plays a pivotal role. The fair serves as a cultural platform that bridges pre-Columbian traditions, contemporary developments, and the global significance of cocoa and chocolate. Trade visitors from sectors such as the confectionery industry, gastronomy, hospitality, patisserie, confectionery, packaging technology, and food processing meet exhibitors presenting a wide range of raw materials, ingredients, machinery, packaging solutions, and finished products. Exhibitors include both major international companies and specialized artisanal producers with exclusive offerings. Highlights of the fair include the Grand Prix de Chocolate, a competition recognizing outstanding chocolatiers, as well as creative presentations such as “Barbie in Chocolate” and fashion-inspired chocolate art under themes like “EAT ME” or “Supernova”. The trade show experience is further enriched by a diverse supporting program featuring expert talks, product demonstrations, tastings, and show formats covering topics such as chocolate and spirits pairings, historic beverages, and innovative packaging solutions. The visitor profile is as diverse as the fair itself: chocolatiers, chefs, pastry artists, buyers, retailers, designers, product developers, and marketing professionals from across the food industry attend Salón Chocolate y Cacao as a source of inspiration and a business platform. The venue—the modern and well-equipped Pepsi Center—is centrally located in Mexico City and easily accessible via public transportation or the city’s international airport. Situated near the World Trade Center and embedded in the cultural vibrancy of the capital, the location provides ideal conditions for networking, business opportunities, and enjoyment at the highest level."
Gourmet Show,Expected September 2027,Mexico,Mexico City,World Trade Center Mexico (WTC),www.gourmetshow.mx,"The Gourmet Show is Mexico’s leading trade fair for premium food, fine beverages, and culinary lifestyle. Held annually in the heart of Mexico City – at the modern World Trade Center (WTC) – the event attracts culinary professionals, gourmet enthusiasts, and key decision-makers from across the food industry. Organized by Tradex Exposiciones, a seasoned exhibition company with decades of experience, the show has established itself as a benchmark in the sector. Each September, the Gourmet Show provides an exclusive platform for networking, presentation, and culinary exploration. Its clearly defined thematic structure, divided into dedicated exhibition zones known as Pabellones , offers visitors a well-organized experience while spotlighting industry trends and innovations. The Wine Room showcases international wines and premium spirits, while the Agave Fest is dedicated to traditional Mexican agave-based distillates such as tequila and mezcal. With Veganautas , the show also highlights the growing plant-based and vegan movement, reinforcing its commitment to culinary diversity and forward-thinking concepts. The product range is extensive – from artisanal breads, fine cheeses, and charcuterie to fresh seafood, gourmet chocolates, preserves, organic products, and creative culinary ingredients. The offering is further enriched by high-quality oils, vinegars, and international delicacies. Exhibitors include both small-scale producers and established brands from the fine food, gastronomy, hospitality, retail, wholesale, and catering sectors. Beyond business, the Gourmet Show embraces a cultural mission: to promote Mexico’s culinary heritage while bridging tradition and innovation. Through a diverse program of workshops, tastings, and networking events, it creates a vibrant meeting point for chefs, sommeliers, food professionals, and culinary enthusiasts. As Mexico’s premier culinary showcase, the event highlights the country’s rich diversity of products and producers – and in doing so, enhances its international reputation as a destination for gourmet excellence. The centrally located Pepsi Center also provides ideal infrastructure. Its proximity to the WTC, excellent public transport connections, and nearby hotel options make the Gourmet Show not only a culinary highlight but also a logistical success."
SIAL China,Expected September 2027,China,Guangzhou,PWTC Poly World Trade Center,www.sialchina.com,"The SIAL China , which has been a leading international trade fair for food and beverages since its launch in 2023, will now be held annually at the Poly World Trade Center Expo in Guangzhou following its relocation from Shenzhen. The name SIAL stands for “Salon International de l’Alimentation”, meaning “International Food Exhibition”. The event is organised by Comexposium, a global organiser of trade fairs and conferences. The exhibition covers a wide range of sectors, including baby food, organic and wellness products, dairy products, non-alcoholic and alcoholic beverages, meat, poultry, processed meats and sausages, seafood, as well as pulses and cereals. This diversity highlights its central role as a platform for innovation and emerging trends within the food industry. At SIAL China, food manufacturers, distributors, importers, wholesalers, retailers, and representatives from both institutional and commercial foodservice showcase their latest products and services. As such, the trade fair serves as an important gateway to the Chinese market and a key platform for international companies seeking to establish a presence in China’s dynamic business environment. Distinctive features of the event include numerous competitions and award ceremonies recognising outstanding innovation, such as the SIAL Innovation competition, the SIAL Chic and Tea Contest, and the SIAL Cup Barista Challenge. These events promote quality and innovation while providing valuable opportunities for exchange between industry professionals and companies. As part of a global series of SIAL exhibitions, SIAL China plays a pivotal role in the international food industry. Participants and exhibitors represent a broad spectrum of sectors, including food production, foodservice, and trade. The Poly World Trade Center Expo in Guangzhou offers modern facilities and excellent infrastructure, making it an ideal venue for events of this scale and significance. Its convenient accessibility further enhances the trade fair’s appeal for both local and international participants."
Bellavita,Expected September 2027,Latvia,Riga,International Exhibition Centre Kipsala,www.bellavita.com/en/expo/riga,"Bellavita in Riga is the leading trade fair for Italian food and beverages in the Baltic region. As an exclusive centre of expertise, it showcases authentic culinary experiences from every region of Italy. Each year, it opens its doors at the International Exhibition Centre Kipsala in Riga to industry professionals from gastronomy, retail, and wholesale, who can explore the diversity and quality of Italian products here. Organised by Bellavita Expo Ltd., the fair—whose name stands for ""the beautiful life"" and the Italian way of living—combines outstanding culinary excellence with a high-quality, internationally oriented business network. The range of products on offer extends from classic specialities such as olive oil, wine, and cheese to innovative delicacies and convenience solutions, always with a focus on premium quality. A key feature is the international buyer and matchmaking programme, organised in cooperation with the Italian Trade Agency (ICE) and the partner fairs Cibus Parma and TuttoFood Milano. This structured format actively promotes connections between exhibitors and buyers from Central and Northern Europe, opening up new business opportunities in the Baltic market. Bellavita Expo also sees itself as a platform for knowledge transfer and industry trends. Blind tastings, competitions, and awards give producers the opportunity to have their products evaluated by experts. Exhibitors from the fields of wine, dairy products, meat and charcuterie, fish, fruit and vegetables, confectionery, and delicatessen meet a qualified audience from trade, gastronomy, and the international import and export sector. The trade fair is part of a successful, internationally expanding series of events that takes place not only in Riga but also at other locations worldwide. The modern Kipsala Exhibition Centre provides ideal conditions—from its central location to the inspiring atmosphere in Latvia's vibrant capital. Bellavita Expo Riga thus serves as the key platform for anyone wishing to experience Italian food trends, build business relationships, and discover premium products for the Baltic market. The Bellavita take place annually, and therefore presumably in September 2027 in Riga."
Fastener Fair Italy,Expected June 2028,Italy,Milan,Allianz MiCo - Milano Convention Centre,www.fastenerfairitaly.com,"The "" Fastener Fair Italy "" is a key event in the world of connection and fastening technology, held at the prestigious Allianz MiCo Milano Convention Centre in Milan. This specialized trade fair, occurring biennially, is exclusively accessible to professionals in the field of fastening elements and technologies. Organized by RX Italy, the fair is established as an important part of the international network of Fastener Fairs. The fair serves as a comprehensive platform that spans from industrial fasteners and construction fixings to assembly and installation systems. Key topics include fastener manufacturing technologies, storage and distribution systems, and services ranging from material procurement to consumer consultation. Products showcased include nuts, screws, nails, bolts, raw materials, molding and forging processes, and coating treatments. Fastener Fair Italy stands out due to its specific focus and provides a platform for business development and networking. It presents innovative products and services from the fastening industry. Exhibitors from various industrial sectors such as automotive, mechanical engineering, electrical, and construction industries meet a broad audience of professionals, from wholesalers to manufacturers and end consumers. Thus, the fair is an essential interface for all participants involved in the production and use of fastening elements. Milan, as the host city, supports the fair not only through its infrastructure but also promotes the international orientation and accessibility of the event. The Allianz MiCo Milano Convention Centre, easily accessible and equipped with state-of-the-art facilities, is the ideal venue for this trade fair. In summary, Fastener Fair Italy is more than just a fair: it is a central hub for technology transfer, innovation, and business initiation in the fastening industry. Each edition offers new opportunities for networking, knowledge exchange, and the expansion of business relationships."
WineTech,Expected July 2028,Australia,Adelaide,Adelaide Convention Centre,winetech.com.au,"WineTech , the Australian Wine Industry Trade Exhibition, is the leading trade fair for Australia’s wine sector. Held every three years at the Adelaide Convention Centre, the event takes place in a state-of-the-art venue located in the heart of South Australia’s capital. Its central location offers convenient access to the airport, central train station, hotels, and restaurants. Over time, WineTech has established itself as a key platform for innovation, technology, and professional exchange within the industry. The name “WineTech” symbolically represents the intersection of wine production and technological advancement—an essential driver of the industry’s long-term viability. The exhibition is organised by Expertise Events Pty Ltd., a renowned Australian event organiser known for delivering high-impact, professional trade shows. Its triennial schedule ensures a steady stream of fresh ideas, technological breakthroughs, and practical solutions to both current and emerging challenges. At the core of WineTech are practical innovations in viticulture and oenology, spanning the entire production process—from vineyard management and modern winemaking technologies to sustainable packaging and bottling solutions. Exhibitors from fields such as automation, sensor technology, robotics, IoT, laboratory analytics, and microbiome science showcase their latest developments, alongside contributions from research institutions, life sciences, and agricultural technology. High-interest topics include precision viticulture, CO₂-reduced materials, data-driven processes, and climate-resilient cultivation methods. The exhibition is further enriched by high-level workshops, interactive floor talks, and the accompanying Australian Wine Industry Technical Conference. These formats create a unique knowledge platform that brings together hands-on professionals, scientists, and industry leaders. Visitors from across the entire value chain—from production to export—attend the event to gain insights, exchange ideas, and make informed investment decisions. WineTech is not a travelling exhibition but a firmly established event rooted in Adelaide. As the capital of South Australia—home to the country’s most productive wine-growing regions—Adelaide offers an ideal setting. Its proximity to renowned wineries, research centres, and innovative start-ups provides the perfect backdrop for a trade fair that embraces both tradition and transformation. Whether the goal is to future-proof operations, develop sustainable vineyards, or gain a competitive edge in global markets, WineTech offers a practical, inspiring, and unparalleled platform for actively shaping the future of the wine industry."
