전시회명,개최기간,개최국,개최도시,개최장소(베뉴),축제URL,축제소개
Foire de Savoie,11. - 21. September 2026,France,Chambéry,Savoiexpo,www.foiredesavoie.com,"Founded in 1924, the Foire de Savoie is far more than a traditional consumer fair. It stands as a prominent platform for regional culture, innovation, and quality of life. Every September, the Savoiexpo exhibition center transforms into a vibrant meeting point for curious visitors, enthusiasts, professionals, and entrepreneurs from across the region and beyond. Organized by Savoiexpo, a seasoned event organizer with extensive experience in large-scale public events, the fair uniquely combines the useful, the beautiful, and the memorable. Exhibitors from a wide range of industries present the latest trends and products – from household solutions, furniture, and leisure vehicles to garden design, interior concepts, and professional services. Local specialties, traditional craftsmanship, and culinary delights such as cheese, wine, and delicacies from the Savoy region take center stage alongside modern technologies and sustainable everyday solutions. The strong connection to the region is ever-present. The fair celebrates the essence of Savoyard life with cultural performances, artisan demonstrations, live music, and cooking competitions. Visitors can discover new leisure trends, explore topics related to health, beauty, and wellness, or engage in industry-specific networking and expert discussions. The program caters equally to families and professionals, traders, and business owners. With over 80,000 visitors annually, the Foire de Savoie ranks among the most important events of its kind in the Alpine region. It attracts a broad and diverse audience – from private individuals to decision-makers across sectors such as construction, tourism, and the food industry. The Savoiexpo exhibition center offers modern infrastructure and excellent accessibility. Conveniently located near the A43 motorway, the Chambéry-Challes-les-Eaux train station, and Chambéry-Savoie Airport, it provides ideal conditions for an event of this scale. The city of Chambéry itself – steeped in history, full of charm, and known for its high quality of life – adds to the unique appeal of the fair. For more than a century, the Foire de Savoie has stood for authenticity, inspiration, and connection. It is an event that brings people together, sparks enthusiasm, and remains a highlight year after year."
Tecno Fidta,15. - 18. September 2026,Argentina,Buenos Aires,La Rural Convention & Exhibition Center,tecnofidta.ar.messefrankfurt.com,"Tecno Fidta , short for ""Tecnología de Alimentos Fidta"", is an international trade fair for food technology. As one of the leading platforms in Latin America, it offers innovations and solutions in food processing. The event takes place every two years at the La Rural Convention & Exhibition Center in Buenos Aires. The fair is organized by Messe Frankfurt Argentina, a subsidiary of the globally active Messe Frankfurt, known for its expertise in industrial event management. Tecno Fidta attracts professionals from the entire food industry, including producers, engineers, and decision-makers, who are eager to learn about the latest trends and technologies. The fair's offerings encompass a variety of topics such as food processing, cold storage, automation and control systems, as well as laboratory and quality assurance equipment. Exhibitors present advanced machinery and devices, including meat grinders, pasteurizers, metal detectors, and specialized laboratory instruments. Services such as certification and hygiene control are also part of the portfolio. Tecno Fidta plays a significant role in the Latin American food industry, facilitating exchange and supporting the growth of the sector in the region. It reflects the dynamic character of Buenos Aires. Highlights of the fair include numerous informational events, conferences, training sessions, and workshops, providing participants with valuable insights and opportunities for professional development. Access to the centrally located La Rural Convention Center is facilitated by excellent infrastructure and transportation links. This makes it appealing for both international visitors and local participants to engage in this vibrant exchange. In summary, Tecno Fidta serves as an essential platform for professionals in the food industry to stay informed about the latest innovations and best practices, and to explore business opportunities in one of the world’s leading markets for food technology."
Worldfood Moscow,15. - 18. September 2026,Russia,Krasnogorsk,Crocus Expo - IEC Crocus Expo International Exhibition Centre,world-food.ru,"WorldFood Moscow is one of the most important trade fairs for the food and beverage industry in Russia and across Eurasia. Since its launch in 1992, it has steadily gained significance and developed into a key industry gathering with international reach. Organized by the experienced event company ITE Expo International, the fair provides a platform for industry professionals to explore new products, market trends, and global developments in the food and beverage sector. As a strictly B2B event, the fair is exclusively geared toward trade visitors—particularly decision-makers and buyers from wholesale and retail, as well as representatives of the HoReCa sector (hotels, restaurants, cafés). The focus is not only on product presentations but also on concrete business deals, market expansion, and the establishment of long-term trade relationships. The clearly structured segmentation by product groups facilitates targeted networking between exhibitors and visitors—for example, in the areas of processed foods, fresh produce, fish and seafood, meat and poultry, beverages, and organic products. The product range covers all areas of modern nutrition—from frozen foods, canned goods, and convenience products to sweets, fresh fruit and vegetables, dried fruits and nuts, as well as premium meats, alternative protein sources, and ingredients for sushi. The beverage sector is equally diverse, featuring a wide selection of alcoholic specialties such as wine, beer, and vodka, alongside non-alcoholic drinks, teas, and coffees. Certified organic products play a special role—highlighted both in dedicated theme areas and integrated across various product segments. A key feature of the event is its extensive supporting program, which includes conferences, forums, and roundtable discussions offering practical insights and strategic knowledge for industry professionals. A particular highlight is the cooking marathon, where renowned chefs demonstrate their skills and showcase current gastronomic trends in live sessions. The venue is the Crocus Expo International Exhibition Centre in Krasnogorsk near Moscow—one of the most modern exhibition centers in Russia, offering excellent infrastructure and transport connections. The choice of this location underlines the fair’s ambition to be internationally oriented, efficiently organized, and focused on growth. Each autumn, it attracts a global professional audience aiming to strategically position their products in the Russian market. WorldFood Moscow has established itself as a leading trade event for the Eastern European food market—offering thematic diversity, a strategic outlook, and a clear focus on quality and international business. It is the ideal platform for companies looking to enter the Russian market or expand their presence there."
ILDEX Indonesia,16. - 18. September 2026,Indonesia,Tangerang,ICE Indonesia Convention Exhibition BSD City,www.ildex-indonesia.com,"The ILDEX Indonesia is a leading trade fair that has served as a key platform for the livestock, dairy processing, meat processing, and aquaculture industries in Southeast Asia since its inception in 2015. Organized by VNU Exhibitions Asia Pacific Co., Ltd., it takes place annually at the Indonesia Convention Exhibition (ICE) BSD City in Tangerang. It brings together professionals, experts, and businesses from across the entire animal production value chain, offering a unique opportunity for knowledge exchange, business networking, and the presentation of cutting-edge innovations. ILDEX Indonesia covers essential industry topics, including breeding and genetics, animal health, feed production, storage, automated processing technologies, and cold chain solutions. The trade fair highlights technological advancements and sustainable developments that enhance efficiency and productivity. Intelligent farming and modern livestock housing are becoming increasingly significant, as automation and digital solutions continue to shape the industry. Leading companies and emerging innovators showcase their latest products and services, including feed and additives, vaccines, medical technology, hatchery solutions, processing machinery, and smart livestock management systems. The fair also serves as a knowledge platform for local breeders, hatcheries, and livestock farms seeking insights into suitable animal species and best practices for their operations. Aquaculture is also gaining prominence, as Indonesia ranks among the world’s largest producers of fish and seafood. ILDEX Indonesia attracts a diverse professional audience, including livestock farmers, agricultural producers, feed manufacturers, veterinarians, meat processors, and representatives from the food and hospitality industries. Notably, the strong international participation of exhibitors and visitors makes the fair a key meeting point for the Southeast Asian market. As part of the global ILDEX series, which is held in various Asian countries, the event further strengthens Indonesia’s position as a major player in agricultural production and processing. In addition to the exhibition, ILDEX Indonesia offers a comprehensive program of conferences, expert lectures, and workshops where renowned specialists share their expertise. The venue, ICE BSD City, provides a state-of-the-art infrastructure with top-tier facilities and excellent accessibility. Tangerang, a dynamic economic hub near Jakarta, benefits from strong connections to international airports and an efficient transportation network, ensuring convenient travel for both domestic and international attendees. As a result, ILDEX Indonesia is more than just a trade fair—it is a crucial hub for progress and innovation in the agricultural and animal processing industries in the region."
Fi Asia Indonesia,16. - 18. September 2026,Indonesia,Jakarta,JIExpo Jakarta International Expo,www.figlobal.com/asia-indonesia/en/home.html,"The "" Fi Food Ingredients Asia Indonesia ,"" commonly referred to as Fi Asia Indonesia , is a significant international trade fair specializing in food additives. It is held annually at the JIExpo Jakarta International Expo in Jakarta and is renowned for its ability to connect buyers from regional and global markets with international suppliers of food and beverage additives. The fair is organized by Informa Markets, a trade division of Informa PLC and a leading company in event organization. Informa Markets is known for its expertise in creating interactive and innovative platforms for various industries, with Fi Asia Indonesia being a highlight in the food and beverage industry. A primary focus of the fair is on showcasing the latest and most innovative products in the field of food additives. Exhibitors have the opportunity to present their products and services to a qualified audience of decision-makers, making Fi Asia Indonesia a central hub for innovation and business development. The fair covers a wide range of topics, including natural ingredients, preservatives, functional foods, flavors and spices, dietary supplements and nutraceuticals, functional beverages, dairy alternatives, emulsifiers, proteins, dairy products, binders, and much more. The spectrum of products presented at the fair ranges from food additives and ingredients to food processing technologies, packaging solutions, and much more. In addition to the exhibition, Fi Asia Indonesia offers numerous networking opportunities, expert lectures, and panel discussions where industry experts share their knowledge and insights. These interactive elements establish the fair as an indispensable platform for those involved in research and development, production, marketing, or distribution of food additives. Fi Asia Indonesia is part of a global network of Fi fairs, which also includes locations in Europe, America, and other parts of Asia. Finally, it is worth noting that the JIExpo in Jakarta boasts modern facilities and excellent public transport connections. Jakarta itself, as a vibrant metropolis and significant economic hub, offers numerous attractions and a diverse gastronomy and entertainment scene, making the visit to the fair a unique experience."
World AgriFood Innovation Expo (WAFI),17. - 19. September 2026,China,Beijing,Jinhai Lake International Convention & Exhibition Center,en.wafiforum.com,"The World AgriFood Innovation Expo (WAFI) is an international trade fair for innovations in the agricultural and food industries. It represents global progress and exchange in the fields of agriculture and nutrition. Serving as a central platform for professionals from business, science, and politics, the event takes place annually at the renowned Pinggu Jinhai Lake International Convention & Exhibition Center in Beijing, China. This venue is distinguished by its strategic location and state-of-the-art infrastructure. Organized by the China Agricultural University International Conference Center, WAFI offers a valuable opportunity for industry experts, investors, and innovators to exchange insights on the latest developments and present groundbreaking solutions to global challenges in agriculture and food production. The expo focuses on cutting-edge topics such as artificial intelligence and digital technologies, which set new standards for efficiency in food production. Additionally, biotechnology plays a key role in advancing agricultural progress through targeted genetic optimization. Innovative food technologies, nutrition, and health are also central themes, aiming to establish sustainable and healthy dietary practices worldwide. Moreover, solutions for livestock farming and aquaculture are highlighted, demonstrating how modern technologies can enhance efficiency and sustainability. Other key discussions revolve around resilience and sustainability in agriculture and food systems, particularly in response to climate change. Political and regulatory frameworks, support for smallholder farmers, gender equality in the industry, and financing models for innovation also feature prominently. WAFI showcases groundbreaking products and services, including smart farming systems, sustainable packaging solutions, alternative proteins, vertical farming methods, and novel food technologies. International companies present their latest advancements, while start-ups have the opportunity to attract investors for their visionary projects. The expo is closely tied to China's economic and technological development in the agricultural and food sectors, highlighting the country's innovative strength. A prestigious highlight of the event is the WAFI Innovation Award, which honors companies that revolutionize the future of global food production with their products and technologies. Expert panels, podium discussions, and interactive workshops provide visitors with valuable insights and extensive networking opportunities. WAFI brings together a wide range of exhibitors, including technology companies, agricultural enterprises, food producers, start-ups, research institutions, and policymakers. The primary visitors include professionals from agriculture, food production, retail, logistics, finance, and technology, creating a unique platform for exchange among visionaries, innovators, and decision-makers. The venue, the Pinggu Jinhai Lake International Convention & Exhibition Center, is known for its modern architecture and scenic surroundings. With excellent connectivity, the exhibition center is easily accessible from both Beijing International Airport and the city center. The well-developed infrastructure makes WAFI an essential event for the future of the agricultural and food industries."
The Plant Powered Show,18. - 20. September 2026,South Africa,Sandton,Sandton Convention Centre,plantpoweredshow.com,"The ""Plant Powered Show"", a groundbreaking trade fair, was first held in 2020. As a leading African event in the field of plant-based nutrition, beverages, and a conscious lifestyle, it has quickly gained recognition. The fair annually attracts visitors and professionals from around the world who are interested in exploring the latest trends and products in the plant-based lifestyle sector. The organizer of the fair, Live Events Africa (Pty) Ltd., is known for its expertise in organizing high-caliber events. The ""Plant Powered Show"" focuses on themes such as plant-based nutrition, sustainability, and a healthy lifestyle. Exhibitors offer a wide range of products and services, ranging from innovative foods and beverages to wellness and lifestyle items. This provides a unique platform for companies to present their latest innovations and ideas to a broad audience. The fair also strengthens local culture and economy by bringing together local and international companies, thereby contributing to the growth of the plant-based industry in South Africa. A special highlight is the testing area, where renowned chefs present their culinary creations. This gives visitors the opportunity to discover new flavors and learn simple methods for healthy and sustainable dishes. The ""Plant Powered Show"" attracts exhibitors from various sectors, such as the food industry, health and wellness, and the sustainability sector. The main visitors include professionals from these industries, as well as consumers interested in a healthy and sustainable lifestyle. In summary, the ""Plant Powered Show"" is more than a fair; it is an annual gathering for all those committed to a healthy, sustainable, and conscious lifestyle. It offers a unique opportunity for networking, learning, and discovering the latest innovations in the plant-based industry."
"Icelandic Fisheries, Seafood & Aqua Exhibition (IceFish)",22. - 24. September 2026,Iceland,Kopavogur,Fifan Halls,www.worldfishing.net/icelandic-fisheries-exhibition,"The Icelandic Fisheries, Seafood & Aqua Exhibition, known briefly as ""IceFish"", exemplifies Iceland's pioneering role in the global fishing industry. Since its inception in 1984 by the organizer Mercator Media Ltd, the expo has established itself as an indispensable event for professionals in the fishing and seafood sector. It takes place at the Fifan Halls in Kópavogur, a central location near Reykjavik, and attracts visitors and exhibitors from all over the world. As an island nation with one of the largest exclusive economic zones and a rich maritime heritage, Iceland provides the ideal conditions for hosting IceFish. The country's clean waters and sustainable fishing practices make it the perfect host for this trade fair. The biennial frequency of the expo allows exhibitors to fully develop and present their latest innovations and technologies, making it particularly appealing to visitors. IceFish covers a wide range of topics, from aquaculture equipment and automation technologies to navigation and communication systems, safety equipment, and fish-finding devices. The expo offers a broad platform for the latest developments in ship design, processing equipment, specialized software, and management systems for the maritime industry. A standout feature of IceFish is its comprehensive representation of industry-relevant topics, supplemented by the participation of consultants, educational institutions, and government agencies. Workshops and presentations by leading industry experts provide valuable insights and promote the exchange of knowledge and best practices. IceFish serves as a central hub for sharing innovations, networking, and promoting sustainable practices in the global fishing industry. With its depth of expertise and the variety of products and services exhibited, it regularly sets new standards and attracts both professionals and exhibitors alike, making it one of the leading fairs of its kind on the global stage."
Sahara Expo,22. - 24. September 2026,Egypt,Cairo,Egypt International Exhibition Center,www.saharaexpo.com,"The Sahara International Agricultural Exhibition, known as Sahara Expo, is one of the most significant trade fairs for agriculture and food in the MENA region. Since its founding in 1987, it has become a key meeting point for industry professionals and takes place annually in September at the modern Egypt International Exhibition Center (EIEC) in Cairo. Admission is strictly limited to trade visitors and requires prior registration—a clear sign of the event’s professional orientation and high relevance within the sector. The exhibition is organized by Informa Markets, a global leader in trade fair organization. With extensive experience and an international network, Informa brings together stakeholders across the entire agricultural value chain. Sahara Expo stands out for its thematic depth and strong focus on current and future challenges in the agricultural sector. Key topics include agricultural technology, sustainable farming, crop protection, seed innovation, and modern water management. Exhibitors showcase specialized products and services ranging from smart agricultural machinery and efficient irrigation systems to innovative post-harvest solutions. Additional areas of focus include animal health, animal feed, greenhouse technologies, and agricultural services. A distinctive feature of the expo is its high-quality seminars, conferences, and workshops, which offer practical insights into industry trends and solution strategies. These events promote exchange among manufacturers, processors, marketing experts, and decision-makers from the agribusiness sector, making Sahara Expo a vital platform for knowledge and innovation. The Egypt International Exhibition Center provides ideal conditions for both exhibitors and visitors, offering modern facilities, excellent infrastructure, and a convenient location. It is easily accessible by public transportation or car. Cairo, as a vibrant metropolis, enhances the event experience with a wide range of accommodations, cultural attractions, and leisure activities, creating an all-encompassing business environment for international guests. Sahara Expo is therefore an indispensable platform for anyone looking to stay informed about the latest developments in agriculture, build professional connections, and discover practical solutions—regionally grounded, thematically focused, and globally relevant."
India Food Forum,22. - 23. September 2026,India,Mumbai,Jio World Convention Centre,indiafoodforum.com,"The India Food Forum, inaugurated in 2008, is a prestigious trade fair in the food and beverage sector, held annually in Mumbai. Organized by Images Multimedia Pvt Ltd., it has established itself as a leading event in India, dedicated to showcasing and promoting new food and retail technologies, current trends, and innovative business strategies. The structure of the India Food Forum is multifaceted, comprising various elements that create a comprehensive experience for participants and visitors. This includes exhibition areas where a wide range of products and services are presented. These encompass food and beverage products, technologies and solutions for retail, catering equipment, and much more. The conference segment includes lectures, discussion rounds, and presentations by industry experts. Topics covered include market trends, new technologies, consumer behavior, and future challenges. Additionally, master classes, workshops, awards, competitions, and product demonstrations enhance the fair's program. Key topics include food processing, retail technologies, gastronomic trends and retail strategies, as well as technological solutions for the food industry and offerings for the HoReCa sector. The versatility of the fair is evident in the exhibition, which ranges from baked goods and confectionery to beverages, cereals, fresh products, frozen foods, and dairy products. Special attention is paid to Halal foods, organic products, seafood, and innovative gastronomic concepts. The fair holds a significant position in India, reflecting the dynamism and growth of the country's food and beverage industry. Highlights include the Images Food Service Awards and other recognitions, which honor outstanding achievements in the food and retail sectors, showcasing the innovations and successes of the industry. Exhibitors come from various fields, including food manufacturing, technology providers, retail, and gastronomy. The main visitors are professionals from these sectors, interested in current trends and developments. The India Food Forum, with its multifaceted structure, offers a unique platform that brings together industry experts, innovators, and enthusiasts. Here, the latest trends, technologies, and business strategies in the food and beverage industry are presented and celebrated, making it an indispensable event for all stakeholders in this dynamic sector."
Morocco FoodExpo,22. - 24. September 2026,Morocco,Casablanca,Foire Internationale De Casablanca / OFEC Expo Center,siemamaroc.com,"Established in 2013, FoodExpo Morocco is an internationally renowned trade fair held annually at the Foire Internationale De Casablanca / OFEC Expo Center in Casablanca, Morocco, with Elan Expo as the organizer. It focuses on a variety of main themes such as agricultural products, food, and food technologies. The broad range of products and services displayed include food processing, packaging machines, beverage technology, diverse types, and states of food, agricultural technologies, gastronomy products, and much more. This event presents an extraordinary opportunity for buyers and decision-makers from across the Middle East to network and offers exhibitors access to the rapidly growing African market. FoodExpo Morocco runs concurrently with Morocco Siema Expo, an international exhibition for food, packaging, and machines, and establishes itself as the premier trade and communication platform for the industry in the region. The fair has a close connection to the host country as it acts as a gateway to the African market, enabling exhibitors to tap into the various and dynamic markets of the region. The main visitors to the fair are distributors, wholesalers, food factory owners, hoteliers, restaurateurs, caterers, farmers, and numerous other professionals from related sectors. Importers and manufacturers of alcoholic and non-alcoholic beverages, as well as food retailers and manufacturers, are also prominently represented. The exhibitors primarily come from the fields of food production, agricultural technology, and gastronomy products. In conclusion, Casablanca, with its Foire Internationale De Casablanca / OFEC Expo Center, offers an excellent and easily accessible venue. The city has a well-developed infrastructure, providing numerous conveniences to visitors and exhibitors. Casablanca itself is a vibrant city with a rich history and culture, offering additional exploration and discovery opportunities for visitors."
Tallinn FoodFair,23. - 24. September 2026,Estonia,Tallinn,Unibet Arena,www.profexpo.ee,"The Tallinn FoodFair (TFF) was established in 1993 and today stands as an international expo, serving as a vital hub for trade opportunities in the food industry. Every autumn, it attracts professionals to the impressive Unibet Arena in Tallinn, the capital of Estonia. Hosted by Profexpo OÜ , over the years, TFF has evolved into the leading industry event for food professionals in Estonia. It provides a platform where experts from various sectors - from hotels and restaurants to retailers, importers, and producers - converge, network, and exchange the latest trends and innovations. The fair offers an extensive insight into Estonian food, showcasing a broad range of products and services, including new product lines. This makes TFF an indispensable event for international buyers interested in premium Estonian products. Here, they can directly meet the producers, gaining a genuine feel for the quality and diversity of the offerings. A highlight of the fair includes numerous professional competitions involving chefs, bartenders, confectioners, and a pizza master championship. Moreover, presentations by industry experts, tastings, HoReCa seminars, conferences, and even non-alcoholic cocktail championships and wine samplings are held, appealing to both food professionals and hotel industry specialists. Exhibitors represent a myriad of industries, including food production, packaging, logistics, warehousing, and transportation. Engineering and technology firms also display smart IT solutions for supply chain management. The fair emphasizes the Estonian food industry and spotlights the nation's best products and innovations. The Unibet Arena in Tallinn, which hosts TFF, is a contemporary expo center and easily accessible. As Estonia's capital, Tallinn also boasts numerous cultural and historical sites that visitors can explore alongside the fair. Thus, attending TFF is not just a professional endeavor but also a culturally enriching experience."
NoVacancy,23. - 24. September 2026,Australia,Sydney,International Convention Centre ICC,novacancy.com.au,"The NoVacancy Hotel + Accommodation Industry Expo is Australia’s leading trade fair for the hotel and accommodation sector, held annually at the International Convention Centre (ICC) in Sydney. As an exclusive industry event, it is tailored to decision-makers in hospitality – including owners, operators, investors, developers, and general managers – and serves as a platform for innovation, knowledge exchange, and business development. Organized by Terrapinn Australia Pty Limited, an experienced international exhibition organizer, NoVacancy distinguishes itself from other industry events by focusing on the opportunities and challenges of the Asia-Pacific hotel market. The event highlights future-focused themes essential for the long-term success of the sector: technological innovation, hotel investment, interior design, revenue and distribution strategies, guest experience, sustainable construction, digital marketing, management systems, and housekeeping solutions. Technology plays a particularly central role, ranging from cloud-based property management systems and modern booking platforms to automated revenue-management tools, digital guest technologies, and AI-driven operations. Further topics include hotel development, design and branding, market analysis, alternative accommodation models such as boutique hotels and serviced apartments, and the growing “bleisure” trend that combines business and leisure travel. The program is complemented by high-level seminars, where industry experts share practical knowledge and current market insights. Networking and deal-making are at the heart of the expo, supported by curated meeting programs, executive summits, and exclusive evening events. A distinctive feature of NoVacancy is its fusion of business innovation and design. Alongside digital solutions, exhibitors showcase physical products such as spa equipment, bedding, amenities, and furniture, providing a comprehensive overview of current trends in hospitality. The ICC Sydney offers the ideal setting: an architectural landmark at Darling Harbour with excellent international connections and a modern infrastructure that ensures a professional environment for inspiring presentations, productive discussions, and new business opportunities. More than just a trade fair, NoVacancy is a strategic industry event and a central hub for innovation and investment in Asia-Pacific hospitality. For those looking to actively shape the future of accommodation, it brings together practical solutions, relevant partners, and valuable industry knowledge – all in one place, at one time, for the people who matter."
POLAGRA,23. - 25. September 2026,Poland,Poznań,Poznan International Fair Grounds,polagra.pl,"The POLAGRA Fair, a leading annual event in the food industry, takes place at the Poznan International Fair Grounds in Poznań, Poland. Organized by mtp GRUPA, it encompasses three main sectors: FOOD, FOODTECH, and HORECA. These segments offer a diverse array of products and services, ranging from everyday food items to advanced technologies for food processing and equipment for the gastronomy and hospitality industries. As a significant cultural event, POLAGRA provides an excellent platform for business development and networking, deeply rooted in Polish hospitality. It plays a central role in promoting the Polish food industry and showcasing global trends and innovations. In the FOOD ZONE, visitors will find a comprehensive selection of fresh and processed foods, including meats, fish, dairy products, and a variety of grain products, complemented by organic and eco-friendly products. The HORECA ZONE focuses on equipment and services for the hospitality industry, offering state-of-the-art kitchen technology and complete solutions for hotels and restaurants. The FOODTECH ZONE features advanced machinery and technological equipment specifically developed for the needs of the food processing industry, from packaging systems to quality assurance devices. Highlights of the fair include the Polish Culinary Cup, a prestigious competition that honors the culinary skills of Poland's finest chefs, and the Acanthus Aureus competition, which recognizes outstanding architectural and graphic design in exhibition stands. Both competitions highlight the creativity and dedication of the participants and set new standards in the industry. The fair attracts thousands of professionals from various fields, including gastronomes, hotel managers, chefs, and technology experts. The venue is ideally located and easily accessible via international transport links. In Poznań's dynamic atmosphere, POLAGRA offers every visitor an inspiring experience, marked by a comprehensive and specific presentation of the food industry."
GOOD LIFE Fair,25. - 27. September 2026,Japan,Tokyo,Tokyo Big Sight,goodlife-fair.jp,"The GOOD LIFE Fair is Japan’s premier exhibition for sustainable and mindful lifestyles—far more than a conventional product showcase. Its name represents a holistic concept: living healthily, consuming organically, thinking openly, and engaging in dialogue—everything that defines a good life today. The event is aimed at people who seek to live consciously, responsibly, and with a focus on the future—both on a personal and societal level. Held once a year at the renowned Tokyo Big Sight exhibition center, the fair is organized by the long-established media group The Asahi Shimbun Company , known for its strong journalistic values. That same commitment to quality, social relevance, and innovation is reflected throughout the event. The GOOD LIFE Fair uniquely combines pressing social issues with a positive outlook on life. At its core are themes such as sustainable consumption, health, well-being, and responsible lifestyle choices. It demonstrates how environmental awareness, social responsibility, and personal needs can be harmoniously integrated into everyday life—inspiring, practical, and always held to a high standard. The range of topics spans sustainable architecture, plant-based nutrition, organic cosmetics, mental health, future-proof fashion, and innovative business models. Exhibitors showcase a wide array of products and services, including eco-friendly food production, regional cuisine, nature-based beauty products, green living concepts, sustainable mobility solutions, and educational or coaching offers. The program is further enriched by workshops, expert talks, interactive formats, and a diverse culinary lineup—from tastings to themed food experiences. A particular highlight is the SDG Market, where companies and organizations present their contributions to the United Nations’ Sustainable Development Goals (SDGs). Equally noteworthy is the special exhibition ""New Perspectives – Manabi Expo,"" which focuses on education, social innovation, and civic engagement. Exhibitors primarily represent sectors such as food, health, wellness, interior design, fashion, tourism, technology, education, and sustainable entrepreneurship. The audience is equally diverse, ranging from conscious consumers to professionals from retail, hospitality, and wellness, as well as decision-makers from business, education, and the public sector. The fair clearly appeals to individuals actively seeking sustainable alternatives—whether for their private lives or professional practice. The venue, Tokyo Big Sight, is located in the vibrant Odaiba district and is well-connected to the public transport network, with direct access via the Yurikamome Line and various bus and ferry routes. With its striking architecture and modern infrastructure, it offers the perfect setting for an event that aims to broaden horizons and enrich the lives of its visitors—in practical, inspiring, and forward-thinking ways."
"Fair for Body, Mind & Soul",26. - 27. September 2026,Germany,Geesthacht,Tanzgiesellschaft,www.messe-koerper-geist-und-seele.de,"The “Body, Mind & Soul Fair” is a special event dedicated to holistic health, inner balance, and spiritual growth. It takes place twice a year, in March and September, in the northern German town of Geesthacht – more precisely, in the elegant venue of the Tanzgesellschaft Geesthacht. With its open and welcoming atmosphere, the location provides an ideal setting for connection, exchange, and inspiration. The fair is organized by Gabriele Schütze-Buzello, whose mission is to bring together people seeking natural ways to enhance their well-being and inner harmony. With great dedication, she has created a platform where alternative healing methods, spiritual approaches, and contemporary health concepts come together in a space that is both informative and inviting. The concept of the fair is tailored to meet the needs of a health-conscious and spiritually curious audience. Its offerings range from naturopathic and psychological practices to relaxation techniques, meditation, sound therapy, and mindful nutrition. At its core, the fair focuses on holistic experiences, personal growth, and practical impulses for everyday life. A particular highlight is the wide selection of free lectures, readings, and interactive workshops. These not only provide valuable knowledge but also encourage hands-on experiences and self-discovery. The exhibitors represent a broad spectrum of fields – from alternative practitioners and coaches to artisans, natural products, and spiritual services. As such, the fair appeals to both professionals and curious visitors looking to explore new perspectives for physical, mental, and emotional well-being. The Tanzgesellschaft Geesthacht, as the event venue, impresses not only with its convenient location but also with its bright, open architecture – a place that welcomes diversity and fosters meaningful encounters on equal footing. Visitors to the fair can look forward to a day filled with fresh insights, inspiring connections, and lasting impulses – for greater joy in life, inner balance, and a deeper connection to oneself and the world."
The Saudi Food Show,27. - 29. September 2026,Saudi Arabia,Riyadh,RFECC Riyadh Front Exhibition & Conference Center,www.thesaudifoodshow.com,"The Saudi Food Show is more than just a fair; it serves as the vibrant hub of the food and beverage industry in Saudi Arabia. Held annually at the Riyadh Front Exhibition & Conference Center in Riyadh, it provides a platform for the global community of industry leaders, innovative startups, and culinary masters. Organized by dmg::events, the fair showcases the latest trends and products in the food sector and addresses crucial issues such as food safety, sustainability, and technological innovations. The thematic range of the Saudi Food Show includes everything from fats and oils to coffee and seafood, offering a comprehensive overview of various food categories including dairy, legumes, grains, spices, fruits and vegetables, as well as meat and poultry. The event not only features products like ghee, specialty coffees, energy drinks, and organic and Halal meats but also presents services and innovative solutions for the food industry. The fair acts as a platform to deepen understanding of food sovereignty and safety in Saudi Arabia and provides insights into both local and international market dynamics. A highlight is the Saudi Food Summit, featuring lectures from leading experts, complemented by the Saudi Foodpreneur Summit, which brings startups to the forefront. Additionally, the Saudi Food Excellence Award is presented, recognizing outstanding contributions to the food industry. During the event, a special area called ""Top Table"" is set up where chefs showcase their skills in live cooking demonstrations, and renowned Arab celebrity chefs offer masterclasses interpreting both traditional and modern dishes. Visitors include professionals from all segments of food production, distribution, and marketing. The fair attracts a wide array of industry representatives, from small local producers to large international corporations, and offers ideal networking opportunities. Located strategically in the dynamic capital of Riyadh and close to major transport hubs, the Riyadh Front Exhibition & Conference Center, with its state-of-the-art facilities, provides the perfect setting for an event of this scale and significance. Each year, the Saudi Food Show offers participants the chance to experience the intersection of tradition and innovation in the food and beverage industry and to actively participate in shaping the future of this essential sector."
BioSüd,27. September 2026,Germany,Augsburg,Messe Augsburg,biomessen.info/biosued,"BioSüd is an annual trade fair for the organic sector and has been firmly established within Germany’s organic industry since its inception in 2009. The name not only reflects the fair’s core focus on organic products and sustainable innovations but also emphasizes its regional orientation toward southern Germany, particularly Bavaria and the adjoining Alpine regions. Organized by Matthias Deppe und Wolfram Müller OHG , the event draws on many years of experience and in-depth industry knowledge to offer a platform that holds a unique position within the sector. The venue is the Augsburg Exhibition Center, which transforms once a year into a vibrant meeting point for organic retailers, health food stores, organic supermarkets, foodservice providers, bulk purchasers, and other key industry players. At the heart of the event are premium organic foods and natural cosmetics, all certified to strict organic standards. The fair presents a comprehensive cross-section of the organic value chain – from regional specialties produced by beekeepers, cheesemakers, and wineries to innovative new products such as fermented drinks and plant-based formulations. Established brands meet emerging start-ups, fostering a dynamic exchange between tradition and innovation. A varied supporting program featuring lectures, workshops, forums, and panel discussions addresses the most pressing issues in the sector. Topics include certification processes, supply chain challenges, soil health, carbon offsetting, and legal frameworks for organic agriculture, as well as market developments, pricing structures, and the integration of organic policy into broader political decision-making. Direct dialogue between producers, retailers, industry experts, and policymakers creates space for practical solutions and encourages sustainable partnerships. Exhibitors primarily come from the organic and health food retail sectors, as well as the organic foodservice industry. A wide range of regional producers rounds out the offering. The fair is attended exclusively by trade visitors – including independent retailers, restaurateurs, wholesalers, and representatives from associations, media, and government – all united by a shared goal: to further develop an ecologically and socially responsible organic industry. BioSüd is part of a nationwide network of trade fairs, which also includes BioOst (Leipzig), BioWest (Düsseldorf), and BioNord (Hamburg). Together, these events form a strong network for the organic trade in Germany – regionally rooted and nationally connected. With its modern infrastructure, central location, and excellent accessibility via train, highway, and public transport, the Augsburg Exhibition Center provides the ideal setting for a trade fair of this scale. Combined with the cultural appeal and historical significance of the city, attending BioSüd becomes not just a business engagement, but an inspiring experience in its own right."
AGROPRODMASH,28 Sep. - 01 Oct. 2026,Russia,Krasnogorsk,Crocus Expo - IEC Crocus Expo International Exhibition Centre,www.agroprodmash-expo.ru,"The Agroprodmash is an international exhibition dedicated to showcasing equipment, machinery, and ingredients for the food and processing industry. The name ""Agroprodmash"" derives from the combination of ""Agricultural Production"" and ""Machinery"", which reflects the core themes of the exhibition. This exhibition is held annually at the Crocus Expo International Exhibition Centre in Krasnogorsk, near Moscow , the heart of Russia, and is organized by Expocentre. Its significance extends beyond the capital, spanning the entire country, as it displays the latest innovations and solutions in food production and processing. The main focuses of the Agroprodmash exhibition are diverse. They include technological advancements in food processing and production, advanced industrial automation systems, innovative packaging materials, and environmentally friendly, waste-reducing technologies. Furthermore, cutting-edge software for efficiency enhancement is showcased. Exhibition attendees can explore a wide range of products and services. This encompasses machinery and equipment for the meat, dairy, confectionery, and bakery sectors, as well as cross-industry solutions, including packaging systems, cooling technologies, retail solutions, measuring instruments, cleaning equipment, and production automation solutions. The exhibiting companies represent a myriad of sectors, covering all facets of food production and processing. The primary visitors include industry experts, entrepreneurs, and leaders interested in the latest innovations and technologies in the food sector. The Crocus Expo International Exhibition Centre in Krasnogorsk, near Moscow, a contemporary exhibition ground, is renowned for its excellent facilities and transport connections. It's not just a focal point for business meetings but also symbolizes Moscow's position as a crucial trade and innovation hub. In conclusion, the Agroprodmash exhibition provides a remarkable platform for professionals, experts, and enthusiasts to discover and exchange insights on the latest trends, technologies, and solutions in the food and processing industry."
Espacio Food & Service,29 Sep. - 01 Oct. 2026,Chile,Santiago,Espacio Riesco,www.espaciofoodservice.cl,"The "" Espacio Food & Service "" is a leading trade fair in Chile's food industry and a central meeting point for industry experts from across Latin America. Since its inception in 2011 at the Espacio Riesco Centro de Eventos y Convenciones in Santiago, the fair has become an annual highlight, consistently showcasing the latest trends and innovations in the sector. The organizer and host of the fair is the Espacio Riesco Centro de Eventos y Convenciones. This event attracts not only local but also international exhibitors and visitors, fostering exchange among suppliers, producers, and merchants from the gastronomy, hospitality, and food processing sectors. The offerings include fresh and processed foods, beverages, spirits, as well as specialized equipment and services for gastronomy, including the latest kitchen technology and innovative packaging design. The fair is also known for its dynamic side events, including conferences and seminars with leading experts, interactive cooking shows with renowned chefs, as well as tastings and expert talks that attract visitors worldwide. It provides a platform for networking, learning, and sharing best practices and plays a crucial role in advancing the food industry in the region. The ""Espacio Food & Service"" is not just a fair but also a significant economic contributor to Santiago and Chile as a whole. It plays a central role in promoting both local and international trade and strengthens Chile's position as an important player in the global food industry. The event takes place at the easily accessible and modernly equipped Espacio Riesco. This venue, located in the vibrant metropolis of Santiago, creates ideal conditions for exhibitors and visitors alike, making the fair an indispensable event in the food industry calendar. In conclusion, the Espacio Food & Service is more than just a fair; it is a comprehensive experience that recurs annually, always focusing on innovation and quality."
Anuga Select India,29 Sep. - 01 Oct. 2026,India,Mumbai,Bombay Exhibition Centre (BEC) NESCO,anuga-india.com,"The Anuga Select India - hosted under the trade name ANUFOOD India in Mumbai until 2023, is a prestigious international trade fair and conference for the food and beverage industry. Since its inception in 2005, the fair has established itself as a key meeting point for the food and beverage industry. Its annual occurrence, usually in August or September, attracts countless professional visitors to the Bombay Exhibition Centre. This state-of-the-art exhibition center in the heart of Mumbai is easily accessible and is one of the most important exhibition centers in India. The fair is organized by Koelnmesse Pvt. Ltd., modeled after the Anuga in Cologne. It offers a wide range of products and services, ranging from agricultural products to meat, poultry, dairy products, hot beverages, and organic and plant-based products. Special topics like Halal, nutrition, bread, baked goods, confectionery, snacks, and gastronomy complement the portfolio. This event highlights the growing relevance of the food and beverage industry in India, especially in Mumbai, a dynamic trading and business center. It serves not only as a platform for presenting new products but also as a networking and contact exchange, as well as a launch pad for exporters looking to conquer the flourishing Indian market. The exhibitors cover a wide spectrum, from agricultural producers to beverage suppliers. The main visitors include industry experts, wholesalers, retailers, restaurateurs, and representatives of associations and institutions. In conclusion, Anuga Select India offers not just an insight into the latest trends and innovations in the industry but also an invaluable opportunity for initiating and deepening business relationships."
"Ingredients, Additives & Materials",29 Sep. - 01 Oct. 2026,India,Mumbai,Bombay Exhibition Centre (BEC) NESCO,anugafoodtec-india.com/ingredients-additives-materials.html,"""Ingredients, Additives & Materials"" is India’s leading trade fair dedicated to innovative ingredients, additives, and functional materials for the food industry. Held annually at the renowned Bombay Exhibition Centre in Mumbai, the event brings together key players from across the entire value chain. Organized by Koelnmesse Pvt. Ltd., Mumbai, the fair offers a comprehensive overview of the latest trends, products, and technologies in food safety, nutrition, sensory quality, and convenience. Ingredients, Additives & Materials stands for a forward-looking and secure food market. The fair demonstrates how modern ingredients and additives contribute to the production of safe, appealing, and consistently high-quality food products that meet consumers’ sensory expectations—from taste and appearance to texture and nutritional value. At ""Ingredients, Additives & Materials"", numerous innovative exhibitors from the food, beverage, bakery, confectionery, convenience food, dairy, and dietary supplement sectors showcase their latest products, solutions, and services. The exhibition covers everything from functional ingredients and clean-label solutions to natural colors, flavors, and texturizers, as well as technological innovations for safe, sustainable, and efficient food production. As a key industry meeting point, ""Ingredients, Additives & Materials"" maintains a strong connection to the city of Mumbai and the Indian food sector. The fair addresses the growing demand for safe and diverse food products in the domestic market, while also fostering valuable collaborations between international players and local manufacturers. The main visitors to the fair come from food manufacturing, product development, quality management, research and development, procurement, and the packaging and logistics sectors. Ingredients, Additives & Materials is therefore essential for anyone seeking innovative solutions to the challenges of modern food production. The Bombay Exhibition Centre is conveniently located in the heart of Mumbai, with excellent connections to public transportation, the international airport, and the city center. It offers state-of-the-art infrastructure for both exhibitors and visitors. Ingredients, Additives & Materials is not only a specialized platform for innovations in ingredients and additives, but also the central meeting point for all those who wish to shape the future of the food industry in India and beyond. Mumbai, as a dynamic economic hub, together with the easily accessible exhibition center, provides the ideal setting for this event."
Food Safety & Sustainability,29 Sep. - 01 Oct. 2026,India,Mumbai,Bombay Exhibition Centre (BEC) NESCO,anugafoodtec-india.com/food-safety-sustainability.html,"The ""Food Safety & Sustainability"" trade fair is regarded as the leading platform for innovative solutions and developments in the fields of food safety and sustainable food production in the rapidly growing metropolis of Mumbai. Organized by the renowned Koelnmesse Pvt. Ltd., ""Food Safety & Sustainability"" takes place annually at the modern Bombay Exhibition Centre, one of India’s most prominent venues with excellent transport connections. Situated in the heart of Mumbai’s vibrant business district, a key hub for trade, the food industry, and start-ups, ""Food Safety & Sustainability"" showcases the latest technologies, products, and services for safe, healthy, and sustainable nutrition. At the core of the fair are pioneering additives, state-of-the-art methods for food safety and analytics, as well as practical solutions to current challenges along the entire value chain. ""Food Safety & Sustainability"" addresses central industry trends such as increasing health awareness, demographic change, and rising healthcare costs, demonstrating how companies can achieve sustainable success through preventive measures and adapted production concepts. Exhibitors represent sectors including food production, analytics, packaging, logistics, chemicals, and technology, presenting innovative approaches from clean-label solutions and convenience products to advanced testing methods. The main visitors are decision-makers and professionals from the food and beverage industry, retail, research, quality management, production, procurement, as well as representatives from politics and associations, all seeking new partners, processes, and inspiration for sustainable value creation. The Bombay Exhibition Centre impresses with its modern infrastructure and central location, easily accessible from the international airport, main railway station, and metro. This ensures that visitors and exhibitors from around the world find ideal conditions for networking, business, and innovation. ""Food Safety & Sustainability"" thus provides a precise response to the current challenges of the global food industry—in a city renowned for its dynamism, progress, and cultural diversity."
Street Food Business Expo,29. - 30. September 2026,United Kingdom of Great Britain and Northern Ireland,London,ExCeL London,www.streetfoodlive.co.uk,"The Street Food Business Expo , formerly known as ""Street Food Live"", is considered the premier European event for the vibrant world of street food. ""Street Food"" refers to dishes that are sold on the streets - a tradition rooted in many cultures around the world that has, in recent times, evolved into a defining trend in the culinary industry. The event takes place annually in October or November at the prestigious ExCeL London, one of the city's most prominent exhibition centers. Since its inception, the Street Food Business Expo has established itself as the industry's key gathering spot, attracting thousands of enthusiasts each year. The event is organized by Fortem Food and Drink Ltd., a company with extensive expertise in the food and beverage sector. Central themes of the expo include innovations in street food, catering, franchising, and many other current trends of this dynamic industry. Exhibitors from all over Europe showcase their offerings - from food and beverages to equipment and franchising opportunities. Particularly noteworthy are the exclusive seminars conducted by leading innovators of the sector. ExCeL London stands out for its excellent accessibility and state-of-the-art infrastructure. Visitors can look forward to a comprehensive and innovative program that promises deep insights into two of the UK's fastest-growing sectors. London is distinguished by its diverse and buzzing street food landscape. Throughout the city, one can find an impressive array of international delicacies served by street vendors. In addition to well-established spots like the Borough Market , Camden Market , and Flat Iron Square , there are also frequent pop-up events and food trucks that spontaneously appear in various neighborhoods. Many of these mobile vendors utilize social media to update on their current locations and daily specials. Overall, London's diverse street food offerings reflect the city's rich cultural mix, making it a true haven for gourmet enthusiasts and those wishing to explore international delicacies without leaving town. In conclusion, the Street Food Business Expo not only mirrors the dynamism and innovative power of the street food sector but also provides industry professionals with an excellent platform for networking, learning, and discovering new business opportunities."
COSME Week OSAKA,30 Sep. - 02 Oct. 2026,Japan,Osaka,INTEX Osaka International Exhibition Center,www.cosme-week.jp/osaka/en-gb.html,"COSME Week OSAKA is the leading B2B trade fair for the cosmetics and beauty industry in western Japan and ranks among the region's foremost platforms for product development, sourcing and business networking within the Asian cosmetics market. Held annually at INTEX Osaka International Exhibition Center, one of Japan's largest and most modern exhibition venues, the event is organised by RX Japan Ltd., one of Asia's leading trade fair organisers, renowned for staging internationally recognised exhibitions and connecting businesses from around the world. COSME Week OSAKA brings together the specialist exhibitions COSME Tech OSAKA and COSME OSAKA under one roof, showcasing the entire cosmetics industry value chain. From innovative raw materials and active ingredients to research, development, OEM/ODM manufacturing, finished beauty products, packaging solutions and modern marketing strategies, trade visitors gain comprehensive insight into every segment of the industry in a single venue. As a result, the exhibition serves not only as a showcase for the latest product innovations but also as an international sourcing and business platform for manufacturers, brand owners and trading companies. The exhibition highlights the latest developments in skincare, make-up, haircare, body care, natural and organic cosmetics, men's grooming, perfumery, nail care, and professional beauty equipment for both salon and home use. The product range is further complemented by health and beauty supplements, functional foods, beauty drinks, diet products and CBD products. In addition, exhibitors present cosmetic raw materials, innovative ingredients and formulations, manufacturing and filling technologies, sustainable packaging solutions, containers, packaging design, branding and marketing concepts, as well as services for sales, distribution and international business development. Particular emphasis is placed on innovations in sustainable materials, advanced manufacturing processes and next-generation beauty technologies. The exhibition plays a significant role in both the Japanese and wider Asian cosmetics markets, as Japan is internationally recognised as one of the world's leading centres for premium cosmetics, innovative skincare and cutting-edge beauty technologies. Osaka, in particular, has established itself as a major commercial and business hub, providing international companies with an ideal gateway to the Japanese market and the rapidly expanding markets across Asia. COSME Week OSAKA creates the ideal environment for this by bringing together manufacturers, suppliers, brands, distributors and buyers from numerous countries while actively promoting the development of international business partnerships. Among the event's key highlights are the launch of numerous new products and technological innovations, direct access to leading manufacturers and developers, and extensive networking opportunities for international business professionals. Particular emphasis is placed on business matching, the establishment of new OEM and private label partnerships, and the presentation of the latest market trends. Exhibitors represent virtually every sector of the cosmetics and beauty industry. They include cosmetics manufacturers, raw material suppliers, OEM and ODM companies, packaging manufacturers, producers of beauty equipment, providers of laboratory and manufacturing technologies, marketing and branding agencies, as well as trading and logistics companies. Trade visitors primarily comprise representatives of international cosmetics brands, manufacturers, product developers, purchasing departments, importers, distributors, retail and drugstore chains, e-commerce businesses, and operators of beauty salons, spas and aesthetic clinics. COSME Week OSAKA also forms part of the wider COSME Week exhibition series, which is held at several locations across Japan, serving different economic regions of the country. This enables exhibitors and trade visitors to benefit from broader market coverage within Japan's cosmetics industry while expanding their business networks nationwide. With its strong focus on innovation, product development, international sourcing and market expansion, COSME Week OSAKA has established itself as one of the leading meeting places for Asia's beauty industry. INTEX Osaka International Exhibition Center is located on the artificial island of Yumeshima in Osaka Bay and is easily accessible via the Osaka Metro and local bus services, as well as from Kansai International Airport and the city's major railway stations."
White Label World Expo,30 Sep. - 01 Oct. 2026,USA,New York City,Jacob K. Javits Convention Center,www.whitelabelexpo.com,"The White Label World Expo is a leading international trade show specializing in white label and private label products. It provides a platform for the latest innovations and trends in online retail and e-commerce and is held annually at changing venues within the USA. The trade show attracts professionals, entrepreneurs, online sellers and retailers from all over the world. White label products are generic products or services that are produced by a manufacturer and then sold to various retailers or companies. These companies market and sell the products under their own brand and packaging. The actual producer remains in the background and is not directly associated with the end customer. White label products offer benefits to both the manufacturer and the marketing company: manufacturers benefit from steady sales of their products, while marketing companies enjoy lower development costs and faster time to market. Organized by Fortem International Ltd., White Label World Expo covers a wide range of topics relevant to the e-commerce industry, including product sourcing, online sales, marketing strategies and customer service. The exhibition showcases a variety of products and services in areas such as home and kitchen, apparel, footwear, jewelry, pet supplies, health and household, beauty and personal care, food and beverage, toys and games, tech and electronics, vape and office supplies. A highlight of the exhibition are the diverse seminars, product presentation areas and the e-market research center. The Innovation Awards recognise companies that have made a significant impact in the world of product sourcing and white label retail, while the Industry Awards recognise exhibitors who have excelled in innovative and leading products in the online retail market. The show's exhibitors come from a wide range of industries, underlining the diversity and breadth of the offering. The show's main target audience is primarily online sellers, retailers, entrepreneurs and distributors from the respective industries. The White Label World Expo is part of a series of trade fairs held in different locations around the world, with each fair having its own local character and peculiarities."
360 Food Syria,01. - 03. October 2026,Syrian,Damascus,Syrian Expo Center - Damascus Fairgrounds,360foodsyria.com,"360 Food Syria is much more than a traditional trade exhibition – it serves as the key showcase for the entire food industry in Syria. With its holistic concept, the event offers a comprehensive 360-degree perspective on the sector’s full value chain: from agriculture and food processing to packaging, hospitality and logistics. The name reflects not only a symbolic commitment to this all-encompassing view, but a concrete focus on presenting the full spectrum of products, technologies and innovations shaping the industry. The event is organised by EVEX Events , a leading event management company based in Riyadh, renowned for delivering high-calibre international trade fairs. Drawing on its extensive experience, EVEX brings to Damascus – specifically to the Damascus Fairgrounds – a format tailored to meet the specific needs of the Syrian market, both in terms of content and execution. 360 Food Syria provides a highly specialised platform for industry professionals operating in food and beverages, HoReCa, food technology, agriculture and sustainability. Exhibits range from dairy products, oils, snacks and grains to meat and poultry, baked goods and organic foods. These are complemented by the latest technologies in packaging, processing, ingredients, food safety, cold chain management, automation and robotics. A particularly forward-looking feature of the show is the Sustainability & Innovation zone, which addresses key issues such as eco-friendly packaging, waste reduction, recycling, renewable energy and alternative protein sources. This segment not only offers valuable insights into current market developments but also helps drive progress towards a more resilient and future-proof food security landscape in the region. Exhibitors represent a broad cross-section of industries – including food producers, agricultural businesses, machinery manufacturers, packaging specialists, logistics providers and suppliers of kitchen and catering equipment. The visitor profile is equally diverse and includes buyers, traders, producers, restaurateurs, hoteliers, and decision-makers from industry, commerce and public institutions. As a strictly trade-only event, 360 Food Syria ensures high-quality networking and targeted knowledge exchange. The venue – Damascus Fairgrounds – enjoys a strategic location in the Syrian capital and is easily accessible by car and public transport. The spacious exhibition site offers modern infrastructure, expansive display areas and a professional setting designed to foster successful business relationships."
GENUSS der SINNE,03. - 04. October 2026,Austria,Reichenau an der Rax,Schloss Reichenau,www.genussdersinne.at,"The ""GENUSS der SINNE"" fair in Reichenau an der Rax is a vibrant showcase for enthusiasts of beauty, fashion, accessories, jewelry, cosmetics, leisure activities, sports, and healthy eating. Since its inception in 2022, it has evolved into a significant event on the trade fair calendar, occurring biannually in spring and autumn. Under the leadership of the dedicated fair team, Karl Christof & Daniela Graf, this event brings together a diverse array of regional, national, and international exhibitors showcasing their products, primarily from organic cultivation, and handmade crafts. The fair spans a wide spectrum and attracts visitors from all over Austria, including Lower Austria, Vienna, Burgenland, Styria, Upper Austria, and Carinthia. It offers a unique opportunity to immerse oneself in a universe of pleasure with all senses - from flavors to Swiss stone pine products. Visitors have the chance to sample and purchase a plethora of products directly at the booths. The range includes baked goods, wine, beer, honey, meats and sausages, cheese, fruit spreads, fruit juices, mustard, vinegar, oils, and even flavors, herbs, and fruits. A special focus is on the range of products and services in the realms of beauty, fashion, accessories, jewelry, and cosmetics, as well as leisure activities, sports, and healthy eating. By presenting predominantly organic and handmade products, the ""GENUSS der SINNE"" fair emphasizes awareness for sustainable and high-quality goods. In addition to the diverse exhibition offer, visitors can attend informative lectures, ranging from testing the latest orthopedic sleep systems to personalized nutritional advice. These additional offerings add extra value to the fair and provide visitors with a comprehensive experience. The picturesque Reichenau Castle serves as the venue, with its impressive architecture and surrounding greenery providing the perfect backdrop for this event. The castle is easily accessible by public transport and car, with ample parking available. The combination of the historic castle setting and the fair's varied offerings creates a unique atmosphere, making ""GENUSS der SINNE"" an unforgettable experience."
Fruit Attraction,06. - 08. October 2026,Spain,Madrid,Feria de Madrid - IFEMA,www.ifema.es/fruit-attraction,"The Fruit Attraction is one of the most significant international trade fairs for the fruit and vegetable sector, held annually at the Feria de Madrid, Spain's capital. Every October, this prestigious event becomes a hub for professionals across the fruit sector's entire value chain. It gathers producers, marketers, distributors, retailers, and other industry experts to explore the latest trends, innovations, and technologies. Spain ranks amongst the top producers and exporters of fruits and vegetables in both Europe and globally. Staples such as citrus fruits, olives, grapes, tomatoes, and peppers, vital for many nations, are predominantly sourced from Spain. The tradition of cultivating fruits and vegetables is deeply ingrained in Spanish culture. Various regions and communities in Spain have preserved unique varieties and cultivation techniques passed down through generations. Over the past few decades, the sector has made significant investments in research and development. These investments aim to enhance productivity, champion sustainable farming practices, and elevate product quality. Of late, there's been a pronounced emphasis on adopting sustainable farming techniques, with the objective of minimising the ecological footprint and preserving biodiversity. This shift is apparent in the rising number of farms that are both organic and environmentally-conscious. The Fruit Attraction occupies several halls within the Feria de Madrid, enabling exhibitors, both national and international, to present their products and services to a diverse audience. The event's scope isn't limited to the buying and selling of fresh produce. It also includes the introduction of machinery, technologies, packaging solutions, and other services pertinent to the fruit industry. Furthermore, the Fruit Attraction emphasises the exchange of knowledge and networking. A comprehensive program of lectures, seminars, and workshops ensures participants are updated on current market insights, consumer trends, and sustainable farming approaches. In essence, the Fruit Attraction at the Feria de Madrid isn't merely a trade fair. It serves as an expansive platform, consolidating stakeholders from the fruit and vegetable sector, fostering business collaborations, and offering a unique lens through which one can observe the nuances of this vibrant market."
Wellness & Preventive Healthcare Expo,07. - 09. October 2026,Japan,Chiba,Makuhari Messe,www.medical-jpn.jp/hub/en-gb/about/shows/hea.html,"The ""Wellness & Preventive Healthcare Expo"" , a leading health event in Japan, takes place at the prestigious Makuhari Messe in Chiba near Tokyo and is an integral part of MEDICAL JAPAN Tokyo. This event targets professionals and enthusiasts in the fields of medicine, wellness, and health technology. Hosted by RX Japan Ltd., a renowned organizer that provides platforms for the exchange of expertise and current trends, the expo features a wide range of topics, including health technology, physical activity, functional foods, and rehabilitation techniques. Innovative products and services are showcased, such as health management apps and systems, wearable sensors, activity trackers, IoT solutions in healthcare, as well as advanced rehabilitation and fitness equipment. Nutritional supplements and herbal medicines are also introduced. A distinctive feature of the expo is its deep roots in local culture and industry, making it a key event for the Asian health market. It offers a unique opportunity to explore the latest developments in medical and health care closely linked to Japan's technological innovations. The expo attracts a diverse range of visitors, including professionals from hospitals, clinics, pharmacies, and rehabilitation centers. Highlights include conferences and seminars by industry experts, live demonstrations of new products, and special networking events to foster business relationships. Exhibitors represent various sectors such as pharmacy, biotechnology, sports equipment manufacturing, and nutritional sciences, highlighting the industry's diversity at the fair. The ""Wellness & Preventive Healthcare Expo"" is part of a series of health expos held in various cities across Japan, playing a significant role in the regional and international health landscape. The Makuhari Messe in Chiba is well-connected to public transportation, making it accessible for both domestic and international visitors. In summary, the ""Wellness & Preventive Healthcare Expo"" is not only a showcase for health technologies and products but also a significant platform for knowledge exchange and the advancement of the health industry."
Pharmacy Solutions Expo Tokyo,07. - 09. October 2026,Japan,Chiba,Makuhari Messe,www.medical-jpn.jp/hub/en-gb/about/shows/pha.html,"The Pharmacy Solutions Expo Tokyo , an integral part of MEDICAL JAPAN Tokyo, is held at the Makuhari Messe in Chiba, near Tokyo. This specialized B2B expo serves as a prominent platform for players in the pharmaceutical field, including pharmacy system manufacturers, medication dispensing device providers, and developers of IT solutions for the healthcare sector. The expo highlights innovative products and services in health foods, dietary supplements, and cosmetics. The expo is organized by RX Japan Ltd., a leading event organizer specialized in bridging current industry needs with forward-looking technologies. It offers unique access to the Japanese market and excellent opportunities for business development and expansion for both international and local companies. The exhibition covers a wide spectrum, including prescription medication dispensing systems, IT solutions for pharmacies, medical devices for home healthcare, and packaging machinery. The range is complemented by dietary supplements and functional foods. Another significant aspect of the expo is its location in the Tokyo region and Japan, a country known for its leadership in technology and healthcare. The expo supports the local and national economy by promoting innovations in the healthcare sector. Highlights of the expo include conferences with industry experts, panel discussions, live product demonstrations, and networking events that promote knowledge exchange and business networking. It attracts professionals from various fields, including pharmacy managers, doctors, nurses, and representatives from trading companies. The Pharmacy Solutions Expo is a central event in the series organized by RX Japan Ltd. and takes place in Chiba, a key exhibition location. The Makuhari Messe, with its state-of-the-art infrastructure and capacity for large international gatherings, provides the ideal setting for this high-profile event, where exhibitors and visitors can experience and discuss the latest innovations and trends in the industry."
Nature and Health Fair,08. - 11. October 2026,Slovenia,Ljubljana,Ljubljana Exhibition and Convention Center,www.nature-health.si,"The ""Nature and Health Fair"" in Ljubljana is an international trade show specializing in healthy nutrition and lifestyle. Since its inception in 1969, it has continuously evolved and now attracts thousands of visitors every year. The GR-Ljubljana Exhibition and Convention Centre, a prestigious venue in the Slovenian capital, serves as the backdrop for this unique event. The organizers of the fair place a high emphasis on showcasing a wide array of products, services, and ideas that promote a healthy and sustainable way of life. This includes companies in the field of ecological construction, those advancing renewable energies, and providers in landscape design and waste recycling. Yet, that's just a part of what's on offer. A central focus of the ""Nature and Health Fair"" also rests on manufacturers of healthy foods and eco-friendly cosmetics. A definite highlight of the show is its diversity. Visitors have the opportunity to discover the best from the world of healthy eating and living and get inspired to make sustainable choices. This positions the ""Nature and Health Fair"" as an essential platform for all those valuing a healthy and eco-friendly lifestyle. The Ljubljana Exhibition and Convention Centre offers a modern infrastructure and top-notch facilities, making the fair experience memorable for everyone. Due to its central location in Ljubljana, it's easily accessible and draws professionals and enthusiasts from around the globe. In summary, the ""Nature and Health Fair"" in Ljubljana is more than just a trade show. It's an experience, a source of inspiration, and a gathering place for everyone committed to a healthy and sustainable lifestyle. Anyone keen on exploring the latest trends and developments in this field shouldn't miss out on attending this annual event."
Bazaar of Nations (Basar der Nationen),10. - 18. October 2026,Germany,Hanover,Hannover Messegelände,www.meine-infa.de,"The ""Bazaar of Nations"" is one of the highlights of ""infa"" in Hannover - an annual fair held every October, organized by the prestigious German Messe AG. The Hannover Exhibition Grounds, renowned for its impressive halls and excellent infrastructure, serve as the perfect venue for this event. At the Bazaar of Nations, visitors can embark on a journey around the world without ever leaving the exhibition grounds. They immerse themselves in a world filled with colors, fragrances, and flavors from various countries. This presents a rare opportunity to acquire unique products - ranging from clothing, scarves, accessories, and jewelry to handicrafts, tea, spices, ceramics, and decorative items - directly from the hands of their creators. A special highlight is the ""Piazza Italia"", which stands as the centerpiece of the bazaar. Here, the Italian way of life becomes tangible: from Italian leather goods and fashion to wines and culinary delicacies. For those craving a sweet break, an Italian café tempts with pastries, coffee, and authentic Italian ice cream. Another standout feature is ""The Moccamaker"", a charmingly designed oriental café adorned with Bedouin tents and meticulous decoration, evoking a fairy-tale ambiance. Visitors can relax here with a delicious Mocca amidst the vibrant hustle and bustle of the bazaar. However, the ""Bazaar of Nations"" offers more than just shopping experiences. In collaboration with the UNESCO City of Music in Hannover, a diverse international music and cultural program is showcased on stage, spanning from Capoeira and oriental belly dancing to African music. Every year, the ""Bazaar of Nations"" at the infa attracts countless visitors to Hannover, eager to dive into this global ambiance. The fair has not only established itself as a gathering point for culture enthusiasts and globetrotters but also as a significant platform for international exhibitors and artists."
HORECA JORDAN,11. - 13. October 2026,Jordan,Amman,JIEC Jordan International Exhibition Center,www.horeca-jordan.com,"HORECA JORDAN is a annual trade fair held at the Jordan International Exhibition Center in Amman, Jordan. The name ""Horeca"" represents the core areas of the fair: Hotels, Restaurants, and Cafés. This event is organized by Hospitality Services s.a.r.l, a well-known organization in the region. The fair has become a crucial hub for the hotel, gastronomy, and beverage industries in Jordan and beyond. It offers an extensive range of products and services, including food, frozen goods, meat and seafood varieties, beverages, packaging solutions, kitchen technology and equipment, furniture, and decorative items for restaurants and cafés, uniforms, and other hospitality-related services. A distinctive feature of HORECA JORDAN is its connection to the local culture and economy. It serves as a platform for local and international exhibitors to forge connections with professional visitors from various sectors and simultaneously reflects the culinary trends and innovations of the region. Noteworthy are the numerous attractions of the fair, such as live cooking demonstrations by renowned chefs, tastings, and competitions like the Oriental Cuisine Competition, the Jordanian Cuisine Competition, the International Cuisine Competition, Barista Competitions, and the Cocktail Zero Competition. These are complemented by conferences and live talks with industry experts. HORECA JORDAN is part of the Horeca Exhibitions Series, which also takes place in other countries in the Middle East and is among the largest of its kind in the region. Held annually in Amman, the fair primarily attracts visitors from the hotel, restaurant, and café industries. The Jordan International Exhibition Center, as a modern and well-equipped fairground, provides the ideal environment for this important industry event. In summary, HORECA JORDAN is not just an excellent platform for business relationships and knowledge exchange in the hotel, gastronomy, and beverage industries, but also a vibrant showcase of Jordan's rich culture and culinary diversity. It offers a unique opportunity to network with industry leaders, discover the latest trends, and experience the pulsating heart of hospitality in the Middle East."
BioNord,11. October 2026,Germany,Hamburg,Messe Hamburg,biomessen.info/bionord,"BioNord is an annual trade fair for organic food, natural cosmetics, and health products. Since its inception in 2004, it has been held at Messe Hamburg. The event is organized by Matthias Deppe und Wolfram Müller OHG , a company known for creating high-quality, topic-specific platforms for the organic trade for over two decades. Each autumn, Hamburg becomes a key meeting point for the organic industry. BioNord is tailored to a professional audience, including natural food retailers, health food stores, organic supermarkets, independent retailers, the foodservice industry, and large-scale consumers. It showcases innovative products, services, and forward-thinking concepts. At its core are organic food and natural cosmetics that meet strict ecological standards and are certified according to the guidelines of the Bundesverband Naturkost Naturwaren (BNN) or the Reformhaus eG. What sets BioNord apart is its depth of content. The fair is more than just a venue for product presentation—it is a platform for dialogue. Expert talks, discussion forums, and educational campaigns address key industry topics such as sustainable packaging, resource-efficient supply chains, zero-waste shopping, and current trends in the organic sector. This creates a space for exchange, strategic inspiration, and the development of new ideas. Alongside well-known national brands, numerous regional producers, dairies, wineries, and beekeepers are represented, adding an authentic, artisanal touch to the event. The exhibition is further enriched by a dedicated area called “ReformWelt,” which features high-quality health products. This allows BioNord to serve not only the organic trade but also the health product sector and organic gastronomy. BioNord is part of a nationwide family of trade fairs, which includes BioSüd in Augsburg, BioWest in Düsseldorf, and BioOst in Leipzig. Together, these events cover the full geographic spectrum of the German organic trade—but BioNord remains distinctive thanks to its strong regional ties to Northern Germany. Messe Hamburg, with its modern infrastructure, provides ideal conditions for trade visitors from across the country. Centrally located and easily accessible by public transport, highway, or air, it offers a convenient and inspiring setting. Attending BioNord means more than visiting a trade fair—it means becoming part of a movement that connects quality, responsibility, and innovation."
Food Qatar,12. - 14. October 2026,Qatar,Doha,DECC – Doha Exhibition and Convention Center,food-qatar.com,"Food Qatar is the premier trade fair for the food and beverage industry in Qatar, with influence reaching far beyond the country's borders. Each year, industry professionals gather at the state-of-the-art Doha Exhibition & Convention Center (DECC) , located in the heart of Doha, to showcase the latest developments, products, technologies, and services across the entire food value chain. As the only specialized B2B trade event of its kind in Qatar, Food Qatar offers a highly focused platform for exchange between manufacturers, suppliers, distributors, franchise partners, and industry professionals from both local and international markets. Organized by IFP Qatar – one of the region’s most experienced trade fair organizers – the event positions itself as a targeted business platform for companies looking to enter or expand within one of the Middle East’s most dynamic markets. The exhibition covers the full spectrum of the industry – from industrial processing and packaging equipment to refrigeration technologies and food packaging, as well as fresh, preserved, frozen, and organic food products. Also featured are bakery and confectionery goods, dairy products, ready-to-eat meals, beverages, fast food, snacks, and healthy nutrition concepts. The offering is further enhanced by food franchises, filling machines, and solutions for retail presentation – providing a comprehensive overview of current market trends and emerging business opportunities. Beyond its extensive product range, Food Qatar also delivers high-value content: live demonstrations, technological innovations, and presentations of new developments make the fair a showcase for cutting-edge ideas and a hub for high-level networking. Exhibitors come from a wide range of sectors, including food production and processing, packaging technology, refrigeration, franchising, logistics, and supply chain management. The primary visitors include professionals from wholesale and retail, distributors, franchisees, decision-makers from the hospitality and public sectors, as well as key players in the food industry – all united in shaping the culinary future of the region. The venue – the Doha Exhibition & Convention Center – is centrally located in West Bay, the city’s business district. In addition to its striking modern architecture, it offers excellent accessibility with direct connections to the metro system, downtown Doha, and Hamad International Airport. Visitors can expect a modern infrastructure and an inspiring environment that ensures an efficient, comfortable, and successful trade fair experience."
Food & Hospitality Queensland,12. - 13. October 2026,Australia,Brisbane,Brisbane Convention & Exhibition Center,foodandhospitality.com.au,"Food & Hospitality Queensland is an annual trade fair that has established itself as a key platform for professionals in the food and hospitality industries. Organised by National Media, one of Australia’s leading event organisers, the exhibition is specifically designed for decision-makers, innovators, and entrepreneurs from the fields of hospitality, catering, commercial foodservice, and food production – both within Queensland and beyond. Food & Hospitality Queensland is not only an abbreviation of the event’s official name but also represents the strong connection between food, hospitality, and Queensland – one of Australia’s most economically dynamic states, known for its thriving tourism and culinary sectors. The event takes place at the centrally located Brisbane Convention & Exhibition Centre, situated in the heart of the city. The venue offers state-of-the-art infrastructure and excellent access to public transport. Each year, the fair attracts industry professionals from across the country. At the core of Food & Hospitality Queensland are current developments and forward-looking solutions in areas such as food and beverages, kitchen technology, packaging, and digital innovation in hospitality. Visitors gain practical insights into new products, services, and industry trends – ranging from locally produced specialties and energy-efficient kitchen equipment to sustainable packaging concepts and digital tools for operational efficiency. A particular highlight of the event is its diverse supporting program, which makes Food & Hospitality Queensland a dynamic industry gathering. The prestigious Queensland Chef of the Year competition showcases top culinary talent. The Brisbane Café School offers hands-on workshops for café operators, while the Aged Care Catering Summit addresses key issues in senior nutrition. The Restaurant Profit Workshop rounds out the program with actionable strategies for boosting profitability in hospitality. Exhibitors primarily come from the sectors of foodservice, food retail, hospitality, commercial kitchen equipment, and packaging. The event targets industry professionals such as restaurant owners, hoteliers, café operators, caterers, purchasing managers, head chefs, and F&B executives – those who drive investment and innovation in the sector. Brisbane, a vibrant and modern city with a growing culinary and cultural scene, provides the ideal setting for FHQ. The internationally recognised, accessible venue is easily reached by train, bus, or ferry – a place where innovation and industry networking come together at the highest level."
FoodTech Eurasia,13. - 16. October 2026,Turkey,Istanbul,Tüyap Fair Convention & Congress Center,packagingfair.com/food-tech,"FoodTech Eurasia ranks among the largest and most prestigious trade fairs for food processing and safety in the Eurasian region, and is an annual highlight at the Tüyap Fair Convention & Congress Center in Istanbul. The event gathers industry leaders to present and explore the latest technologies and solutions in food production, storage, and safety. The name ""FoodTech Eurasia"" reflects the event's comprehensive and technological focus. Professional visitors will find a wide range of offerings, from state-of-the-art machinery for confectionery production in the ""SweetTech"" Zone to advanced DairyTech equipment and innovative meat processing systems in the ""Meat Pro-Tech"" Zone. Key themes also include the latest developments in food safety and hygiene, which attract considerable interest. Additionally, products such as chocolate making machines, homogenization systems, cutting and packaging equipment for meat products, extraction and classification systems for fruits and vegetables, cooling units for cold chains, industrial mixers, weight control systems, pasteurization systems, UHT systems, and hygiene equipment are showcased. Organized by Reed Tüyap Fairs and Exhibition Organization Inc., the fair takes place in Istanbul, a city known as a vibrant crossroads between Europe and Asia, making it an ideal venue. This location attracts not only local but also international exhibitors and visitors, offering a unique platform for networking and exchange among manufacturers, suppliers, and professionals from the food industry. Exhibitors represent various sectors, including machinery and plant engineering, as well as food technology and safety. The main visitor group consists of decision-makers, technicians, and developers from the food processing industry, as well as professionals from research and development. The Tüyap Fair Convention & Congress Center, with its central location and excellent transport links, is easily accessible and features modern infrastructure that meets the demands of international trade fairs."
Healthplex Expo,13. - 15. October 2026,China,Shenzhen,Shenzhen World Exhibition & Convention Center,www.hncexpo.com/en/sz,"The Healthplex Expo is one of the leading trade shows in Asia for the health and nutrition industry and is held at the Shenzhen World Exhibition & Convention Center in Shenzhen. This location underscores the importance of the expo with its modern infrastructure and comprehensive capacities, providing ideal conditions for exhibitors and visitors. The Healthplex Expo is organized by Sinoexpo Informa Markets in cooperation with the CCCMHPIE (China Chamber of Commerce for Import & Export of Medicines & Health Products) and the Trade Development Bureau of the Chinese Ministry of Commerce. As one of the leading trade show organizers in China, Sinoexpo Informa Markets ensures the high quality of the event in collaboration with various industry and trade chambers. The wide range of topics at the expo includes natural and nutritious products, dietetics, sports nutrition, probiotics, proteins, plant extracts, and traditional Chinese medicine. Additionally, numerous products and services are showcased, including anti-aging beauty products, facial masks, aromatherapy products, nutritional supplements for children, products for healthy pregnancy and baby food, as well as therapeutic and medical products. The offering also encompasses ginseng products, bee products, massage devices, rehabilitation training equipment, and sports and leisure equipment. The Healthplex Expo attracts professionals from the health industry, including manufacturers, retailers, importers, exporters, medical practitioners, researchers, and consultants. The venue in Shenzhen is easily accessible and offers excellent transportation links to local transport hubs and the city center. With an impressive array of products, knowledge, and networking opportunities, the Healthplex Expo is a vital meeting point for all interested in the health industry and those looking to experience the dynamic Chinese market."
Hi & Fi Asia-China,13. - 15. October 2026,China,Shenzhen,Shenzhen Convention & Exhibition Center,www.fia-china.com/shenzhen,"Hi & Fi Asia-China is an international trade fair for food additives. The abbreviation ""FI"" stands for ""Food Ingredients"". This trade fair takes place in Shenzhen every year.
The event is organized by Sinoexpo Informa Markets International Exhibition Co., Ltd. This company has extensive experience in organizing international trade fairs and exhibitions and has established itself as one of the market leaders in the exhibition industry. The main topics of the trade fair include the latest innovations and developments in the field of food and beverage additives. Exhibitors have the opportunity to present their most innovative products to decision-makers in the industry. The spectrum of products presented at the trade fair ranges from food additives and ingredients to food processing technologies, packaging solutions and much more.
In addition, the trade fair offers a platform for specialist lectures, discussions and networking opportunities. The trade fair is of great importance for both national and international manufacturers as it offers a platform for introducing their brands to the dynamically growing Chinese market. Highlights of the show include new product and innovation launches, networking events, and various competitions and awards ceremonies to recognize outstanding products and companies in the industry.
However, the exact highlights may vary from year to year. Exhibitors at the show come from a variety of industries, including food and beverage manufacturing, food technology and processing, packaging and distribution. Key visitors are usually buyers, distributors and decision makers from the same industries.
Hi & Fi Asia-China is part of a series of FI shows held worldwide, including locations in Europe, the Americas and other parts of Asia."
Food Long Life Japan (LLj),14. - 16. October 2026,Japan,Tokyo,Tokyo Big Sight,hijapan.info,"The Food Long Life Japan (LLj) in Tokyo is an annual event held every October, focusing on the latest technologies and innovations in food preservation. Organized by Informa Markets Japan Co Ltd, one of the country's leading trade show organizers, this exhibition serves as a platform for professionals, manufacturers, researchers, and decision-makers in the food industry to come together and showcase their latest discoveries and products. The expo emphasizes promoting technologies that not only extend the shelf life of food products but also maintain their taste and quality. Given the global challenge of food wastage, the significance of the LLj expo is undeniable. The event provides a platform to reduce losses in the food sector and promote the efficient use of previously untapped resources. Exhibitors have the opportunity to present their latest products, research findings, and business developments in thematic sessions. This includes innovative food additives like longevity enhancers, preservatives, antioxidants, enzymes, and pH regulators. Advanced production equipment such as drying machines, sterilizers, and systems for production control and inventory management are also showcased. Another crucial area covered is packaging technology, including vacuum and gas-replacement packaging, barrier containers, and oxygen scavengers. Moreover, visitors can acquaint themselves with state-of-the-art analytical and measurement instruments, from oxygen transmissometers to pH meters. The event is hosted at the impressive Tokyo Big Sight , one of Japan's largest exhibition and conference centers. Located in the heart of Tokyo, it boasts cutting-edge facilities and an excellent infrastructure for international exhibitors and visitors. Every year, the expo attracts thousands of attendees, ranging from professionals and businesspeople to enthusiasts eager to learn more about the latest trends in food technology. In conclusion, the Food Long Life Japan exhibition in Tokyo is an indispensable event for all those passionate about the future of the food industry and combatting food wastage. It's not just an opportunity to discover the latest innovations, but also a hub for exchange, collaboration, and growth."
FiT Japan,14. - 16. October 2026,Japan,Tokyo,Tokyo Big Sight,hijapan.info,"FiT Japan is the country’s premier trade fair for food ingredients, additives, and technological advancements in the food industry. Held annually at the renowned Tokyo Big Sight exhibition center, it brings together national and international experts to showcase the latest trends and innovations in flavor, quality, and sustainability within the food sector. The event is organized by Informa Markets Japan Co., Ltd. , a globally recognized leader in trade fairs and business platforms. The unique significance of FiT Japan lies in its focused approach to technologies and solutions that not only enhance taste but also ensure product quality throughout the entire value chain. As the only exhibition in Japan dedicated specifically to the functional impact and technological evolution of food ingredients, FiT Japan serves as a key meeting point for product developers, buyers, R&D departments, and decision-makers in the global food and beverage industry. FiT Japan covers a broad yet clearly defined range of topics, spanning from food additives such as sweeteners, flavorings, natural colorants, gelling and acidifying agents to natural ingredients like grains, legumes, herbs, fermented products, and alternative raw materials. Cutting-edge technologies for the sensory evaluation of taste, texture, aroma, and appearance are also featured – including aroma analyzers, texture measurement devices, colorimeters, and specialized software for taste testing. A particular highlight is the dedicated area for fermented ingredients, where the health benefits and flavor-enhancing potential of fermented raw materials are placed in the spotlight. Complementing this is a forward-looking special exhibition on alternative materials, addressing challenges such as resource scarcity and rising raw material costs. Exhibitors represent the entire food production value chain – from raw material manufacturers and technology providers to service partners in contract manufacturing and OEM. Visitors primarily include professionals from product development, quality assurance, research, and procurement – both from Japan and international markets. The event is aimed at key decision-makers in food processing, beverage production, distribution, and retail. As part of the global ""Fi"" (Food Ingredients) event portfolio – with sister shows in Europe, China, and Southeast Asia – FiT Japan is not only a leading event in Japan but also an integral part of the international food industry network. It plays a vital role in advancing the global food sector, with a particular emphasis on the Asian market and Japan’s strong innovation capabilities. Tokyo Big Sight, Japan’s largest and most modern exhibition complex, is conveniently accessible from both Haneda International Airport and central Tokyo. Situated in the heart of this dynamic metropolis and global innovation hub, FiT Japan provides the ideal platform for dialogue on the future of food."
Safety and Technology (S-tec) Japan,14. - 16. October 2026,Japan,Tokyo,Tokyo Big Sight,hijapan.info,"The Safety and Technology (S-tec) Japan in Tokyo, which takes place annually in October, has established itself as Japan's leading and sole trade fair for food safety and quality control. It is organized by Informa Markets Japan Co Ltd and is held at the prestigious Tokyo Big Sight, one of the country's most renowned exhibition centers. In recent years, there has been a growing awareness of food safety in Japan. The S-tec Japan covers a wide range of areas: from analysis and inspection to safety and hygiene, technologies for powdered and liquid foods, and even environmental technologies and packaging techniques. A particular focus of the exhibition is on the latest technological developments and solutions required by the food industry. Exhibitors have the opportunity to showcase their latest products, research findings, and business developments. One of the event's highlights is the special exhibitor presentations, where leading companies offer insights into the latest trends, such as AI technology or rapid hygiene inspection techniques. S-tec Japan attracts a multitude of professionals from the food industry, from producers and researchers to quality assurance teams. It's not just a platform for networking and forging business relationships; it also offers informative special conferences with renowned speakers discussing advancements in food safety, quality control, marketing trends, and much more. The venue, Tokyo Big Sight, boasts impressive infrastructure with state-of-the-art facilities and is easily accessible, which adds to the appeal of the event and attracts visitors from all over Japan and beyond. In conclusion, S-tec Japan in Tokyo is a must-attend for all professionals in the food industry. It's not just a showcase for the latest innovations and trends but also a place where knowledge is shared, networks are established, and future business opportunities are shaped."
Hi Japan,14. - 16. October 2026,Japan,Tokyo,Tokyo Big Sight,www.figlobal.com/japan/en/home.html,"The Hi Japan in Tokyo is an annual exhibition held every October, dedicated to showcasing innovative technologies and solutions in the realms of flavor, texture, and color of food products. Organized by Informa Markets Japan Co Ltd, it stands as a flagship event and has established itself as the leading exhibition in Japan, focusing on the perpetual pursuit of culinary excellence in the food industry. Hi Japan brings together an impressive array of vendors, presenting both traditional and futuristic ingredients and technologies aimed at enhancing the flavor and texture of foods. From savory to sweet flavor profiles, extending to methods of flavor preservation, the expo serves as a true melting pot of culinary innovations. Central to the expo are themes such as food additives, which include seasonings, sweeteners, gelling agents, natural pigments, and much more. Natural ingredients ranging from fruits and vegetables to grains, beans, herbs, spices, and fermented goods are showcased. Moreover, assessment technologies are introduced, including devices like flavor and odor sensors, aroma analyzers, and texture measurement tools, along with advanced manufacturing methods such as vacuum distillation, freeze-drying, and high-pressure processing. In addition to exhibitor presentations, where new products and research findings are unveiled, Hi Japan hosts special conferences featuring eminent speakers. Here, the latest advancements in ingredient technology, marketing trends, and progress in food safety and quality control are discussed. Hi Japan is hosted at the prestigious Tokyo Big Sight, an imposing exhibition and conference center located in the heart of Tokyo. The venue offers state-of-the-art infrastructure and is home to some of Japan's most significant trade fairs and events. Over recent years, the significance of Hi Japan has been on a continuous rise. With every iteration, it attracts a growing number of attendees, including development professionals, food service providers, and traders from both domestic and international circles. Hi Japan not only represents the future of food technology and innovation in Japan but also sets standards for the global food industry. It's a must-attend for anyone passionate about culinary innovations and future trends in the food and beverage sector."
China Xiamen International Tea Fair,15. - 19. October 2026,China,Xiamen,Xiamen International Conference & Exhibition Center,teafair.com.cn,"The China Xiamen International Tea Fair is one of the world’s leading trade fairs for the tea industry, serving as a key platform for innovation, commerce and cultural exchange centred on tea. The event takes place at the Xiamen International Conference & Exhibition Center, one of the largest and most technologically advanced exhibition venues in Southeast China. It is hosted in the coastal city of Xiamen, an ideal location thanks to its historical significance in the global tea trade and its position within the renowned tea-growing region of Fujian. Since its inception in 2010, the fair has been organised by Xiamen Jinhongxin Exhibition Co., Ltd., an experienced organiser specialising in international trade exhibitions. Held twice a year, typically in spring and autumn, the China Xiamen International Tea Fair consistently reflects the latest industry trends, innovations and market developments. It covers the full spectrum of the tea sector—from traditional and contemporary tea products to machinery, packaging solutions, tea culture, design and tourism. Particularly notable is the breadth of products on display, ranging from premium green, black, white and oolong teas to rare specialities such as Tie Guan Yin and Da Hong Pao. The offering is complemented by tea ware made from ceramics, glass and bamboo, innovative accessories, and advanced machinery for processing, packaging and quality control. A key strength of the fair lies in its clear structure and thematic organisation. Distinct exhibition zones provide focused orientation while creating space for innovation, including new tea beverages, sustainable packaging concepts and holistic design solutions related to tea. At the same time, the fair serves as a cultural platform where traditional Chinese tea artistry meets contemporary interpretations. Exhibitors represent the entire tea value chain, including tea producers, machinery manufacturers, packaging companies, designers, and providers in tea tourism and lifestyle sectors. The visitor profile is equally diverse: buyers, importers, wholesalers, hospitality professionals, brand developers and investors all attend with a view to business development, market intelligence and networking. The fair’s close ties to the Fujian region lend it a strong sense of authenticity, as tea has been produced, traded and culturally embedded here for centuries. This heritage, combined with modern infrastructure and an international outlook, makes the event truly distinctive. With excellent transport links—including an international airport, high-speed rail connections and well-developed urban infrastructure—the venue is easily accessible for international visitors while offering an attractive setting on China’s southeast coast."
FARMER,15. - 18. October 2026,Moldova,Chişinău,International Exhibition Centre MoldExpo,www.farmer.moldexpo.md,"The FARMER Expo in Chișinău is a prestigious annual event held every October at the MoldExpo International Exhibition Center. It is organized and supported by the Ministry of Agriculture, Regional Development, and Environment of the Republic of Moldova. This trade fair serves as a central platform where leading national and international players in the agricultural sector converge. As the cornerstone of agro-industrial developments in Moldova, FARMER showcases the latest advancements in agricultural products, equipment, and technologies. The event goes beyond merely presenting products, but also celebrates the achievements and successes of the most efficient agricultural enterprises from all regions of the country. Furthermore, the expo provides a platform to discuss current issues, share positive experiences, and devise future strategies for the industry. The MoldExpo International Exhibition Center, the venue for the fair, is not just a striking location for such a significant event but also offers an ideal environment for business activities. Within the scope of the expo, pertinent topics are addressed against the backdrop of current challenges in agriculture and global trends. Accompanying international conferences, seminars, and round tables provide attendees with additional opportunities to learn about the latest products and market trends. A distinctive feature of the expo is the participation of numerous international companies introducing their innovative products and services. This promotes interaction between local and international stakeholders and contributes to the expansion of business partnerships as well as networking with financial institutions, industrial companies, and academic institutions from the Republic of Moldova and beyond. In conclusion, the FARMER Expo in Chișinău is a hub for innovation, collaboration, and progress in Moldova's agricultural sector, making an indispensable contribution to the development and strengthening of agriculture in the region."
GENUSSWELTEN,16. - 18. October 2026,Austria,Vienna,Palais Auersperg,genusswelten.at,"The ""GENUSSWELTEN""in Vienna is more than just a fair – it is an annual celebration for everyone who appreciates fine food and quality beverages. Twice a year, ""Genusswelten"" presents a unique combination of trade fair and public exhibition, making this culinary event appealing to gourmets and industry professionals as well as interested food lovers who want to discover, experience, and taste exquisite specialties. With carefully selected exhibitors, the fair provides an exclusive opportunity to explore both regional and international delights. From fine cheeses, freshly baked bread, and artisan pastries to rare teas, select spices, refined condiments, and exquisite wines, beers, and spirits – connoisseurs will find a feast for the senses. Direct encounters between producers and visitors foster trust and offer authentic insights into the origins, quality, and craftsmanship behind the products. A varied supporting program enhances the experience: live cooking shows reveal the art of culinary craftsmanship, interactive workshops deepen knowledge about preparation and taste, and exclusive tastings invite visitors to discover and indulge. Seasonal theme worlds add variety and give each edition its own distinctive character. GENUSSWELTEN is the meeting place for all who wish to experience food and drink with all their senses – informative, delightful, and authentic."
Dairy Industry Expo,16. - 18. October 2026,India,Kolhapur,Ramkrishna Multipurpose Hall,dairyindustryexpo.com,"The Dairy Industry Expo, initiated by Benison Media in 2016, is an annual trade fair that delves deeply into the entire value chain of the dairy industry and its processing sector. Often simply abbreviated as ""DIE"", the event's name represents a specialized platform facilitating the exchange of expert knowledge, showcasing new innovations and technologies, and fostering business connections within the industry. At the Dairy Industry Expo, a multitude of topics spanning the entire dairy sector are addressed: from animal genetics and dairy farming technology to milk processing, food processing techniques, and other specialized technologies. A plethora of products and services are showcased, including infrastructure, genetics, milking machinery, animal health, feed technology, packaging, quality assurance, refrigeration technology, automation, energy production, and waste management. The exhibitors represent a diverse range of sectors: from breeders and dairy farmers to producers of value-added products, dairy cooperatives, consultants, feed technology specialists, packaging companies, and research institutions. The audience primarily consists of dairy industry professionals, decision-makers, retailers, and veterinarians. Moreover, the expo serves as a platform for both national and international brands to introduce their latest innovations. A particular highlight of the event is the portrayal of the current market scenario in India's dairy sector and discussions about future trends and developments."
SIAL,17. - 21. October 2026,France,Paris,Paris-Nord Villepinte Exhibition Center,www.sialparis.com,"The SIAL Paris, a biennial trade fair first held in 1964, is recognized as the world's leading food exhibition. Exclusively for professionals in the food industry, it takes place in even-numbered years each October at the prestigious Paris-Nord Villepinte Exhibition Center. Organized by Comexposium, one of the world's leading event organizers, the fair underscores the significance and global influence of the SIAL. As a global platform, SIAL Paris offers a unique opportunity to explore the latest innovations and trends in the food industry. Exhibitors from around the world showcase a wide range of products—ranging from frozen foods and ready-made meals to organic goods and specialty products for specific dietary needs, such as gluten-free or dietetic foods. Special emphasis is placed on sustainability and sustainable development, which are becoming increasingly important. Companies focusing on these aspects receive particular attention, making the fair a crucial platform for forward-looking business practices. Among the highlights of the exhibition is the In-Food Centre, where semi-finished products, ingredients, and equipment for food processing are showcased. Another key attraction is the ""La Cuisine"" area, which draws visitors with live culinary demonstrations, a VIP restaurant, and a culinary photo exhibition. Located near Paris, the Paris-Nord Villepinte Exhibition Center provides excellent infrastructure and is easily accessible, making it an ideal venue for international visitors. With a comprehensive range of topics and products, SIAL Paris sets the standard in the food industry, offering an unparalleled opportunity for professionals to network, learn, and be inspired."
VeggieWorld,17. - 18. October 2026,Germany,Hamburg,Messehalle Hamburg-Schnelsen,www.veggieworld.eco/hamburg,"VeggieWorld in MesseHalle Hamburg-Schnelsen is the leading and largest trade and public fair focused on the vegan lifestyle, held annually in Hamburg. Since its founding in 2016, the event, organized by Wellfairs GmbH , has established itself as an essential platform for those interested in vegan nutrition, sustainability, and conscious living. It brings together industry professionals from the food and cosmetics sectors and private visitors who are looking to be inspired by the diversity of vegan products. The MesseHalle Hamburg-Schnelsen , a modern venue with excellent infrastructure and accessibility, provides the perfect setting to showcase the global spectrum of vegan innovations. In addition to cutting-edge products such as dairy and meat alternatives , superfoods , vegan sweets , cosmetics , and sustainable fashion and lifestyle items , the fair emphasizes direct engagement with manufacturers. Visitors can have personal conversations at the stands, gaining deeper insights into the production processes , ingredients , and health benefits of the featured products. VeggieWorld is more than just a trade fair. It offers an extensive supporting program with free lectures , interactive workshops , and exciting cooking shows , inviting participants to join in and discover new ideas for a sustainable vegan lifestyle. These interactive events turn the fair into a vibrant experience for all the senses, allowing visitors to explore veganism as a life philosophy that promotes joy, awareness, and sustainability . The unique combination of diverse product worlds , personal exchanges with manufacturers, and an inspiring event program makes VeggieWorld Hamburg an unparalleled experience—whether you're a newcomer, curious explorer, or long-time advocate of the vegan lifestyle."
Saudi Agrofood,19. - 22. October 2026,Saudi Arabia,Riyadh,RICEC Riyadh International Convention & Exhibition Center,saudi-agriculture.com,"The Saudi Agrofood exhibition presents itself as an international showcase through which Saudi Arabia's enduring tradition and innovative advancements within the food and beverage industry can be experienced. It provides a platform on which exhibitors can present their latest products, technologies, and services in the field of food production, processing, and packaging to a wide audience. The name of the exhibition, ""Saudi Agrofood,"" combines the terms ""Agriculture"" and ""Food,"" thereby elucidating the thematic focuses of the event: the entire production cycle of foodstuffs, from agriculture to consumption. The exhibition firmly resides in the capital city of Riyadh and takes place in the renowned RICEC (Riyadh International Convention & Exhibition Center), known as the vibrant heart for business events in the region. The Saudi Agrofood is organized annually by REC (Riyadh Exhibitions Company Ltd.), which has made a name for itself by organizing a variety of successful events. The main topics of the exhibition cover a broad spectrum, ranging from raw materials and ingredients, through processing and packaging technologies, to final products like confectioneries, baked goods, and beverages, all of which hit the pulse of the industry and meet consumer tastes. Exhibitors from various sectors, including production, processing, packaging, and food distribution, convene to showcase their innovations, services, and products. The range of products displayed spans from food technologies, various foods, and beverages, to specialized solutions for food processing and packaging. The exhibition primarily attracts trade visitors from various sectors, such as food manufacturing, catering, hotel and restaurant industry, as well as retail and wholesale traders. It thus forms an interactive network that promotes business relationships and stimulates technological advancement. In the context of the country and, especially, the city of Riyadh, Saudi Agrofood reflects the rapid development and modernization of the Saudi food industry by underpinning national and international business relationships and promoting the exchange of new technologies and ideas. Riyadh, as an exhibition location, not only offers a strategically advantageous location, easily accessible from various international locales but also an impressive cultural and economic backdrop in which tradition and progress enter into a unique symbiosis. The RICEC as a venue, central yet imposing, provides state-of-the-art facilities and technologies and ensures an efficient, comfortable, and inspiring exhibition experience for both exhibitors and visitors. Overall, Saudi Agrofood represents an indispensable event that significantly contributes to illuminating, discussing, and advancing developments, challenges, and opportunities in the food industry in Saudi Arabia and beyond."
Seafood Show Latin America,20. - 22. October 2026,Brazil,Sao Paulo,Centro de Convenções - Distrito Anhembi,seafoodshow.com.br,"Held annually in October, the ""Seafood Show Latin America"" is a prestigious industry gathering with a focus on the Latin American seafood trade. Since its inception in 2022, it has quickly established itself as a central platform for the fish market in Brazil and is the first event to highlight the commercial fish exchange across the entire continent. It's organized by Francal Feiras, the leading trade fair organizer in Brazil, in collaboration with ""Seafood Brasil,"" a crucial communication platform aimed at increasing fish consumption. The fair's objective is to create business opportunities throughout the entire production chain. This includes producers, suppliers, slaughterhouses, retailers, wholesalers, gastronomic establishments, importers, exporters, and machinery manufacturers. The event covers a broad spectrum of topics spanning the entire food sector: from fresh and frozen fish to processed products and canned goods, specialized tools, and by-products such as skin, scales, flour, and oil. Additionally, in the technology sector, comprehensive solutions ranging from storage and packaging, gastronomic equipment, logistics to automation and traceability are showcased. A particular highlight of the ""Seafood Show Latin America"" is its venue: The Pro Magno Centro de Eventos in São Paulo, a modern and spacious exhibition center boasting state-of-the-art facilities and excellent infrastructure. Each year, the fair attracts a remarkable number of visitors, including professionals, decision-makers, and enthusiasts from the fish and seafood sector. In summary, the ""Seafood Show Latin America"" is not just an opportunity to conduct business and network but also an outstanding showcase for innovations and advancements in the entire Latin American seafood trade. It's undoubtedly an essential event for anyone involved in or interested in the fish industry."
Bakery and Confectionery Industry,21. - 23. October 2026,Ukraine,Kiev,IEC - International Exhibition Center,www.iffip.kiev.ua,"The ""Bakery and Confectionery Industry"" trade fair, an international highlight in the confectionery and bakery industry, is held annually at the International Exhibition Center (IEC) in Kyiv. Organized by the Kyiv International Contract Fair, it serves as a central meeting point for experts and enthusiasts from the bakery and confectionery sectors. It reflects significant trends in both the global and Ukrainian markets and plays a crucial role in advancing the national bakery industry. The event's focal point is the presentation of the latest achievements and technologies. It showcases state-of-the-art manufacturing machinery and exquisite ingredients that captivate every professional visitor. The fair acts as a showcase for products and services and promotes the exchange of ideas and innovations. Additionally, seminars and conferences provide deeper insights into the industry. The main themes of the fair include the latest developments and innovations in the bakery and confectionery fields. These encompass new technologies and equipment for production, innovative ingredients and raw materials, advanced packaging and labeling solutions, as well as systems for quality assurance and hygiene. The fair attracts numerous exhibitors from various segments of the bakery and confectionery industries and is primarily visited by professionals and specialists. It supports the development of the national industry and introduces the latest Ukrainian trends. As part of the International Forum for Food Industry and Packaging (IFFIP), the fair takes place concurrently with the Pack Fair, Foodtechmash, and Food Expo Ukraine, offering a comprehensive overview of the entire production cycle. In summary, the ""Bakery and Confectionery Industry"" fair is an integral part of the industry, combining local and international perspectives. The easily accessible and well-equipped IEC in Kyiv provides the ideal setting for this significant industry event."
Food Expo,21. - 23. October 2026,Ukraine,Kiev,IEC - International Exhibition Center,www.iffip.kiev.ua,"The ""Food Expo"", an annual international trade fair for food and beverages, takes place at the International Exhibition Center in Kyiv, Ukraine. As an integral part of the International Forum for Food Industry and Packaging (IFFIP), it has evolved into the leading platform for the food sector in Ukraine. Organized by the Kyiv International Contract Fair, it regularly brings together a multitude of manufacturers, producers, suppliers, and traders from the relevant industry. At the ""Food Expo"", national, international, and regional exhibitors offer a comprehensive range of products and services. This includes meat, fish, cheese, dairy products, coffee, tea, juices, water, cereals, baked goods, and fruits and vegetables. Special attention is given to extraordinary creations and specialties of various flavors. The fair provides international and new brands access to the Ukrainian market and supports established companies in increasing their brand recognition, generating new business, and maintaining existing business relationships. The ""Food Expo"" is closely linked with the city of Kyiv and the country of Ukraine, reflecting the cultural diversity and gastronomic wealth of the region. In addition to the product variety, various business events are highlights of the fair, promoting networking among participants and providing insights into new developments and future perspectives of the industry. Exhibitors and visitors of the ""Food Expo"" come from a variety of sectors within the food and beverage industry, including: meat and fish industry, dairy industry, beverage industry, bakery and confectionery, fruit and vegetable processing, dietary supplements and health foods, packaging industry, food technology and equipment. This wide range of sectors allows the ""Food Expo"" to present a comprehensive picture of current trends, products, and innovations in the food and beverage industry. In summary, the ""Food Expo"" plays a significant role in the food and beverage industry due to its extensive offerings and easy accessibility. The modern infrastructure of the International Exhibition Center in Kyiv further enhances the importance of this fair."
NHNE China International Natural Health & Nutrition Expo,21. - 23. October 2026,China,Beijing,China International Exhibition Center Shunyi New Venue,www.nhnexpo.com/En,"The NHNE China International Natural Health & Nutrition Expo is one of Asia’s leading trade fairs for health, nutrition and dietary supplement products. It serves as a key meeting point for manufacturers, brand owners, distributors, importers and industry professionals from across the global health and nutrition sector. The event takes place at the China International Exhibition Center (Shunyi New Venue) in Beijing, one of the largest and most advanced exhibition centres in China. NHNE is organised by Reed Sinopharm Exhibitions Co., Ltd., a joint venture between the international exhibition organiser Reed Exhibitions and the Sinopharm Group, one of China’s largest healthcare and pharmaceutical corporations. The exhibition focuses on the future of health, preventive care and modern nutrition. Covering a broad range of industry segments, NHNE showcases products and solutions in dietary supplements, functional foods, health foods, probiotics, prebiotics, microbiome applications, sports nutrition, weight management, senior and child nutrition, and medical nutrition. In addition, the exhibition features raw materials and ingredients used in the production of nutraceuticals and functional foods, including plant extracts, algae-based products, peptides, vitamins, minerals, omega-3 products and innovative bioactive ingredients. The offering is further complemented by OEM and ODM services, private-label solutions, packaging technologies and consultancy services for companies seeking to enter the Chinese market. A particular strength of NHNE is its strong emphasis on innovation and knowledge exchange. More than 30 conferences, forums and live events take place alongside the exhibition, bringing together experts, scientists and industry leaders to discuss the latest research findings, regulatory developments and market trends. These sessions provide valuable insights into the future of the health and nutrition industry, making NHNE far more than a conventional product showcase. Key topics include personalised nutrition, gut health, healthy ageing, functional ingredients, cross-border e-commerce and emerging distribution models in the Chinese market. Exhibitors primarily represent the dietary supplements, functional foods, health products, pharmaceuticals, biotechnology, food technology, raw materials, packaging, contract manufacturing and healthcare services sectors. International companies use NHNE as a strategic platform to establish and strengthen their presence in China while building business relationships with distributors, retailers and e-commerce operators. The exhibition attracts a wide range of professional visitors, including purchasing managers from retail chains, pharmacies, drugstores and specialist health retailers, as well as importers, wholesalers, distributors, manufacturers, brand managers and product developers. Representatives from hospitals, nutrition institutes and healthcare organisations also attend, alongside investors and senior decision-makers from the e-commerce, cross-border trade and healthcare management sectors. The China International Exhibition Center (Shunyi New Venue) offers state-of-the-art infrastructure, extensive exhibition space and excellent transport connections. Located close to Beijing Capital International Airport, the venue is easily accessible via major expressways, taxi services, shuttle buses and Beijing’s public transport network."
Food Japan,22. - 24. October 2026,Singapore,Singapore,Suntec Singapore Convention & Exhibition Centre,oishii-world.com,"Food Japan is a specialized trade fair for the food and beverage industry, as well as gastronomy, which has been held annually at the Suntec Singapore Convention & Exhibition Centre since 2012. It has established itself as a significant platform specifically aimed at Japanese culinary products and services, and seeks to create connections between Japanese suppliers and an international audience. The fair showcases a wide array of products, including agricultural produce, alcoholic and non-alcoholic beverages, seafood, and traditional crafts. It also presents the latest technologies and machinery for food processing, along with consulting and educational services. The event is organized by MP Expositions Pte Ltd., which is committed to promoting Japanese culinary culture on an international scale. The fair provides an essential platform for exchange and networking, where exhibitors and visitors alike can benefit from the latest trends and innovations. The exhibitors represent a broad range of industries, including agriculture and the beverage industry, making the fair a key meeting point for professionals in the food sector. The main target audience of the fair includes representatives from business and trade associations, department stores, the financial services sector, and importers and exporters. In conclusion, ""Food Japan"" in Singapore stands out not only because of its central location in the heart of Asia and its accessibility but also due to the modern infrastructure of the Suntec Singapore Convention & Exhibition Centre. This makes the fair an indispensable event for anyone professionally or privately involved with Japanese gastronomy and the food industry."
Kaohsiung Food Show,22. - 25. October 2026,Taiwan,Kaohsiung,KEC Kaohsiung Exhibition Center,www.foodkh.com.tw,"The Kaohsiung Food Show, held in Kaohsiung, is a food industry trade show that takes place annually in October. Organized by the Taiwan External Trade Development Council (TAITRA), it stands as one of the most significant international platforms for manufacturers, exhibitors, and decision-makers within the food industry. The Kaohsiung Exhibition Center, a modern and strategically located venue in Kaohsiung, opens its doors for this event, providing the perfect backdrop for business networking and the showcasing of new products. Each year, the show attracts thousands of industry professionals interested in fostering business relationships, discovering innovative products, and establishing new contacts. The expo features a wide range of product categories: from fresh fruits and agricultural produce to meat, dairy, and fish products, and even exotic spices. Frozen and prepared items, dehydrated foods, coffee, tea, wine, spirits, and other beverages are also on display. Additionally, there's a selection of confectionery, biscuits, and health foods, making the show a comprehensive display of the food industry. A particular highlight of the Kaohsiung Food Show is the fusion of traditional Taiwanese products with international innovations. This positions the show not only as a meeting point for local manufacturers but also as a global hotspot for those seeking the latest trends and taste experiences. In summary, the Kaohsiung Food Show is an indispensable event for anyone in the food industry. It offers not only the opportunity to explore the latest products and trends but also the chance to forge valuable business relationships and better understand the vibrant Asian market."
Good Food & Wine Show,23. - 25. October 2026,Australia,Brisbane,Brisbane Convention & Exhibition Center,goodfoodshow.com.au/brisbane,"The Good Food & Wine Show Brisbane is an annual culinary event that has established itself as a special highlight for food lovers and connoisseurs. Since joining the national event series in 2005, it has been held at the Brisbane Convention & Exhibition Centre (BCEC), a modern venue located in the heart of South Bank – the city’s cultural and gastronomic hub. With its excellent infrastructure and central location, the BCEC provides the perfect setting for a show that combines fine food and drink with entertainment, education, and direct encounters with producers. The show was first launched in Melbourne in 2001 and quickly developed into a nationwide success. Today, it forms part of a series of events also hosted in Sydney, Melbourne, and Perth. It is organized by Diversified Exhibitions Australia, an experienced event company specializing in both trade and consumer formats, with a focus on connecting industries, opening up markets, and showcasing innovation. The Good Food & Wine Show Brisbane appeals to both passionate consumers and industry professionals. Rather than serving primarily as a sales platform, it presents itself as a multisensory experience that celebrates food, drink, and culinary culture. At its core are the opportunities to connect directly with producers, experience culinary processes live, and gain knowledge in an engaging and entertaining way. One of the show’s main attractions is the series of live cooking demonstrations featuring well-known Australian chefs. These sessions not only showcase culinary skill but also offer audiences practical tips and personal insights into each chef’s philosophy. Another highlight is the Wine & Beverage Zone, where visitors can taste premium wines, craft beers, ciders, and spirits while speaking directly with winemakers and producers. The focus goes beyond individual products, highlighting entire wine regions such as the Barossa Valley, Margaret River, McLaren Vale, and the Granite Belt, each with its own geographic, cultural, and tourism identity. The event also features a wide selection of street food, gourmet products, cheese, chocolate, and delicacies. Guests can enhance their experience by joining paid masterclasses and workshops led by experts, covering topics such as wine pairing, cocktail making, and advanced cooking techniques. Visitors also have the chance to meet culinary personalities in person, collecting autographs and photos during post-show meet-and-greets. A distinctive element of the show is the strong involvement of food artisans and producers, who share insights into their craft, explain production processes, and communicate the philosophy behind their products. This direct exchange creates an authentic experience and emphasizes the event’s focus on quality, regional identity, and innovation. More than just a consumer fair, the Good Food & Wine Show Brisbane is an interactive celebration of taste that brings together gastronomy, learning, and entertainment at a high level – an annual highlight for anyone who not only enjoys food and drink, but also wants to understand, experience, and share them."
CMPL Expo,23. - 24. October 2026,India,New Delhi,Yashobhoomi India International Convention & Expo Centre,www.cmplexpo.com,"The CMPL Expo is India's leading trade fair for fast-moving consumer goods and private labels, showcasing a wide array of products and services from the food and non-food sectors. The abbreviation ""CMPL"" stands for ""Consumer Market Products Limited,"" emphasizing the fair's focus on the consumer market. The expo is held annually at the YashoBhoomi Convention Centre in Dwarka, New Delhi, attracting industry experts from across India and around the world. It is organized by CMPL Expo-Connect LLP, a company specializing in the organization of trade shows and large-scale events. The event serves as a platform to present the latest trends and innovations in various sectors such as Ayurveda, beauty, cosmetics, household and home care, food, health products, flavors and fragrances, mother and baby care, packaging, private label development, as well as tea, coffee, and beverages. A particular focus is on products like extracts, essential oils, organic products, Ayurveda and Unani items, and herbal products. Additionally, a broad selection of personal care products and hygiene items, as well as state-of-the-art production and processing equipment, are showcased. The fair holds significant importance for the city of New Delhi and for India as a whole, as it serves as a crucial meeting point for local and international traders and distributors. Highlights include expert conferences and the CMPL Disruptors Awards, which recognize and honor outstanding achievements in the development of private brands. Exhibitors come from various industries, including the food industry, cosmetics, healthcare, and technology. The main visitor groups include wholesalers, distributors, retailers, e-commerce platforms, and professionals from the health and wellness sector. The YashoBhoomi Convention Centre, the venue for the CMPL Expo, is a modern and accessible convention center located near major transport hubs in New Delhi. It provides excellent infrastructure and technological facilities for exhibitors and visitors from all over the world."
SupplySide Global,26. - 30. October 2026,USA,Las Vegas,Mandalay Bay Convention Center,www.supplysideglobal.com/en/home.html,"The annual "" SupplySide Global "" expo, held at the Mandalay Bay Convention Center in Las Vegas, serves as a leading platform in the health and nutrition industry. Organized by Informa Markets, a trading division of Informa PLC, it brings together buyers and suppliers from the fields of dietary supplements, functional foods, beverages, personal care, and sports nutrition. The event aims to foster networking and present the latest industry trends and scientific innovations. Dynamic and easily accessible, Las Vegas underscores the international significance of the expo through its infrastructure and global connectivity. SupplySide Global showcases a diverse array of products and services—from ingredients for food and beverages to flavors, production machinery, packaging, and laboratory testing. The broad range of exhibitors includes contract manufacturers, wholesalers, distributors, and legal and regulatory representatives, making the expo a comprehensive industry event. The main attendees are professionals such as product developers, marketing experts, and business leaders who seek to stay informed about new trends and forge valuable business relationships. The expo also offers a variety of educational and networking events, including workshops with experts and specialized forums, making it an indispensable event for stakeholders in these dynamic markets. The Mandalay Bay Convention Center not only impresses with its considerable capacity and modern facilities but also with its proximity to the Las Vegas International Airport, making it an ideal venue. For those interested in the latest developments in health and nutrition, ""SupplySide Global"" provides an excellent opportunity to meet industry leaders from around the world."
Gastrónoma,26. - 28. October 2026,Spain,Valencia,Feria de Valencia,www.gastronoma.es,"The Gastrónoma is a renowned Mediterranean Gastronomic Fair, held annually at the Feria de Valencia in Valencia. The fair is organized by Feria Valencia. It serves as a platform for suppliers and professionals in the gastronomy sector to showcase their latest products and services and to establish business connections. As the most prominent event of its kind in this region, it revitalizes and strengthens the entire value chain of gastronomy. Here, innovative products and services ranging from machinery and equipment for the food industry to the finest culinary creations and beverages are presented. Key features of the fair include gourmet bars where visitors can sample haute cuisine tapas, the Plaça de l'Artesania, focusing on artisanal products, as well as special sections for gourmet restaurants, spirits, artisanal cheeses, and much more. Exhibitors come from various sectors such as wineries, small-scale producers, artisan workshops, and the food industry, showcasing their newest creations. The main attendees of the fair comprise experts from the hospitality industry, restaurants, bakeries, patisseries, hotels, and catering businesses, as well as bloggers, sommeliers, and restaurateurs. This diverse range of professionals provides an excellent opportunity for networking and business development. Highlights of the fair include presentations and live cooking demonstrations by top chefs, tastings and training sessions about wine and cava led by renowned sommeliers, a section dedicated exclusively to extra virgin olive oil, a forum for professional pastry chefs, and much more. The Gastrónoma is not just a fair but also a tribute to the rich culinary culture of Valencia and Spain as a whole. It reflects the culinary traditions and diversity of the Mediterranean region. In conclusion, it should be emphasized that the Feria de Valencia, with its modern infrastructure and accessibility, is the ideal venue for such a prestigious event. Valencia itself, with its rich history and culture, provides the perfect backdrop for a fair that celebrates the finest culinary offerings of the Mediterranean."
WorldFood Ukraine,27. - 29. October 2026,Ukraine,Kiev,IEC - International Exhibition Center,worldfood.com.ua,"WorldFood Ukraine is the leading trade fair for food and beverages in Ukraine. It takes place annually at the International Exhibition Center (IEC) in Kyiv, the country's capital, and is organized by Premier Expo – a seasoned organizer of international trade exhibitions. The event is exclusively aimed at trade visitors and serves as a key platform for companies, producers, traders, distributors, retailers, and industry experts from across the food and beverage sector in Eastern Europe. Its distinctive profile stems from a holistic concept that goes beyond a traditional product showcase. In addition to presenting current trends and innovations, the fair features a diverse supporting program with expert talks, seminars, workshops, tastings, and business events. These formats specifically address the current challenges and opportunities within the industry. A highlight of the event is the annual “Novelty Alley”, where new products that have not yet reached the market are presented exclusively. This area offers visitors early insights into developments that could shape future market dynamics – a real advantage for innovation-driven businesses. The scope of WorldFood Ukraine covers the entire industry spectrum: from meat, poultry, fish, and seafood to dairy products, frozen foods, fruits and vegetables, organic products, confectionery, and snacks, as well as alcoholic and non-alcoholic beverages, tea, coffee, spices, and delicacies. In addition, the fair targets the HoReCa sector (hotels, restaurants, catering), showcasing modern kitchen technologies, equipment solutions, and industry-specific services. Technological innovations also play a central role. Topics such as packaging, logistics, raw materials, ingredients, retail solutions, shopfitting, IT systems, and marketing services are firmly integrated into the event. This comprehensive approach maps the entire value chain – from production to the point of sale – and attracts a wide range of participants, including service providers and technology suppliers. Thanks to its in-depth content, clear focus on trade professionals, and strategically advantageous location in Kyiv, WorldFood Ukraine serves as an international hub for business development, industry networking, and market analysis in the Eastern European region. With its emphasis on innovation, quality, and business growth, it is far more than a trade fair – it is a pivotal meeting point for decision-makers in the food industry seeking new impulses, partnerships, and opportunities for expansion."
FoodTech,27. - 29. October 2026,Denmark,Herning,MCH Messecenter Herning,www.foodtech.dk,"FoodTech in Herning is a pivotal meeting point for innovations in the food industry and the largest trade fair for Scandinavian food manufacturers and their suppliers in Northern Europe. This trade fair, exclusively for industry professionals, takes place biennially in the fall and lasts three days. Since its inception in 1997, FoodTech has established itself as an international platform that provides professionals with exclusive insights into the latest developments and technologies. The event is held at the MCH Messecenter Herning, one of Denmark's leading exhibition centers, equipped with modern facilities and flexible space configurations, ideal for large-scale events of this nature. FoodTech focuses on specialized areas such as machinery for food processing and packaging solutions, showcasing advanced trends, including 3D printing technology in the food sector. A highlight of the fair is the International Food Contest, a competitive platform that rewards quality and innovation in the food industry. The program is complemented by the IFC Water Congress, which addresses issues of water and energy, and also features industry-specific lectures and tours. Another standout is the Danish 3D Printing Championship, which challenges the creativity and technical skills of participants. With its comprehensive offerings, FoodTech reaffirms its role as a key driver of progress and networking in the food industry, positioning itself as a unique event tailored specifically to the needs of the sector. It is an indispensable event for anyone interested in the future of food technology and production."
INDAGRA FOOD,28 Oct. - 01 Nov. 2026,Romania,Bucharest,Romexpo Exhibition Center,www.indagra-food.ro/en,"The INDAGRA FOOD in Bucharest is an international trade fair for the food industry. It is organized by Romexpo S.A. and takes place annually in October at the renowned Romexpo Exhibition Center. This center is recognized as one of the leading exhibition venues in Southeast Europe and provides ideal conditions for such a large-scale event. The fair serves as a meeting point, connecting food producers with manufacturers specializing in food processing technology. This creates a dynamic platform where professionals have the opportunity to discuss the latest developments in areas such as food processing, hygiene, food safety, transportation, logistics, and storage. Additionally, beverages, gastronomy, specialized literature, and cookbooks take center stage at the event. A particular highlight of the fair is the section dedicated to used machinery, offering a deeper insight into the industry's innovative capabilities. A primary focus of INDAGRA FOOD is on showcasing the latest trends in the meat and food industry that influence both the Romanian and international markets. Owing to its international orientation, the fair attracts visitors from all over the world, making it an ideal venue for business discussions, networking, and establishing partnerships. Opinion leaders, as well as current and potential customers, find the perfect setting here to get informed about the latest industry news and deepen business relationships. In summary, INDAGRA FOOD is a central hub for all stakeholders in the food industry. It provides an immersive experience into the heart of the sector within a professional environment."
Agro2Food,28. - 30. October 2026,Ukraine,Kiev,IEC - International Exhibition Center,agro2food.com.ua,"Agro2Food is an annual trade fair held in the heart of Ukraine, firmly established as a key platform for the food processing and agricultural industries. With its clear thematic focus, it serves as a central meeting point for decision-makers, innovators, and professionals across the entire food value chain. The event is organized by Premier Expo, one of Ukraine’s leading trade fair organizers with an international outlook. The venue – the International Exhibition Centre (IEC) in Kyiv – provides an ideal setting for an event of this scale, thanks to its modern infrastructure and convenient location. Each year, the IEC transforms into a vibrant hub where current trends, technological advancements, and future perspectives in food processing take center stage. Agro2Food is a highly specialized trade fair that covers all key areas of food and agricultural processing. It showcases solutions for processing agricultural raw materials – from cleaning and sorting to drying, extraction, milling, and freezing. In addition, the fair spans the full spectrum of food production, including bakery and confectionery, meat and dairy processing, as well as the production of oils, fats, fruits, and vegetables. The exhibition is further enriched by companies offering products and services in the areas of raw materials, ingredients, packaging technology, labeling systems, laboratory equipment, hygiene, refrigeration and climate control, transport and storage logistics, automation, and industry-specific software. Agro2Food is more than just a trade show – it is a platform for innovation, networking, and business development. Product launches, live demonstrations of new technologies, and expert presentations provide valuable insights and inspiration for the industry. Exhibitors include companies from mechanical and plant engineering, supply industries, IT, food production, and packaging technology. The fair is aimed at professionals such as food technologists, product developers, buyers, operations managers, and key decision-makers from agricultural enterprises, food companies, and retail chains. Its international appeal further strengthens Ukraine’s role as a significant player in the European food market. Kyiv, as the host city, combines a rich agricultural tradition with growing industrial innovation. The IEC not only offers state-of-the-art exhibition facilities but is also easily accessible by public transport and from the international airport. Hotels, restaurants, and cultural attractions are located nearby. Agro2Food is the leading trade fair for everyone looking to help shape the future of food processing – sustainably, efficiently, and collaboratively."
drinktec India,28. - 30. October 2026,India,Mumbai,Bombay Exhibition Centre (BEC) NESCO,drinktec-india.com,"drinktec India , formerly known as Drink Technology India, is the leading international trade fair in India for the beverage, dairy, and liquid food industry. Since its inception in 2007, it has established itself as an essential platform for innovation, knowledge exchange, and business development in these sectors. The fair is held in various cities across India and is organized by MMI India Pvt. Ltd. At drinktec India , exhibitors showcase a wide range of products, technologies, and services – from state-of-the-art processing equipment and smart packaging solutions to innovative raw materials and quality assurance systems. The event serves as a showcase for pioneering trends and emerging brands, providing an ideal platform for product launches. The exhibition is complemented by a diverse supporting program featuring workshops, seminars, and expert talks. This makes the fair not just a marketplace, but also a key knowledge hub for the industry. Trade visitors from all areas of the beverage and food industry – from manufacturers and distributors to key decision-makers – attend the fair to network, exchange experiences, and initiate business. As such, drinktec India serves as a vital meeting point for industry professionals and a major driving force for the Indian market. The event takes place at large, strategically chosen exhibition centers that offer both logistical convenience and cultural appeal for national and international participants alike. drinktec India is an indispensable platform for all stakeholders in the beverage and liquid food industry who are looking to experience innovation, share expertise, and build lasting business connections."
Hot Pots World,28. - 30. October 2026,Thailand,Bangkok,BITEC - Bangkok International Trade & Exhibition Center,hotpotsworld.com,"Hot Pots World is a specialised international trade fair dedicated entirely to the global hot pot industry and its full value chain. As a clearly B2B-focused platform, it is designed for decision-makers seeking market-ready solutions, new suppliers and scalable business models. The event takes place at the renowned Bangkok International Trade & Exhibition Centre (BITEC) in Thailand—a strategically chosen hub for Southeast Asia’s rapidly expanding markets. It is organised by Baobab Tree Event Management Co. Ltd., an experienced operator with a strong track record in international food and hospitality formats. The company is known for developing targeted industry platforms that go beyond product showcases to facilitate tangible business opportunities. What sets Hot Pots World apart is the depth of its content. The exhibition spans the entire hot pot supply chain—from premium ingredients such as high-grade beef, specialised vegetable varieties and innovative protein alternatives, through to differentiated soup bases, sauces and complementary beverage concepts. A particular emphasis is placed on product innovation tailored to emerging consumer segments, especially Generation Z in Southeast Asia. Alongside this, the event features advanced kitchen technologies, including automated preparation systems, robotics for foodservice operations and digital tools designed to enhance restaurant efficiency. Packaging and sustainability form another core pillar of the exhibition. Visitors can explore commercially viable solutions for eco-friendly packaging, as well as scalable takeaway and delivery concepts. In doing so, the event directly addresses the growing demand for sustainable business models across the entire supply chain. This is complemented by dedicated formats covering foodservice, franchising and expansion, bringing together investors, restaurant operators and international buyers to support efficient market entry strategies across the ASEAN region. Exhibitors represent a broad cross-section of industries, including food production, agriculture, food tech, kitchen equipment, packaging and hospitality services. The visitor profile is equally targeted, comprising restaurant chain operators, franchisors, importers, wholesalers and strategic investors, all focused on forging partnerships and closing deals. As such, Hot Pots World functions not only as an innovation platform but also as a highly focused marketplace for growth. Highlights include live demonstrations, product launches and trend-led showcases that illustrate how hot pot concepts can be successfully adapted to different markets. Finally, the event stands out not only for its content but also for its accessibility. BITEC offers state-of-the-art facilities, excellent connections to Bangkok’s public transport network, and convenient access from both the international airport and the city centre—reinforcing the global ambitions of Hot Pots World."
Myanmar FoodBev,30 Oct. - 01 Nov. 2026,Myanmar,Yangon,Myanmar Plaza,www.myanmarretailsourcing.com,"Myanmar FoodBev is an annual trade fair held in the heart of Yangon and has established itself as the leading platform for Myanmar’s food and beverage industry. The name ""FoodBev"" succinctly stands for Food & Beverage and clearly reflects the event’s focus: exploring the latest developments, innovations, and driving forces in the world of food and drink. The event is organized by Index Creative Village PCL, a renowned company recognized throughout Southeast Asia for delivering high-quality professional trade shows. Once a year, the Myanmar FoodBev becomes a central meeting point for industry professionals from Myanmar and the ASEAN region who come to gain insights into trends, technologies, and market opportunities across the sector. The exhibition offers a targeted overview of the entire value chain – from raw materials, ingredients, and additives to processed foods and beverages, as well as cutting-edge solutions for processing, packaging, and distribution. Myanmar FoodBev connects players from manufacturing, supply, and trade with key service providers – including professionals from the hospitality and catering industries, bakeries, airlines, cruise lines, railway companies, and resorts. The fair is complemented by a strong supporting program featuring conferences and expert-led seminars, where leading specialists share knowledge and discuss the opportunities and challenges in one of Asia’s most dynamic growth markets. The event reflects both economic momentum and cultural diversity, highlighting Myanmar’s ambition to position itself as a serious contender in the global food and beverage landscape. Held alongside Myanmar Retail Sourcing Expo, the fair also fosters additional synergies between commerce and industry."
Salon Vins & Terroirs Toulouse,30 Oct. - 01 Nov. 2026,France,Aussonne,MEETT - Parc des Expositions et Centre de Conventions,www.salon-vins-terroirs-toulouse.com,"The ""Salon Vins et Terroirs Toulouse"" expo is a significant event in the world of wine and gourmet foods, with a focus on the culinary treasures of the region. The expo's name can be translated as the ""Wine and Terroirs Salon of Toulouse"", where ""Terroirs"" is a French term denoting the unique combination of climate, soil, and landscape that characterizes a specific wine-growing area. This biannual expo takes place at the esteemed MEETT - Parc des Expositions et Centre de Conventions in Aussonne, France. Organized by ""Toulouse expo"", the ""Salon Vins et Terroirs Toulouse"" not only showcases a remarkable selection of wines to its visitors but also offers a wide array of agricultural products, emphasizing its deep connection to the region and its significance for the local economy. A primary feature of the expo is gourmet products, which represent the diversity and quality of the French culinary scene. Highlights of the event include a wine-tasting workshop by Art of Wines, a Food Court, a farmer's market, and a gourmet bookstore. Special events, such as wine auctions, are a major draw for both exhibitors and attendees. Wine is an integral part of French culture and identity. Through its presentations, the expo accentuates this aspect and celebrates this culture. The majority of exhibitors hail from the wine and gourmet food industry, catering to both professionals in the field and enthusiasts alike. The Haute-Garonne region, where the exhibition takes place, benefits from its location within the expansive wine territory of Southwest France, boasting a rich wine tradition and history. The Fronton wine region, situated north of Toulouse, is particularly renowned for its grape variety called Négrette. This grape imparts red and rosé wines with a distinctive flavor, characterized by notes of violets, red fruits, and occasionally a hint of licorice. To the east of Toulouse, the Gaillac wine region has a storied history that dates back to Roman times. It is recognized for producing a variety of wine styles, including sparkling wines, dry white wines, red wines, and the sweet ""Vin de Voile"". Duras, Braucol, and Loin de l'Oeil are typical grape varieties of this region. Other noteworthy wine regions in Southwest France include Madiran and Pacherenc du Vic-Bilh. In conclusion, the MEETT - Parc des Expositions et Centre de Conventions in Aussonne impresses not only with its modern architecture but also its easy accessibility. The town of Aussonne itself offers a picturesque setting, making it the perfect place to unwind after an eventful day at the expo."
Food Experience Taiwan,02. - 03. November 2026,Taiwan,Taipei,POPOP,www.tastefrance-tw.com,"The 'Food Experience Taiwan' in Taipei is a trade fair dedicated to the allure and diversity of French gourmet products, wines, spirits, and kitchenware. Situated in the bustling heart of POPOP, it provides an impressive platform for exhibitors to showcase the crème de la crème of their products from France. The event is divided into two main sections: an exhibition hall where visitors can explore a multitude of stalls and discover the latest culinary creations from France, and an exclusive workshop area that invites in-depth culinary exchange. These workshops, led by renowned French gourmet experts, create an intimate setting for up to 50 participants. Here, they have the opportunity not only to learn about the unique features of French delicacies but also to witness firsthand how these products are demonstrated in culinary presentations and seminars. The fair's objective is to establish a connection between French culinary culture and the professionals of the food and beverage industry in Taiwan. Hence, representatives from cafes, hotels, restaurants, and even the agricultural and food industry are invited to participate. This annual gathering leads to the introduction of new French ingredients and products which are showcased not only to industry professionals but also to the general public in a specially organized press conference. It offers an excellent opportunity for Taiwanese media and influential personalities to get firsthand information about the latest trends from France. In summary, the 'Food Experience Taiwan' is not just a fair – it's a culinary voyage that brings the best of France directly to Taipei. An event that offers both exhibitors and visitors an unforgettable experience year after year."
Gulfood Manufacturing,03. - 05. November 2026,UAE,Dubai,Dubai World Trade Center DWTC,www.gulfoodmanufacturing.com,"The Gulfood Manufacturing in Dubai is a trade fair specializing in the food processing industry. It is considered one of the most important events of its kind in the Middle East, Africa, and Southeast Asia regions. It was established by the Dubai World Trade Centre LLC in 2014 and has since positioned itself as a central hub for experts in the industry. This annual fair attracts visitors from numerous countries. The event is divided into various segments, including ingredients, packaging, control and automation, and supply chain solutions. This structure allows participants to explore specific areas of the food and beverage industry, from basic components to final packaging solutions. By integrating different thematic areas, Gulfood Manufacturing offers a comprehensive overview of the sector. A primary focus is the presentation of the latest trends and developments in areas such as ingredients, manufacturing processes, food processing, logistics, storage technology, and packaging. The fair emphasizes innovations and approaches that contribute to increasing efficiency and sustainability within the industry. The fair is also known for its accompanying conference aimed at introducing participants to the advantages of business relationships in the MEASA region (Middle East, Africa, and South Asia). Within this context, experts and industry leaders share their knowledge and insights, making the event an excellent platform for networking and expanding business opportunities. Another highlight of Gulfood Manufacturing is its location at the Dubai World Trade Centre (DWTC), a strategically important site with excellent transport links. The exhibition grounds are easily accessible by various modes of transport, including metro, buses, and taxis. For those arriving by car, ample parking is available. In summary, Gulfood Manufacturing offers a holistic experience, combining education, networking, and business development opportunities. It stands out particularly for its comprehensive presentation of all aspects of food production, from the initial to the final stage, and encourages the establishment of connections and partnerships across geographical and industrial boundaries."
Vietfood & Beverage,04. - 07. November 2026,Vietnam,Hanoi,I.C.E. International Center for Exhibition,foodexvietnam.com,"The Vietfood & Beverage in Hanoi is an international trade fair for food and beverages, held annually in November by the organizer VINEXAD National Trade Fair & Advertising JSC. VINEXAD is renowned for its extensive experience in organizing trade fairs and events that form an integral part of economic exchange in Vietnam. The venue for the fair is the I.C.E. International Center of Exhibition, known for its modern facilities and central location in Hanoi, making it an attractive site for major international events. A hallmark of Vietfood & Beverage is its professionalism and the diversity of its exhibitors and visitors. The fair is distinguished by international participation, featuring producers from both domestic and foreign markets. They showcase a wide range of products, from staple foods to exotic edibles, beverages, additives, and dietary supplements. What sets Vietfood & Beverage apart from other fairs in the region is not only the quality and variety of products but also the fact that it takes place concurrently with ProPack Vietnam, a leading fair for the packaging industry. This symbiosis allows visitors to gain a holistic overview of the entire industry, from raw materials and processing methods to packaging solutions and final products. The range of topics and the depth of the presentations provide tremendous synergies, making both events a must-attend for industry professionals. The target audience of the fair includes a wide spectrum of professionals, including representatives from sales, food processing, hospitality, gastronomy, catering, as well as agents and marketing specialists who are directly or indirectly involved in the sales and marketing process. By bringing together these diverse groups, Vietfood & Beverage promotes networking, knowledge exchange, and the latest trends and innovations in the industry, making it an indispensable event for all stakeholders in the food and beverage industry in Southeast Asia and beyond."
Food Tech Dhaka,05. - 07. November 2026,Bangladesh,Dhaka,International Convention City Bashundhara - ICCB,foodtechdhaka.com,"The "" Food Tech Dhaka Exhibition & Conference "", also known as the "" Food Tech Dhaka Expo "", has established itself as a central hub for food technology and related industrial products in Bangladesh. This annual trade fair is held at the International Convention City Bashundhara (ICCB) in Dhaka and is organized by LIMRA Trade Fairs and Exhibitions Pvt. Ltd. The event serves as a comprehensive platform where national and international manufacturers and producers showcase their latest products and technologies in food production, processing, and milling. The range of offerings includes fresh and frozen foods, processed foods, beverages, as well as agricultural products and equipment. Furthermore, Food Tech Dhaka is renowned for its extensive program, which includes conferences, seminars, expert panel discussions, live product demonstrations, and networking events. A particular highlight is the Innovation Awards, which honor outstanding achievements in food technology. The expo attracts representatives from various sectors, including processed food manufacturers, progressive farmers, distributors, and professionals from the hospitality industry. It provides an excellent platform for forming new business relationships and strengthening existing ones. Food Tech Dhaka plays a vital role in promoting the local food industry and supports networking between local and international players. The ICCB venue, known for its modern facilities and accessibility, makes Dhaka, the vibrant capital of Bangladesh, the ideal location for a fair focused on innovations in food technology."
Food Ingredients Expo,05. - 07. November 2026,Bangladesh,Dhaka,International Convention City Bashundhara - ICCB,www.foodingreexpo.com,"The Food Ingredients Expo is a trade fair in Bangladesh for food ingredients, flavors, and packaging solutions. Held annually at the International Convention City Bashundhara (ICCB) in Dhaka, it serves as a key platform for businesses and professionals in the food and beverage industry to explore the latest developments, innovations, and trends. Organized by Limra Trade Fairs & Exhibitions Pvt Ltd., the event is recognized as a major gathering point for manufacturers, suppliers, and industry experts. The expo focuses on key topics such as food ingredients, functional components, natural alternatives, innovative packaging solutions, and food processing machinery. Visitors can expect a diverse range of products, including food additives, natural and synthetic flavors, colorants and preservatives, as well as organic and biological ingredients. In addition, technological innovations for food production are showcased. The event primarily targets companies in the food manufacturing, health, and bakery industries, as well as packaging and machinery providers. It offers suppliers of ingredients and flavoring solutions a valuable opportunity to present their latest products and collaborate with leading manufacturers. Bangladesh is emerging as a crucial hub for the food industry in South Asia. The Food Ingredients Expo reflects this growth by providing businesses with a platform to showcase innovative products and establish valuable business connections. Alongside international market leaders, regional companies are also present, catering to the rising demand for sustainable, organic, and functional ingredients. A particular highlight of the expo includes live demonstrations, expert seminars, and conferences where the latest industry developments are presented. Visitors can gain insights into cutting-edge technologies and trends while participating in networking events to expand their business opportunities. The exhibition is primarily aimed at industry professionals, including food technologists, product developers, buyers, manufacturers, and suppliers from the food, health, and packaging sectors. It not only offers a unique chance to stay informed about the latest innovations but also facilitates the establishment of valuable business relationships with international and regional partners. The venue, International Convention City Bashundhara (ICCB) in Dhaka, is one of Bangladesh's most modern exhibition and convention centers. Thanks to its central location and easy accessibility via Shahjalal International Airport and various transportation links, both domestic and international visitors benefit from a convenient travel experience. Additionally, Dhaka, as the country's economic hub, offers a wide range of accommodation and leisure options, enhancing the overall trade fair experience."
BabyExpo,06. - 08. November 2026,Austria,Wiener Neustadt,Arena Nova,www.babyexpo.at,"Founded in 2001, BabyExpo is far more than a traditional consumer fair. It offers expectant parents and young families a comprehensive experience that combines information, expert advice, and entertainment at a high level. Organized by bco GmbH, the name ""BabyExpo"" has come to stand not only for a trade fair focused on babies, but for Austria’s largest and most established platform on pregnancy, birth, and family life. The event takes place annually at the Arena Nova in Wiener Neustadt and complements its counterpart held in Vienna. Visitors gain a current and comprehensive overview of industry trends and offerings, with targeted insights into relevant products and services. At the heart of the event are high-quality, practical, and innovative solutions for pregnancy, childbirth, and the early years of parenting. The fair also addresses the evolving realities of modern family life. Alongside essential baby products—such as strollers, car seats, or care items—BabyExpo provides access to expert knowledge in areas like health, nutrition, parenting, safety, and sustainable family living. What sets BabyExpo apart is its holistic concept. A wide range of exhibitors from retail, industry, education, public advisory services, and healthcare are joined by a varied supporting program. Expert talks, workshops, and discussion panels in the ""Speakers Corner"" offer valuable insights, while interactive activities, competitions, children’s experience zones, and live readings create an engaging and enjoyable atmosphere for the whole family. With its clear focus on expectant and young families, BabyExpo reaches a precisely defined and highly relevant target group. It encourages direct exchange between parents, professionals, manufacturers, retailers, and institutions. Each year, the fair attracts thousands of visitors from across Austria and neighboring regions, reinforcing Wiener Neustadt’s position as a key location for family and healthcare services. The Arena Nova provides the ideal setting for the event. As a modern, barrier-free venue, it is easily accessible by car or public transport, and features ample parking as well as family-friendly amenities including nursing and changing rooms, lounges, and dining areas. Whether you're preparing for the arrival of your child or looking for inspiration in everyday family life – BabyExpo is the perfect meeting point for everyone who lives and shapes family life."
FISCH&FEINES,06. - 08. November 2026,Germany,Bremen,Messe Bremen & ÖVB-Arena,fisch-feines.de,"FISCH&FEINES is a trade fair in Bremen dedicated to sustainable enjoyment and takes place every year in November. Since its founding in 2008, it has developed into the most important event for lovers of high-quality, handcrafted and natural products in the northwest. The trade fair is organized by M3B GmbH, which is committed to providing a platform for over 200 producers and retailers who present their selected foods to an enthusiastic audience. Only products that meet the strict quality criteria of FISCH&FEINES and do not contain any artificial flavors, chemical additives or flavor enhancers are admitted to the trade fair. A wide variety of products and services are offered at FISCH&FEINES. The range of products on offer ranges from fresh fish and seafood to a variety of delicatessen products such as cheese, meat, sausage, jams, chutneys, herbs, spices, salts and dairy products to fruit and vegetables. Drinks lovers will also get their money's worth with a selection of coffee, tea, wine, sparkling wine, beer and spirits. The exhibition offering is rounded off by a selection of cooking accessories, kitchen equipment and various services and informative offers. The focus is on the presentation of regional specialties, traditional manufacturing processes and high-quality products that are free of artificial additives. This trade fair is not only a feast for the senses, but also promotes awareness of sustainable consumption and supports smaller producers in making their passion and craft accessible to a wider audience. Overall, FISCH&FEINES is an indispensable event for connoisseurs and anyone interested in a sustainable lifestyle. It offers a unique opportunity to discover new taste experiences, be inspired by culinary innovations and talk directly to the producers. The CRAFT BEER EVENT has been taking place as part of FISCH&FEINES since 2014. Craft breweries from all over Germany and the Netherlands show that beer can have a lot of flavor. The ReiseLust holiday fair and caravan bremen also take place parallel to FISCH&FEINES, offering visitors an even more comprehensive experience."
Christmas Ostpro,06. - 08. November 2026,Germany,Erfurt,Egapark,www.scot-messen.com,"he ""Christmas Ostpro"" in Erfurt, an annual event taking place in November, represents a unique fusion of commerce, culture, and local history, forming the cornerstone of East German identity and economy. Initiated in 2002, this fair is under the dedicated direction of its organizer, 'Scot Messen & Marketing GmbH.' It embodies a success story that bridges the past and present by celebrating and promoting products from the East. It was originally founded in Berlin in 1991 to provide a new platform for presenting and marketing products from the former GDR that had fallen into oblivion. Located in the picturesque ega-Park Erfurt, known for its rich botanical diversity and as a cultural landmark of the city, the ""Christmas Ostpro"" offers an atmospheric backdrop for exhibitors and visitors alike. The park complements the fair's theme with its natural beauty, creating an environment that contributes to the contemplative mood of the Christmas season. The fair itself is a tribute to the products of the former GDR, bringing their charm and nostalgia to a wider stage. It was established to enable a renaissance for these unique items that had once been forgotten. With an impressive range of products, from traditional foodstuffs to crafts, clothing, and technical devices, the ""Christmas Ostpro"" highlights the cultural and commercial significance of these items. A special focus of the fair is on the Christmas theme. Exhibitors offer everything the heart desires to enrich the holiday season: handmade decorations, regional culinary delights, toys, and much more that traditionally characterizes the Christmas period in the new federal states. This thematic focus not only creates a festive atmosphere but also promotes awareness and appreciation for regional specialties. Over the years, the ""Christmas Ostpro"" has established itself as a mecca for lovers of Eastern products. By reviving iconic brands and emphasizing authenticity and tradition, the fair has succeeded in becoming a phenomenon of cultural renaissance. It has not only brought many products back to store shelves but also fostered a strong regional consciousness that is invaluable in today's globalized world. Visitors to the fair have the exclusive opportunity to immerse themselves in a vibrant historical narrative conveyed through the exhibited products and the passionate stories of the exhibitors. As a consumer fair, the ""Christmas Ostpro"" is accessible to everyone, offering an interactive, enriching experience that goes beyond mere purchasing. It is a place of learning, celebration, and recognition of the cultural treasures that East Germany has to offer."
Babini,06. - 08. November 2026,Germany,Hamburg,Messe Hamburg,babini.family/hamburg,"Babini is an annual public fair dedicated entirely to the beginning of family life. It is primarily aimed at expectant parents and families with babies and toddlers. The event takes place at the centrally located Hamburg Messe, which is easily accessible by both public transport and car. As part of a nationwide series of fairs – held in cities such as Dortmund, Munich, Düsseldorf, and Stuttgart – Babini Hamburg has become a well-established event for young families and industry professionals across northern Germany. The fair is organized by Babini GmbH, a company that brings together expert event planning with a deep understanding of the needs of today’s families under the “Babini” brand. Babini Hamburg offers a unique experience that combines expert information, hands-on product showcases, and a vibrant family event. The focus lies on topics that matter to families in everyday life – from pregnancy and childbirth to baby essentials, safety, nutrition, parenting, leisure, and health. Visitors can explore the latest trends in the baby and children’s sectors, compare products, and test them on-site – for example, in the popular stroller test track. Exhibitors from various industries, including child safety, baby clothing, toys, baby carriers, personal care, and family-friendly nutrition, present proven solutions and new products designed to support everyday family life. A highlight of the fair is its diverse stage and lecture program featuring experts on topics such as baby sleep, breastfeeding, parental benefits, first aid, and babywearing. Live talks and workshops offer valuable insights and practical tips – all in a relaxed atmosphere with plenty of space for exchange and interaction. Children are also well catered for: hands-on activities, play areas, and creative experiences make the fair an enjoyable outing for the whole family. Babini is more than just a trade fair – it is a meeting point for families, professionals, midwives, advisors, and providers from across the baby and children’s sector. Firmly rooted in Hamburg, it serves as a regional platform while also offering insights into nationwide trends and developments. With its successful blend of expert knowledge, product experiences, and a family-friendly atmosphere, Babini Hamburg attracts thousands of visitors each year. The Hamburg Messe, with its central location, excellent infrastructure, and family-oriented facilities, provides the ideal setting for the event."
Pasar Malam,07. - 08. November 2026,Netherlands,Rijswijk,Expo Rijswijk De Broodfabriek,pasarmalamrijswijk.nl,"The Pasar Malam is a unique exhibition that brings the vibrant spirit of Asia to the Netherlands in its own distinct way. The term ""Pasar Malam"" originates from Indonesian and translates to ""Night Market"", even though the event doesn't exclusively take place in the evening. This exhibition, a tribute to Asian culture and specifically to the Indian and Moluccan communities, is held at the Expo Rijswijk De Broodfabriek in Rijswijk, a dynamic venue known for hosting diverse events. With a biannual frequency, typically in the fall and spring, Pasar Malam opens its doors to visitors not only from the Netherlands but from all over the world. Behind the organization is Expo Rijswijk, an institution that has made a name for itself by hosting numerous events, always ensuring a rich and immersive experience for attendees. The main theme of the exhibition is the comprehensive representation of Asian cultures. This encompasses a wide range of products and services, from traditional Asian handicrafts, clothing, and jewelry to culinary delights. A special emphasis is placed on alternative therapies such as massages, spiritual readings, and healing, with clairvoyants and mediums also offering their services. Rijswijk itself plays a crucial role as the host city, bridging the gap between the Netherlands and the diverse Asian cultures. This is reflected in the selection of exhibitors, stemming from various sectors, with both local and international backgrounds. The exhibition is not just a gathering place for the general public but also attracts professionals from the fields of gastronomy, commerce, arts, and alternative therapy. Highlights of the exhibition include vibrant cultural performances, music, and dance acts, as well as occasional competitions celebrating cultural diversity. In conclusion, the Pasar Malam in Rijswijk is more than just an exhibition. It offers visitors a deep dive into the warmth and colorful splendor of Asia. The venue, Expo Rijswijk De Broodfabriek, impresses not just with its historical significance but also with its accessibility and modern amenities. Easily reachable by public transport or by car, it welcomes visitors to a world of discovery and cultural exchange."
Marjolaine,07. - 11. November 2026,France,Paris,Parc Floral,www.salon-marjolaine.com,"The Marjolaine Fair in Paris, an annual event held in November, is an exhibition that, since its inception in 1976, has served as a platform for organic farming, sustainable development, natural well-being, and social enterprises. Organized by the SPAS Organisation de salons, this fair gathers a multitude of experts, producers, and craftsmen who advocate for ecological and sustainable practices. The fair takes place in the picturesque Parc Floral in Paris, a green oasis that acts as the perfect backdrop for an event dedicated to environmental protection and the promotion of a sustainable lifestyle. The Parc Floral is more than just a place of beauty and tranquility; it's also a hub for cultural and ecological events, making this fair a truly special occasion. Marjolaine takes pride in being the largest organic event in France, spotlighting various sectors and themes. The core areas of the show include crafts and fashion, with a particular focus on eco-friendly materials and practices. The food sector, a vital facet of the fair, has expanded to accommodate new players in the organic food industry. Another highlight is the organic wellness sector, which, with its range of ecological products and services, adds a new allure to the home living area. The fair also features a hall exclusively reserved for associations, serving as a forum and lecture space where knowledge, ideas, and innovations are shared. The central themes of the fair encompass food, wine, health, beauty, fashion, decor, well-being, gardening, tourism, ecology, and home. The Marjolaine Fair is furthermore a place of learning and inspiration. It offers workshops, lectures, and demonstrations that assist visitors in making informed decisions about their lifestyle. Each year, the fair presents new highlights and special features, keeping it fresh and relevant for both returning and new visitors. From the quality of the products displayed to the information and awareness it promotes, the Marjolaine Fair is at the forefront of the ecological and sustainable movement in France."
VeggieWorld,07. - 08. November 2026,Germany,Munich,MTC world of fashion,www.veggieworld.eco/muenchen,"The VeggieWorld in Munich is an annual trade fair aimed at everyone interested in a vegan and sustainable lifestyle. As part of the international VeggieWorld trade fair chain, this event in Europe also offers a platform for end consumers and trade visitors to meet and exchange inspiration. It is organized by Wellfairs GmbH and takes place in the mtc world of fashion in Munich. The mtc world of fashion is known for its diverse event options and, with its pleasant atmosphere, offers an ideal location for such events. Here, visitors can discover the diverse aspects of a plant-based lifestyle, from milk and meat alternatives to superfoods and vegan sweets to fashionable clothing and accessories. Vegan cosmetic products and innovative projects are also part of the extensive range. A central point of the VeggieWorld in Munich is the direct interaction with the manufacturers. Visitors have the opportunity to have personal discussions and find out in detail about the ingredients and health benefits of the products. This interaction is particularly valuable for making conscious decisions about one's own lifestyle. A highlight of the fair is the supporting program, which consists of lectures, cooking shows and interactive workshops. These events are free for all fair visitors and offer an excellent opportunity to learn more about the vegan lifestyle and experience it in practice. The VeggieWorld Munich is therefore not only a meeting place for like-minded people, but also a source of information that opens the doors to a more sustainable lifestyle for visitors."
SÜFFA,07. - 09. November 2026,Germany,Stuttgart,Messe Stuttgart,www.messe-stuttgart.de/sueffa,"The SÜFFA in Stuttgart, also known as the ""Süddeutsche Fachmesse für das Fleischerhandwerk"", was founded in 1984 and has established itself as the leading trade fair for the national meat industry. Organized by the Landesmesse Stuttgart GmbH, it attracts not only experts from Germany but also from neighboring countries. This annual industry gathering held in the fall is only omitted in the year of the IFFA in Frankfurt am Main, positioning itself as a central hub for the butchery sector and the medium-sized industry. The focus of the fair lies on the latest developments and innovations in the meat business, ranging from slaughtering techniques to production, logistics, packaging, and retail sales. Here, it's not just meat and sausage specialties that are showcased, but also commercial goods, marketing solutions, and waste disposal technologies. A particular emphasis of the SÜFFA is on current societal topics such as food safety, hygiene, and quality management. This reflects the growing awareness in society about the origin, quality, and processing of foodstuffs. A unique highlight and distinctive feature of the SÜFFA is the awarding of the SÜFFA Innovation Prize, which honors outstanding new developments in the industry. Additionally, the ""SÜFFA-Dorf"" offers a diverse accompanying program. Here, competitions take place, a ""Marketplace of Ideas"" invites for exchange, and trends and innovations are presented on a stage. The location of the fair, the Stuttgart Fairgrounds, provides both exhibitors and visitors with modern infrastructures and excellent accessibility. Year after year, the SÜFFA attracts a multitude of visitors who appreciate the balanced combination of production and sales. In conclusion, it can be said that the SÜFFA plays an indispensable role in the meat industry as a meeting point for the sector and serves as a bridge between tradition and innovation within the industry."
HORECA LEBANON,10. - 13. November 2026,Lebanon,Beirut,Seaside Arena,hospitalityservices.me/events/horeca-lebanon,"HORECA LEBANON is an annual trade fair held at the Seaside Arena in Beirut. The name ""Horeca"" stands for Hotel, Restaurant, and Café, reflecting the core themes of the exhibition. The event is organized by Hospitality Services s.a.r.l, a renowned organization in the region. The exhibition has become a central meeting point for the hospitality, gastronomy, and beverage industries in Lebanon and beyond. It showcases a wide range of products and services, including food and frozen goods, meat, poultry, seafood, beverages, packaging, kitchen technology and equipment, furniture and decoration for restaurants and cafés, uniforms, and hospitality-related services. A distinctive feature of HORECA LEBANON is its strong connection to the local culture and economy. It provides a platform for local and international exhibitors to connect with industry professionals from various sectors. Additionally, it reflects the latest culinary trends and innovations in the region. The fair features numerous highlights, including live cooking sessions with renowned chefs, tastings, and competitions such as the Lebanese Bartenders Competition, the Lebanese Barista Competition, the National Extra Virgin Olive Oil Contest, the Junior Chef Competition, and the Lebanese Pastry Competition. These events are complemented by industry conferences and live talks with experts. HORECA LEBANON is part of the Horeca Exhibitions series, which also takes place in other Middle Eastern countries. This exhibition series is among the largest of its kind in the region. The exhibition is held annually in Beirut and primarily attracts visitors from the hotel, restaurant, and café industries. The Seaside Arena, a modern and well-equipped exhibition venue, provides an ideal setting for this major industry event. In conclusion, HORECA LEBANON is not only an outstanding platform for business networking and knowledge exchange in the hospitality, gastronomy, and beverage industries but also a vibrant showcase of Lebanon’s rich culture and culinary diversity. It offers a unique opportunity to connect with industry leaders, explore the latest trends, and experience the dynamic heart of hospitality in the Middle East."
FHC China Food & Hospitality China,10. - 12. November 2026,China,Shanghai,Shanghai New International Expo Center - SNIEC,www.fhcchina.com,"The FHC China - Food & Hospitality China is an international trade fair for food and beverages, held annually in November in Shanghai, one of the world's most dynamic culinary capitals. Since its inception, it has evolved into an indispensable event for the food and hospitality industry in Asia and beyond. This prestigious event is jointly organized by the Shanghai Sinoexpo Informa Markets International Exhibition Co., Ltd. and the Shanghai Cuisine Association, both of which are stakeholders with significant influence and expertise in the industry. Each year, FHC China showcases an impressive array of products and services that cover the entire supply chain of the food industry. Core topics of the fair include meat and dairy products, confectionery and chocolate, spices and oils, coffee and tea, as well as areas for bakeries and light meals. In addition, the fair provides a comprehensive overview of food processing and packaging and presents innovations in the field of prefabricated tableware and central kitchens. A distinctive feature of FHC China is its commitment to education and advancement within the industry. The fair offers a comprehensive series of seminars and workshops on current trends and developments in various segments, including food production, the wine industry, and marketing. The fair takes place at the Shanghai New International Expo Centre (SNIEC), one of China's leading exhibition centers, which, with its modern facilities and extensive infrastructure, is ideal for an event of this magnitude. SNIEC is known for its easily accessible location and the ability to host a variety of events, from international exhibitions to private corporate events. Visiting FHC China offers not just the opportunity to discover new products and place orders, but also an environment for networking and building business relationships, crucial for future success in the fast-paced world of gastronomy and hospitality. With its wide range of exhibitors, access to industry-leading information, and its position as a gateway to Asia's emerging markets, FHC China is an indispensable date in the food and beverage industry's calendar."
FoodExpo Kazakhstan,11. - 13. November 2026,Kazakhstan,Almaty,Atakent International Exhibition Centre,foodexpo.kz,"The FoodExpo Kazakhstan, formerly also known as Worldfood Kazakhstan, is a prominent trade fair in the Asian region, contributing since its inception in 1998 to the presentation of trends, products, and technologies in food production and marketing on an international platform. The expo, taking place annually at the Atakent International Exhibition Centre in Almaty, has established itself as an effective platform for introducing new products and networking with industry experts from the global food industry. The fair is organized by Iteca Almaty, an experienced organizer, which has shaped the FoodExpo into a crucial platform for companies from all over the world to present their products and services to a wide audience. With main themes extending across food and beverages, ingredients, food technology, baked goods, packaging, and agriculture, the expo offers a comprehensive range that spans from food to production and packaging equipment, through to agricultural topics and discussions. The AgriFood Forum is a special highlight of the FoodExpo, addressing issues such as animal husbandry, feed production, and efficient gardening. Here, professionals from various sectors have the opportunity to exchange ideas, expand networks, and discuss current challenges and innovations in the industry. In addition to the forum, the FoodExpo also hosts the competition and award ""The Best Product of FoodExpo Qazaqstan,"" which serves as a prestigious event within the fair and honors innovative products. Exhibitors from various industries such as food production, retail and wholesale, catering, and packaging present their products and services at the fair. Visitors, primarily from manufacturing, trade, catering, and distribution sectors, can discover a variety of products and technologies, which include food, beverages, equipment, additives, packaging, transport solutions, and numerous other subject areas. The fair not only strengthens the relationship between national and international players in the food industry but also offers an excellent opportunity to showcase the diversity and quality of the Kazakh food sector. Almaty, being one of the largest cities in Kazakhstan and a significant economic center, provides an optimally accessible location for national and international guests with the Atakent International Exhibition Centre. This exhibition center is not only a hub for international business activities but also symbolizes Kazakhstan's openness towards global markets and trends. It is easily accessible by both public transport and car and offers comprehensive facilities and services for exhibitors and visitors alike. Thus, the FoodExpo Kazakhstan forms a comprehensive, culturally, and economically significant event, promoting the exchange and presentation of innovations in the food industry and acting as a bridge between local and international market participants."
Ingredients Kazakhstan,11. - 13. November 2026,Kazakhstan,Almaty,Atakent International Exhibition Centre,foodexpo.kz,"The Ingredients Kazakhstan is a leading trade fair in the field of food additives and spices, held annually at the Atakent International Exhibition Centre in Almaty. It represents an event of international stature where companies from all over the world gather to showcase the latest trends, products, and technologies of their industry. Organized by Iteca Almaty, the fair provides a powerful platform for the introduction and promotion of new products. It also offers insights into the local market and promotes networking with industry experts. Exhibitors include manufacturers, dealers, wholesalers, and retailers from areas such as acidulants, additives, dyes, emulsifiers, ferments, fats, and oils. The broad product range attests to the innovative strength of the food industry. A special highlight of the fair is the AgriFood Forum. It encompasses thematic sessions, round tables, and master classes. The forum focuses on addressing current and future challenges of the agro-industrial sector in line with global trends and encourages dialogue between industry associations, trade unions, and industry ministries. The fair plays a significant role in positioning Almaty and Kazakhstan as a hub for food innovations and developments. The main visitors are industry experts, including manufacturers, dealers, wholesalers, retailers, and restaurateurs, always on the lookout for the latest innovations and insights in the food industry. Ingredients Kazakhstan is also an integral part of the Food Expo Kazakhstan, making it a member of a series of fairs representing the entire food and beverage sector. In conclusion, the Atakent International Exhibition Centre in Almaty stands out not just for its modernity. It's also easily accessible and situated in a city known for its hospitality and cultural diversity—an ideal venue for both exhibitors and visitors alike to do business, build relationships, and explore new horizons."
JFEX JAPAN INT’L FOOD & BEVERAGE EXPO,11. - 13. November 2026,Japan,Tokyo,Tokyo Big Sight,www.jfex.jp/hub/en-gb.html,"The ""JFEX Summer JAPAN INT'L FOOD & BEVERAGE EXPO"", an international fair in Tokyo, is dedicated to showcasing food and beverages from around the world. ""JFEX"", short for ""Japan Food Expo"", reflects the event's focus on the food industry. This trade fair takes place twice a year at Tokyo Big Sight, one of Japan's leading exhibition centers. It is organized by RX Japan Ltd., a company known for its extensive experience and expertise in organizing international exhibitions. JFEX is divided into four main areas: JFEX FOOD, focusing on frozen foods, ready-to-eat meals, agricultural and seafood products, confectionery, and spices; JFEX WINE and SPIRITS, presenting alcoholic beverages such as wine, beer, whisky, liqueurs, sake, and shochu; JFEX MEAT and DAIRY, specializing in meat and dairy products; and JFEX PREMIUM, showcasing luxury food items, confectionery, agricultural products, and both alcoholic and non-alcoholic beverages. The fair offers an excellent platform for exploring the diversity and innovations of the global food and beverage industry, particularly from Japan. It provides insights into current trends and serves as a meeting point for business contacts and networking. Exhibitors range from food and beverage manufacturers to agricultural companies and providers of packaging and processing technologies. The main visitors include professionals from the food industry, retailers and wholesalers, importers, exporters, and restaurateurs. JFEX is not only a central meeting point for professionals but also reflects the local culture and gastronomy. Tokyo, the venue, is known for its culinary diversity and its role as a trade and industrial center. As part of a global series of fairs representing the food and beverage industry, JFEX plays a significant role in the sector. Tokyo Big Sight in Tokyo stands out for its strategically advantageous location and excellent accessibility. It is an ideal place for international exhibitions and boasts an excellent infrastructure that is easily accessible by both public transport and car, facilitating participation for international visitors and exhibitors."
INTERFOOD & DRINK,11. - 14. November 2026,Bulgaria,Sofia,IEC Inter Expo Center,food-exhibitions.bg,"The INTERFOOD & DRINK is an annual trade fair held in Sofia during the fall, focusing on the food and beverage industry. Since its inception, it has established itself as a pivotal event for professionals in the field and the general public alike. Organized by the IEC (Inter Expo Center), a leading trade fair organizer in Bulgaria, this platform showcases a wide range of products and services. These include food and beverages, packaging machinery, materials and systems, as well as advanced technologies employed in these sectors. The Inter Expo Center, which hosts this fair, is renowned for its modern infrastructure and its ability to organize an array of events, conferences, and seminars. Strategically located in Sofia, Bulgaria's capital, it attracts participants and visitors from all over the region and beyond. One of the primary objectives of INTERFOOD & DRINK is to connect buyers and decision-makers from the food and beverage industry. It offers a comprehensive platform for networking, sharing experiences, and exploring innovative approaches in production. Moreover, the latest trends and technologies crucial to the industry are presented. A distinctive feature of the fair is the concurrent offerings from related sectors. This concept creates synergies for visitors, allowing them to gain insights into adjacent industries, making the fair a more holistic experience. Visitors can look forward to a range of highlights, including innovative product demonstrations, competitions, presentations, and expert-led workshops. The growing participation of companies, economic delegations, and trade missions, both from Bulgaria and abroad, attests to the significance and success of INTERFOOD & DRINK. Through its role as a leading business platform in the region, the fair promotes international collaborations and enhances the global presence of the participating sectors. It remains an indispensable event for everyone involved in the dynamic world of food, beverages, and related technologies."
JAPAN'S FOOD EXPORT FAIR,11. - 13. November 2026,Japan,Chiba,Makuhari Messe,www.jfex.jp/jpfood/en-gb.html,"The "" JAPAN'S FOOD EXPORT FAIR"" (JFEF) is an annual trade fair for importers, wholesalers and buyers of Japanese food and beverages and held at Makuhari Messe in Chiba, near Tokyo. It serves as a central hub for the export of Japanese food and beverages. The event is organized by RX Japan Ltd., a leader in the organization of international large-scale events. The fair's goal is to bridge Japanese exporters and global markets. The fair's offerings include a wide range of products: fresh agricultural produce, seafood, meat products, processed foods, and Japanese tea varieties such as green tea, Matcha, Sencha, and Genmaicha. Additionally, Japanese beverages like sake and beer, non-alcoholic options, confectioneries, snacks, health-oriented foods, sustainable and allergen-free products, as well as traditional spices and sauces are highlighted. The fair also showcases the latest trends in kitchen appliances and tableware. In addition to product presentations, the JFEF provides comprehensive services in logistics and transportation, facilitating international trade. It attracts numerous visitors, including foreign importers, traders, international trade associations, government institutions, and media representatives. Primary visitors also include buyers from retail, department stores, hotels, restaurants, and the food processing industry. A distinctive feature of the fair is its highlights, such as tastings, sushi-making workshops, and business matchmaking activities. These offerings enrich the fair with a vibrant experience that not only promotes business exchange but also provides deep cultural insights and strengthens the relationship between Japanese culture and global markets. The JFEF is part of a series of fairs and is held in one of Japan's leading exhibition halls. Its modern infrastructure and accessibility, combined with its proximity to Tokyo, provide an attractive incentive for international visitors who seek not only business opportunities but also cultural enrichment. In summary, the JAPAN'S FOOD EXPORT FAIR is an essential platform for stakeholders in the international food trade to explore the diversity and quality of Japanese products and to establish direct contacts with leading manufacturers and exporters."
JAPAN'S FOOD EXPORT FAIR,11. - 13. November 2026,Japan,Tokyo,Tokyo Big Sight,www.jpfood.jp,"The ""JAPAN'S FOOD EXPORT FAIR"" (JFEF) is an annual trade fair for importers, wholesalers and buyers of Japanese food and beverages, held at the Tokyo Big Sight in Tokyo. It has established itself as a central hub for exporting Japanese food and beverages. The event is organized by RX Japan Ltd., a leader in organizing large international events, with the aim of connecting Japanese exporters to global markets. The fair offers a wide range of products including fresh agricultural produce, seafood, meat products, processed foods, and a variety of Japanese teas such as green tea, matcha, sencha, and genmaicha. Additionally, Japanese beverages like sake and beer, non-alcoholic alternatives, confections, snacks, and health-oriented foods are presented. Sustainable and allergen-free products, as well as traditional spices and sauces, are also highlighted. The fair additionally showcases the latest trends in kitchen appliances and tableware. Besides product presentations, the JFEF provides comprehensive logistics and transportation services to facilitate international trade. It attracts a diverse group of visitors including foreign importers, traders, international trade associations, government institutions, and media representatives. The main attendees include buyers from retail, department stores, hotels, restaurants, and the food processing industry. A distinctive feature of the fair are its highlights such as tastings, sushi-making workshops, and business matchmaking activities, which not only promote business exchange but also offer deep cultural insights and strengthen the relationship between Japanese culture and global markets. The JFEF is part of a series of fairs and takes place in one of Japan's leading exhibition halls. Thanks to its modern infrastructure and convenient location in the heart of Tokyo, Tokyo Big Sight offers an attractive incentive for international visitors seeking not only business opportunities but also cultural enrichment. In summary, the JAPAN'S FOOD EXPORT FAIR at Tokyo Big Sight serves as an essential platform for stakeholders in international food trade to explore the diversity and quality of Japanese products and to establish direct contacts with leading manufacturers and exporters."
Biolife,13. - 15. November 2026,Italy,Bolzano,Fiera di Bolzano,www.fierabolzano.it/de/biolife,"The Biolife Fair in Bolzano is a trade show dedicated to the presentation and promotion of organic products. This annual event, traditionally held in November, often in conjunction with the Autumn Fair, is organized by Messe Bozen AG and attracts professionals, enthusiasts, and consumers from the entire organic sector. The venue for this fair is the Fiera di Bolzano, a modern exhibition center known for hosting a variety of events and its easily accessible location in Bolzano, South Tyrol. The region itself is renowned for its commitment to sustainability and organic farming, making it the ideal location for a fair that upholds values such as environmental protection and organic agriculture. The Biolife Fair is characterized by a wide range of topics and focal points, including organic farming, sustainable food production, health and wellness, and innovative organic solutions for everyday life. Exhibitors showcase an impressive selection of certified organic products and services, ranging from food to cosmetics to health and wellness products. A distinctive feature of the fair is its comprehensive program of expert lectures, presented by industry experts. These talks offer visitors insights into the latest trends, developments, and research findings in the field of organic products. They also promote dialogue and knowledge exchange between producers, retailers, professionals, and consumers. Overall, the Biolife Fair in Bolzano stands out as an event that not only fosters knowledge and innovation but also builds a community committed to a more sustainable and healthier future. Through its blend of information, inspiration, and networking, it actively supports the further development of the organic industry."
Iss Gut!,14. - 16. November 2026,Germany,Leipzig,Messe Leipzig,www.iss-gut-leipzig.de,"The ""ISS GUT!"" is a trade fair focusing on the catering and food craft industries, held in the heart of Leipzig, a city known for its cultural diversity and dynamic economy. Since its inaugural event in 2015, hosted by Leipziger Messe GmbH, the fair has evolved into a significant occasion for the food and hospitality sectors in Germany. The event takes place at Messe Leipzig, appreciated for its modern facilities and capacity to accommodate various events. Notably, the ""ISS GUT!"" occurs biennially in odd-numbered years, each November, a regularity that underscores its exclusivity and stirs anticipation throughout the industry. A primary focus of ""ISS GUT!"" is the takeaway market. The fair showcases a wide array of products and services. The range extends from cutting-edge kitchen technology and interior setups to specialized offerings for bakeries, pastry shops, and butcher shops, providing a comprehensive overview of the industry. It serves as an important platform for catering services, hotels, fast-food restaurants, snack stands, communal catering, as well as experience and leisure gastronomy. A distinctive feature of the fair is its emphasis on regional products, particularly evident in the ""Marketplace for Regional Products."" Here, visitors can explore not only innovative solutions from global providers but also goods from local producers presenting their fresh, local, and sustainable items. Beyond the physical spectrum of products, ""ISS GUT!"" accentuates the importance of technological solutions, including cash register systems, IT solutions, and communication technology, all contributing to increased efficiency in gastronomy. Furthermore, participants can learn about the latest trends in the areas of takeaway and delivery services, which are gaining relevance in our fast-paced world. In summary, ""ISS GUT!"" is an essential event for professionals in the gastronomy and food craft sectors, especially in the new federal states of Germany. It offers a unique opportunity to stay informed about the latest trends and innovations while simultaneously supporting the strengthening of the regional economy and culture."
Dry Fruits & Nuts Expo,16. - 18. November 2026,UAE,Dubai,Dubai World Trade Center DWTC,organicandnatural.com,"The "" Dry Fruits & Nuts Expo "", an integral part of the annual ""Middle East Organic & Natural Products Expo"" held at the Dubai World Trade Center, is a leading trade show for dried fruits, nuts, and related products. It offers a unique platform for international and regional vendors to present their products to an open-minded and affluent audience. The event’s specific focus on dry goods, including saffron and dates, attracts significant attention. The event is organized by Global Links Exhibition Organisers & Conferences LLC and reflects the growing demand for organic and sustainable products, as well as health-conscious dietary practices in the Middle East. The products featured include nut powders, “free-from” snacks, and plant-based alternatives. The expo's focuses are on market expansion, sustainability, health, and wellness, along with effective B2B networking that facilitates direct business relationships. Dubai, the location of the expo, underscores the city's role as a bridge in global trade. The geographical position of the DWTC provides optimal access for international guests and local visitors. The expo’s accompanying program includes competitions and awards ceremonies dedicated to the most innovative and advanced products. Exhibitors from various industries such as agriculture, food production and distribution, and health and wellness sectors participate. The expo attracts professional visitors from these and related industries, including importers, distributors, and representatives from the gastronomy sector, making it an essential event for all stakeholders in the dried fruit and nut industry. In conclusion, the ""Dry Fruits & Nuts Expo"" serves as a prime example of how a specialized trade show can effectively contribute to business and networking development in a growing market, with the Dubai World Trade Center serving as an accessible and modern venue."
Health & Wellness,16. - 18. November 2026,UAE,Dubai,Dubai World Trade Center DWTC,organicandnatural.com,"The "" Health & Wellness "" Fair, a key component of the Middle East Organic & Natural Products Expo, is dedicated to promoting natural health products and solutions. This prestigious event takes place annually at the Dubai World Trade Center and attracts visitors and exhibitors from around the world who are interested in natural and holistic health approaches. It is organized by Global Links Exhibition Organisers & Conferences LLC. The fair's offerings include a wide range of products and services that enhance well-being. These include superfoods, digestive aids, dietary supplements, probiotics, herbal products, halal and herbal medicine, as well as medical devices. Innovations in the areas of e-health platforms and fitness/medical technology are also a focus, making the fair an important meeting point for industry innovations. Dubai, the venue, is known for its leadership in technology and luxury, providing the perfect backdrop for the presentation of advanced health solutions. This attracts an international audience interested in health, wellness, and sustainable lifestyles, emphasizing the global significance of the fair as a bridge between the markets of the Middle East and the rest of the world. Theme-specific workshops, interactive seminars, and panel discussions led by leading industry experts are among the highlights of the fair. The exhibitors represent various industries, including pharmaceuticals, medical device technology, healthcare, as well as providers of wellness retreats and spas. The visitors are predominantly professionals from these and related industries, seeking the latest trends and products. The Dubai World Trade Center as a venue is easily accessible and has excellent transport links. This enables visitors and exhibitors from all over the world to participate and experience the diverse facets of Dubai. Combined with the high-caliber program, this makes the ""Health & Wellness"" Fair an indispensable event for everyone interested in health and wellness."
Food & Beverages,16. - 18. November 2026,UAE,Dubai,Dubai World Trade Center DWTC,organicandnatural.com,"Food & Beverages is an integral part of the ""Middle East Organic & Natural Products Expo"" and has established itself as a leading trade fair for organic and natural products in the food and beverage sector. Held annually at the Dubai World Trade Center, it provides a global platform for manufacturers, distributors, and consumers in the organic industry. The expo is particularly significant in the MENA region, a dynamic market that places high value on healthy, environmentally conscious, and ethical products. Organized by Global Links Exhibition Organisers & Conferences LLC, the fair specifically targets the retail and HoReCa sectors and serves as a comprehensive marketplace. The fair highlights key themes such as organic and health-conscious eating, specialty products like organic tea and coffee, sustainable consumption practices, Halal-certified products, and innovations in the organic sector. A variety of products and services are showcased, including fresh produce, vegan foods, processed products, and special baby food. Special highlights include the Halal Pavilion and the New & Innovative Products Pavilion, which are major attractions focusing on cultural relevance and product launches. Participants and visitors to the fair come from various sectors, including agriculture, food processing and distribution, gastronomy, and retail. They are in search of the latest trends and sustainable solutions in the organic segment. The fair is not just a local event but also an international one, bridging local and global markets and emphasizing Dubai's role as a trading hub. The Dubai World Trade Center's accessibility via various means of transportation makes logistical planning easier for visitors and participants. In summary, the Food & Beverages is an indispensable event for anyone interested in the growing market for organic and natural products, offering direct access to both new and established markets in the MENA region and beyond."
Foodex Saudi,16. - 18. November 2026,Saudi Arabia,Riyadh,RICEC Riyadh International Convention & Exhibition Center,www.foodexsaudiexpo.com,"Launched in 2013, Foodex Saudi is a prestigious international trade fair for the food and beverage industry. The name ""Foodex"" symbolizes an in-depth exploration of the food industry - from product development to delivery to the consumer. The fair is held once a year in Riyadh and Jeddah. The fair is organized by Reed Sunaidi Exhibitions, a leading company in the events sector that always strives to provide a smooth and enriching experience for all participants. The range of topics covered at Foodex Saudi is wide and includes beverages, food technology and machinery, canned goods, meat and dairy products, confectionery, poultry and game, chilled and fresh frozen products, among others. Particular emphasis is placed on niche products, diet products, gourmet items, organic products and health foods. With this diverse offering, the fair attracts a wide range of exhibitors, from major industry leaders to specialty manufacturers. The main visitor group is made up of professionals from the food and beverage industry, who can look forward to a number of highlights, including film screenings, seminars and the opportunity to meet celebrity chefs. The fair also offers platforms such as the Salon Culinaire, a professional cooking competition, the Chocolate Art Salon, dedicated to art and sculpture made of chocolate, the Mocktail Bar mixology competition, where bartenders can showcase their creativity in non-alcoholic cocktails, as well as a live kitchen and a business match program."
GastRo,16. - 18. November 2026,Germany,Rostock,HanseMesse,www.inrostock.de,"The GastRo in Rostock is an annual trade fair for hospitality, gastronomy, and catering held in the HanseMesse Rostock, either in October or November. Since its inception, it has evolved into a central hub for the hospitality, gastronomy, and communal catering industry in the northeast of Germany. The event is organized by inRostock GmbH Messen, Kongresse & Events. The diversity of the exhibiting companies characterizes the GastRo. Many specialized exhibitors from various sectors seize the opportunity to establish new business relationships, maintain existing contacts, and present innovative ideas and concepts. The growing number of participants and the positive feedback from the professional audience underscore the fair's high significance and reputation. A primary focus of GastRo is on the latest industry trends and innovations. The offerings include both products and services for the hotel and restaurant industry, as well as solutions for communal catering. In addition to the exhibits, visitors also benefit from an extensive accompanying program. This notably includes professional seminars, further training, and exciting competitions in the GastRo Arena. The HanseMesse Rostock, as the venue, offers ideal conditions for this major event thanks to its modern facilities and optimal accessibility. It serves not only as an exhibition space but also as a central meeting point and networking venue for the industry. In summary, the GastRo in Rostock goes far beyond being just a trade fair. It represents an annual highlight for industry insiders and provides an optimal platform for networking, professional development, and business initiation in northeastern Germany."
Tea & Coffee,16. - 18. November 2026,UAE,Dubai,Dubai World Trade Center DWTC,organicandnatural.com,"The "" Tea & Coffee Expo "", a significant trade fair part of the ""Middle East Organic & Natural Products Expo"", is held annually at the Dubai World Trade Center. Organized by Global Links Exhibition Organisers & Conferences LLC, it attracts industry leaders from around the world. As a central meeting point, the expo facilitates business connections and showcases innovations in organic and natural products. The focus is on organic tea and coffee, with particular attention to health awareness, sustainable practices, and business opportunities. Exhibitors from specialties such as trade, flavors and fragrances, natural sweeteners, and spices provide insights into the latest trends in packaging, equipment, and certifications for tea and coffee. The event promotes exchanges between producers, wholesalers, and suppliers with an international audience, especially from the MENA region. Highlights include tastings, live demonstrations, and Q&A sessions, offering excellent opportunities for networking and maintaining business contacts. The Tea & Coffee Expo also contributes to Dubai's international standing as a trading hub and reflects the city's commitment to ecological sustainability and health. The main attendees are professionals from the tea and coffee industry and related sectors, seeking to learn about innovations and build business relationships. The Dubai World Trade Center, as the venue, is an ideal meeting point for international guests and exhibitors due to its modern infrastructure and accessibility. Overall, the ""Tea & Coffee Expo"" provides a unique platform for players in the growing markets for organic and natural tea and coffee products to establish themselves in one of the world's most dynamic markets."
Fresh & Perishables Expo,16. - 18. November 2026,UAE,Dubai,Dubai World Trade Center DWTC,organicandnatural.com,"The "" Fresh & Perishables Expo ,,"" an integral part of the Middle East Organic & Natural Products Expo, is held annually at the prestigious Dubai World Trade Center (DWTC). Organized by Global Links Exhibition Organisers & Conferences LLC, this trade fair provides a platform for leading representatives from the fresh and perishable goods industry, particularly from the MENA region. The fair's objective is to showcase the latest innovations and sustainable solutions for fresh and perishable foods. It particularly emphasizes the promotion of organic products and sustainable practices. Key topics include certification, logistics, online marketplaces, and innovative biological solutions. Major themes are organic fresh products, sustainable agricultural practices, e-commerce solutions, and product demonstrations through live cooking shows. Exhibitors come from various segments, including manufacturers of frozen and processed fruits and vegetables, fresh flower suppliers, and specialists in logistics and packaging. The expo covers a wide range of the food industry, offering an array of products and services. Visitors mainly come from the hotel, catering, and retail sectors, making the expo an ideal venue for B2B networking and business transactions. The significance of the expo for Dubai, as a leading trading center in the Middle East, highlights its role in promoting Dubai as a global hub for sustainable and innovative food products. The Fresh & Perishables Expo is more than just a trade fair; it is a movement aimed at sustainably shaping the future of the food industry. The DWTC, as a venue with its modern infrastructure and excellent accessibility, provides ideal conditions for the expo. Its convenient connection to Dubai's main traffic routes facilitates participation for international visitors and exhibitors. In conclusion, the Fresh & Perishables Expo is an indispensable event for food industry professionals interested in the latest trends, technologies, and sustainable practices. Here, innovation, expertise, and business opportunities come together to collaboratively address the challenges of the future."
Free From Food,16. - 18. November 2026,UAE,Dubai,Dubai World Trade Center DWTC,dubai.freefromfoodexpo.com,"The "" Free From Food Expo Dubai "" is held annually at the Dubai World Trade Center and has established itself as a pioneering B2B event for manufacturers, importers, and retailers in the Middle East. Organized by Expo Business Communications BV, the fair focuses on health-conscious and innovative food products. Specializing in ""Free From"" products, the expo offers a variety of gluten-free, vegan, fat-free, and lactose-free foods, complemented by an extensive range of organic and sugar-free options. It also features functional foods, superfoods, and dietary supplements that support athletic performance and general health. A highlight of the expo is the integration of sustainable packaging and the promotion of transparency in food production through the Clean Label Movement. The program is further enriched by expert lectures and CEO roundtables that address current trends such as plant-based innovations and the challenges facing the food industry in terms of sustainability and healthy eating. The expo takes place in Dubai, a vibrant trading hub that provides an ideal platform for expansion into the growing markets of the Middle East. Exhibitors come from various sectors, including food production, organic agriculture, and healthcare. Professionals from these fields attend the expo to learn about the latest products and developments. In summary, the Free From Food Expo Dubai is more than just a fair; it is an essential meeting point for innovators and business leaders in the food industry. The easily accessible Dubai World Trade Center, with its excellent conference facilities, offers the perfect setting for this event."
Middle East Organic & Natural Products Expo,16. - 18. November 2026,UAE,Dubai,Dubai World Trade Center DWTC,organicandnatural.com,"The ""Middle East Organic & Natural Products Expo"" is a renowned international trade fair in the Middle East, specializing in natural and organic products. It takes place annually at the Dubai World Trade Center (DWTC), under the patronage of the Ministries of Health, Environment, and Water of the United Arab Emirates. The fair is organized by Global Links Exhibition Organisers & Conferences LLC, a leading organizer in the region. The fair serves as a central hub for presenting and discovering the latest trends in the fields of food & beverages, beauty & cosmetics, health & wellness, agriculture & environment, as well as sustainable living. It provides a platform where manufacturers, traders, and consumers meet to explore the latest products and services in these sectors. A particular focus is on the connection to the city of Dubai and the United Arab Emirates, which are seen as centers for sustainable development and innovation in the region. The expo supports this trend by promoting local and regional businesses and inviting international brands to showcase their latest organic and natural products. Highlights of the fair include the ""Organic Super Kitchen"" area, where top chefs prepare gourmet dishes from organic ingredients, the ""Organic Beauty Lounge"" for natural cosmetics, and the ""Health & Wellness Studio"". Other special areas are the ""Tea & Coffee Pavilion"" and the ""Halal Pavilion"", offering a variety of certified products. The ""Middle East Organic & Natural Products Expo"" is accompanied by the introduction of new products, a matchmaking program, as well as scheduled meetings and key conferences focusing on various aspects of the organic and natural product industry. Notable are the ""Organic and Natural Conference"" and the ""Traditional Complementary and Alternative Medicine Conference"" (TCAM). The ""Organic and Natural Conference"" offers a mix of presentations, panel discussions, and roundtable talks on topics such as organic and natural trends, vegan and plant-based products, clean beauty, natural cosmetics, tea and coffee, honey, nutraceuticals, dietary supplements, probiotics, sustainable living, and environmental practices. The ""Traditional Complementary and Alternative Medicine Conference"" (TCAM) is a significant forum for medical professionals in the Middle East and Africa, focusing on holistic treatment and medicine. Participants here can discuss and learn about the best treatment approaches, therapies, and medications to improve patient outcomes. Exhibitors come from various industries, including food production, cosmetics, healthcare, and agriculture. The main visitors are professionals from these sectors, including traders, retailers, HORECA experts, wholesalers, and exporters, who utilize the fair to inform themselves about the latest trends and certification standards and to establish business contacts. Finally, the Dubai World Trade Center is highlighted as the venue for the fair. It is a globally renowned trade and conference center, easily accessible by various means of transportation and serving as a hub for international business in the region."
Fi Europe,17. - 19. November 2026,Germany,Frankfurt,Messe Frankfurt,www.figlobal.com/europe/en/home.html,"The Food Ingredients Europe trade fair, Fi Europe for short, is an international specialist event in food additives. It is held annually at various locations across Europe and is renowned for its ability to bring together buyers from regional and global markets with international suppliers of food and beverage additives. This significant fair is organized by Informa Markets, a leading company in event organization. Informa Markets is recognized for its expertise in creating interactive and innovative platforms for various industries, with Fi Food Ingredients Europe being one of their special events in the food and beverage industry. A key aspect of the fair is the presentation of the latest and most innovative products in the field of food additives. Exhibitors have the opportunity to showcase their products and services to an audience of decision-makers, making the fair a vital meeting point for innovation and business development. The fair covers a wide range of topics, including natural ingredients, preservatives, flavors, enzymes, and much more. One of the standout features of Fi Food Ingredients Europe is its role as a traveling or rotating fair, meaning it takes place in a different European city each year. This rotation allows the fair to achieve a broader geographical reach and gives participants the chance to experience different markets and cultures. Each fair location is carefully chosen to provide optimal access and facilities for exhibitors and visitors. In addition to the exhibition, the fair also offers networking opportunities, professional lectures, and discussion panels where industry experts share their knowledge and insights. These interactive elements make Fi Food Ingredients Europe an indispensable platform for anyone involved in the field of food additives, whether in research and development, production, marketing, or sales."
Bio Expo Warsaw,17. - 19. November 2026,Poland,Nadarzyn,PTAK Warsaw Expo,bioexpo.pl/en,"BIOEXPO Warsaw is an internationally oriented trade fair for organic food and ecological products. It has established itself as the central platform for the organic industry in Central and Eastern Europe. The name of the fair – ""BIO"" for organic, ""EXPO"" for exhibition, and ""Warsaw"" as the host city – clearly reflects its thematic and regional focus. The event is held annually at the Ptak Warsaw Expo, one of the most modern and largest exhibition centers in Central Europe, located in Nadarzyn near Warsaw. It is organized by Ptak Warsaw Expo Sp. z o.o., an experienced trade fair organizer with a diverse portfolio of industry events. The fair targets producers, traders, distributors, buyers, start-ups, and professional visitors from sectors such as agriculture, retail, gastronomy, science, and politics. At its core are certified organic products and sustainable innovations. The exhibition features a wide range of offerings including fresh and processed organic foods, beverages, natural cosmetics, eco-friendly cleaning products, sustainable packaging solutions, modern agricultural technologies, and zero-waste products. The range is complemented by services related to organic certification, logistics, and export. A central highlight of the event is the conference program, which includes the Poland Bio Congress. Here, leading experts, thought leaders, and policymakers discuss current developments, including market trends, regulatory frameworks, and scientific insights. The forum also gives space to innovative approaches from emerging companies. Thanks to its convenient location, the fair is easily accessible both from Warsaw Chopin Airport and via highways and public transportation. BIOEXPO Warsaw is not only a key meeting point for the international organic industry, but also a reflection of the growing ecological awareness in Poland – a country that is increasingly establishing itself as a significant player in the global organic market."
Israfood,17. - 18. November 2026,Israel,Tel Aviv,Israel Trade Fairs & Convention Center - Expo Tel Aviv,israfood.co.il,"The Israfood Fair in Tel Aviv is an annual event in the food and beverage industry, organized by Stier Group Ltd., a specialized organizer for industry-leading events. This platform promotes innovation, exchange, and business development. It encompasses a wide range of topics and attracts exhibitors and professional visitors from the entire food industry. Core areas include fresh, frozen, and chilled foods; dairy products, cheese, and spreads; meat, sausages, fish, desserts, bread, and pastries; healthy and organic foods; gourmet and ethnic foods; as well as a variety of beverages. Special segments such as FoodPack for packaging, food logistics, and IsraPro for equipment and services in food production enhance the offering. The fair is distinguished by its diversity and special areas, such as the Farmers Fine Foods for high-quality products from local farmers, the Gourmet Boulevard for delicacies, and an international area that presents the culinary diversity of various countries. The venue is the Israel Trade Fairs & Convention Center in Tel Aviv, known for its modern infrastructure and central location. This enables excellent accessibility and offers a variety of services to support the fair. In addition to the product variety, workshops, seminars, and live demonstrations by industry experts provide insights into current trends and challenges. The fair serves as an excellent platform for networking, business initiation, and professional exchange, making it an indispensable event for players in the food industry. In summary, Israfood in Tel Aviv is a comprehensive platform that covers a broad spectrum of the food industry and attracts participants from around the world. With its diverse offerings and opportunities for learning and networking, it plays a central role as a meeting point for the industry and is an annual highlight in the food industry's calendar."
Palmex Malaysia,17. - 18. November 2026,Malaysia,Kuala Lumpur,Kuala Lumpur Convention Centre (KLCC),www.asiapalmoil.com,"Palmex Malaysia is a leading trade fair for the palm oil industry in Asia, focusing on the latest technologies and innovations in palm oil extraction and processing. This annual event takes place at the Kuala Lumpur Convention Centre (KLCC), a central economic and commercial hub in Kuala Lumpur. The organizer, NRG Exhibitions (M) Sdn. Bhd., is a renowned player in event organization known for its industry-leading events. The name ""Palmex"" derives from ""Palm Oil Expo"" and reflects the core themes of the fair: palm oil extraction, processing, and related technologies. The fair is internationally oriented and offers a wide range of products and services, including palm oil refining technologies, agricultural equipment, agrochemicals, fertilizers, pesticides, insecticides, biomass processing technologies, and environmentally friendly solutions for waste and water management. Palmex Malaysia is particularly relevant to the local economy and industry. As one of the world's leading producers and exporters of palm oil, Malaysia provides an ideal location to connect local and international stakeholders. The fair includes technology seminars, business matchmaking activities, and conferences, offering valuable insights and networking opportunities. The range of exhibitors spans from manufacturers of agricultural equipment and chemicals to providers of specialized laboratory equipment and certification services. This diversity makes the fair attractive to professionals from various fields, including palm oil producers, engineers, biotechnologists, and environmentalists. The KLCC as the venue underscores the importance of Palmex Malaysia. Located in the heart of Kuala Lumpur, the center is easily accessible and connects the fair with the dynamic urban life and bustling economic activity of the city. It provides a state-of-the-art infrastructure that is ideal for a high-profile event. Overall, Palmex Malaysia offers a unique platform to explore advanced technologies, forge business relationships, and experience the latest innovations in one of Asia's most important economic sectors."
Food Tech Expo,17. - 19. November 2026,Poland,Nadarzyn,PTAK Warsaw Expo,foodtechexpo.pl/en,"The Food Tech Expo, a trade fair in the food industry, is held annually at the PTAK Warsaw Expo in Nadarzyn. Widely known as a central platform for innovations and technological developments in food processing and technology, it is organized by Ptak Warsaw Expo Sp. z o. o., one of Poland's leading trade fair organizers. At the heart of the Food Tech Expo is the presentation of the latest machinery, equipment, and services for the food industry. The range includes specialized machines and processing lines for various sectors, including the dairy, meat, and fish industries, as well as equipment for small-scale catering, food packaging, and supporting technologies. Also featured are components and production additives for food and vehicles for the specialized transport of food. The exhibition offers a wide array of products, including washing and disinfection systems, heating, cooling, and ventilation systems, control and measuring devices, fish processing machines, pasta and milling machines, dosing and packaging systems, power generators, and spare parts for machines. Additionally, the range includes dyes, preservatives, antioxidants, sweeteners, flavor enhancers, and structure-altering additives. Numerous industry experts, including manufacturers and dealers of food processing machines, suppliers of additives and packaging solutions, as well as service providers in training, consulting, and financing, participate in the fair. The main visitors include executives from the food and beverage industry, chief technologists, restaurateurs, as well as representatives from the hospitality industry and wholesale trade. The Food Tech Expo also serves as a platform for educational events such as conferences, workshops, and congresses. These enable participants to acquire market knowledge and learn about the functioning of new technologies. It reflects the dynamic development of the food industry in Poland and offers an international perspective. The PTAK Warsaw Expo in Nadarzyn is strategically well located and easily accessible, making it an ideal meeting place for professionals from around the world. This underscores the significance of the Food Tech Expo as a leading event in the food technology industry. In conclusion, the Food Tech Expo is much more than just a trade fair. It is a vibrant center for innovation, knowledge exchange, and business development in the food industry, bringing together an impressive international community of professionals and enthusiasts annually in Nadarzyn."
The Good Food Fair,18. - 19. November 2026,Sweden,Malmö,Malmömässan Exhibition & Convention Center,www.nordicorganicexpo.com,"The Good Food Fair , established in 2024, is an avant-garde trade show in Malmö dedicated to ethically and sustainably produced food and beverages — even if they are not necessarily organically certified. The event takes place annually at the prestigious Malmömässan and is organised by Diversified Communications UK, a company renowned for its innovative and sustainability-focused events. The Good Food Fair serves as a central meeting point for producers and consumers interested in Fairtrade-certified, B-Corp-certified, or plant-based products. Artisanal and innovative food products also take centre stage, making the fair a unique destination for retailers and foodservice professionals looking to meet the growing demand for conscious consumer goods. The event provides a platform to explore the latest trends in healthy eating and ""free-from"" products. Visitors can choose from a wide-ranging seminar programme led by industry experts, designed to inspire and support more sustainable decision-making. Running alongside The Good Food Fair is the Nordic Organic Food Fair, offering a complementary, non-organic perspective on sustainability. Highlights of the event include expert-led seminars, industry conferences, an innovation zone, and targeted business matchmaking activities that foster networking and collaboration among attendees. Exhibitors represent a broad spectrum of industries, including food production, beverage manufacturing, and nutrition consulting. The primary audience consists of professionals from the retail, hospitality, and sustainable consumption sectors. Easily accessible by public transport, Malmömässan provides a modern, well-equipped venue that perfectly supports the fair’s mission — reflecting Malmö’s strong commitment to innovation and sustainable business practices."
nordic organic food fair,18. - 19. November 2026,Sweden,Malmö,Malmömässan Exhibition & Convention Center,www.nordicorganicexpo.com/food-fair,"The "" nordic organic food fair, established in 2012, is a leading trade fair for organic food and sustainable products. It is held annually at the Malmömässan in Malmö, a convention center renowned for its excellent accessibility and modern infrastructure. The fair aims to promote innovative and sustainable solutions in the food industry. The name of the fair not only stands for the fair itself, but also symbolises its core concern: the promotion of organic and sustainable food production in the Nordic region. The event is organized by Diversified Communications UK, a company known for its expertise in hosting internationally recognized trade fairs. A distinctive feature of nordic organic food fair is its focus on certified organic food and beverages, including vegan and allergen-free products. The fair also places a strong emphasis on sustainably produced and fairly traded goods, highlighting the importance of food technology innovations. Special dietary products and dietary foods are also a significant part of its offerings. nordic organic food fair serves as a platform for professionals from the retail, hospitality, and public procurement sectors, attracting exhibitors and visitors from these and other industries. An extensive program of lectures and discussions sheds light on current trends and innovations in the organic sector. The Kistamässan, where the fair takes place, is easily accessible by public transport, making it globally accessible. The nordic organic food fair has established itself as an indispensable event that not only provides a platform for presenting and discussing new products and services but also fosters the exchange of knowledge and ideas, making it a unique meeting point in the industry."
expoSE & expoDirekt Karlsruhe,18. - 19. November 2026,Germany,Rheinstetten,Messe Karlsruhe/Rheinstetten,www.expo-se.de,"The expoSE & expoDirekt, annual fairs taking place every November, represent an outstanding platform within the agricultural sector. They are considered leading trade fairs for asparagus and berry production as well as for the direct distribution of agricultural products. The expoSE, established in 1996 and initially located in Bruchsal, found its permanent home at the Karlsruhe Trade Fair Centre starting in 2003. Its founding was initiated by the Association of South German Asparagus and Strawberry Growers e.V. (VSSE), which not only represents the interests of producers but also acts as a catalyst for innovations and progress in the industry. The fair is characterized by its comprehensive presentation of products and services essential for the cultivation and distribution of asparagus and berries. This includes machinery, plant protection products, fertilizers, and packaging solutions. The expoDirekt complements this range with products and services for the direct marketing of agricultural produce, including marketing concepts, cash register systems, and marketing strategies. The fairs offer a unique opportunity to establish business contacts and exchange information on the latest trends and scientific findings. Exhibitors and visitors can meet at a high-caliber forum where competent consultants from various institutions are ready to answer questions and discuss the implementation of scientific findings in practice. Another highlight of the expoSE & expoDirekt is the extensive congress that takes place parallel to the fair. Here, participants gain insights into current research results and market developments and can further their education in workshops and seminars. The Karlsruhe Trade Fair Centre in Rheinstetten, the venue, provides ideal conditions for exhibitors and visitors with its modern infrastructure and central location. Easily accessible and equipped with a wide range of services, the location significantly contributes to the success of the fair duo."
natural health show,18. - 19. November 2026,Sweden,Malmö,Malmömässan Exhibition & Convention Center,www.nordicorganicexpo.com/#beauty,"The "" natural health show ""  is an annual event held at the Malmömässan Center, establishing itself as the leading event in the sustainable health and beauty industry. Organized by Diversified Communications UK, the fair attracts experts and enthusiasts from around the world who are interested in natural health products, sustainable lifestyles, and innovations in beauty care. The venue not only reflects urban culture and environmental awareness but also offers excellent accessibility, making it an ideal meeting point for international visitors. The fair provides a wide range of products and services, including dietary supplements, functional foods, sports nutrition, vitamins, minerals, and ecological household goods. It particularly focuses on sustainable products such as vegan and ""free-from"" foods and bio-based household products. In the beauty sector, the fair showcases natural and ethical products like skin and hair care as well as sustainable packaging. Additionally, lectures and discussions highlight growth trends, especially the increasing demand for organic and vegan products driven by rising environmental awareness. The ""natural health show"" also serves as a platform for startups and new market developments, turning it into a hub for the latest trends and strategies in the health industry. Highlights of the fair include interactive elements such as live pitches and product presentations, which facilitate direct exchanges between industry experts and make the event dynamic. Visitors to the fair include professionals from the health, wellness, and beauty industries, entrepreneurs, as well as retailers and distributors seeking innovative solutions. In summary, the ""natural health show"" is more than just a fair; it is a cultural event that celebrates the significance of health and sustainability in the modern world. The Malmömässan provides an ideal base for a pleasant and inspiring fair experience, making every visit a highlight."
Food und Feines,19. - 22. November 2026,Germany,Stuttgart,Messe Stuttgart,www.messe-stuttgart.de/food-feines,"Since its inception in 2024, the “ Food und Feines ” trade fair has stood for culinary discovery and a refined culture of enjoyment – authentic, regionally rooted, and globally open-minded. Each year, Messe Stuttgart welcomes a discerning audience passionate about new taste experiences, creative cuisine, and sustainable nutrition. Organized by Landesmesse Stuttgart GmbH, the event offers a carefully curated platform for producers, culinary professionals, and conscious consumers alike, shaped by a strong sense for quality and innovation. The Food und Feines presents itself as a showcase of culinary diversity. While the spotlight is on regional specialties from Baden-Württemberg – including beloved classics like Maultaschen, cheese, and artisan sausages – the fair also opens the door to international delicacies. Visitors can explore the culinary riches of the Levant, the Mediterranean, Asia, and South America, bringing global food traditions to life. Complementing this selection are fine coffee and confectionery specialties rarely found outside gourmet roasteries or international markets – from frozen yogurt to premium chocolate from Dubai. Beverages are given equal attention. A thoughtfully selected range of wines, beers, spirits, and non-alcoholic creations invites exploration. The focus is on craft and authenticity, with offerings such as small-batch beers, naturally brewed lemonades, regional brandies, and international whiskies. A stylishly designed area is dedicated to tobacco and cigar culture, featuring curated accessories and expert advice. The overall experience is further enhanced by high-quality lifestyle products for the modern home, including elegant tableware, kitchen tools, and culinary literature that inspire stylish enjoyment at home. The fair places a strong emphasis on sustainability, slow food, and mindful consumption. Expert panels and discussion formats highlight pressing topics such as regional value creation, fair production, and resource-conscious nutrition. A particular highlight are the live cooking shows with renowned chefs who share insights into global food trends – from Asian street food and African spice culture to traditional bread baking and BBQ. These sessions offer not only culinary inspiration, but also fresh perspectives on food and enjoyment. Exhibitors represent sectors such as artisanal food production, gastronomy, beverage manufacturing, fine food retail, kitchen equipment, and lifestyle. The event is tailored to gourmets, food lovers, industry professionals from retail, hospitality, and gastronomy, as well as trend-conscious home cooks. In this way, “Food und Feines” builds a unique bridge between craftsmanship, culinary culture, and responsible food practices – true to the spirit of the Stuttgart region, known for its rich and forward-thinking culinary landscape. Modern Messe Stuttgart, located directly at the airport and perfectly connected to the transport network, provides the ideal setting. Bright, spacious halls, well-designed lounge areas, and short walking distances ensure a pleasant visitor experience. For those who value enjoyment grounded in quality, diversity, and integrity, “Food und Feines” is a true culinary highlight in the southern German trade fair calendar."
Grain Tech India,20. - 22. November 2026,India,Gandhinagar,Mahatma Mandir Convention Center,graintechindia.com,"Since its inception in 2010, Grain Tech India has evolved into the leading technology trade fair for grain processing and storage in India. Every year, Grain Tech India serves as a key event for trade visitors and exhibitors from around the world who wish to learn about the latest industry developments, technologies, and services. The event is organized by the Media Today Group , one of India’s foremost trade fair organizers. With its extensive experience and a broad network, Media Today successfully brings together experts, companies, innovators, and decision-makers from all areas of the grain and food industries. The focus of the exhibition lies on cutting-edge processes and machinery for processing agricultural products such as flour, rice, pulses, spices, corn, semolina, pasta, baked goods, and animal feed. The showcased technologies range from cleaning, sorting, and milling systems to solutions for packaging, storage, and transport, as well as color sorting machines, extraction units, and digital temperature control systems. What sets Grain Tech India apart is its consistent industry focus and comprehensive scope. Exhibitors include companies from grain processing, mechanical engineering, packaging and storage technology, and food production. The exhibition is further enriched by suppliers, financial institutions, consulting firms, government support agencies, certification bodies, and non-governmental organizations, together representing the full ecosystem of the grain industry. The visitor profile is equally diverse: professionals from milling operations, food manufacturers, agriculture, technology providers, trade, and investment sectors use the platform for knowledge exchange, collaboration, and forward-looking business opportunities. For anyone involved in the grain industry, Grain Tech India is far more than just a calendar event—it is a vital platform for growth, networking, and technological advancement."
Foodex Saudi,23. - 25. November 2026,Saudi Arabia,Jeddah,Jeddah Centre for Forums & Events,www.foodexsaudiexpo.com,"Launched in 2013, Foodex Saudi is a prestigious international trade fair for the food and beverage industry. The name ""Foodex"" symbolizes an in-depth exploration of the food industry - from product development to delivery to the consumer. The fair is held once a year in Riyadh and Jeddah. The fair is organized by Reed Sunaidi Exhibitions, a leading company in the events sector that always strives to provide a smooth and enriching experience for all participants. The range of topics covered at Foodex Saudi is wide and includes beverages, food technology and machinery, canned goods, meat and dairy products, confectionery, poultry and game, chilled and fresh frozen products, among others. Particular emphasis is placed on niche products, diet products, gourmet items, organic products and health foods. With this diverse offering, the fair attracts a wide range of exhibitors, from major industry leaders to specialty manufacturers. The main visitor group is made up of professionals from the food and beverage industry, who can look forward to a number of highlights, including film screenings, seminars and the opportunity to meet celebrity chefs. The fair also offers platforms such as the Salon Culinaire, a professional cooking competition, the Chocolate Art Salon, dedicated to art and sculpture made of chocolate, the Mocktail Bar mixology competition, where bartenders can showcase their creativity in non-alcoholic cocktails, as well as a live kitchen and a business match program."
Agro-Pack Iraq,23. - 26. November 2026,Iraq,Erbil,Erbil International Fair Ground,www.iraq-agrofood.com,"Agro-Pack Iraq is the most important trade fair for food processing, packaging, and printing technology in Iraq. Since its inception in 2017, it has been held annually in autumn at the Erbil International Fair Ground – a state-of-the-art exhibition venue located in Erbil, the country’s most economically vibrant city and an emerging trade fair hub in the Middle East. The event attracts industry professionals and exhibitors from around the world. It is organized by So Fuar Ltd. Sti., an experienced event organizer that not only facilitates participation but also offers comprehensive services such as booth construction, shipping, and accommodation. This all-inclusive support makes Agro-Pack Iraq particularly attractive for international participants who wish to focus entirely on professional exchange and new business opportunities. What sets Agro-Pack Iraq apart is its clear focus and in-depth content: The exhibition covers the entire value chain of the food and beverage industry – from innovative processing technologies for meat, fish, dairy products, baked goods, and snacks to advanced packaging and printing solutions, as well as refrigeration and climate control systems. The range is further enhanced by key topics such as food safety, waste and wastewater management, and digital POS and IT systems for the hospitality sector. Even highly specialized segments like ice cream technology, pasta production, and flavoring and additive systems are given their own stage. A special emphasis is placed on packaging and printing, where the latest machines, materials, and labeling technologies take center stage. Companies from the food processing, packaging, and agricultural technology sectors present practical innovations, while decision-makers, engineers, and developers specifically seek out efficient, ready-to-implement solutions. Agro-Pack Iraq is far more than just an industry gathering – it is a platform for concrete business deals, knowledge exchange, and strategic partnerships. With its modern exhibition halls, solid infrastructure, and convenient location – accessible both regionally and internationally by land and air – the Erbil International Fair Ground provides the ideal environment for successful trade show participation. Anyone looking to offer or discover innovative solutions in the food and packaging sectors will find the perfect place here for networking, showcasing, and negotiating."
FRUIT POLAND,24. - 26. November 2026,Poland,Nadarzyn,PTAK Warsaw Expo,fruitpolandexpo.com/en,"FRUIT POLAND is an international trade fair that has focused on fruit cultivation and related industries since its inception in 2023. It is held annually at the Ptak Warsaw Expo in Nadarzyn , a suburb of Warsaw, and has established itself as a central meeting point for professionals in the fruit cultivation and food industries. The name of the fair underscores its focus on fruit products and its roots in Poland. The renowned company Ptak Warsaw Expo Sp. z o.o. serves as the organizer, known for its expertise in organizing trade fairs. FRUIT POLAND addresses topics such as the cultivation and processing of fruit, technologies in fruit cultivation, plant protection, fertilizers, storage methods, and trading strategies. The fair showcases a wide range of products and services. These include seedlings for fruit trees and bushes, fruit cultivation machinery and tools, accessories for fruit cultivation, plant protection products, fertilizers, and modern cultivation technologies. It plays an important role for the city and the country by bringing together Polish and international companies and positioning Poland as a significant player in the fruit industry. Highlights of FRUIT POLAND include competitions, award ceremonies, and educational discussions led by recognized experts. Exhibitors come from various sectors, including fruit cultivation, agriculture, plant protection, and fruit processing. The main visitors to the fair are fruit growers, producers, farmers, representatives of processing and packaging companies, and scientists. The Ptak Warsaw Expo impresses with its modern facilities and good accessibility. It is located near Warsaw's international airport and is easily accessible by both public transport and car. Overall, FRUIT POLAND offers a significant platform for knowledge exchange, networking, and business development for all stakeholders in the fruit sector."
FOOD & LIFE,25. - 29. November 2026,Germany,Munich,Messe München,www.food-life.de,"The FOOD & LIFE event in Munich is a prestigious consumer and sales fair dedicated entirely to the themes of food, drink, and enjoyment. Established in 2004, the fair has been organized by GHM Gesellschaft für Handwerksmessen mbH and, since the spring of 2023, takes place twice a year. It has established itself as Germany's largest meeting point for culinary excellence, attracting visitors interested in high-quality, artisanal delicacies. The fair offers an impressive variety of products and services. Ranging from small manufacturers with regional specialties to producers of sustainable organic products, the selection is diverse. It includes spreads, baked and confectionery goods, fine and health foods, fish, meat and sausages, beverages and spirits, spices, herbs, vinegar, oil, coffee, tea, dairy products, eggs, fruits, and vegetables. This culinary abundance makes the fair a paradise for gourmets and lovers of good taste. A distinctive feature of FOOD & LIFE is the presentation by passionate distillers, brewers, coffee roasters, chocolatiers, and butchers, who showcase their products and their production processes. Celebrity chefs demonstrate their skills on live stages, making the fair an interactive and educational experience. The venue, Messe München, provides an ideal platform for this event. With its modern infrastructure and accessibility, it is a suitable setting for showcasing the diverse culinary world."
Interpoma,25. - 27. November 2026,Italy,Bolzano,Fiera di Bolzano,www.fierabolzano.it/de/interpoma,"Interpoma , the unique trade fair for the apple industry, is held every two years at the Fiera di Bolzano in picturesque Bolzano. It provides a specialized platform for the production, storage, and marketing of apples. The name ""Interpoma"" is derived from the Latin words ""inter"" (between) and ""pomum"" (apple), symbolizing international exchange within the industry. In late autumn, the Fiera di Bolzano transforms into a hub for technology and sustainability as Messe Bozen AG gathers experts, producers, and enthusiasts from around the world. Bolzano's significance as a historic apple-growing region in South Tyrol underscores the fair's relevance to the area and provides an ideal setting for the event. Interpoma focuses on topics such as technological advancements in apple cultivation, sustainable farming methods, digital innovations, and genetic developments in apple breeding. These specific areas of focus make the fair an indispensable meeting point for professionals in the apple industry. At the fair, the latest machinery, advanced cultivation techniques, and innovative products are showcased, with ""The Orchard of the Future"" as a special exhibition presenting future trends and technologies in apple cultivation. The Interpoma Congress, production tours, and the prestigious Interpoma Award for outstanding technologies and sustainability initiatives are other highlights that attract numerous professionals and interested parties. The fair serves as a magnet for a wide range of industry representatives, from agricultural engineers and farmers to researchers and marketing specialists. It offers professionals in the apple industry the opportunity to learn about the latest developments and expand their networks. Due to its excellent transport connections both nationally and internationally, Bolzano is easily accessible and serves as an attractive meeting point in the heart of Europe. In summary, Interpoma is more than just a fair; it is a pivotal event that significantly shapes the future of the apple industry. Visitors and exhibitors can look forward to a unique opportunity that will benefit them both commercially and technologically."
Gluten-Free Christmas Market,27. - 29. November 2026,Germany,Sasbachwalden,Gasthaus Bischenberg,www.glutenfreier-weihnachtsmarkt.de,"The Sasbachwalden Bischenberg Gluten-Free Christmas Market is an annual event that takes place during the pre-Christmas season. This unique market, focusing on the needs of people with allergies and celiac disease, highlights the motto ""gluten-free – lactose-free"" and offers a comprehensive range of options for visitors with food intolerances. Sasbachwalden, known for its spa park and charming landscape, provides the perfect setting for this special market. Located in the heart of the spa park, surrounded by impressive buildings, the market creates a festive and welcoming atmosphere. This backdrop gives the market a distinctive charm, making it an appealing destination during the Advent season. The market stalls are carefully selected to offer a wide range of gluten- and lactose-free products. From traditional delicacies to innovative creations, visitors can enjoy a variety of food and drinks that are rarely found at other Christmas markets. Special attention is paid to the quality and diversity of the products, ensuring that every visitor finds something to suit their taste. A visit to the market is recommended not only for its unique culinary offerings but also for the warm and inviting atmosphere it exudes. The market provides a rare opportunity to celebrate in an environment that is consciously tailored to the needs of people with specific dietary restrictions. In conclusion, the Sasbachwalden Bischenberg Gluten-Free Christmas Market is not just a feast for the senses, but also a symbol of inclusion and consideration for people with food intolerances. It offers a unique experience that is unparalleled in the Christmas market landscape."
STŘÍBRNÉ VÁNOČNÍ DNY,03. - 06. December 2026,Czech Republic,Prague,PVA Expo Praha,vanocnidny.cz,"The ""STŘÍBRNÉ VÁNOČNÍ DNY"" is an annual fair held at the PVA Expo Praha in Prague, capturing the spirit of the Christmas season. This fair, whose name translates to ""Silver Christmas Days,"" serves as a central meeting point for exhibitors from various industries to present their products and services for the holiday season. It is organized by PVA EXPO PRAHA, a renowned organizer of trade fairs. The fair is distinguished by its thematic diversity. Visitors can discover a wide range of products, including home and Christmas decorations, jewelry, crafts, toys, fashion, lingerie, experience gifts, sports equipment, household goods, and much more. The unique creations by authors and design pieces by artists and designers are also part of the offering, providing visitors with an exclusive selection of quality products and original gift ideas. A standout feature of the fair is the traditional gluten-free Christmas market, the largest in the Czech Republic. The gluten-free Christmas treats and pastries offered there make the fair attractive to visitors with special dietary needs. The fair's extensive accompanying program includes creative workshops, demonstrations of artisanal product techniques, and competitions. A special highlight is the ""Tree of Wishes,"" an initiative that provides Christmas gifts to children without families. The STŘÍBRNÉ VÁNOČNÍ DNY reflects the cultural richness and creative diversity of Prague and primarily attracts visitors from various sectors, including retailers, families, and Christmas enthusiasts. In conclusion, it's noteworthy that the PVA Expo Praha venue is easily accessible and presents itself as an ideal location for such a large-scale event. Its central location in Prague provides a perfect backdrop for such a festive and inspiring event."
Food and Healthy Living Fairs,03. - 06. December 2026,Croatia,Zagreb,Zagreb Fair,www.zv.hr,"The ""Food and Healthy Living Fair"" in Zagreb is an annual consumer exhibition dedicated entirely to healthy eating and lifestyle. As one of the largest events of its kind in Croatia, it provides extensive information and a wide range of products related to nutrition and health. Visitors to the fair can look forward to a variety of tastings, product demonstrations, and exhibitions presented by providers in the fields of healthy eating, natural products, and ecological goods. The fair serves as an ideal platform for professionals in the food and health industries, as well as for consumers who want to learn about healthy eating. It also offers new business opportunities for entrepreneurs in these growing sectors. Highlights of the fair include various award ceremonies and competitions, giving visitors insights into new recipes and culinary ideas. This makes the fair not just a place for exchange and information, but also a showcase for innovation and creativity in nutrition and health. The fair takes place at the Zagreb Fairgrounds, a renowned venue in Croatia known for its modern facilities and capacity to host large international events. Its location in Zagreb, the capital of Croatia, makes the fair easily accessible and attracts an international audience eager to discover the latest trends and developments in healthy living."
Saudi Horeca,07. - 09. December 2026,Saudi Arabia,Riyadh,RFECC Riyadh Front Exhibition & Conference Center,saudihoreca.com,"Saudi Horeca is an annual trade fair that has been taking place since 2011 at the Riyadh Front Exhibition & Conference Center RFECC in Riyadh, Saudi Arabia. The name ""Horeca"" stands for Hotel, Restaurant, and Café, reflecting the main themes of the fair. The event is organized by the SEMARK Group, a well-known organization in the region. The fair has evolved into a central meeting point for the hotel, gastronomy, and beverage industries in the kingdom and beyond. It showcases a wide range of products and services, including food and frozen goods, meat, poultry, seafood, beverages, packaging, kitchen technology and equipment, furniture and decor for restaurants and cafes, uniforms, as well as hospitality services. A distinctive feature of Saudi Horeca is its connection to the local culture and economy. It offers a platform for domestic and international exhibitors to network with professional visitors from various industries. Additionally, it reflects the culinary trends and innovations of the region. The fair is distinguished by a variety of highlights, such as live cooking sessions with renowned chefs, tastings, and competitions like the Oriental Cuisine Competition, the Saudi Cuisine Competition, the International Cuisine Competition, Barista Competition, and the Cocktail Zero Competition. These events are accompanied by conferences and live talks with experts. Saudi Horeca is part of the Horeca Exhibitions series, which also takes place in other Middle Eastern countries like Lebanon, Jordan, Kuwait, and Oman. This series is one of the largest of its kind in the region. The fair is held annually in Riyadh and primarily attracts visitors from the hotel, restaurant, and café sectors. The Riyadh Front Exhibition & Conference Center RFECC, a modern and well-equipped exhibition center, is easily accessible and offers an ideal environment for this important industry event. In conclusion, Saudi Horeca is not only an outstanding platform for business relationships and knowledge exchange in the hotel, gastronomy, and beverage industries but also a vibrant showcase of the rich culture and culinary diversity of Saudi Arabia. It offers a unique opportunity to network with industry leaders, discover the latest trends, and experience the pulsating heart of hospitality in the Middle East."
Fresh Africa,07. - 10. December 2026,Egypt,Cairo,Egypt International Exhibition Center,freshafrica-expo.com,"Fresh Africa is the leading trade fair for fresh produce in North Africa and a highly specialized industry platform held annually at the Egypt International Exhibition Center (EIEC) in Cairo. It represents the combined quality and diversity of African agricultural and fresh products – with a clear focus on export, trade, and innovation. The event is organized by IFP Egypt, an experienced organizer of international trade fairs. With Fresh Africa, the company has created a targeted platform that is practical, unique, and highly relevant to the industry. The fair is aimed at professional visitors from the retail and wholesale food sectors, import and export businesses, as well as decision-makers in gastronomy, hospitality, and food processing. Fresh Africa takes place once a year. As a regionally anchored event, it plays a key role in driving Egypt's agricultural sector and serves as a gateway to the markets of Africa and the Middle East. At the heart of the fair are fresh agricultural products such as fruits, vegetables, herbs, spices, legumes, and grains. The product range includes citrus fruits, grapes, strawberries, dates, and pomegranates, as well as potatoes, peppers, tomatoes, green beans, spring onions, and sweet potatoes. Aromatic herbs such as mint, coriander, basil, and rosemary are also featured. The offering is rounded out by dried beans, sesame, fava beans, and other oilseeds. Special emphasis is placed on convenience and organic products that meet growing international demands for sustainability and healthy nutrition. A particular highlight of the fair includes expert forums, product presentations, and innovation awards that recognize new varieties, cultivation methods, and packaging solutions. Exhibitors primarily come from the fields of agriculture, food processing, packaging, logistics, and trade – both from Egypt and abroad. The fair attracts professional visitors from over 20 countries, providing a unique platform for transcontinental networking and market entry into Africa and the Arab world. The venue – the Egypt International Exhibition Center in New Cairo – impresses with its modern infrastructure, strong international connectivity, and central location. The exhibition grounds are less than 30 minutes from Cairo International Airport and offer a professional setting for exhibitors and visitors to establish successful business relationships in a fast-growing economic region."
Food Africa,07. - 10. December 2026,Egypt,Cairo,Egypt International Exhibition Center,foodafrica-expo.com,"Food Africa is the premier trade exhibition for the food and beverage industry across the African continent and the Middle East. Held annually at the Egypt International Exhibition Center (EIEC) in Cairo, the event has established itself over the past decade as an essential platform for international trade. It offers manufacturers, exporters, buyers, and decision-makers from around the globe direct access to the region’s fast-growing markets. Organized by IFP Egypt – an experienced trade fair organizer specializing in the Middle East and Africa – Food Africa serves not only as a marketplace but also as a strategic hub for partnerships, product innovation, and market insights. The exhibition focuses on the entire value chain of the food industry. Its product range is extensive, covering everything from fresh produce such as fruits, vegetables, meat, and poultry to dairy products, frozen foods, and baked goods. It also showcases specialties like dates, halal products, gluten-free items, ready-to-eat meals, and international delicacies. Beverages such as juices, water, coffee, tea, and energy drinks are also well represented, along with sweets, spices, oils, and canned goods. In addition, the event features technological services, transport and logistics solutions, as well as organic, dietary, and ethically certified food products. Choosing Cairo as the host city provides a distinct strategic advantage: Egypt is considered a central trade hub in Africa and, due to its geographic location at the crossroads of three continents, offers access to a wide range of markets. The EIEC impresses with its modern infrastructure and excellent connectivity to Cairo International Airport and the city’s transportation network. A standout feature of Food Africa is its international B2B programs, live cooking shows, guided buyer tours, and industry-specific forums that enrich the event every year with a dynamic supporting program. Exhibitors come from diverse sectors, including agriculture, food processing, packaging, retail and wholesale, gastronomy, and franchising. Key visitors include importers, retailers, supermarket chains, distributors, wholesalers, and HoReCa professionals actively seeking new business opportunities. Thanks to its unique blend of regional focus, global reach, and deep market knowledge, Food Africa offers an ideal platform to position brands, set trends, and tap into new markets—right in the heart of one of Africa’s most vital economic zones. The modern EIEC venue provides the perfect setting for effective networking, impactful presentations, and high-level business deals."
New Year Gift,10. - 13. December 2026,Russia,Saint Petersburg,ExpoForum Convention & Exhibition Centre,en.expogift.ru,"The 'New Year Gift' is an annual international gift exhibition first held in 2004, quickly evolving into a significant platform for the festive business. The name of the fair symbolizes the wide array of gift ideas offered during the New Year season. It takes place in the esteemed ExpoForum Convention & Exhibition Centre in Saint Petersburg, a venue of great significance, known for its excellent facilities and accessibility. Organized by FarExpo Ltd., an experienced team, the 'New Year Gift' has become a central meeting point for exhibitors and visitors from various industries. The fair in Saint Petersburg is characterized by an impressive diversity of products and services tailored specifically for the New Year and Christmas season. The range covers a wide spectrum to cater to the diverse needs and interests of the visitors. The main categories of exhibited products and services include clothing and fashion, jewelry and costume jewelry, leather goods and accessories, beauty and health products, designer items, crafts and artisan products, gastronomic goods, Christmas decorations and utensils, toys and children's products, ecological and organic products, as well as home and furnishing items. This extensive range of products makes the 'New Year Gift' a comprehensive marketplace and a source of inspiration for individual and creative gift ideas for the New Year and Christmas season. However, the 'New Year Gift' is more than just a sales platform; it is also a cultural event closely intertwined with the city of Saint Petersburg and Russian culture. The fair attracts a wide range of visitors, including professionals from the retail and wholesale sectors, design, and handicrafts, as well as numerous private individuals in search of unique gifts. In summary, the 'New Year Gift' fair is a vibrant and colorful place where tradition and modern trends come together. It offers a unique opportunity to experience the diversity and creativity of the exhibitors and is a must-visit for anyone interested in the latest trends in gifts and lifestyle. The ExpoForum in Saint Petersburg, easily accessible and equipped with excellent facilities, provides the perfect setting for this impressive event."
WorldFood,15. - 18. December 2026,Turkey,Istanbul,Istanbul Fair Center,worldfood-istanbul.com,"WorldFood Istanbul is much more than a traditional food trade fair. It is regarded as a central, annual platform for the international food industry, dedicated to innovation, sustainability, and global exchange. The name ""WorldFood"" underscores the event's global scope: In Istanbul, producers, decision-makers, retailers, marketing experts, and technology providers from every continent come together to explore current developments, innovative products, and the latest technologies in food and beverages. The event is held at the renowned Tüyap Fair Convention & Congress Center, which offers an ideal setting for the trade fair thanks to its modern infrastructure and convenient location. The event is organized by ICA Events. Over the course of four days, WorldFood Istanbul addresses key industry topics. The opening day focuses on market potential, export opportunities, economic forecasts, and trends. The second day highlights climate protection, sustainability, and innovative production methods. This is followed by new quality standards, clean label concepts, and functional foods that promote healthy nutrition. The final day covers artificial intelligence, experience design, and the digital transformation of the sector. A special feature is the ""Food Tech Garage"", which brings together start-ups and established companies to jointly develop solutions for greater efficiency, sustainability, and climate protection. The trade fair not only presents foods from a wide range of segments—from raw materials to finished products for retail—but also showcases advanced technologies, packaging solutions, and services along the entire value chain. Exhibitors represent all areas of the food industry, including producers, suppliers, machine manufacturers, and distributors. The professional audience primarily consists of decision-makers, buyers, manufacturers, retailers, and marketing professionals. As a bridge between Europe and Asia, Istanbul offers ideal conditions for WorldFood Istanbul. The fair reinforces the city’s role as a global hub for the food trade and opens doors to the dynamic Turkish market as well as new international sales opportunities. The Tüyap Fair Center is easily accessible by public transportation and car, offers ample parking, and impresses with its modern facilities. Each year, WorldFood Istanbul becomes the central meeting point for everyone who wants to actively shape the future of the food industry."
International Consumer Product Fair (ICPF),24. - 27. December 2026,Pakistan,Karachi,Karachi Expo Center,www.icpfair.com,"The International Consumer Product Fair (ICPF) is one of the most prominent platforms for showcasing and marketing consumer goods in South Asia. Held annually at the state-of-the-art Karachi Expo Center – the renowned exhibition venue in Pakistan’s economic hub, Karachi – the fair benefits from a strategic location that ideally connects innovation, commerce, and consumers. Organized by Ecommerce Gateway Pakistan PVT Ltd., a seasoned organizer of international trade exhibitions with extensive industry expertise, the ICPF goes far beyond a traditional sales platform. It serves as a specialized industry gathering that fosters cross-border exchange of trends, innovations, and business models. The fair covers a broad spectrum of consumer goods – ranging from beauty & fitness, household items, fashion and jewelry to bags, footwear, gifts, stationery, and food products. The diversity and depth of the exhibits provide clear added value: from cutting-edge anti-aging solutions, fragrance and aromatherapy products, professional salon equipment, cosmetics, and hair care, to electrical appliances, kitchen and bathroom fittings, home textiles, accessories, stationery, and school supplies – all the way to food items such as confectionery, dry goods, oils, and beverages. Even niche areas like e-learning, educational technology, and sustainable products are prominently featured, highlighting the fair’s exceptional thematic breadth. The ICPF is not merely a product exhibition – it also reflects Pakistan’s economic potential. With its international orientation, the event places Karachi in the spotlight as a vibrant business location with global reach. Numerous national and international exhibitors from industries such as beauty, household goods, fashion, technology, food, and education take the opportunity to present their latest developments to a diverse professional audience. On the visitor side, the fair attracts a high-caliber audience: decision-makers from advertising agencies, purchasing departments of department stores and government agencies, distributors, trade agents, and retailers, as well as professionals from the lifestyle, gift, and hospitality sectors. They come together to discover new products, establish business partnerships, and build long-term connections. A particular highlight of the ICPF is the international diversity of its exhibitors and visitors, which further enriches cultural and economic exchange. In essence, the ICPF is much more than a trade fair – it is a global showcase for consumer goods trends and innovations, a catalyst for new business relationships, and an impulse generator for Pakistan’s economic development. The Karachi Expo Center, centrally located and easily accessible by both public transport and private vehicle, provides the ideal venue for connecting international markets with local dynamics."
Marca,13. - 14. January 2027,Italy,Bologna,BolognaFiere,www.marca.bolognafiere.it,"The ""Marca"" is an annual fair held in Bologna, Italy, at the renowned BolognaFiere exhibition center. It is the only Italian event that specifically targets the wholesale and private label sectors. The name ""Marca"" is central to the fair and symbolizes the importance of private labels. Organized by BolognaFiere S.p.A., one of the leading trade fair organizers, Marca serves as a key platform for manufacturers from various sectors to showcase their products and services to a wide audience and strengthen their presence in both the Italian and international markets. The fair focuses on main themes such as food, non-food items, packaging, and services, with a special emphasis on quality, sustainability, and innovation. The exhibition spectrum encompasses a variety of products: fresh and preserved foods, organic products, beverages, health and hygiene products, household and leisure items, pet food, and much more. Special attention is paid to ""Made in Italy"" products, renowned for their outstanding quality and authenticity. Moreover, the fair acts as a showcase for the latest trends and developments in the food and beverage industry. A highlight of the fair is the ""International Private Label Selection (IPLS) Award"", which recognizes outstanding new products, innovative ideas, and projects in the private label sector. Also significant is the ""Marca Tech"" special area, dedicated to the latest innovations in packaging, logistics, and services. Exhibitors come from various sectors, including food production, the packaging industry, logistics, and the service sector. The main visitors are retailers, importers, and national and international buyers interested in the latest developments and products in the private label area. With its strategically advantageous location and excellent accessibility via various modes of transportation, the Bologna fair site is an ideal meeting point for professionals from around the world. The Marca fair not only reflects the growth of the private label market but also highlights the significant role of Bologna and Italy in the international trade and industrial landscape."
International Green Week,15. - 24. January 2027,Germany,Berlin,Messe Berlin,www.gruenewoche.de,"The International Green Week (IGW) in Berlin, a prestigious and unique fair specializing in food, agriculture, and horticulture, is traditionally held in January at the Messe Berlin exhibition halls. Since its inception in 1926, IGW has evolved into a significant platform for food and luxury food producers from around the world. They use the fair as a marketplace, testing ground, and to enhance their image. A central aspect of the fair is the diverse product presentations. From fruits and vegetables to fish, meat, and dairy products, IGW offers a comprehensive insight into the current offerings and trends in the food industry. This is complemented by a rich assortment of wines, beers, and spirits, as well as international specialties, fulfilling the culinary desires of the visitors. In addition to traditional agricultural products, the fair also focuses on modern services like countryside holiday offers and information on renewable energy and sustainable raw materials. Thus, the fair reflects the ongoing transformation and increasing diversification in agriculture. IGW is not only attractive to the general public from Germany and neighboring countries but also draws professionals and representatives from agriculture, forestry, horticulture, and fisheries from around the world. This makes it an important platform for international exchange and networking. Highlights of the fair include stage cooking shows where top chefs demonstrate their skills and present new trends. The Regional-Star Award recognizes outstanding achievements in regional food production, while the Startup-Days provide a stage for young, innovative companies. Organized by Messe Berlin GmbH, the International Green Week ensures that each year the fair becomes an unforgettable experience for exhibitors and visitors. Messe Berlin, as the venue, with its modern infrastructure and central location, provides the ideal platform for this globally recognized event."
Winter FancyFaire,17. - 19. January 2027,USA,San Francisco,Moscone Convention Center,www.specialtyfood.com/fancy-food-shows/winter-fancyfaire,"The Winter FancyFaire is more than a traditional trade show. It serves as a vibrant meeting point for the North American specialty food scene, bringing together thought leaders, producers, retailers, and trendsetters from across the industry. Organized by the renowned Specialty Food Association, Inc. (SFA), the event takes place annually in winter, rotating between various cities across the United States. At its core, the Winter FancyFaire showcases the defining developments shaping the future of specialty foods – from sustainable product concepts and innovative preparation methods to strategic brand building. Curated selections highlight products across fine foods, beverages, functional nutrition, plant-based innovations, clean-label solutions, and other culinary trends. Innovation, taste, and craftsmanship are seamlessly interwoven throughout the exhibition. Signature formats such as the First Taste Table offer buyers focused tasting experiences, while the interactive Discovery Kitchen features top chefs from the U.S. West Coast demonstrating real-world applications of new products. Positioned as a discovery platform for industry professionals, the Winter FancyFaire offers targeted opportunities to explore emerging brands in the Debut District , engage with category-specific themes in dedicated pavilions, or experience exceptional packaging design in the curated Spotlight Shoppe . The event is tailored to a specialized audience: retail buyers, culinary professionals, distributors, foodservice experts, trend scouts, and media representatives – all looking for the next big ideas in the specialty food market. A highlight of the event is the presentation of the prestigious sofi Awards, honoring outstanding product quality and innovation. In addition to Gold Awards and the coveted Product of the Year title, the recently introduced Timeless Taste Award celebrates products with lasting appeal and flavor excellence. These accolades are considered a benchmark in the U.S. specialty food industry and provide recipients with significant market visibility. As part of the year-round FancyFaire series – which also includes a summer edition – the Winter FancyFaire has become a key fixture in the industry calendar. It is more than a showcase of products; it is a catalyst for ideas and innovation that drive the entire world of gourmet and specialty foods forward – year after year."
SIRHA Lyon,21. - 25. January 2027,France,Chassieu,Eurexpo Lyon,www.sirha-lyon.com/en,"The "" SIRHA Lyon "" is an international trade fair focusing on the food industry, hospitality and catering services, the bakery and confectionery industry, the packaging industry, and gastronomy. The name ""SIRHA"" stands for ""Salon International de la Restauration, de l'Hôtellerie et de l'Alimentation"", which translates to ""International Salon for Gastronomy, Hotel Industry, and Food"". This fair takes place at Eurexpo Lyon in Chassieu and is held biennially. Organized by GL Expo, a leading company in the trade fair and events sector, SIRHA Lyon offers a wide array of themes ranging from food and beverages, bakery and confectionery industries, to kitchen technology, equipment for cafes and bars, furniture, textiles, table decorations, hotel supplies, as well as technology and hygiene products. Additionally, innovative solutions in packaging technology and logistics are presented. SIRHA Lyon is a significant meeting point for both the local economy and international industry experts. Highlights of the fair include professional competitions and presentations such as the French Bakery Cup, Pastry World Cup, International Catering Cup, European Sugar Art Championship, the Sirha COFFEE SHOW, demonstrations by bakers and confectioners, as well as conferences on various exhibition topics. A special focus is placed on the competition for innovative products. A special area named ""SIRHA MÉTIERS DE BOUCHE"" (Food Trade) is established. It serves as a platform for professionals in the food industry and showcases the skills and products of sommeliers, butchers, fishmongers, cheese makers, and other culinary experts. Exhibitors from various sectors, including manufacturers of food and beverages, providers of kitchen technology and hotel supplies, as well as service providers in the areas of hygiene and logistics, present their latest products and services. The main visitors of the fair are professionals from these sectors, who take the opportunity to network, exchange knowledge, and establish new business contacts. As part of the international Sirha network, SIRHA Lyon is one of several trade fairs that are held at various locations around the world. In conclusion, the Eurexpo Lyon, the venue of the fair, not only impresses with its modern infrastructure but also with its accessibility. It thus provides the ideal setting for an event of this size and international scope."
Food Mech Asia,23. - 26. January 2027,India,Surat,Vanita Vishram Ground,www.foodmechasia.com,"The "" Food Mech Asia "" trade fair is a prominent event held in Surat, a major trading center in India. It focuses on innovative technologies that enhance productivity and safety in the food industry. The name of the fair, ""Food Machinery Asia"", emphasizes its focus on machinery and technologies for food processing and safety in Asia. Organized by Janki Corp Limited, this annual fair attracts professionals from all areas of the food industry, from processing to hospitality. It provides a platform to present and discuss the latest developments and trends. The main themes of the fair include food processing machines, packaging solutions, equipment for dairy and bakery products, innovative beverage technologies, advanced kitchen appliances, and modern catering technologies. Also noteworthy are systems for cooling and storage, as well as a variety of food ingredients and essences that enhance culinary creativity. Food Mech Asia also integrates the local market by offering local companies and startups the opportunity to present their products and services to an international audience. The exhibitors come from various sectors, including mechanical engineering, food processing, and packaging. The Vanita Vishram Ground provides excellent infrastructure and is easily accessible, making the fair an attractive meeting point for professionals and decision-makers in food production and distribution. In summary, Food Mech Asia offers an indispensable platform for anyone wanting to lead in food technology. It is a unique opportunity to discover innovations, expand networks, and foster business relationships."
AGROPACK EXPO,25. - 28. January 2027,Algeria,Algiers,Palais des Expositions/Safex Expo Center,agropack-expo.com,"The ""AgroPack Expo,"" founded in 2022, is a specialized international fair focusing on agriculture and food economy, agriculture itself, packaging, conditioning, and related equipment and services. The name ""AgroPack"" was derived from combining the words ""Agrar"" for agriculture and ""Pack"" for packaging, aptly summarizing the main focuses of the fair. This annual event, held at the Pine Maritime SAFEX Exhibition Centre in Algiers, attracts participants from a variety of countries including Algeria, Turkey, Germany, Pakistan, Portugal, France, Italy, Tunisia, and China. The fair is organized by CG COM EVENT, a company specialized in the organization of such specialized fairs. At the AgroPack Expo, a diverse range of products and services are presented: starting from raw materials, dairy products, beverages, to preserved and frozen foods, dates, dried fruits and vegetables, and extending to coffee, tea, chocolate, and spices. Bakery and confectionery products, as well as organic and gluten-free products, also find their place here. Moreover, a wide array of equipment and technologies for packaging, printing, machinery, and agricultural processes are showcased. The fair holds significant importance for the city of Algiers and for Algeria, as it serves as a platform for international exchange and the promotion of trade and investment. Highlights include expert-led professional conferences and the opportunity to forge new business relationships. Exhibitors come from various sectors, including the food and beverage industry, agriculture, packaging industry, and technology sector. The main target audience of the fair consists of professionals and stakeholders from these sectors, including representatives of associations and organizations. The Pine Maritime SAFEX Exhibition Centre in Algiers is a prestigious and accessible venue, offering ideal conditions for events of this scale and significance."
DairyTech,26. - 28. January 2027,Russia,Krasnogorsk,Crocus Expo - IEC Crocus Expo International Exhibition Centre,dairytech-expo.ru,"DairyTech in Krasnogorsk near Moscow is a leading international trade fair for the dairy and meat industry, held annually in January. Since its inception in 2003, it has evolved into a significant platform for the industry. The fair is organized by the ITE Group, renowned for its expertise in conducting large-scale events in Russia. This fair is distinguished by its comprehensive coverage of the entire cycle of industrial meat and dairy processing. From the acquisition of fresh products like meat and dairy to the production of ready-for-sale goods, DairyTech provides a unique insight into the entire production chain. The exhibited products and services include equipment for dairy reception, technologies for milk quality assessment, milk cleaning and filtering systems, equipment for milk standardization, homogenization, pasteurization, and dairy processing, including the production of curd and cheese. A hallmark of DairyTech is the plethora of innovations and latest technologies showcased. These include advanced enzymes and antimicrobial agents, modern equipment for ice cream making, cooling and freezing devices, packaging technologies, bottling plants, and automation tools. The fair also offers a platform for discussions on energy efficiency and environmental protection in the food industry. In addition to the exhibition, the conferences, seminars, and masterclasses are integral to DairyTech. Here, visitors can learn about the latest trends, exchange knowledge, and network with experts and peers from the industry. The venue of the fair, the Crocus Expo International Exhibition Centre in Krasnogorsk, is one of Russia's largest and most modern exhibition halls. Its excellent infrastructure and convenient accessibility contribute to DairyTech's appeal as an international industry meeting place."
The Source Trade Show,02. - 03. February 2027,United Kingdom of Great Britain and Northern Ireland,Exeter,Westpoint Arena & Exhibition Centre,thesourcetradeshow.co.uk,"The Source Trade Show in Exeter is a specialized trade fair for food, beverages, and hospitality. Organized by Hale Events Ltd., it is an annual event that provides a platform for professionals in the food and hospitality industry to exchange ideas, gain inspiration, and develop business. This fair is distinguished by its diversity of exhibitors, presenting both local specialties and international products. Visitors have the opportunity to directly experience the quality of the displayed products through comparative tastings, with a special emphasis on high-quality and innovative products. A key feature of the fair is networking. It offers professionals the chance to engage with peers, establish new business contacts, and interact directly with manufacturers. In addition to food and beverages, the fair's offerings include kitchen equipment, furniture, EPoS systems, and the latest trends in kitchen design. The fair is held at the Westpoint Arena & Exhibition Centre in Exeter, a modern and accessible venue ideal for an event of this scale and significance. The exhibition hall provides ample space for the extensive list of exhibitors and the numerous visitors. The Source Trade Show is notable not only for its size and variety of products and services but also for its commitment to innovation and quality in the food and hospitality sector. It has become an indispensable event for industry professionals and is considered one of the leading fairs in its segment in South West England,"
FRUIT LOGISTICA,03. - 05. February 2027,Germany,Berlin,Messe Berlin,www.fruitlogistica.de,"FRUIT LOGISTICA, the world's leading trade fair for fruit and vegetable marketing, is one of the leading trade fairs in this area and takes place annually, usually in February, in Berlin. Since its first event in 1993, it has been organized by Messe Berlin GmbH, an experienced trade fair organizer. It showcases the entire value chain of the fruit trade in one location. Companies from around the world participate in FRUIT LOGISTICA, representing the full spectrum of the green assortment – from production to the point of sale. This diversity makes the fair an ideal meeting point for businesses and professionals to introduce products and services, establish business relationships, and stay informed about current trends and developments in the industry. The fair is divided into various thematic areas. The ""Fresh Produce"" section focuses on fresh products such as fruits and vegetables, seeds, and flowers, including certified organic products. The ""Machinery & Technology"" section covers topics related to machine technology, smart agriculture, and greenhouse technologies. Another central area is ""Logistics,"" which deals with traditional logistics fields like storage and transport, as well as topics such as automation, digitalization, and artificial intelligence. A standout feature of FRUIT LOGISTICA is its efficiency. With a short duration and targeted audience engagement, it provides exhibitors with an effective platform to showcase their services and products. Additionally, the fair offers numerous networking opportunities, as well as seminars and workshops where professionals can exchange knowledge and experiences. The event takes place in the halls of Messe Berlin, one of Europe's largest exhibition centers with state-of-the-art facilities and excellent infrastructure, which is comfortable and easily accessible for both exhibitors and visitors. Overall, FRUIT LOGISTICA is an indispensable event for all players in the fruit trade, from producers and traders to logistics experts."
Histoire Zen,06. - 07. February 2027,France,Toulon,Palais des Congrès Neptune,www.histoirezen.com,"The Histoire Zen fair in Toulon is the leading event for well-being, alternative medicine, and organic products in the Provence-Alpes-Côte d’Azur region. Since its inception, it has established itself as an essential gathering place for health-conscious individuals, professionals, and enthusiasts passionate about natural healing methods, spirituality, healthy nutrition, and sustainable lifestyles. As a public fair, it is open to everyone and attracts numerous exhibitors, experts, and visitors each year. Organized by Histoire Zen, the fair provides a unique platform for exhibitors to showcase innovative products and services in fields such as naturopathy, aromatherapy, organic cosmetics, meditation, yoga, massage therapy, Feng Shui, healing stones, detox treatments, and much more. A particular highlight is the series of expert lectures and workshops led by renowned specialists, offering valuable insights into enhancing well-being and inner balance. The Histoire Zen fair takes place annually at various locations. The Toulon edition is hosted at the prestigious Centre des Congrès Neptune, a centrally located, modern venue with top-tier infrastructure. Whether you are a professional or a private visitor, Histoire Zen is the perfect place to gain new inspiration for a healthy lifestyle, engage with experts, and immerse yourself in a unique atmosphere of mindfulness and harmony."
SIPRHO,08. - 10. February 2027,France,Pérols,Montpellier Exhibition Center,www.siprho.com,"The SIPRHO, an acronym for ""Salon des Plages, Hôtellerie et de la Restauration,"" is an international trade fair focusing on the hospitality and catering industries. Held every year in February at Montpellier Exhibition Center in Pérols, it first took place in 2010. The fair encompasses a wide range of themes essential to the hospitality industry. This includes beaches, bars, restaurants, hotels, as well as food and beverages. Additionally, furniture, decoration, tableware, kitchen and dining room equipment, hotel supplies, and hygiene products are central. Textiles, services, training, and the design of beach and outdoor areas are also significant. A distinctive feature of the SIPRHO is the variety of products and services specifically designed for the hospitality industry. The fair serves as a platform where exhibitors can showcase their latest products and trends, from food and beverages to restaurant furniture and gastronomic services. It thus offers a window into innovation and an opportunity for industry experts and marketing professionals to share valuable insights and advice. The fair is enriched by interactive events such as a bartender competition, cooking demonstrations, and wine tastings. These contribute to a dynamic and inspiring atmosphere, allowing visitors to engage directly with products and services. The venue, the Montpellier Exhibition Center in Pérols, close to Montpellier, with its modern infrastructure and proximity to the Mediterranean coast, provides an ideal setting. This makes it an attractive destination for international visitors and exhibitors. In summary, the SIPRHO fair in Pérols near Montpellier presents an outstanding opportunity for hospitality professionals to stay informed about the latest trends, network, and prepare for the upcoming summer season."
Vitafoods India,09. - 11. February 2027,India,Mumbai,Jio World Convention Centre,www.vitafoodsindia.com,"Vitafoods India is a specialized trade fair accompanied by a conference, dedicated to the rapidly growing industry of dietary supplements, functional foods, and health-focused nutrition. Since its launch in 2023, it has established itself as a key industry platform in India. The event is held annually at the Jio World Convention Centre (JWCC) in Mumbai – one of Asia’s most advanced venues, offering excellent infrastructure and direct connections to hotels, the international airport, and the city center. Vitafoods India is organized by Informa PLC, a global leader in trade exhibitions, conferences, and industry intelligence, headquartered in London. As part of the international Vitafoods event series, it plays a strategically important role within the global health and nutrition network. The focus of the exhibition is on science-backed innovations and current market trends across the entire value chain of the nutraceutical and functional food industry. Exhibitors showcase their latest developments in raw materials, ingredients, dietary supplements, functional foods and beverages, botanical extracts, packaging, processing technologies, laboratory analytics, as well as research and development. A highlight of the event is the Innovation Zone, where groundbreaking product innovations and technological advancements are unveiled for the first time. The event attracts industry professionals from across India and increasingly from international markets – including manufacturers, suppliers, distributors, scientists, product developers, marketing specialists, regulatory experts, and decision-makers from the fields of nutrition, pharmaceuticals, biotechnology, food technology, and healthcare. The accompanying conference provides in-depth insights into regulatory developments, scientific research, market analysis, and supply chain solutions. It promotes knowledge sharing and strengthens the industry’s capacity for innovation. India is considered one of the fastest-growing markets in the field of health-focused nutrition. A strong demand for natural products, Ayurvedic formulations, and modern health solutions is driving this trend. Vitafoods India responds to these developments by offering a platform that connects local market potential with global innovation. The exhibition experience is further enhanced by networking events, interactive formats, and special features such as product showcases and expert panels – offering ideal opportunities for building business relationships and staying attuned to industry developments. The Jio World Convention Centre, located in the central Bandra Kurla Complex (BKC), reflects the high standards of the event. It is easily accessible – whether by car, train, or from the Chhatrapati Shivaji Maharaj International Airport, which is just around 20 minutes away."
WEIN & GENUSS,12. - 13. February 2027,Austria,Linz,Design Center,www.vinaria.at/weingenusslinz,"The WEIN & GENUSS Linz is an annual event held at the Design Center Linz, marking the beginning of the wine year in Austria. Organized by Vinaria, Austria's leading wine magazine published by LWmedia GmbH & Co. KG, the fair has become an important meeting place for wine enthusiasts and connoisseurs of fine dining over the years. The fair focuses on the finest wines and vintners, from all Austrian wine regions as well as international vineyards. WEIN & GENUSS Linz offers a unique platform where visitors can taste exquisite wines and discover a variety of high-quality foods. From delicious regional products to international specialties, the fair presents a wide range of culinary experiences. Visitors can taste not only new wine vintages but also beer, cider, and bacon from Upper Austria, gourmet meatloaf, wild products from the Waldviertel, fresh crêpes, Kaiserschmarren with apricot compote, and various fine spirits. Another highlight of the fair is the commented Masterclasses, specially offered in the new studio of the Design Center Linz for those interested. These provide an excellent opportunity to deepen one's knowledge and learn directly from experts. The Design Center Linz, as the venue, emphasizes the exclusivity of this event with its modern architecture and flexible room concepts. The available parking options, both outdoor and in the underground garage at the fair site, ensure convenient access for visitors. WEIN & GENUSS Linz stands out for its unique combination of high-quality products, expert presentations, and a welcoming atmosphere. It is not just a fair, but a festival of the senses, becoming a memorable experience for wine and gourmet lovers each year."
BIOFACH,16. - 19. February 2027,Germany,Nuremberg,Messe Nürnberg,www.biofach.de,"The BioFach in Nuremberg, established in 1990, is recognized as the world's leading trade fair for organic products and serves as the core of the organic industry. Organized by NürnbergMesse GmbH, this industry gathering takes place every February and acts as a central meeting point for manufacturers, traders, and decision-makers in the organic product world. The fair is distinguished by its stringent certification: All presented organic food must be certified according to the EU Organic Regulation or the guidelines of IFOAM – the International Federation of Organic Agriculture Movements, which also serves as the patron of BioFach. This quality control emphasizes BioFach's commitment to authenticity and sustainability in the organic food sector. A key component of the fair is the BIOFACH Congress, which has established itself as a fixed part of the program. Here, experts convene to discuss the latest findings, trends, and developments in the organic industry. This congress offers a unique platform for knowledge transfer, networking, and the exchange of ideas. BioFach also extends beyond the food industry. In conjunction with Vivaness, the leading fair for natural cosmetics and wellness, it presents a comprehensive spectrum of organic products and services. This makes the fair an attractive destination for a highly qualified, international professional audience. The fair takes place at the Nuremberg Exhibition Center, a modern and accessible exhibition center providing optimal conditions for exhibitors and visitors from around the world. The Nuremberg Exhibition Center is known for its spacious exhibition halls and excellent infrastructure, enabling participants to present their products and services in an appealing environment. In summary, BioFach in Nuremberg is not only a showcase for certified organic food and natural cosmetics but also a vibrant forum for innovations, trends, and the exchange of expert knowledge. With its decades-long history and commitment to quality and sustainability, BioFach sets standards in the organic industry and remains an indispensable meeting point for professionals from around the globe."
UMAMI Arena,16. - 18. February 2027,Norway,Lillestrom,Norges Varemesse - NOVA Spektrum,umamiarena.no,"The UMAMI Arena is Norway’s leading trade fair for the food and beverage industry, held at the NOVA Spektrum in Lillestrøm. It has established itself as a key meeting point for professionals from hotels, restaurants, cafeterias, institutions, canteens, fast-food chains, and the retail sector. Organized by NOVA Spektrum, the fair serves as a significant platform for knowledge exchange, networking, and forging new partnerships. The exhibition showcases a wide range of product categories, including food and beverages, machinery and equipment, hygiene solutions, interior design and concepts, packaging and production, as well as cider, beer, wine, and spirits. A particular highlight is the UMAMI Leadership Conference, where renowned experts speak on topics such as leadership and sustainability. The venue, NOVA Spektrum, is Norway’s largest trade fair and convention center, centrally located in Lillestrøm. With its modern infrastructure and flexible facilities, it provides the perfect setting for events of this scale. The UMAMI Arena takes place every three years, attracting numerous exhibitors and visitors from both Norway and abroad. As the country’s largest trade fair of its kind, it offers a unique opportunity to explore the latest trends and innovations in the food and beverage industry."
COSME Week TOKYO,17. - 19. February 2027,Japan,Tokyo,Tokyo Big Sight,www.cosme-week.jp/tokyo/en-gb.html,"COSME Week TOKYO is an annual business-to-business trade fair held in Japan at the prestigious Tokyo Big Sight, Tokyo’s largest exhibition center. Specializing in beauty and health, it forms part of COSME Week TOKYO and serves as a dynamic platform for manufacturers and dealers to showcase their latest products and services. These include health foods, dietary supplements, beauty drinks, functional foods, diet products, CBD products, as well as OEM services and ingredients. Organized by RX Japan Ltd., the event allows importers, retailers, and professionals from salons, spas, hotels, and clinics to immerse themselves directly in the latest trends and products. The fair is distinguished by its leadership role in technology and innovation and highlights Japan’s leading position in the global health and beauty industry. Highlights include innovative product launches, expert lectures, and interactive workshops that recognize outstanding achievements in the industry. Exhibitors represent a wide range of industries, including health and wellness products, pharmaceuticals, and biotechnology. The main visitors are professionals from these sectors, supplemented by buyers from international markets. In conclusion, the Tokyo Big Sight, with its modern infrastructure, is ideally suited for an international fair like COSME Week TOKYO, which attracts both local and global participants and serves as an important meeting place for industry experts as well as a stage for groundbreaking innovations."
SANA Food,21. - 23. February 2027,Italy,Bologna,BolognaFiere,www.sana.it/en/explore/sana-food/13243.html,"SANA Food , a major trade fair for the food industry, was established in 1988 and takes place annually at the prestigious BolognaFiere exhibition center in Bologna. Its central location in one of Italy’s most diverse culinary cities provides easy access for both locals and international visitors, blending tradition with modern hospitality. The fair is dedicated to sustainable and healthy food options, perfectly meeting the consumers' demand for nutritious and innovative products. The selection includes vegan, vegetarian, and plant-based products, specialties for specific dietary needs, and certified organic products, which have been the cornerstone of the fair for over three decades. SANA Food connects professionals from the hospitality, retail, and distribution sectors, creating a platform for the exchange of ideas and business opportunities. The fair showcases a wide array of innovations, from new recipes to advanced packaging solutions, all aimed at making the food industry more sustainable. Another highlight is the concurrent Slow Wine Fair, which enriches the offering with sustainably produced, high-quality wines. Additionally, the fair hosts a series of events, including the SANA Novità, a project aiming to showcase innovations and new developments in the agrifood sector, Rivoluzione Bio, the General Assembly of Organic Farming , where leading players in the organic market discuss key industry issues,and a wide range of conferences. The organizer, BolognaFiere S.p.A., ensures that a comprehensive program is offered each year, not only providing information but also practical insights into the latest culinary techniques. This is achieved through cooking shows and masterclasses led by renowned chefs and experts. Thanks to its central location in Bologna, the fair is easily accessible and surrounded by excellent accommodation and dining options, making it an ideal meeting point for professionals from around the world. Overall, SANA Food offers more than just a trade fair; it is an experience that transports visitors to the future of the food industry, offering unparalleled opportunities for education, innovation, and business development."
Warsaw Oil Festival,26. - 27. February 2027,Poland,Warsaw,DTBJ Warsaw Exhibition Center,wineexpopoland.pl,"The Warsaw Oil Festival, established in 2015, is an annual international fair serving as a central platform for oil producers, institutions, trade associations, companies, and professionals in the food industry. It is organized by Polskie Biuro Numizmatyczne, a renowned organizer in the food industry sector. The fair has established itself as a key event in the industry, offering an excellent opportunity to build and maintain international trade relationships. The focus of the Warsaw Oil Festival is on the edible oil industry. It showcases a range of participants, from major players to small and medium-sized enterprises, as well as niche producers of outstanding products. The fair targets professionals from various segments of the food industry, including importers, wholesalers, representatives of the Ho.Re.Ca. sector, gastronomy, independent retail, and both national and international trade. A unique feature of the festival is its concurrent operation with the Wine Expo Poland and the Fine Food Poland. The DTBJ Warsaw Exhibition Center, known for its modern infrastructure and accessibility, provides an ideal location for these events. This combination allows professionals from the oil and wine sectors to expand their business and establish new contacts. In addition to networking opportunities, the festival also offers insights into current trends and innovations in the industry. Thus, it serves not only as a showcase for products and services but also as a forum for knowledge exchange and networking. As the leading event of its kind in the country, the Warsaw Oil Festival is a must-attend for all stakeholders in the edible oil and related industries."
Vegetarian Food Asia,26. - 28. February 2027,China,Hong Kong,Hong Kong Convention and Exhibition Centre,en.vegfoodasiahk.com/info,"The Vegetarian Food Asia, held in Hong Kong, is the leading trade fair in the region dedicated exclusively to showcasing vegetarian food. Since its inception in 2015, it has evolved into an annual meeting point that attracts professionals and enthusiasts worldwide, including from China, Hong Kong, Taiwan, Japan, Korea, Singapore, Malaysia, and Australia. This event is organized by the Baobab Tree Event Management Co. Ltd., which specializes in creating platforms for exchanging ideas and promoting vegetarian and vegan lifestyles. The fair reflects a global trend and addresses the growing demand for vegetarian products and foods. It presents a wide range of products—from grains and cereals to fruits and vegetables, nuts, spices, herbs, and beverages—supporting the vegetarian and vegan lifestyle. This diversity highlights the move towards a healthier, more environmentally conscious, and animal-friendly lifestyle, which is finding increasing resonance, especially in Asia. A highlight of the fair is the forum, where experts and scientists from various regions share their insights on market trends, industry business models, as well as vegetarianism and green health. These discussions and presentations offer a unique opportunity for knowledge exchange and networking among industry players, researchers, and the public. The fair is held at the prestigious Hong Kong Convention and Exhibition Centre, a global leader in exhibitions and events. With its impressive architecture and strategic location overlooking Victoria Harbour, it provides an ideal backdrop. The spacious exhibition halls and conference rooms enable exhibitors to present their products and services to an international audience, while visitors benefit from the central location and excellent infrastructure. In summary, Vegetarian Food Asia in Hong Kong is a key platform for promoting and spreading the vegetarian and vegan lifestyle. With a focus on high-quality vegetarian food and a comprehensive range of products and services, it sets standards in the industry and fosters awareness of sustainable and healthy eating."
Guten Appetit,27. - 28. February 2027,Austria,Ried im Innkreis,Messe Ried,www.messefruehling-ried.at,"The ""Guten Appetit"" fair in Ried, held annually in the spring, has evolved since its inaugural event in 2011 into an integral part of Ried's spring fair season. It is organized by an experienced event coordinator whose aim is to introduce a wide audience to the quality, origin, and significance of food as well as the culture of cooking and dining. As an event rich in experiences, the fair offers an opportunity to explore the diversity of regional specialties and to integrate regional cuisine into everyday life. Cooking shows are a central attraction of the fair, providing aficionados of fine dining with a platform to learn new recipes, techniques, and trends directly from professionals. The program is complemented by cooking seminars and discussion rounds that address culinary topics, decoration, and kitchen design. These interactive formats encourage active participation and offer visitors an excellent opportunity to learn from experts and gather inspiration. Exhibitors view the ""Guten Appetit"" fair as a valuable platform to engage directly with visitors, present their products, make sales, and gain new customers. Therefore, the event serves as an important nexus for industry insiders, amateur chefs, and anyone interested in high-quality food and kitchen culture. As part of Ried's spring fair season, which also includes ""50 Plus"" and ""Family Bliss,"" ""Guten Appetit"" appeals to a wide audience and covers a diverse range of topics. Special highlights include the wine lounge, inviting visitors to taste excellent wines, and the presentation of the latest developments and trends from various culinary fields. The venue in Ried, with its modern infrastructure and central location, offers ideal conditions for both exhibitors and visitors. The easily accessible location creates a welcoming ambiance that encourages staying, exploring, and enjoying. In summary, the ""Guten Appetit"" fair offers a unique opportunity to immerse oneself in the world of culinary arts, stay informed about current trends, and share the joy of cooking and savoring in an interactive and inspiring setting."
SOL Expo,28 Feb. - 02 Mar. 2027,Italy,Verona,Veronafiere,sol2expo.com,"SOL Expo is an international trade fair specialising in olive oil and related products. It takes place annually at the Verona Exhibition Centre, a modern and easily accessible venue in Verona. It is organised by Veronafiere, a renowned exhibition organiser with experience in organising high-profile events. As a global platform, SOL Expo enables the presentation and discovery of the latest trends, innovations and products in the field of Italian olive oil and other agricultural products. The fair offers a wide range, ranging from virgin and extra virgin olive oil, table olives, products preserved in oil, oil and olive-based pâtés, flavoured oils to oil and olive leaf-based drinks. Oil-based cosmetic products are also presented. A central aspect of SOL Expo is the promotion of quality, innovation and sustainability in the food and agricultural sectors. It offers visitors the opportunity to discover first-class olive oils, conduct tastings, establish business contacts and learn about the international marketing of the products. SOL Expo takes place at the same time as Vinitaly, the international wine fair, and Enolitech, the trade fair for viticulture and olive oil technology. This combination enables a comprehensive experience in the food, wine and agriculture sectors and promotes synergy between the different sectors. The Verona Exhibition Centre, the venue of SOL Expo, offers an attractive setting for exhibitors and visitors worldwide with its modern facilities and good accessibility. The diversity of exhibitors contributes to a dynamic and varied trade fair experience. Overall, the SOL Expo fair offers an excellent opportunity to immerse yourself in the world of olive oil and Mediterranean food, discover innovative products and exchange ideas with industry experts. It actively promotes quality and sustainability and plays an important role in the international marketing of the products presented."
PRODEXPO,01. - 04. March 2027,Russia,Krasnogorsk,Crocus Expo - IEC Crocus Expo International Exhibition Centre,www.prod-expo.ru,"PRODEXPO, a trade fair for the food industry held annually in February, has developed into a key event since its inception in 1994. It plays a crucial role in promoting the Russian food industry. The fair covers a wide range of topics, from meat and dairy products to delicatessen and organic products. Particular highlights include pavilions and forums specializing in ice cream, confectionery, coffee, tea, healthy eating, sports nutrition, and functional food. In addition to a showcase for food and beverages, PRODEXPO also presents the latest trends in food packaging and technology. A prominent feature of the fair is the presentation of regional Russian products and international pavilions, which showcase the cultural and flavor diversity of the global food industry. It also offers comprehensive insights into specialized areas such as halal products, baby food, and Asian cuisine. PRODEXPO serves not only as a platform for business relationships and networking, but also as a place for innovation and the discovery of new products and services. Hosted at the Crocus Expo International Exhibition Center, a modern and well-equipped venue in Krasnogorsk, near Moscow, it guarantees a first-class experience for exhibitors and visitors. In summary, PRODEXPO is a major and comprehensive trade fair highlighting trends and developments in the food industry. It provides a platform for business relationships, knowledge transfer, and innovation, reflecting the dynamism and diversity of the industry. It is an essential meeting place for professionals, manufacturers, and distributors from all over the world."
Kulinarik,05. - 07. March 2027,Austria,Salzburg,Messe Salzburg,www.kulinarik-salzburg.at,"The ""Kulinarik"" in Salzburg, an annual affair, opens its doors to both trade visitors and the general public. Organized by Messe Salzburg GmbH, it has established itself as a must-visit for every gourmet and connoisseur in search of new taste experiences and culinary diversity. The fair presents a wide array of culinary delights, ranging from fresh regional products to exotic specialties from around the world. It is a paradise for anyone who loves good food and fine beverages, with special consideration for vegetarian and vegan options. Visitors can watch professionals in the show kitchen and expand their knowledge through informative lectures. The fair also offers a ""Marketplace of Regions,"" where visitors can discover and purchase fresh, authentic products from regional and international producers. The ""Taste Trends"" theme world showcases the latest trends in food and drink, from extraordinary culinary delights to innovative ideas. Here, startups and well-known companies come together to take visitors on a culinary journey of discovery. The fair targets a national audience and is held at the Salzburg Exhibition Center, known for its convenient access and parking facilities. The exhibition center itself is renowned for its modern facilities and versatile use. Salzburg, the city hosting the fair, is rich in history and culture. Famous for its picturesque architecture, historical significance, and as Mozart's birthplace, the city provides a unique backdrop for this culinary event. Visitors can seize the opportunity to explore the rich history and cultural treasures of Salzburg while indulging in the fair's culinary offerings."
APIMELL,05. - 07. March 2027,Italy,Piacenza,Piacenza Expo,www.apimell.it,"The Apimell in Piacenza is an internationally trade fair, specializing in beekeeping, bee products, and related equipment. The name ""Apimell"" is derived from the Latin terms for bee (""Apis"") and honey (""Mel""), which epitomize the essence of this event. Hosted by Piacenza Expo SpA at the Piacenza Expo, this annual event holds a steadfast position in the calendars of numerous professionals within the beekeeping industry. It attracts exhibitors from a wide range of areas: from technologies for setting up beehives, equipment for honey extraction and wax processing, to specialized beekeeping tools. The diversity of products, from polyfloral honey and royal jelly to innovative devices, makes Apimell a truly impressive event. The Apimell is deeply connected to the city of Piacenza and to Italy as a whole, serving as one of the most significant platforms for the country's beekeeping sector. Beyond product displays, it also functions as an information hub where visitors can stay updated on current trends and future outlooks. This is facilitated by a top-tier conference program, organized in collaboration with leading associations from the beekeeping realm, such as FAI, UNAAPI, ANAI, and APAP. A particular highlight is the presentation of natural hive products, used in nutrition, cosmetics, and medicine. The main attendees of Apimell include professional beekeepers, bee enthusiasts, and experts from related fields. In conclusion, it's worth noting that the Piacenza Expo is a modern exhibition center, easily accessible and offering top-notch facilities for both exhibitors and visitors. Piacenza itself, a city rich in culture and history, offers an array of attractions and experiences beyond the trade fair."
Seafood Expo North America,07. - 09. March 2027,USA,Boston,Thomas M. Menino Convention & Exhibition Center,www.seafoodexpo.com/north-america,"Seafood Expo North America is the leading trade fair for the seafood industry in North America. It serves as a key platform for businesses looking to enter the North American seafood market or expand their existing presence. Held annually in Boston, Massachusetts – a historic port city and longstanding hub of the US fishing industry – the event draws industry professionals from across the globe. The expo is organised by Diversified Communications , a US-based international media company specialising in trade events and industry publications. Seafood Expo North America is part of a global exhibition portfolio that includes Seafood Expo Global in Barcelona and Seafood Expo Asia, together forming a robust international network for knowledge exchange across the global seafood sector. What sets Seafood Expo North America apart is its depth of content and clear industry focus. The event addresses current challenges and opportunities across the entire value chain – from aquaculture and seafood processing to automation, artificial intelligence, and food safety, through to sustainability, traceability, transparency, and modern marketing and sales strategies. Broader industry trends, consumer behaviour, and innovations in retail and foodservice are also key themes. The exhibition showcases a wide range of products including fresh, frozen, and processed seafood, alongside the latest technologies, machinery, and equipment for fishing, aquaculture, and processing. Seafood Expo North America brings together leading producers, suppliers, distributors, retailers, importers, exporters, and foodservice professionals from around the world – from start-ups to multinational corporations. This global diversity makes the expo a vital meeting point for networking, business development, and the exchange of ideas. A particular highlight is the New Product Showcase, where innovative developments take centre stage. The programme is further enriched by live culinary demonstrations from renowned chefs and industry competitions that spotlight the sector’s creative side. A series of expert-led conferences and panel discussions offers valuable insights and fresh perspectives for attendees. Seafood Expo North America is more than just a trade show – it is the heartbeat of the North American seafood industry. For anyone looking to understand, shape, or enter this dynamic market, the Boston event is an unmissable opportunity."
IHE Inter Health Expo,10. - 12. March 2027,China,Guangzhou,Canton Fair Complex,www.ihe-china.com/en,"The IHE Inter Health Expo is an annual trade fair and one of the most significant B2B events for the healthcare industry in China. Organized by Guangzhou Yi Fan Exhibition Co., Ltd., an experienced Chinese trade show organizer, the expo serves as a specialized platform for professional visitors from both domestic and international markets. Its primary goal is to support companies in entering the Chinese market while providing access to the latest innovations, technologies, and developments in the healthcare sector. The event takes place at the Canton Fair Complex in Guangzhou—one of Asia’s largest and most advanced exhibition centers. Its state-of-the-art infrastructure and excellent transport connections make the venue especially attractive to international exhibitors and visitors alike. A defining feature of the IHE Inter Health Expo is its focus on the ""Interhealth"" concept—a holistic approach to health that integrates preventive medicine, traditional healing practices, and modern medical technology. This thematic diversity is reflected in the wide range of products and services showcased, including medical imaging, diagnostics, surgical instruments, digital health solutions, telemedicine, and AI-powered technologies for patient care. The expo also highlights fields such as rehabilitation medicine, elderly care, orthopedics, biopharmaceutical advancements, vaccines, and Traditional Chinese Medicine. Another major focus is on health and wellness, featuring functional foods, dietary supplements, and products for fitness and disease prevention. By covering the entire value chain of the healthcare industry, the expo provides an ideal platform for targeted networking, establishing business relationships, and exploring collaboration opportunities with industry professionals. Its strong international orientation and the high quality of exhibitors make the IHE Inter Health Expo a key meeting point for decision-makers. The exhibition is further enriched by a high-caliber supporting program that includes expert lectures, seminars, and live demonstrations—offering added value for all those seeking insight into current trends and developments in the global healthcare economy. With its thematic depth, strategically favorable location in one of China’s most dynamic economic hubs, and clear focus on professional attendees, the IHE Inter Health Expo is an essential platform for companies looking to enter the Chinese healthcare market or expand their international business opportunities."
China (Guangzhou) International Edible Oil Expo (IOE China）,10. - 12. March 2027,China,Guangzhou,Canton Fair Complex,www.gzmyz.com/en,"The ""China (Guangzhou) International Edible Oil Expo (IOE China）"" is a leading B2B trade fair for edible oils and olive oil, held annually at the Canton Fair Complex (China Import & Export Fair Canton Fair Complex) in Guangzhou. Organized by Guangzhou Yi Fan Exhibitions Co., Ltd., the expo serves as an international platform for showcasing products and services as well as for establishing new business connections. The focus of the expo is a wide range of edible oils such as peanut oil, canola oil, soybean oil, and corn oil, alongside the latest technologies in oil processing and packaging. The selection is complemented by equipment for oil production, including bottling plants and labeling machines. A highlight of the expo is the international olive oil competition, where the finest oils are awarded. Additionally, prizes are given for outstanding products and innovations in the industry. An extensive program of seminars and conferences provides experts with a platform to share their knowledge. Exhibitors primarily come from the fields of oil production, mechanical engineering, and food production. The main visitors include representatives from trade and wholesale, importers, exporters, as well as decision-makers from supermarket chains and the hospitality industry. The expo plays a crucial role as a gateway to the Chinese market, one of the largest and most dynamic markets worldwide. Located in Guangzhou, a central trade and economic hub, it offers excellent opportunities for international companies looking to establish themselves in the Asian market. The venue in the Canton Fair Complex (China Import & Export Fair Canton Fair Complex) is characterized by modern facilities and good accessibility, making it ideal for international expos. As a hub of trade, it also reflects China's commitment to opening up to global trade."
Meat Pro Asia,10. - 12. March 2027,Thailand,Nonthaburi,IMPACT Exhibition Center,meatpro-asia.hk.messefrankfurt.com,"Meat Pro Asia is the leading Asian trade fair for the processing and packaging of animal proteins such as eggs, poultry, meat, and seafood. This biennial event takes place at the IMPACT Exhibition Center in Bangkok, Thailand, and is organized by Messe Frankfurt (HK) Ltd. It serves as an important platform for professionals in the food industry. The event covers a wide range of topics: from slaughtering and primary processing to secondary processing techniques, packaging, refrigeration, logistics, quality control, and hygiene. Additionally, sustainability initiatives such as wastewater treatment and cutting-edge technologies in the Internet of Things (IoT) and automation are showcased. Various products are displayed at the fair, including slaughtering equipment, stunning devices, meat grinders, spices, additives, skin-pack and vacuum packaging machines, cooling boxes, isothermal containers, and sensors for production line monitoring. A highlight of the fair is the IFFA DFV Global Meat Product Awards Southeast Asia, which attracts experts from around the world. Additionally, various professional conferences and seminars provide deeper insights into the industry. The event promotes the exchange of knowledge and technology and is of central importance to the meat processing industry. Numerous industry representatives, including manufacturers of meat products and suppliers of processing equipment, as well as professionals from logistics and quality management, attend the fair. The majority of visitors are decision-makers and experts interested in the latest technologies and market trends. Meat Pro Asia offers an excellent opportunity to maintain global networks and learn about developments in other regions. Bangkok, as the venue, provides outstanding infrastructure and, with its central location and excellent transport connections, is easily accessible. In summary, ""Meat Pro Asia"" is not only a platform for presenting industry-specific solutions but also a crucial forum for innovations that brings together professionals from all over the world to discuss and address the challenges and opportunities in food processing."
International Grain and Oil Expo,10. - 12. March 2027,China,Guangzhou,Canton Fair Complex,www.gzyfzl.com,"The ""International Grain and Oil Expo"", abbreviated as IGO, is a prestigious trade fair specializing in the presentation of high-quality oil and grain products. Since its inception in 2002, it has been held annually at the Canton Fair Complex in Guangzhou. The fair is organized by Guangzhou Yi Fan Exhibitions Co., Ltd., a renowned player in the trade fair industry. IGO China serves as a central platform for the rice and grain industry, offering insights into a wide range of agricultural products including Basmati rice, wild rice, organic rice, various types of beans, and rice-based products. Additionally, it showcases advanced processing and storage technologies, modern packaging systems, and inspection instruments. Deeply rooted in the city of Guangzhou, one of China’s largest trading centers, the fair provides an ideal venue for exchange between national and international market participants. It offers not only a trading platform but also promotes knowledge exchange through conferences and seminars with industry experts. A highlight of the event is the ""Food & Grain Award Ceremony"", which recognizes outstanding products and innovations. Exhibitors come from various sectors such as agriculture, food processing, and technology. The main visitors to the fair are wholesalers, supermarket chains, importers, exporters, and government representatives, underscoring the event's broad significance and reach. IGO China is more than just a product showcase; it is a crucial meeting point for professionals from the agricultural and food industries to foster partnerships and strengthen global networks. The venue, the Canton Fair Complex, is among the largest and most modern exhibition centers in China. Its excellent transport connections make it easily accessible for visitors and exhibitors. With its comprehensive facilities and strategic location in Guangzhou, it provides an ideal foundation for a successful fair."
Food Pack Asia,10. - 13. March 2027,Thailand,Bangkok,BITEC - Bangkok International Trade & Exhibition Center,www.foodpackasia.com,"The ""Food Pack Asia"" is a trade fair focusing on the food processing and packaging industry. Since its inception in 2009, it has become a key meeting point for professionals from various sectors, including hospitality, catering, and retail. Organized by the Digiview Advertising Group, the fair takes place annually at the modern Bangkok International Trade & Exhibition Center (BITEC), near Bangkok's port and international airport. Food Pack Asia covers a wide range of topics, including food processing machinery, mixing, cutting, and grinding technologies, refrigeration systems, ice machines, and freeze-drying techniques. There is a special focus on automation, robotics, and the latest inspection systems used in food production. The fair also offers insights into pharmaceutical technology, showcasing pharmaceutical machinery, packaging, and tabletting equipment. Another key aspect of the fair is the introduction of OEM solutions for dietary supplements, herbs, and cosmetics. Laboratory and testing technology, including microbiological analyses and various measuring instruments, are also essential components of the exhibition. In beverage technology, the fair displays a variety of equipment and technologies necessary for beverage production and packaging. For the hotel and restaurant equipment sector, cleaning materials, commercial kitchen devices, and catering equipment are presented. Packaging and printing technology, a core theme of the fair, includes solutions for packaging, labeling, and printing. In addition, a wide range of foods and beverages, from bakery and confectionery products to non-alcoholic drinks and organic products, are exhibited. The fair provides not only a platform for product and service presentations but also for workshops, seminars, and conferences discussing topics like industry standards and new technologies. Thus, Food Pack Asia offers excellent opportunities for direct exchange and networking with potential business partners, as well as exploring new markets."
370GRAD,12. - 15. March 2027,Germany,Hamburg,Empire Riverside Hotel,370grad.vision,"370GRAD , formerly known as Gastro Vision, is an exclusive trade fair and a key meeting point for decision-makers in the hospitality, gastronomy, and catering industries. The name symbolizes a comprehensive perspective on trends, innovations, and solutions that shape the industry sustainably. Each spring, the fair opens its doors at the renowned Empire Riverside Hotel in Hamburg and is organized by Butter bei die Fische GmbH. As a tailored platform for industry professionals, 370GRAD stands out with its unique concept: In themed experience spaces, around 150 carefully selected exhibitors from the supply industry showcase their latest products, services, and innovations. The fair serves not only as a source of inspiration but also facilitates direct, eye-level exchange between executives, creatives, and decision-makers. It fosters visionary concepts, creative impulses, and concrete business opportunities. The event covers a wide range of topics: Culinary showcases create an environment for enjoyment and exchange, while the Coworking Space highlights high-quality food, fine spirits, and wines. The Marketplace serves as the communicative hub of the fair, where visitors and exhibitors can network. Under ""Concepts"", high-convenience organic products and solutions for system catering and food service are presented. The ""Deli"" introduces innovative concepts for both on-site and to-go offerings, while the ""Kitchen Club"" provides exclusive insights into the work of top chefs. The ""Hospitalitech"" section demonstrates how digital technologies and technical innovations are transforming the industry. Additionally, ""Start Me Up"" offers start-ups, founders, and newcomers a stage to showcase their ideas and products. The fair specifically attracts executives, buyers, restaurateurs, hoteliers, and caterers looking for innovative solutions and sustainable concepts. Exhibitors represent various sectors of the supply industry, including food producers, beverage manufacturers, technical service providers, and digital solution providers. With its distinctive atmosphere and exclusive professional audience, 370GRAD sets itself apart from conventional trade fairs. Located in the vibrant heart of Hamburg, the Empire Riverside Hotel provides the perfect setting with its prime location and excellent accessibility. This combination makes the event an established source of inspiration and a key business hub."
VeggieWorld,13. - 14. March 2027,Germany,Frankfurt,myticket Jahrhunderthalle,veggieworld.eco,"VeggieWorld in Frankfurt is an annual public trade fair for everyone interested in a vegan and sustainable lifestyle. Organized by Wellfairs GmbH, it has established itself as a central platform for highlighting the joy and diversity of a plant-based lifestyle. The myticket Jahrhunderthalle itself – an architectural landmark – impresses as an event venue with its excellent accessibility by public transport, spacious exhibition areas and an appealing atmosphere. A central aspect of VeggieWorld is to demonstrate that a plant-based lifestyle is a conscious and healthy choice, which can also be incredibly diverse. The fair offers a wide range of products and services that support this lifestyle, including alternatives to dairy and meat, superfoods, vegan sweets, beverages, fashionable clothing and accessories, as well as vegan cosmetics. Various services and innovative projects are also part of the fair's portfolio. A special feature of VeggieWorld is the opportunity for direct interaction with manufacturers. Personal conversations allow visitors to thoroughly inform themselves about ingredients and product compositions—an important aspect when choosing food and everyday items. A highlight of the fair is the industry conference, where the latest technologies, products, and trends from the vegan and plant-based industry are presented and discussed. Additionally, visitors can look forward to a rich supporting program consisting of lectures, cooking shows, and interactive workshops that promote education, entertainment, and hands-on experience. This program is free of charge and enhances the fair experience with additional learning and networking opportunities. The VeggieWorld in Frankfurt is part of the international VeggieWorld trade fair series and offers a platform for like-minded people to meet, learn from each other, and find inspiration."
Franken Aktiv & Vital,13. - 14. March 2027,Germany,Bamberg,Brose Arena,www.franken-aktiv-vital.de,"The annual ""Franken Aktiv & Vital"" health fair in Bamberg has established itself as a comprehensive forum for health, wellness, leisure, and tourism. Hosted by MTB Messeteam Bamberg GmbH, it attracts thousands of visitors to the Brose Arena in the Gereuth district every March. The fair showcases a broad spectrum of topics, ranging from preventive measures and therapeutic options to alternative healing methods. Advisors, specialists from clinics and rehabilitation facilities provide valuable information and insights. Additionally, leisure and tourism providers showcase attractive recreational opportunities in the region. A focus of the fair is on current trends in wellness, beauty, travel, sports, and healthy eating. Visitors can sample and purchase regional products such as baked goods, wine, honey, meats and sausages, herbs, and fruits directly from the exhibitors. The diverse program includes lectures and stage performances that enhance the fair experience. Offers such as testing orthopedic sleep systems, free health checks, and nutritional consultations provide informative insights for every visitor. The Brose Arena, the venue for the fair, is located outside the Bamberg city center in the Gereuth district and is easily accessible by public transport and car. Ample parking facilities are available, making the arena an ideal meeting point for exhibitors and visitors to discover the latest products and services and exchange ideas about health-oriented lifestyles. Overall, the ""Franken Aktiv & Vital"" health fair offers an impressive array of options each year and is a highlight in the region's event calendar."
Gulfood,15. - 19. March 2027,UAE,Dubai,Dubai World Trade Center DWTC,www.gulfood.com,"The Gulfood in Dubai, established in 1987, is a significant exhibition held annually in February, focusing on food, beverages, and global nutrition in the Middle East. It is organized by the Dubai World Trade Centre LLC. Since its inception, it has evolved into one of the most important information and business platforms for professionals in the food industry. The event is held at the impressive Dubai World Trade Center (DWTC)/Dubai Exhibition Center, a central hub for international business and trade activities in Dubai, ideally suited for such events with its modern infrastructure and advanced facilities. The Gulfood offers a wide range of topics covering the entire spectrum of the food and beverage industry. This includes sectors such as beverages, dairy products, fats and oils, legumes, cereals, as well as meat and poultry. The exhibition is a unique opportunity to discover new products and services, engage with suppliers and producers, and gain insights into the latest trends and innovations in the industry. A standout feature of Gulfood is its accompanying professional conference. This provides a platform for decision-makers and experts to discuss current issues and challenges in the industry. It brings together industry leaders to share knowledge, network, and develop strategic partnerships. In summary, Gulfood is more than just an exhibition; it is a central meeting point for the global food and beverage industry. It offers opportunities for learning, exchange, and inspiration, attracting thousands of visitors from around the world annually."
agrofood Nigeria,16. - 18. March 2027,Nigeria,Lagos,Landmark Centre,www.agrofood-nigeria.com,"Agrofood Nigeria is a trade fair held regularly at the Landmark Centre in Lagos since 2015. It serves as a central hub for business relationships and networking in sectors like agriculture, livestock breeding, food technology, beverages, and packaging in Nigeria. This annual event attracts a diverse range of visitors from various regions of Nigeria. The ""agrofood Nigeria"" is organized by Fairtrade Messe und Ausstellungs GmbH & Co. KG, a renowned company in the field of trade fair and exhibition organization. The fair's main themes are varied, covering areas such as agriculture and livestock farming, food and beverage technology, and hospitality. Exhibitors showcase products and services in segments like ""Agro"", ""Food + Bev Tec"", ""Food Ingredients"", and ""Food + Hospitality"". The range of offerings includes equipment for livestock, fish, and poultry farming, storage and feeding systems, grain systems, irrigation technologies, dairy processing equipment, veterinary supplies, food processing machinery, bottling plants, slaughtering and cooling techniques, and packaging machines. Also presented are food ingredients like flavors, butcher supplies, sauces, cocoa butter, dyes, distillates, enzymes, vitamins, and minerals, as well as products and services for gastronomy, kitchen appliances, and hotel and restaurant equipment. The fair is of great importance to Nigeria as it fosters technology and knowledge exchange in the agricultural industry and connects foreign exporters with local importers. Highlights include high-level conferences and events with international speakers. Exhibitors come from various industries, including agricultural machinery, food processing, the beverage industry, and hospitality. The main target audience of the fair is professionals from these sectors, particularly decision-makers, importers, and technology providers seeking new products, services, and business opportunities. Agrofood Nigeria is a vital part of a series of fairs that support exchange and growth in their respective regions. In conclusion, the fair's location in the Landmark Centre in Lagos ensures good accessibility for visitors, who can also enjoy the local sights and amenities of the city. With its specific focus, the fair provides an excellent opportunity to establish business contacts in Nigeria and beyond."
AMA Aargauer Messe,17. - 21. March 2027,Switzerland,Aarau,Messegelände im Schachen,www.ama.ch,"The AMA Aargauer Messe Aarau, organized by AMA Messe und Kongress AG, is a distinguished consumer fair that takes place every March. It serves as a platform for showcasing the latest developments and trends across various sectors, attracting both industry professionals and the general public. The fair's offerings range from modern services to innovative products, reflecting the market's diversity. A versatile supporting program provides entertainment and information for visitors of all ages. Whether young adults, families with children, or older individuals, there's something for everyone. With shows, demonstrations, and changing special exhibitions on current topics, the fair delivers a comprehensive experience that attracts thousands of visitors annually. The annually changing special exhibitions, each under a different theme, are a highlight of the fair. They allow visitors to engage deeply with specific subjects and discover new things. Moreover, the fair, in good weather, is the perfect place for a family day out, emphasizing the importance of shared experiences. The fairgrounds in Schachen in Aarau, with their expansive area and modern infrastructure, provide the ideal setting for exhibitors' presentations and the supporting program. Its easy accessibility and picturesque setting make the AMA Aargauer Messe Aarau an annual magnet for attendees. In summary, the AMA Aargauer Messe Aarau is a crucial platform for exchanging the latest innovations and offers a wide range of products and services. With its commitment to diversity and quality, the fair is a staple in the regional event calendar and beyond."
Kulinar Tulln,18. - 21. March 2027,Austria,Tulln an der Donau,Messe Tulln,www.messe-tulln.at/messe-kalender/kulinar-tulln,"Kulinar Tulln is the most significant gourmet fair in Lower Austria, attracting food enthusiasts, gastronomy professionals, and lovers of fine cuisine to the picturesque town of Tulln on the Danube each year. As a public fair, it welcomes everyone passionate about high-end cuisine, innovative food trends, and exclusive wines. Organized by Messe Tulln GmbH, the event is held at a modern exhibition center, offering excellent accessibility and ideal infrastructure for a delightful culinary experience. The focus of Kulinar Tulln is the diverse world of gastronomy, food, and kitchen culture. Visitors can explore regional specialties, international delicacies, fine wines and spirits, organic products, as well as innovative kitchen tools and cooking appliances. The fair is not only a unique opportunity to discover new flavors but also provides exciting insights into the latest trends in the food and gourmet industry. A special highlight is the Cooking Arena, where renowned top chefs and award-winning ""Hauben"" chefs showcase their culinary skills live, creating exclusive dishes. Hauben chefs are outstanding culinary masters recognized by the prestigious Austrian restaurant guide Gault&Millau, which awards them one or more Hauben (French: toque, chef’s hat). These chefs set new gastronomic standards with their innovative creations and commitment to the highest product quality. Visitors have the opportunity to learn directly from the professionals, try out new recipes, and draw inspiration from their expertise. Another highlight is the wide range of wine tastings, where guests can sample exquisite regional wines as well as international top selections. Running alongside Kulinar Tulln is ""pool + garden Tulln"", an exhibition dedicated to stylish outdoor living. The combination of a gourmet fair and a garden expo creates a unique experience for those who appreciate both culinary delights and exclusive outdoor living. With its diverse offerings, top-tier program, and exceptional atmosphere, Kulinar Tulln is an unmissable event for anyone who enjoys the art of fine dining with passion."
APIS Slovenia,19. - 21. March 2027,Slovenia,Celje,Celje Fair,ce-sejem.si/en/fairs/march-fairs,"The APIS Slovenia trade fair in Celje is an event for everyone passionate about bees and beekeeping. Since its founding in 1978, it has become an annual highlight and traditionally takes place in March. It is organized by Celje Beekeeping Society. The roots of beekeeping reach back into human history. Bees were kept for honey production in ancient Egypt over 4,500 years ago. The Egyptians were among the first to systematically breed bees by constructing hives from unfired clay. Beekeeping was also an integral part of life in other ancient cultures, such as the Greeks, Romans, and the Middle East. In the Middle Ages, beekeeping spread throughout Europe, with honey being used as a sweetener and beeswax for candle making. Modern beekeeping began in the 18th and 19th centuries with the development of new techniques and tools. Lorenzo Langstroth's introduction of the movable honeycomb frame in the 1850s revolutionized honey harvesting and improved hive management. This innovation facilitated efficient inspection and management of hives without undue disturbance to the bees. To address current challenges, researchers, beekeepers, and conservationists worldwide are working on developing more resistant bee breeds, improving beekeeping practices, using environmentally friendly pesticides, and restoring habitats. Furthermore, awareness of the essential role of bees in our ecosystem is gaining increasing importance. APIS Slovenia has established itself as the largest beekeeping trade fair in Slovenia and enjoys an excellent reputation throughout Europe. The fair offers a wide range of exhibitions and expert lectures. Visitors can discover a diverse range of bee products and beekeeping equipment, from honey and wax to the latest tools and technologies. Expert lectures by renowned lecturers provide in-depth insights into various aspects of beekeeping and offer an excellent opportunity to expand your knowledge. A highlight of the fair is the opportunity to equip yourself for the upcoming season. APIS Slovenia attracts a wide range of visitors, from hobbyists to professional beekeepers. It not only provides a platform for exchanging products and services but also promotes the exchange of experiences and networking within the beekeeping community. The event takes place on the grounds of Celje Fair, a renowned and well-equipped venue that offers ideal conditions for exhibitors and visitors. Celje Fair is known for its hospitality and efficient organization, making APIS Slovenia a pleasant and enriching experience. Overall, APIS Slovenia in Celje is a must-attend event for anyone involved in beekeeping or interested in bees and their products. With its long tradition, comprehensive offerings, and the opportunity to deepen knowledge and equip oneself, it represents an important platform for the beekeeping community in Slovenia and throughout Europe."
Vrouw!,19. - 21. March 2027,Netherlands,Leeuwarden,WTC Expo,beursvrouw.nl,"Vrouw! in Leeuwarden is an annual public fair designed for women of all ages. Organized by WTC Expo, it offers a diverse selection of products and services tailored to women's interests and needs. During the fair, the WTC Expo in Leeuwarden transforms into a vibrant platform covering topics such as beauty, fashion, health, lifestyle, and culinary delights. Visitors can enjoy inspiring fashion shows, participate in creative workshops, and discover the latest trends in beauty and wellness. Numerous stalls invite attendees to shop, while live performances and culinary highlights complete the experience. Vrouw! provides the perfect setting for an unforgettable day with friends, family, or colleagues. The WTC Expo is a modern exhibition center with ample space and state-of-the-art facilities, ensuring ideal conditions for the event. Thanks to its central location, it is easily accessible by both public transport and car. For visitors traveling from afar or those who wish to combine their visit with a stay in Leeuwarden, numerous accommodation options are available nearby. Vrouw! has become a well-established event in the northern Netherlands' calendar, attracting thousands of visitors each year. More than just a place for discovery and experiences, the fair serves as a platform for networking and exchange—making it a unique event for women in the region."
VeggieWorld Dusseldorf,20. - 21. March 2027,Germany,Meerbusch,Areal Böhler,www.veggieworld.eco/duesseldorf,"VeggieWorld Düsseldorf, as a part of the largest international trade fair series, is entirely dedicated to the vegan lifestyle. It attracts not only the general public but also professional visitors interested in the latest developments and products in the vegan sector. Organized by Wellfairs GmbH, it has established itself as a central platform to highlight the joy and diversity of plant-based living. A wide range of products and services is presented: from dairy and meat alternatives to superfoods and sweets, as well as beverages, clothing, accessories, and cosmetics. Furthermore, sustainability, conscious living, and health are in focus, without neglecting the entertainment value. The fair takes place in the Böhler area in Meerbusch near Düsseldorf, which stands out for its attractive location and excellent accessibility. This creates the ideal setting for an exchange in a pleasant atmosphere and the discovery of the latest vegan trends. A key feature of VeggieWorld Düsseldorf is the direct contact between visitors and manufacturers, allowing for first-hand information about products. Visitors can sample products and stock up on vegan foods and ingredients, often at attractive fair prices. The supporting program offers additional value through a diverse range of lectures, cooking shows, and workshops, available free of charge. These provide insights into the vegan lifestyle, practical tips, and inspiration through the creativity of the vegan community. As part of an international fair series held in Germany and Switzerland, VeggieWorld Düsseldorf emphasizes the growing importance of the vegan lifestyle. It offers a platform for the exchange of ideas, the promotion of sustainable living, and the presentation of the latest products and services in veganism. Organized by Wellfairs GmbH, VeggieWorld stands for quality, innovation, and commitment to a sustainable future."
GOTOVO,23. - 26. March 2027,Russia,Moscow,Timiryazev Exhibition Centre,en.gotovo-expo.ru,"Go to Volume – or GOTOVO for short – is more than just a trade fair: it is the only event in Russia dedicated exclusively, strategically, and with a forward-looking approach to the rapidly growing market for ready meals and semi-finished food products. This makes it a central platform for innovation, growth, and efficiency in the convenience food industry. Each year, the renowned Timiryazev Exhibition Centre in Moscow opens its doors to host GOTOVO. The fair is organized by Gefera Media Ltd , a well-established player in the Russian trade show sector, known for its expertise in delivering economically relevant topics in focused and professional formats. GOTOVO is clearly and precisely positioned: the spotlight is on technological solutions, ingredients, packaging concepts, and machinery for the industrial production, processing, and marketing of ready-to-eat and semi-finished food products. The exhibition covers a wide range of themes – from frozen foods and pre-cooked meals to fully integrated kitchen systems for automated preparation. On display are both international and Russian technologies for vegetable and meat processing, pasta production, cutting and portioning, cooking systems, packaging solutions, as well as cooling, heating, hygiene, and sanitation systems used in food manufacturing. The fair targets a highly professional audience: industry experts from the food sector, purchasing decision-makers from retail chains, restaurateurs, manufacturers of semi-finished products, and investors in the convenience segment attend GOTOVO to forge new business contacts, explore product innovations, and experience future-oriented production solutions in action. Exhibitors represent sectors such as mechanical engineering, packaging technology, ingredient and additive manufacturing, refrigeration and climate control, logistics, as well as start-ups that reflect emerging food trends. A particular highlight of the event is the series of live demonstrations and innovation showcases, where new products are tested and presented in realistic production environments. Thanks to its excellent transport connections, the Timiryazev Exhibition Centre offers the ideal setting for networking, product demonstrations, and knowledge exchange at the highest professional level. Conveniently accessible from both the city center and Moscow’s international airports, the venue serves as a prime meeting point for industry leaders from Russia, Europe, and Asia."
FHV Food & Hospitality Vietnam,24. - 26. March 2027,Vietnam,Ho Chi Minh City,SECC Saigon Exhibition & Convention Center,foodnhotelvietnam.com,"The FHV Food & Hospitality Vietnam is an international trade fair focusing on food, beverages, hospitality, bakeries, restaurants, catering, and related equipment. This prestigious event takes place at the SECC Saigon Exhibition & Convention Center in the vibrant Ho Chi Minh City, attracting numerous visitors from both domestic and international locales biannually. The FHV is organized by Informa Markets Vietnam, a leading organizer of trade fairs and events. The fair showcases a wide array of topics and highlights, including eco-friendly products, advanced Industry 4.0 technologies, healthy plant-based alternatives, and innovative solutions for the hospitality industry. The exhibited products range from bakery and confectionery items, beverages, foodstuffs, barista equipment, Halal products, organic and health foods, catering, coffee and tea accessories, fast food, fine food, seafood, meat, poultry, fruits, vegetables, and snacks. In the Hospitality Zone, topics such as cleaning and maintenance, security systems, disinfectants and procedures, hospitality information systems, hotel and resort management, smart technology, dishware, and utensils are presented. Complementing the main program, FHV offers various side activities like wine training, industry conferences, and live cooking demonstrations by renowned chefs. Notable highlights include the culinary competition and the Pastry Innovation Lab, featuring creative courses and delightful Hi-Tea sessions. The exhibitors at FHV represent a diversity of sectors, including food producers, hoteliers, and technology providers. The primary audience of the fair includes hoteliers, retailers, investors, consultants, and buyers interested in the latest trends and solutions in their fields. The SECC Saigon Exhibition & Convention Center, as the venue for the fair, provides an unforgettable experience with its modern facilities and impressive views of Ho Chi Minh City."
Parizza,24. - 25. March 2027,France,Paris,Paris Expo Porte de Versailles,www.sandwichshows.com,"The Parizza trade fair is an annual event that takes place in Paris and focuses on the pizza and Italian catering industry. It was created to provide professionals in the Italian cuisine field with a platform for exchanging ideas, innovations, and networking opportunities. The event attracts visitors and exhibitors from all over the world, including restaurant owners, pizza makers, ingredient and equipment suppliers, as well as representatives from franchise companies and food chains. The fair showcases new products, technologies, and services that are relevant to the industry. These include pizza ovens, dough kneading machines, refrigeration and storage systems, as well as innovative ingredients and recipes. Another highlight of the fair is the prestigious ""France Pizza Championship"" competition, in which talented pizza makers demonstrate their skills and compete for the title of the best pizza maker in France. The Parizza fair takes place at the Paris Expo Porte de Versailles exhibition center and usually lasts for two days. The Parizza fair takes place jointly with the Sandwich & Snack Show. The Sandwich & Snack Show is a leading European event for fast-food restaurants and out-of-home consumption. By combining the two events, visitors and exhibitors benefit from an expanded range of products, services, and innovations that are relevant to both the pizza and sandwich and snack industries."
Snack Show,24. - 25. March 2027,France,Paris,Paris Expo Porte de Versailles,www.sandwichshows.com,"The Snack Show ranks among Europe’s leading trade fairs for contemporary snacking concepts, quick-service dining and the out-of-home food market. Held annually at Paris Expo Porte de Versailles, it brings together the industry’s key players and provides a highly specialised marketplace for product innovation, technology and forward-looking foodservice concepts. Organised by RX France, one of the country’s foremost exhibition organisers and part of a global network of B2B event brands, the show extends well beyond a national platform. As part of an international portfolio, it attracts senior decision-makers from across Europe and further afield. Paris as the host city reinforces this global positioning. France is widely regarded as one of Europe’s most dynamic markets for bakery, snacking and chain catering, combining strong culinary heritage with a high level of innovation in foodservice. The Snack Show positions itself both as a trend barometer and as a business hub. The focus is on current developments in snacking, from plant-based and vegan concepts to gluten-free ranges, functional snacks and emerging flavour profiles. Exhibits include aperitifs, sweet snacks, ice cream and desserts, bread and baked goods, pasta, salads, sandwiches, sauces, meat and charcuterie products, dairy, frozen foods and international specialities. The offer is complemented by a comprehensive drinks segment covering tea, matcha, energy drinks, juices, natural soft drinks, syrups and lemonades. Non-food categories are equally prominent, with packaging solutions, labelling, disposable and reusable tableware, and tabletop accessories reflecting the growing importance of sustainable and functional presentation formats in the out-of-home sector. A particular draw for trade visitors is the technology and equipment segment, notably the “Smart Lab”, which showcases foodtech solutions, professional kitchen equipment, digital ordering and EPOS systems, and efficiency tools for foodservice operators, caterers and on-the-go concepts. In addition, “Parizza” provides a dedicated, closely integrated area for Italian-inspired snack and catering concepts, with a strong emphasis on pizza and pasta solutions. In this way, the show brings together several specialised segments under one roof. Exhibitors represent the food and beverage industry, packaging, catering equipment, foodtech, logistics and digital services. The event is primarily targeted at operators of quick-service restaurants, bakeries, coffee shops and chain catering businesses, as well as catering companies, hoteliers, retailers, petrol station and travel retail operators, investors and franchisors. As such, the Snack Show covers the entire out-of-home value chain. As an annual industry event, the show benefits from the modern infrastructure of the Porte de Versailles exhibition centre. The venue is directly connected to the Paris Metro and tram network and is easily accessible both from the city centre and from the international airports Charles de Gaulle and Orly. The combination of a global city, state-of-the-art exhibition facilities and a fast-growing foodservice market makes the Snack Show a key date in the calendar for anyone looking to shape the future of Europe’s snacking and quick-service sectors."
SIMEC,28. - 30. March 2027,Saudi Arabia,Riyadh,RICEC Riyadh International Convention & Exhibition Center,www.simec-expo.com,"The Saudi International Marine Exhibition, commonly known as SIMEC, is a significant trade fair focusing on the fishing sector, aquaculture, and related maritime activities and industries. Established in 2022, it is an annual event organized by City Events, a renowned organizer of major events. SIMEC aims to highlight the importance of the fishing sector and bring together various sectors and activities in this field. The fair is the first of its kind in Saudi Arabia, explicitly focusing on these topics. A primary focus is on exchanging experiences and promoting knowledge and awareness of the importance and marketing of seafood, particularly aiming to boost seafood consumption. The area of aquaculture, which has been the fastest-growing food production system worldwide over the past five decades, is especially noteworthy. The fair acknowledges the significant achievements made by the sector, thanks to substantial investments by many countries globally. SIMEC provides a platform to showcase and discuss these successes and developments. A highlight of the fair is the large exhibition, which brings together various sectors and activities in one place. This emphasizes the numerous benefits of Saudi Arabia's strategic location. SIMEC aims to gather the best international experiences and global expertise. This is achieved through several specialized workshops in areas such as fishing, aquaculture, seafood, and algae, where new developments and emerging issues are discussed at an international le La Exhibición Marítima Internacional de Arabia Saudita, conocida como SIMEC, es una feria profesional significativa que se centra en el sector pesquero, la acuicultura y las actividades e industrias marítimas relacionadas. Fundada en 2022, se celebra anualmente y es organizada por City Events, un reconocido organizador de grandes eventos. SIMEC tiene como objetivo resaltar la importancia del sector pesquero y reunir diversos sectores y actividades en este ámbito. La feria es la primera de su tipo en Arabia Saudita, enfocándose explícitamente en estos temas. Un enfoque principal es el intercambio de experiencias y la promoción del conocimiento y la conciencia sobre la importancia y comercialización de los productos del mar, buscando especialmente fomentar su consumo. Es especialmente destacable el área de la acuicultura, que ha sido el sistema de producción de alimentos de más rápido crecimiento en el mundo durante las últimas cinco décadas. La feria reconoce los logros significativos del sector, gracias a las enormes inversiones de muchos países a nivel mundial. SIMEC ofrece una plataforma para presentar y discutir estos éxitos y desarrollos. Un punto destacado de la feria es la gran exposición, que reúne diversos sectores y actividades en un solo lugar. Esto subraya las numerosas ventajas de la ubicación estratégica de Arabia Saudita. SIMEC se propone reunir las mejores experiencias internacionales y el conocimiento especializado global. Esto se logra a través de varios talleres especializados en áreas como pesca, acuicultura, productos del mar y algas, donde se discuten nuevos desarrollos y problemas emergentes a nivel internacional. La combinación de intercambio profesional, oportunidades de networking y la presentación de productos y servicios hace de SIMEC un evento indispensable para todos los actores en el ámbito de la economía marítima y la pesca. vel. The combination of professional exchange, networking opportunities, and the presentation of products and services makes SIMEC an indispensable event for all stakeholders in the maritime economy and fishing industry"
Better Home & Living Show,02. - 04. April 2027,New Zealand,Napier,Pettigrew Green Arena,homeandgardenshow.co.nz,"The Better Home & Living Show is an annual event held at the impressive Pettigrew Green Arena at the Eastern Institute of Technology, Hawke's Bay Campus, Napier. The Pettigrew Green Arena is a versatile event center with top-notch facilities, making it ideal for a wide range of events. The fair is organized by Jade Promotions & Events, a leading New Zealand trade show and event management company specializing in organizing high-quality consumer shows and industry events. Jade Promotions & Events organizes the Home & Garden Shows as well as the Better Home & Living Shows in various New Zealand cities, including Hawke's Bay. However, these locations and dates can change from year to year. The Better Home & Living Show covers a wide range of industries, including interior design, gardening and landscaping, renewable energy, kitchen and bathroom design, smart home technologies, and wellness and lifestyle products. A key focus of the event is on eco-friendly and sustainable solutions for modern living spaces. Highlights include the presentation of new products and services, innovative DIY ideas, expert workshops, and lectures. The Better Home & Living Show is known for its excellent selection of high-quality exhibitors and diverse offerings that leave no wishes unfulfilled. In summary, the Better Home & Living Show at the Pettigrew Green Arena on the Hawke's Bay Campus is a significant event for anyone looking to enhance their home and lifestyle, with a particular emphasis on sustainability and innovations in the living space."
Foodservice & Hospitality Expo,03. - 05. April 2027,Romania,Bucharest,Romexpo Exhibition Center,horecaretailexpo.ro,"The Foodservice & Hospitality Expo, inaugurated in 2018, has established itself as a premier event in Romania's thriving hotel and hospitality industry. Hosted by Marketing Zone SRL, this trade fair is held in Bucharest, specifically in Hala Laminor, a venue renowned for its extensive facilities and exceptional suitability for events and exhibitions. This specialized expo serves as a central platform for professionals in the hospitality sector to explore the latest products, services, and trends in the industry. It stands out for its comprehensive showcase of various hospitality segments, including a wide array of exhibitors presenting a range of products from food and beverages to innovative non-food items, furniture, and technological solutions. The event places a special emphasis on interactivity and firsthand experiences, featuring culinary demonstrations, innovative cooking shows — with a focus on vegan cuisine — and competitions such as the Sushi Cup and thrilling pastry chef challenges. A highlight of the fair is the opportunity for attendees not only to get acquainted with products and services but also to participate in workshops. These sessions address current and significant topics such as food waste, sustainability in catering, functional design in the hotel industry, as well as tax obligations and relevant legislation. Furthermore, the Foodservice & Hospitality Expo acts as a stage for innovation, with the 'Innovation Showcase' inspiring participants through demonstrations of new and pioneering products and services. Beyond the opportunity to deepen business relationships, the Expo offers a unique chance for owners of bars and cafes, chefs, purchasing managers, sommeliers, bartenders, baristas, and consultants to network, learn, and enhance their knowledge and skills through direct interaction and feedback from industry peers. The Foodservice & Hospitality Expo transcends a traditional trade fair; it emphasizes experience, continuing education, and community development, making it an indispensable event in the annual calendar of every professional in Romania's hotel and hospitality industry. It represents not only the diversity and creativity of the sector but also underscores Bucharest's role as an emerging hub for hospitality and tourism in Eastern Europe."
Speciality and Fine Food Fair,05. - 07. April 2027,United Kingdom of Great Britain and Northern Ireland,London,ExCeL London,www.specialityandfinefoodfairs.co.uk,"The Speciality & Fine Food Fair (SFFF) is one of the leading trade fairs for premium food and drink specialties in the United Kingdom. Held annually in September at the prestigious ExCeL London in the heart of London, the event is organised by Montgomery International Ltd., a globally active and experienced trade show organiser. The fair is considered a must-attend event for professionals in the fine food trade, gastronomy, and high-end retail sectors. The fair serves as a platform for discovering and tasting innovative products from both the UK and abroad. It fosters meaningful dialogue among producers, buyers, retailers, importers, exporters, and hospitality professionals. The focus lies firmly on quality, authenticity, and taste – from award-winning cheeses and craft spirits to internationally recognised delicatessen products. With a clear emphasis on the evolving needs of a dynamic industry—where provenance, craftsmanship and sustainability play an increasingly vital role—the Speciality & Fine Food Fair provides targeted inspiration. Signature features such as “Pitch Live”, where emerging brands present their products to leading retailers, and the “Start-Up Village”, which showcases innovative newcomers, help bring the latest trends to light. A particular highlight is the curated education programme on the “Food for Thought” stage. Industry experts offer valuable insights into current developments, including trend forecasting, artificial intelligence in retail, ethical sustainability, gender diversity in the drinks sector, and cyber resilience. This knowledge-sharing format adds significant value beyond the product showcases. The newly designed Village Square serves as the central networking hub, offering space for regional tastings, moderated discussions, and business matchmaking. The fair experience is further enriched by immersive zones such as the Drinks Quarter, Wine Cellar and Great Taste Deli, where visitors can explore the latest flavour and consumer trends. Firmly rooted in London and the UK, the Speciality & Fine Food Fair highlights regional British specialties while simultaneously positioning the country as an international hub for fine food innovation. The historic ExCeL London, with its central location and excellent public transport links, offers ideal conditions for national and international trade visitors. For those seeking new impulses, a strong focus on quality, and opportunities to connect with thought leaders across the sector, the Speciality & Fine Food Fair remains an essential event on the industry calendar."
IFE,05. - 07. April 2027,United Kingdom of Great Britain and Northern Ireland,London,ExCeL London,www.ife.co.uk,"The International Food & Drink Event (IFE) is one of the UK’s leading trade shows for the food and drink industry. Held annually at the prestigious ExCeL London, the event transforms the modern exhibition venue in East London into a key meeting point for decision-makers, buyers and brands from around the world. It is organised by Montgomery International Ltd., an experienced British exhibition organiser with a strong international outlook and extensive industry connections. IFE spans the full breadth of the food and drink sector, structured into clearly defined product areas. These include vegan and plant-based products, speciality and artisan foods, chilled and frozen lines, ambient grocery, and wholesale ranges. Health-focused, organic and naturally positioned products also feature prominently. International pavilions showcase culinary concepts from around the globe, creating tangible import and distribution opportunities within the UK market. The show is further enhanced by a dedicated start-up area for emerging brands, a specialist cheese pavilion for premium dairy products, a “free-from” zone for allergen-free and specialist formulations, and a business support hub offering guidance on growth strategies and market entry. In addition, technological innovation, packaging solutions and specialist services for manufacturing, logistics and retail form an integral part of the exhibition. Exhibitors represent virtually every segment of the food and drink industry: producers of ready meals, meat and seafood, bakery products, snacks, confectionery and spices, alongside drinks manufacturers ranging from spirits and soft drinks to low- and no-alcohol propositions. The line-up also includes organic producers, innovative food tech companies and international brands seeking to expand into the UK market. IFE is strictly a trade-only event. Buyers from major retail chains, wholesalers, distributors and importers, as well as foodservice operators, hospitality professionals, product developers and category managers, attend to source products, monitor market developments and build strategic partnerships. A comprehensive programme of seminars, trend briefings and panel discussions provides in-depth insights into consumer behaviour, sustainability requirements and current market trends in the UK and beyond. ExCeL London offers a modern infrastructure, expansive exhibition halls and excellent transport links. Located in the revitalised Royal Docks area, it is directly connected to the public transport network, including the Elizabeth Line and the Docklands Light Railway, and is just minutes from London City Airport. As such, IFE provides not only a commercially relevant marketplace but also a logistically convenient platform for companies looking to succeed in the global food and drink sector."
ANUGA Select Brazil,06. - 08. April 2027,Brazil,Sao Paulo,Centro de Convenções - Distrito Anhembi,anuga-brazil.com.br,"ANUGA Select Brazil is an international trade fair for food and beverages and ranks among the leading business platforms for the food and drink industry in South America. Held annually in April at the Centro de Convenções – Distrito Anhembi in São Paulo, the event brings together producers, importers, distributors, service providers and senior decision-makers with a clear commercial focus. Its purpose is to generate tangible business opportunities, assess market potential and build long-term partnerships. Rather than serving as a straightforward product showcase, the fair positions itself as a strategic hub for innovation, knowledge exchange and international networking. The event is organised by Koelnmesse Organização de Feiras Ltda., the Brazilian subsidiary of Koelnmesse, one of the world’s leading trade fair organisers in the food sector. In addition to its Cologne base, Koelnmesse delivers further ANUGA formats in high-growth markets such as Asia and the Middle East, creating a global network that gives exhibitors direct access to international sales markets. The exhibition presents a broad yet clearly structured product range, including bakery and confectionery, alcoholic and non-alcoholic beverages, dairy products, frozen foods, fine foods, fresh fruit and vegetables, canned and ambient goods, as well as organic and health products. The offering is complemented by retail and point-of-sale solutions, along with services for the grocery retail and foodservice sectors. In doing so, the event covers the entire value chain — from production and processing through to distribution and in-store presentation. A strong emphasis is placed on trends, innovation and market intelligence. ANUGA Select Brazil addresses key issues such as sustainable production, transparent supply chains, new product development, clean-label strategies and shifting consumer preferences. It provides in-depth insights into consumer behaviour across Latin America, set within a broader international context. Specialist forums, conference sessions and networking formats equip industry leaders with strategic input for business development. Exhibitors represent sectors including dairy, organic food production, beverages, foodservice, import and export, as well as related service industries. Trade visitors include professionals from grocery retail and wholesale, hospitality, catering, distribution and food processing. The fair is therefore firmly targeted at a qualified B2B audience with defined purchasing and investment intentions. São Paulo’s role as host city underscores the event’s economic significance. As Brazil’s largest city and principal commercial and financial centre, it serves as a gateway to the Latin American food market. Brazil itself is one of the world’s leading agricultural and food producers. The Centro de Convenções – Distrito Anhembi is among the country’s most established exhibition and convention venues. Modern infrastructure, extensive exhibition space and convenient access to international airports and major transport links ensure straightforward travel for trade visitors from Brazil and abroad. ANUGA Select Brazil combines global exhibition expertise with in-depth regional market knowledge. As part of an international trade fair portfolio, it fosters cross-market synergies and provides companies with a focused platform to showcase innovation, strengthen business relationships and actively shape the future of the food system."
Horeca,12. - 14. April 2027,Kuwait,Kuwait City,Kuwait International Fairs Ground,hospitalityservices.me/events/horeca-kuwait,"HORECA Kuwait is a highly specialized annual trade fair dedicated entirely to the hospitality sector. The name ""HORECA"" stands for HOtel, REstaurant, and CAfé, reflecting the close interconnection between these industries and their associated supply and service markets. The event takes place at the Kuwait International Fairground in Mishref, Kuwait City—one of the leading exhibition venues in the Gulf region, known for its modern infrastructure, convenient accessibility, and regular hosting of major international industry events. The fair is organized by Hospitality Services s.a.r.l. , a well-established Lebanese company with decades of experience in staging high-quality trade shows for the hotel, restaurant, and gastronomy sectors. In addition to Kuwait, Hospitality Services also organizes HORECA events in Lebanon (Beirut), Saudi Arabia, Oman, and Jordan—creating a valuable network of platforms that serve the hospitality industry throughout the Middle East. HORECA Kuwait is more than just a product showcase—it serves as an interactive industry platform that brings together emerging trends, technological innovations, and hospitality professionals. Key focus areas include sustainability, digital transformation, and culinary innovation in the hospitality sector. Leading suppliers present state-of-the-art kitchen technology, refrigeration and storage solutions, as well as interior design concepts tailored to hotels, restaurants, and catering businesses. The exhibition spans a wide range of offerings, from professional kitchen equipment and furnishings to specialized IT solutions for operational processes in foodservice. A standout feature of the event is its interactive competitions. The Hospitality Salon Culinaire gives chefs from across the region an opportunity to showcase their skills. The program is further enriched by popular contests such as the Barista Competition, the Creative Mocktail Competition, and the Bed Making Competition. These events not only promote networking among industry professionals but also provide a platform for young talent and stimulate quality advancement across the sector. Additionally, the HORECA Talks segment offers a stage for expert lectures and panel discussions on the industry's most pressing challenges—from workforce management and sustainability strategies to innovative business models. Exhibitors primarily represent sectors such as hotel and restaurant equipment, food production, kitchen and appliance technologies, and hospitality services. The trade show targets a professional audience that includes hoteliers, restaurateurs, catering companies, food retailers, investors, and key decision-makers from related industries such as event management and tourism. HORECA Kuwait is thus much more than a conventional trade fair—it is a vital meeting point for the hospitality industry with strong regional relevance and international appeal. It plays a pivotal role in positioning Kuwait as an emerging hub for modern hospitality and culinary excellence. The venue—the Kuwait International Fairground—offers a prime location between the city center, airport, and major hotel clusters, making HORECA Kuwait a must-attend event for anyone looking to shape or be inspired by the future of hospitality."
Djazagro,12. - 15. April 2027,Algeria,Algiers,Palais des Expositions/Safex Expo Center,www.djazagro.com,"Djazagro , a leading trade fair for agriculture and food production, was established in 2003 and has been held annually at the SAFEX Exhibition Park in Algiers ever since. The name ""Djazagro"" is a blend of ""Djazaïr"", the Algerian-Arabic name for Algeria, and ""Agro"", which reflects the fair's focus on the agricultural and food sectors. It is organized by Comexposium, one of the world's leading trade fair organizers, and is considered an essential event for professionals in the food and beverage industry and related fields. At the fair, international exhibitors showcase their latest products and services in various segments, including food processing, bakery, confectionery, food products, beverages, hospitality, and catering. The offerings include packaging machines, bottling lines, ovens, confectionery equipment, flavorings, food additives, cleaning and hygiene equipment, refrigeration technology, and equipment for the hospitality industry. A highlight of the fair is the Djaz'Innov competition, where exhibitors have the opportunity to present their innovations in products, services, or technologies. In addition, numerous conferences and seminars by experts enrich the program, providing insights into current trends and valuable industry information. Djazagro primarily attracts professionals from the food production and processing, hospitality, and catering industries and serves as an important platform for exchange between local and international players. As a permanent fixture in the annual event calendar, it reflects the dynamic development of the food industry both in Algeria and internationally. The SAFEX Exhibition Park in Algiers, as the venue, offers ideal conditions for international exhibitors and visitors due to its central location and accessibility. Thus, Djazagro highlights Algeria's significance as a key gateway to the African and Mediterranean economic regions."
NutraFood Poland,13. - 15. April 2027,Poland,Warsaw,Warszawskie Centrum EXPO XXI,nutrafood.pl/en,"The ""NutraFood Poland"" has established itself as an international trade fair and leading platform in Poland for nutraceuticals and functional foods. The name ""NutraFood,"" a combination of ""Nutraceuticals"" and ""Functional Foods,"" reflects the fair's focus on dietary supplements and functional foods. As an annual event, it takes place in the prestigious Warszawskie Centrum EXPO XXI in Warsaw. This location is not only easily accessible but also serves as a central hub for international exhibitors and visitors. The fair is organized by Lentewenc Sp. z o.o. Ltd., a company known for its commitment to promoting health and wellness. The main themes of the fair encompass a diverse range of products and services. These include dietary supplements, functional foods and beverages, natural ingredients, raw materials and additives, as well as innovative technologies and services for the food industry, including private labeling and contract manufacturing. The fair strengthens its connection to Poland by serving as a platform for local and international companies to present and discuss the latest trends and innovations in this sector. A highlight is the ""Golden Medal NutraFood Poland Competition,"" a contest that recognizes the best products and innovations in the industry. Additionally, the fair offers an extensive program of conferences, panel discussions, and presentations by industry experts. Topics covered include nutrition trends, scientific research, technological innovations, and legal regulations. The range of exhibitors is impressive, extending from manufacturers to technology startups. The visitors also come from a wide range of fields, including buyers from retail chains, pharmacies, specialty stores, and the wellness industry, as well as industry experts and specialists. Finally, it is important to highlight that the Warszawskie Centrum EXPO XXI, with its modern infrastructure and central location in Warsaw, is an ideal venue for an international fair of this kind. Its easy accessibility via various means of transport makes it attractive for both exhibitors and visitors."
Health Food Ingredients & OEM Exhibition,13. - 14. April 2027,Japan,Tokyo,Tokyo International Forum,www.healthfoodexpo.jp,"Held annually, the Health Food Ingredients & OEM Exhibition is the premier industry event for professionals who are not only observing the transformation of the nutrition landscape but actively shaping it. Located in the heart of Tokyo at the prestigious Tokyo International Forum, the exhibition brings together innovation, science, and business under one roof. Organized by Health Business Media Co., Ltd., the exhibition targets a highly specialized audience from sectors such as food technology, product development, OEM manufacturing, packaging solutions, and quality management. At its core, the event focuses on health-promoting food ingredients that offer added value to consumers through targeted functionality – including vitamins, probiotic cultures, and plant extracts. OEM and contract manufacturing also play a central role: from raw materials to production, packaging, and analytics, visitors can explore the entire value chain. A particularly dynamic theme is the megatrend of plant-based nutrition – featuring innovative protein sources such as legumes, plant-based milk alternatives, and meat substitutes. This is complemented by emerging food resources like microorganisms, insects, algae, and cultured meat – all of which represent innovations with significant global sustainability potential. Modern fermentation technologies are another focal point, especially in connection with functional ingredients for healthy diets. Additional key areas include food safety, quality assurance, and smart processing and packaging technologies – from AI-powered foreign object detection to intelligent packaging solutions that extend shelf life. Moreover, the exhibition positions itself as a platform for solutions to reduce food waste – whether through upcycling, sustainable packaging, or innovative preservation techniques. In doing so, it makes a meaningful contribution to the sustainable transformation of the food industry and highlights Japan’s role as a pioneer in technological innovation. Exhibitors represent a broad spectrum of industries, including food production, biotechnology, pharmaceuticals, analytics, packaging, mechanical engineering, and trade. The main target groups are product developers, R&D managers, buyers, brand owners, start-ups, and OEM service providers seeking new ingredients, technologies, or production partners. The Tokyo International Forum, with its central location, state-of-the-art infrastructure, proximity to international hotels, and excellent access to public and long-distance transportation, offers ideal conditions for visitors and exhibitors from around the globe. Whether arriving by Shinkansen, plane, or subway, the Health Food Ingredients & OEM Exhibition is easy to reach – making a visit to the Tokyo trade fair an efficient and inspiring experience."
WorldFood Poland,13. - 15. April 2027,Poland,Warsaw,Warszawskie Centrum EXPO XXI,www.worldfood.pl,"WorldFood Poland is an international fair dedicated to the fields of food and beverages, food processing, and packaging. As the largest food fair in Poland, it connects traders, retailers, manufacturers, and industry associations. The annual event takes place at the Warszawskie Centrum EXPO XXI in Warsaw, known for its excellent accessibility and modern facilities. Organized by Lentewenc Sp. z o.o. Ltd., a company experienced in the organization of trade fairs, ""WorldFood Poland"" offers a wide range of products and services. This includes raw materials, additives, food products, and beverages, as well as packaging and logistics solutions. Special attention is given to segments such as organic foods, functional foods, dietary supplements, and plant-based meat and dairy alternatives. The fair reflects the dynamism and diversity of the food industry, both in Poland and internationally, serving as a showcase for innovations and current trends. Highlights of the program include the ""WorldFood Gold Medal"" competition for outstanding products and various conferences and workshops with industry experts, addressing important topics like sustainable meat production and alternative protein sources. With a broad spectrum of exhibitors from the fields of food production, beverage manufacturing, technology, as well as packaging and logistics, the fair appeals to a diverse audience. This includes producers, suppliers, retailers, and wholesalers, as well as industry specialists, emphasizing the fair's significance for trade and networking. Finally, the Warszawskie Centrum EXPO XXI in Warsaw, with its modern infrastructure and central location, provides an ideal venue. The vibrant culture and history of Warsaw further enrich the experience for fair visitors. The good transport connections and proximity to accommodations and dining facilities make the fair center an attractive meeting point for professionals from around the world."
Food & Drink OEM Matching Expo,13. - 15. April 2027,Japan,Tokyo,Tokyo Big Sight,pboemfair.com,"The "" Food & Drink OEM Matching Expo "", commonly referred to as the OEM Expo , is an annual trade fair held at Tokyo Big Sight in Tokyo. Hosted by Japan Food Journal Co., Ltd., it has established itself as an essential platform for professionals in the food and beverage industry who specialize in the development and production of private labels and OEM products. OEM stands for ""Original Equipment Manufacturer"", which in this context refers to the production of products under a brand name that does not belong to the manufacturer. Therefore, the fair provides an excellent opportunity to gain deep insights into private label production and establish direct business relationships. The expo covers topics such as processed foods, fresh produce, confections and desserts, spices and sauces, dietary supplements, and beverages, including alcoholic drinks. Additionally, consulting services and analytical devices and systems are presented, enabling participants to explore all aspects from product development to quality control. Exhibitors come from various sectors of food production and related services, ranging from large international corporations to specialized small businesses. The main audience for the fair includes decision-makers in the industry, such as purchasers, product developers, and marketing professionals, making the event a key meeting place for networking and industry insights. Access to the venue, Tokyo Big Sight, is facilitated by its central location and excellent transportation links, including train and bus connections. The modern facilities and impressive architecture of the convention center attract thousands of visitors each year and create an inspiring environment for exhibitions and networking."
Future Rice Fair,13. - 15. April 2027,Japan,Tokyo,Tokyo Big Sight,www.fabex.jp,"The Future Rice Fair is a pioneering trade fair dedicated to the future of rice cultivation and the development of innovative rice-based products. Since its inception in 2022, it has established itself as a key platform for exchanging insights on current developments and trends in the rice industry. Held annually at the prestigious Tokyo Big Sight, Japan’s largest exhibition and convention center, the fair welcomes industry professionals from around the world. Organized by Japan Food Journal Co., Ltd., a leading media group in the food industry, the Future Rice Fair brings together producers, traders, and experts to discuss the future of rice and showcase innovative solutions. A core objective of the fair is to drive transformation in the rice industry and unlock new market potential. The focus is on pioneering cultivation methods, sustainable and technological solutions for rice production, and innovative processing and marketing strategies. Companies and start-ups present cutting-edge technologies, optimized rice varieties, sustainable packaging concepts, and creative rice-based products for the foodservice and retail sectors. The Future Rice Fair attracts exhibitors from various fields within the food industry, including rice producers, food technology providers, packaging companies, and manufacturers of specialized rice processing equipment. For professionals in gastronomy, trade, and food production, the fair serves as a valuable hub for discovering new business opportunities and networking with industry peers. A particular highlight of the fair is the expert seminar, where industry leaders share practical insights and strategies for overcoming current challenges and tapping into new markets. Complementing this, networking events and expert panels provide in-depth analyses of industry trends and best practices. The Future Rice Fair is part of FABEX, a leading trade fair platform for the foodservice and gastronomy industries. This close integration offers visitors an extended range of opportunities and additional synergies with other events in the food sector. The choice of Tokyo as the venue highlights the deep cultural and dietary significance of rice in Japan. Tokyo Big Sight is not only a state-of-the-art exhibition center with first-class infrastructure but also highly accessible via public transport. Visitors can conveniently reach the venue via the Yurikamome and Rinkai Lines, which connect the exhibition grounds directly to the city center. Moreover, the vibrant metropolis of Tokyo offers a rich culinary and cultural experience, making a visit to the fair an immersive and holistic event."
UzFood,13. - 15. April 2027,Uzbekistan,Tashkent,Uzexpocentre,uzfoodexpo.uz,"UzFood is an international trade fair for food and beverages in Uzbekistan. Held annually in spring at the UEC Uzexpocentre in Tashkent, it serves as a key platform for industry professionals, companies, and experts. As the most important event of its kind in Central Asia, UzFood brings together exhibitors and visitors from various sectors, including producers, importers, exporters, retailers, restaurateurs, and food technologists. The fair is organized by Iteca Exhibitions, a company specializing in the organization of high-profile trade fairs. UzFood covers a wide spectrum of the food industry, showcasing the latest trends, products, and technologies. Key themes include food and beverages, such as meat and fish products, dairy products, baked goods, confectionery, frozen foods, and beverages. Additionally, ingredients and additives, including spices, flavors, organic products, and sweeteners, are a major focus. Another core area is food processing and packaging, featuring machinery for food production, innovative packaging solutions, and systems for labeling and quality assurance. The HoReCa sector (Hotels, Restaurants, Catering) also plays a significant role at UzFood. The fair presents professional kitchen equipment, bakery appliances, as well as coffee and tea accessories. Moreover, it highlights advancements in agricultural and agritech solutions, including modern greenhouse technologies, agricultural machinery, and innovations in seed and crop protection. A special highlight of UzFood is its live demonstrations, expert lectures, and conferences, which provide visitors with the opportunity to experience new technologies firsthand and engage with industry specialists on the latest developments. The fair plays a crucial role in advancing Uzbekistan’s food industry by fostering innovation, strengthening international business relations, and offering companies a platform to present themselves to a growing market. UzFood attracts companies from numerous sectors, including food production, gastronomy, retail, agriculture, and packaging technology. Its primary audience consists of decision-makers and professionals looking for new products, business partners, and innovative solutions. As Uzbekistan’s economic hub, Tashkent provides a modern infrastructure for trade fairs and congresses at the UEC Uzexpocentre. Conveniently located, the venue offers easy access from both the airport and the city center. This makes UzFood the ideal meeting point for businesses and experts to actively shape the future of the food and beverage industry in Uzbekistan and beyond."
Markt des guten Geschmacks,15. - 18. April 2027,Germany,Stuttgart,Messe Stuttgart,www.messe-stuttgart.de/marktdesgutengeschmacks,"The ""Market of Good Taste"" (Markt des guten Geschmacks) in Stuttgart, a standout fair of the Slow Food movement, takes place annually in the spring. It is dedicated to showcasing and promoting regional specialties that are free from additives. Since its inception, the fair has evolved into a significant meeting point for gourmets and consumers who value quality, taste, and sustainable production. Organized by Messe Stuttgart GmbH, the fair presents an impressive selection of food and beverages from regional producers, with a focus on the quality and taste experience of the products. The event serves not only as a platform for exchange between visitors and exhibitors but also as a place for education and active participation. Visitors have the opportunity to engage directly with the producers, sample their products, and become actively involved in the fair's own cooking workshop. Under guidance, they can prepare their own dishes and then enjoy them in a convivial round. In addition to food and beverages, the fair's offerings also include handmade kitchen furniture and utensils, as well as specialist books on topics related to food and drink. An extensive program of discussion forums and lectures provides deeper insights into the Slow Food movement and sustainable food production. The fair is held at the easily accessible Stuttgart Exhibition Center, located near the A8 motorway. Thanks to its proximity to Stuttgart Airport and the numerous parking options available both at the exhibition grounds and in the airport parking garage, arrival by car and on foot is convenient. The connection to public transport also ensures a hassle-free arrival for visitors from different regions. With its spring timing, the ""Market of Good Taste"" has established itself as an important event that embodies the values of the Slow Food movement and provides a platform for exchange and discovery of regional, sustainable food and products."
Biohacking Days,16. - 18. April 2027,Germany,Stuttgart,Messe Stuttgart,www.messe-stuttgart.de/biohacking,"The Biohacking Days are far more than a conventional trade fair. They serve as an annual summit for those who want to take charge of their physical and mental well-being using evidence-based and practical methods. The name “Biohacking Days ""stands for an immersive experience platform dedicated to the creative and holistic optimization of human biology. Each spring, Messe Stuttgart opens its doors to this forward-thinking event, organized by Landesmesse Stuttgart GmbH, in the heart of Baden-Württemberg. At the core of the Biohacking Days is the fusion of scientific expertise, cutting-edge technology, and experience-driven formats in an inspiring setting. The thematic focus spans holistic health, mental resilience, recovery, stress management, and the digital tracking of bodily functions. Traditional knowledge meets modern science – through breathwork, cold therapy, nutritional supplements, and tracking technologies. The program features expert-led talks from renowned speakers, hands-on workshops covering topics such as ice bathing, yoga, and cycle-based well-being, as well as interactive experiences with wearables, functional mushrooms, and meditation techniques. The event encourages active participation, fosters exchange, and opens up new perspectives on personal health awareness. The Biohacking Days appeal to a broad and diverse audience – from health-conscious individuals to coaches, therapists, and professionals in the fields of nutrition, fitness, wellness, and medicine. At the same time, the event serves as a platform for exhibitors to showcase the latest innovations in health, lifestyle, and technology – from functional nutrition and training concepts to digital tools and bioenergetic applications. A distinctive feature of the Biohacking Days is their integration into the Stuttgart Spring Fairs, creating valuable synergies with parallel events such as YogaWorld, Slow Food, and VeganWorld. The Biohacking Days combine inspiration with practical applicability and offer a platform that is unique in its format and depth. The venue – a modern, easily accessible exhibition center located directly at the airport and connected to public transport – ensures a convenient and seamless visit. Anyone looking to explore their full potential in body and mind will find the perfect space here."
Pharmexpo Central Asia,20. - 22. April 2027,Uzbekistan,Tashkent,Central Asian Expocenter (CAEx),tihe.uz,"The PharmExpo Central Asia is a leading trade fair for the pharmaceutical industry in Central Asia, held annually at CAEx Uzbekistan in Tashkent. As an integral part of the renowned Tashkent International Healthcare Exhibition (TIHE), it brings together experts, companies, and decision-makers from the pharmaceutical and healthcare sectors to showcase the latest technologies, innovations, and market trends. The event is organized by Iteca Exhibitions, one of the most prominent organizers of international trade fairs in the region. It serves as a key platform for exchange between local and international players in the pharmaceutical industry. PharmExpo Central Asia focuses on advancements in pharmaceuticals, dietary supplements, traditional medical products, and pharmaceutical production technologies. Professional visitors gain insights into state-of-the-art drug manufacturing facilities, quality control equipment, packaging and labeling machines, as well as turnkey planning services. Special attention is also given to cleanroom technologies, laboratory equipment, and contract manufacturing, which are crucial to the pharmaceutical sector. Another central theme is the presentation of raw materials and ingredients required for the production of medicines and dietary supplements. Companies specializing in pharmaceuticals, medical devices, nutraceuticals, dietetics, and drug manufacturing use the exhibition as a prime platform to introduce their latest products and services. PharmExpo Central Asia attracts numerous visitors each year from the pharmaceutical industry, healthcare sector, research institutions, and government organizations. These include pharmaceutical companies, medical device manufacturers, research institutions, pharmacy chains, and distributors seeking new business opportunities and partnerships. Tashkent, as the host city, plays a pivotal role in the region's economic development. The dynamic capital of Uzbekistan is rapidly evolving into a significant trade and innovation hub for the pharmaceutical industry in Central Asia. Thanks to its strategic location and well-developed infrastructure, the city is easily accessible via Tashkent International Airport and an extensive transport network. As a modern venue, CAEx Uzbekistan provides optimal conditions for a successful exhibition that annually attracts a distinguished professional audience from around the world. PharmExpo Central Asia is more than just a trade fair—it is a central meeting point for innovation, knowledge exchange, and business development in the pharmaceutical industry of Central Asia. Anyone looking to succeed in this sector should not miss this event."
BeoPlantFair,20. - 23. April 2027,Serbia,Belgrade,Belgrade Fair,sajam.rs,"The BeoPlantFair in Belgrade is an annual exhibition dedicated to the fields of horticulture, medicinal herbs, and honey products. Since its inception in 1996, it has evolved into a significant meeting point for professionals, enthusiasts, and consumers alike. It is organized by the Belgrade Fair, an experienced host of renowned events. Each April, the fair provides a platform for discovering the latest innovations and services in its sector. In the horticulture area, visitors can learn about innovative products and services, ranging from seeds to modern irrigation systems. This segment promotes efficiency and sustainability in gardening and facilitates the exchange of expertise. The ""Gifts of Nature"" section deals with medicinal herbs, herbal cosmetics, botanical medicines, and honey products. Here, visitors can explore the diversity of natural products and learn about their applications and benefits. This exhibition emphasizes the importance of natural resources for health and well-being. The Belgrade Fair venue, with its excellent infrastructure and central location in Belgrade, offers ideal conditions for exhibitors and visitors. It is renowned for its capacity to successfully host large international events. In summary, the BeoPlantFair is an annual event for anyone interested in horticulture, natural remedies, and honey products. With a comprehensive range of products and services, thematic special exhibitions, and excellent organization by the Belgrade Fair, the fair presents a unique opportunity to learn about current trends and innovations, exchange expertise, and establish business contacts."
InterFood,21. - 23. April 2027,Russia,Krasnodar,Expograd Yug,inter-food.su,"InterFood Krasnodar is a specialized annual trade fair dedicated to food, beverages, and packaging technology. It has established itself as a key industry platform in southern Russia. Organized by MVK – International Exhibition Company, one of the country's leading trade fair organizers with extensive experience in hosting international exhibitions and conferences, InterFood provides industry professionals with an opportunity to explore the latest developments in the food and beverage sectors and connect with experts, manufacturers, suppliers, and decision-makers. The event takes place at Expograd Yug in Krasnodar, a modern exhibition and congress center known for its innovative infrastructure. The venue offers ideal conditions for showcasing new products, technologies, and services, making it one of the most important locations for trade events in southern Russia—further underscoring the fair’s significance. Access to InterFood is restricted to trade professionals only. This focused approach encourages practical, in-depth exchanges between exhibitors and buyers. A standout feature is the integrated negotiation center, where manufacturers and suppliers present their products directly to senior buyers and category managers from major retail chains and distributors—a unique format that enables efficient, high-level networking. The exhibition covers a broad yet clearly defined range of topics, including meat and poultry products, dairy and cheese, staple foods, grain-based goods, baked and confectionery items, non-alcoholic and low-alcohol beverages, beer, snacks, and catering supplies. This is complemented by displays of cutting-edge production and processing technologies, innovative packaging solutions, and efficient storage and logistics systems—particularly attractive to technology-focused professionals. Another highlight of the fair is its hands-on program of expert lectures and seminars on current topics such as the use of artificial intelligence in food production, brand strategies in consumer goods, lab data analysis, and risk management in manufacturing. Running alongside InterFood is the ""Vinorus.Vinotech"" exhibition, where Russian wineries showcase their products through professional tastings—adding further value for visitors with an interest in wine and spirits. With its thematic depth, clear focus, and recurring annual format, InterFood Krasnodar is an essential platform for professionals looking to stay ahead of industry trends, discover innovative products, and build valuable business connections—at one of Russia’s most dynamic hubs for the food and beverage industry."
FoodTech,21. - 23. April 2027,Russia,Krasnodar,Expograd Yug,www.foodtech-krasnodar.ru,"FoodTech Krasnodar is a professional trade fair held annually in April and has established itself as the key industry meeting point for the food sector in southern Russia. Organized by MVK International Exhibition Company—an experienced event organizer with extensive expertise in staging specialized trade fairs across Russia—the event is exclusively aimed at industry professionals. It provides a dedicated platform for the exchange of innovations, technologies, and business opportunities throughout the entire value chain of food and beverage production. The venue is the modern Expograd Yug exhibition and congress center in Krasnodar, a major economic hub in southern Russia. Its spacious and well-equipped infrastructure offers ideal conditions for both international exhibitors and professional visitors. The fair focuses on cutting-edge technologies and solutions for food processing, packaging, refrigeration, storage, and quality control. Special emphasis is placed on practical advancements in production, logistics, and food safety. Attendees gain insights into state-of-the-art processing machinery, automated systems, hygiene technologies, vending solutions, as well as new ingredients and additives that are central to contemporary food production. A defining feature of FoodTech Krasnodar is its comprehensive perspective on the industry's challenges and potential. The fair bridges technological innovation with concrete strategies for enhancing efficiency, improving quality, and complying with regulatory standards. As such, it serves not only as a showcase for the latest developments but also as a driver of progress for companies seeking to remain competitive in a dynamic market. More than just a trade fair, FoodTech Krasnodar is an important forum for knowledge exchange and business development. Each year, it brings together professionals, decision-makers, and technology providers who come to explore future trends, build networks, and discover solutions for optimizing production and processes."
FOOD TAIPEI,23. - 26. April 2027,Taiwan,Taipei,Taipei Nangang Exhibition Center,www.foodtaipei.com.tw,"FOOD TAIPEI is an annual international food expo held at the Taipei Nangang Exhibition Center in Taipei, Taiwan. Organized by the Taiwan External Trade Development Council (TAITRA), it is recognized as a significant event in the food sector that attracts exhibitors and visitors from around the world. The expo showcases a comprehensive range of products: from fresh and preserved fruits and vegetables to poultry, seafood, various meats, processed meat products, and cooking oils, as well as dairy products. The selection also includes organic and vegetarian foods, frozen ready meals, canned goods, baked goods, cookies, and a variety of beverages such as wine, spirits, coffee, tea, juices, and soft drinks. Spices, confections, and ice cream further complement the offerings. In addition to serving as a trading platform, the expo also functions as a venue for exchange and education. It features cooking demonstrations by renowned chefs and hosts conferences, forums, and seminars with experts who discuss current trends and innovations in the food sector. A particular highlight is the Green Vision Award, which honors exhibitors for their exceptional commitment to environmental protection, social responsibility, and corporate governance. FOOD TAIPEI significantly contributes to the promotion of the local food industry and brings international attention to Taiwan's culinary diversity. The expo attracts professionals from the hospitality, wholesale, retail, and related industries. The Taipei Nangang Exhibition Center, a modern and accessible venue, ranks among Asia's leading exhibition sites. With its excellent public transport connections, it offers ideal conditions for an international expo like FOOD TAIPEI, serving as a central hub for innovation and business development in the global food industry."
CIHIE - China International Health Industry Expo,23. - 25. April 2027,China,Beijing,CIEC - China International Exhibition Center,en.jianbohui.com,"CIHIE – China International Health Industry Expo has been an established trade fair since 2003 and has positioned itself as a leading platform for the international health industry. The name ""CIHIE"" reflects both its global outlook and its dedicated focus on the health sector. Held every year, the event alternates between the major cities of Shanghai and Beijing and is specifically tailored to professionals from the wellness, beauty, sports, preventive healthcare, and nutrition sectors. It is organized by Shibowei International Exhibition Co. Ltd., an experienced event organizer with a strong emphasis on the health and wellness industry. What sets CIHIE apart is its holistic approach: it brings together cutting-edge technologies—such as digital health solutions, biotechnology, and smart medical systems—with traditional Chinese medicine, particularly the dietary principles of the Tonic Diet. The exhibition also highlights forward-thinking themes like hydrogen-based medicine, innovative nutritional supplements, and sustainable, eco-friendly food ingredients. More than 900 exhibitors from over 30 countries and regions showcase their latest products, technologies, and services—ranging from personal health management solutions and wellness products to materials for occupational health and safety. Attendees include buyers, traders, distributors, sales representatives, and professionals from the health, fitness, and wellness sectors who are actively seeking innovations and new business partnerships. A key feature of the event is the International Conference on the World Health Industry, which is complemented by expert forums, seminars, and competitions. These provide excellent networking opportunities and offer valuable insights into current market trends. CIHIE thus serves not only as a commercial platform but also as a driving force for future developments in the global health economy. Through its close connection with the Chinese healthcare market, CIHIE highlights China’s growing role as a hub of innovation and consumption in the international health landscape. Officially recognized by the Chinese Ministry of Commerce, it ranks among the country’s most significant health-related trade fairs and maintains a dynamic and diverse character through its rotation between two of China's major exhibition venues. Both locations—Shanghai and Beijing—feature state-of-the-art infrastructure, excellent transport connections, and easy access via domestic and international airports. Whether held at the Shanghai New International Expo Center or the China National Convention Center in Beijing, CIHIE provides a professional environment for forging business relationships, gaining inspiration, and experiencing the latest trends in the health industry firsthand."
RHEMA,23. - 25. April 2027,Switzerland,Altstätten,Allmendplatz,rhema.ch,"The RHEMA is a significant regional trade fair in Altstätten, focusing on commerce, crafts, industry, agriculture, tourism, and gastronomy. The abbreviation RHEMA stands for ""Rheintaler Messe Altstätten,"" with ""Rheintal"" referring to the valley of the Rhine, where the city of Altstätten is located. The fair takes place in Altstätten, a city in eastern Switzerland, on the exhibition grounds in Altstätten, which offers excellent transport connections and infrastructure. The Allmendplatz in Oberrieterstraße is located outside the town center towards Oberriet and is signposted from the Oberriet/Kriessern motorway exit. Since its founding, the fair has become an integral part of the region's event culture. The organizer of the RHEMA is Rhema Altstätten AG, an experienced company specializing in organizing trade fairs and events in the region. The RHEMA Rheintal Fair takes place every year and is divided into two weekends , attracting thousands of visitors from eastern Switzerland and neighboring countries. The fair offers a wide range of topics and products from various industries, including commerce, crafts, industry, agriculture, tourism, and gastronomy. The focus is on regional and national products, services, and innovations. Highlights of the fair include a diverse supporting program with live music, culinary tastings, expert lectures, and interactive activities for the whole family. RHEMA is known for its unique atmosphere, created by the combination of entertainment, information, and shopping opportunities. Overall, RHEMA in Altstätten provides an attractive event that offers a special experience for both locals and visitors from the surrounding area."
Hi Korea,24. - 26. April 2027,South Korea,Seoul,COEX Convention and Exhibition Center,www.hi-korea.net/en/main/main.php,""" Hi Korea "" is an annual trade fair held at the COEX Convention and Exhibition Center in Seoul, which has established itself as a global hub for the health ingredients industry. The name of the fair, ""H,,"" stands for ""Health ingredients"", representing the focus of the event: the presentation and exchange of health-promoting ingredients and technologies. It is organized by Informa Markets, a trading division of Informa PLC, and attracts professionals, manufacturers, traders, and service providers from around the world. The main themes of ""Hi Korea"" include health, natural and functional ingredients, functional food additives, food technology and equipment, nutraceuticals, and contract manufacturing. The range of products is diverse, encompassing functional foods, plant extracts, probiotics, antioxidants, as well as solutions for bone and joint health and weight management. A key focus of the fair is on fostering innovation and knowledge transfer. Highlights include numerous conferences and seminars with industry experts, as well as business matchmaking activities that offer excellent networking opportunities. The venue in Seoul emphasizes the international significance of the fair, as South Korea plays a leading role in the development of health and wellness products. The fair attracts representatives from various industries, including food engineering, biotechnology, and the pharmaceutical industry. Most visitors are involved in production, research and development, and sales, making ""Hi Korea"" an ideal venue for B2B business and partnerships. Hi Korea is part of a global series of fairs organized by Informa Markets that includes similar events worldwide. This allows participants and exhibitors to benefit from an expanded network and a better understanding of the market. The COEX Convention and Exhibition Center is excellently accessible by public transport, making it easy for both domestic and international participants and visitors to attend the fair. Located in the heart of one of Asia's most dynamic cities, the venue not only offers insights into the latest industry trends but also the chance to experience the vibrant culture and business world of Seoul."
SALÓN GOURMETS,26. - 29. April 2027,Spain,Madrid,Feria de Madrid - IFEMA,www.gourmets.net/salon-gourmets/visit/datos-de-interes-en,"SALÓN GOURMETS is Europe’s leading trade fair for high-quality food and beverages, making it an essential industry event for professionals in fine foods, gastronomy, hospitality, and retail. Since its inception in 1987, it has become a central platform for exclusive delicacies, innovative products, and emerging culinary trends. Held annually at the IFEMA exhibition center in Madrid, the event benefits from modern infrastructure, excellent transport connections, and ample parking, providing ideal conditions for an international gathering of this scale. Organized by Grupo Gourmets, a renowned company dedicated to promoting fine gastronomy and premium food products for decades, SALÓN GOURMETS brings together producers, suppliers, buyers, and decision-makers from around the world. The fair fosters new business relationships and showcases the latest innovations in the industry. The extensive offering includes gourmet foods, wines, spirits, organic products, and exclusive delicacies. In addition to the traditional exhibition, the event features an extensive supporting program with tastings, live cooking demonstrations, competitions, and expert lectures that provide valuable insights into current market trends and developments. Key highlights include themed experience areas such as the Wine Tunnel, olive oil and cheese exhibitions, and the innovation space, where groundbreaking products are unveiled. A dedicated business center and a tailored matchmaking service facilitate targeted networking between exhibitors and international buyers, helping businesses expand into new markets. With its unique combination of exquisite products, high-profile industry professionals, and a world-class venue, SALÓN GOURMETS stands among the most important platforms in the fine food sector—an unmissable event for those looking to experience and market premium food and beverages at the highest level."
SIAL Canada,27. - 29. April 2027,Canada,Toronto,Enercare Centre,sialcanada.com,"SIAL Canada is one of Canada’s leading trade shows for the food, beverage, and hospitality sectors, serving as a central meeting point for professionals across this dynamic industry. The name SIAL – Salon International de l’Alimentation – highlights the event’s international focus and its specialization in food-related innovation. Since its inception in 2001, the trade show has become a major driver of innovation, commerce, and exchange within the North American agri-food sector. Held alternately in Montreal and Toronto each year, SIAL Canada brings together all key players under one roof. It is organized by the renowned Comexposium Group, one of the world’s largest trade show organizers with an extensive portfolio of international events. The Canadian edition is part of a global network that includes flagship shows in Paris, Jakarta, and Abu Dhabi. A defining feature of SIAL Canada is its clear thematic structure, divided into three focus areas: SIAL Food, SIAL Grocerant, and SIAL Packaging. SIAL Food covers the entire food production spectrum – from fresh products and beverages to niche categories such as baby food, frozen goods, and functional ingredients. SIAL Grocerant explores the growing intersection between foodservice and retail, emphasizing cutting-edge kitchen equipment, payment technologies, and service solutions. SIAL Packaging focuses on innovative and sustainable packaging concepts, logistics, and technological advancements across the supply chain. In addition to a broad product offering – ranging from cheese and olive oil to high-tech packaging – the trade show provides space for knowledge exchange, industry dialogue, and inspiration. It serves as a platform for Canadian producers, international brands, start-ups, retailers, foodservice professionals, and importers to identify trends, build business relationships, and strengthen their market presence. Deeply rooted in the Canadian market, SIAL Canada reflects the country’s cultural diversity, spirit of innovation, and commitment to sustainability. At the same time, it offers international companies a gateway to enter the North American market. One of SIAL Canada’s standout features is its range of competitions that spotlight the industry’s innovative spirit. The SIAL Innovation Award honors forward-thinking product ideas, the Olive d'Or recognizes the world’s finest olive oils, and the International Cheese Competition showcases the best in global cheesemaking. Additional highlights include a pitch contest for start-ups and the “SIAL To Go” format, which offers practical insights into current market developments. The event attracts a wide professional audience – from manufacturers and distributors to institutional foodservice experts – creating a highly specialized network designed for business success. Alongside the extensive exhibition, a conference program provides in-depth analysis and discussion of key industry topics. Whether at the Palais des Congrès de Montréal or the Enercare Centre in Toronto, both venues offer modern infrastructure, excellent accessibility, and are situated in vibrant urban environments. With international airports, convenient public transit links, and thriving culinary scenes, they provide the ideal setting for a trade fair that is more than just an exhibition: SIAL Canada is an experience, a marketplace of ideas, and a bridge between local markets and global opportunities."
InterFood,28. - 30. April 2027,Kazakhstan,Astana,IEC EXPO International Exhibition Center,www.interfoodastana.kz,"InterFood Astana is an international trade fair held annually, with a clear focus on the food and beverage industry. Since its inception in 1999, it has grown into one of the most important industry gatherings in Central Asia, offering a platform for the exchange of innovations, technologies, and business connections across the entire food production value chain. The event takes place at the IEC EXPO International Exhibition Center in Astana, the vibrant capital of Kazakhstan. This modern venue stands out for its excellent infrastructure and convenient transport links—ideal conditions for bringing together professionals and exhibitors from various countries. Exclusively targeting industry professionals, the fair brings together companies, decision-makers, and experts from the fields of food, beverages, packaging, processing technologies, and hospitality. The exhibition showcases a wide range of products, from fresh and processed foods to alcoholic and non-alcoholic beverages, ingredients and additives, as well as machinery and technologies for processing, packaging, refrigeration, and storage. A particular emphasis is placed on sustainable solutions—such as eco-friendly packaging, energy-efficient production methods, and innovative recycling concepts. Organic products, healthy food alternatives, and new developments in food safety and logistics are also in focus. The exhibition is complemented by a high-quality supporting program, including expert presentations, workshops, and networking events where current trends and challenges are discussed. InterFood Astana is more than just an exhibition—it serves as a strategic springboard for international cooperation and new market opportunities. It provides direct access to Kazakh and Central Asian markets and enables manufacturers to establish targeted contacts with retailers and distributors. With its clear focus on industry professionals, comprehensive thematic offering, and both regional and international relevance, InterFood Astana has become a key meeting point for anyone active in the food and beverage sector or looking to enter new markets—a firmly established date in the industry's annual trade fair calendar."
Food & Drink Processing Expo,28. - 30. April 2027,India,Bangalore,BIEC - Bangalore International Exhibition Center,www.fdpexpo.com,"The Food & Drink Processing Expo (FDP Expo) is India’s leading trade fair dedicated to the innovative food and beverage processing industry. Organized by Synergy Exposures & Events India Pvt. Ltd., it reflects the sector’s strong commitment to innovation, sustainability, and technological excellence. The fair takes place twice a year, with the venue rotating between two major cities in South India: the CODISSIA Trade Fair Complex on Avinashi Road in Coimbatore, Tamil Nadu, and the Palace Ground in Bengaluru, Karnataka. This strategic rotation ensures exhibitors and visitors have optimal access to the key industrial hubs of South India’s food and beverage sector. The FDP Expo showcases a broad spectrum of themes, from advanced food processing and automation technologies to beverage production and innovative packaging solutions. Exhibits include comprehensive systems for brewing, bottling, and the processing of dairy products, juices, and both alcoholic and non-alcoholic beverages. Additionally, the event highlights the latest developments in refrigeration and cold chain logistics, featuring technologies that support the efficient storage and transport of perishable goods. A core focus of the expo is on safety and quality control, covering testing equipment, laboratory technologies, and international standards such as HACCP and ISO. Sustainability and waste management are also central themes, with an emphasis on energy-efficient production methods and solutions for reducing and recycling food waste. Ingredients and additives—including functional components, clean-label products, organic ingredients, and preservatives—are also key areas of interest. Digitalization and Industry 4.0 are prominently featured, with presentations on innovative IoT solutions, data analytics, and artificial intelligence applications designed to optimize food production. Beyond the technical exhibits, the expo also hosts expert-led seminars and tailored B2B meetings. These formats offer valuable opportunities for professionals to network, exchange knowledge, forge strategic partnerships, and explore forward-looking business opportunities. The FDP Expo is open exclusively to trade visitors aged 18 and above, attracting key decision-makers, technology specialists, and procurement professionals from sectors such as dairy, fruit and vegetable processing, spices, poultry, and grain and millet industries. Both venues are well-connected and offer a professional, comfortable, and inspiring environment for attendees. In short, the Food & Drink Processing Expo (FDP Expo) is India’s premier platform for tailored solutions and cutting-edge innovations in the food and beverage industry, playing a vital role in driving the sector’s continued growth and transformation."
RHEMA,29 Apr. - 01 May. 2027,Switzerland,Altstätten,Allmendplatz,rhema.ch,"The RHEMA is a significant regional trade fair in Altstätten, focusing on commerce, crafts, industry, agriculture, tourism, and gastronomy. The abbreviation RHEMA stands for ""Rheintaler Messe Altstätten,"" with ""Rheintal"" referring to the valley of the Rhine, where the city of Altstätten is located. The fair takes place in Altstätten, a city in eastern Switzerland, on the exhibition grounds in Altstätten, which offers excellent transport connections and infrastructure. The Allmendplatz in Oberrieterstraße is located outside the town center towards Oberriet and is signposted from the Oberriet/Kriessern motorway exit. Since its founding, the fair has become an integral part of the region's event culture. The organizer of the RHEMA is Rhema Altstätten AG, an experienced company specializing in organizing trade fairs and events in the region. The RHEMA Rheintal Fair takes place every year and is divided into two weekends , attracting thousands of visitors from eastern Switzerland and neighboring countries. The fair offers a wide range of topics and products from various industries, including commerce, crafts, industry, agriculture, tourism, and gastronomy. The focus is on regional and national products, services, and innovations. Highlights of the fair include a diverse supporting program with live music, culinary tastings, expert lectures, and interactive activities for the whole family. RHEMA is known for its unique atmosphere, created by the combination of entertainment, information, and shopping opportunities. Overall, RHEMA in Altstätten provides an attractive event that offers a special experience for both locals and visitors from the surrounding area."
BEA,30 Apr. - 09 May. 2027,Switzerland,Bern,BERNEXPO,bea-messe.ch,"The Berne Exhibition, known as BEA, is Switzerland’s largest public fair and takes place every spring at the modern BERNEXPO exhibition grounds in Bern. Since its founding in 1951, BEA has become a fixture in Switzerland’s event calendar, attracting hundreds of thousands of visitors each year from both the German-speaking region and Romandy. The event is organized by BERNEXPO AG, a well-established Swiss company specializing in large-scale events, trade fairs, and public exhibitions. BEA is much more than a traditional exhibition. It combines information, entertainment, and shopping opportunities in a vibrant atmosphere. As a multi-sector public fair, it covers a broad range of topics – from home living, construction, kitchens, gardening, and heating, to fashion, health, mobility, leisure, and services. The focus is on regional and national innovations. At the heart of the event is direct interaction between exhibitors and visitors. This is particularly evident in areas like BEActive, where guests can try out the latest sports trends, and Vinspiration, which offers wine tastings from both Switzerland and abroad. The section dedicated to regional products highlights Swiss roots through culinary specialties and traditional craftsmanship from all parts of the country. Another key element of BEA is its animal exhibition. Displays featuring livestock and pets provide insight into Swiss agricultural culture and foster a sense of connection between urban and rural communities. The Green Center complements this with themes such as sustainable agriculture, horticulture, and nutrition. Entertainment is also a major component. The family-friendly funfair on the exhibition grounds and the interactive “BEA spielt” zone with classic and modern games invite visitors to take part and enjoy themselves. For those seeking relaxation and well-being, the “BE Häppy” section offers a wide array of experiences focused on mindfulness, lifestyle, and personal growth. The BERNEXPO venue – one of Switzerland’s leading event locations – provides the perfect setting. Its modern infrastructure, flexible layout, and excellent public transport links ensure a convenient and enjoyable visit. Bus and tram stops are located right next to the venue, making for an easy and environmentally friendly journey. With its thematic diversity, strong regional connection, and focus on immersive experiences, BEA is a prime example of a modern, audience-centered fair that uniquely blends tradition and innovation."
Restaurant & Foodservice Show,02. - 04. May 2027,Australia,Melbourne,MCEC - Melbourne Convention and Exhibition Center,fhweek.com.au/restaurantfoodserviceshow,"Restaurant & Foodservice Show is one of the most important trade fairs for the hospitality, foodservice, and catering industries in the Australasian region – and beyond. More than just a comprehensive industry event, it is considered a key driver of the Australian foodservice sector. The Fair has long been established as a symbol of innovation, quality, and professional exchange within the industry. The event is organized by National Media, one of Australia’s leading trade show organizers with extensive experience in delivering high-quality industry events. With a strong focus on innovation, education, and networking, Restaurant & Foodservice Show attracts a highly qualified professional audience – including key decision-makers from hospitality, hotels, bakeries, patisseries, catering, and food retail. The exhibition is exclusively tailored to industry professionals, bringing together the leading players in Australia’s food and hospitality scene. At the heart of the event are new products and solutions across food and beverage, kitchen technology, hospitality equipment, patisserie, specialty coffee, and digital tools for process optimization. A particular highlight is the showcase of innovations in restaurant technology: cloud-based solutions, AI-driven ordering systems, and smart automation tools offer a compelling glimpse into how digital transformation is reshaping the hospitality sector. Restaurant & Foodservice Show also serves as a platform for knowledge sharing and professional development. Across several stages – including the Main Stage, Business Stage, and Explore Patisserie Stage – top chefs, industry leaders, and consultants provide practical insights into topics such as kitchen design, workforce management, and emerging food trends. A standout feature of the event is its prestigious competitions, which not only capture attention but also create real career opportunities. The acclaimed ""Australian Professional Chef of the Year"", the ACF Restaurant Challenge, the awards for ""Australia’s Best Burger"" and ""Best Pizza"" and the national selection for the international Bocuse d’Or are among the most anticipated highlights, bringing together the best of Australia’s culinary talent. Whether it’s discovering new products, exploring trends, or building professional networks, Restaurant & Foodservice Show is a vital platform for industry professionals from across Australia and the Asia-Pacific region to take their business to the next level."
Pizza Pasta & Italian Food Show,02. - 04. May 2027,Australia,Melbourne,MCEC - Melbourne Convention and Exhibition Center,pizzapastashow.com.au,"The Pizza Pasta & Italian Food Show is Australia’s only trade fair dedicated exclusively to the world of pizza, pasta, and Italian cuisine. As an integral part of the renowned Food & Hospitality Week, it opens its doors each year to professionals from across the hospitality industry. Organized by National Media, one of Australia’s leading event organizers, the Pizza Pasta & Italian Food Show brings together industry leaders, emerging entrepreneurs, and innovative suppliers to showcase the latest developments and products inspired by Italian gastronomy. The focus is on innovation, authenticity, and professional networking, making the event a key platform for anyone active in, or looking to enter, Australia’s pizza and pasta sector. The exhibition features cutting-edge kitchen technology, premium ingredients, sustainable packaging solutions, and industry-specific digital tools. It is complemented by offerings from the beverage, coffee, and dessert sectors, as well as equipment for bakeries, patisseries, and gelaterias—perfect for businesses with Italian-influenced concepts. A major highlight of this year’s event is the inaugural Australian Pizza Awards, a competition that celebrates the country’s top pizzaioli. This award not only generates excitement but also provides well-deserved recognition within the industry. The program is further enhanced by hands-on masterclasses, educational seminars, and live demonstrations that offer valuable insights into modern preparation techniques and successful business strategies. Exhibitors represent a wide range of sectors, including commercial kitchen equipment, food and beverage production, baking, catering technology, and digital services. The audience primarily consists of pizzeria owners, restaurateurs, caterers, franchisors, distributors, and procurement professionals. As such, the PPI Show serves as a central hub for those looking to innovate, expand their offerings, or tap into new markets. The Pizza Pasta & Italian Food Show is the go-to event for anyone looking to shape the future of Italian dining in Australia—forward-thinking, inspiring, and industry-focused."
CIBUS,04. - 07. May 2027,Italy,Parma,Fiere di Parma,www.cibus.it,"The CIBUS International Food Exhibition is an annual trade fair dedicated to the diverse world of food. It is held at the Fiere di Parma exhibition center in Parma, a prominent center of Italian food culture. The name CIBUS, derived from the Latin word for ""food"", emphasizes the fair's central importance to the food sector. The organizer of the fair is Fiera di Parma S.p.A. It provides a platform for professionals from various sectors including wholesale, Ho.Re.Ca. sector, importers, and independent retail. The fair promotes exchange between national and international representatives from the agricultural and food sectors. The exhibition areas include dairy products, cold cuts, food and confectionery, chilled and frozen products, beverages, and specialties from local, regional, and international cuisine. CIBUS showcases a wide range of products and services, including coffee, tea, cocoa, canned goods, fresh and dried fruits and vegetables, snacks, oils, vinegars, pasta, rice, ethnic products, cereals, ready meals, baked goods, frozen products, sauces, reflecting Italy's culinary diversity and innovation. Highlights of CIBUS include conferences, expert panel discussions, workshops, tastings, live cooking shows, and masterclasses with renowned chefs. Special focus is given to the ""CIBUS Innovation Zone"" and ""CIBUS Healthy"", addressing new trends and healthy eating. Exhibitors come from various sectors of the food industry, making CIBUS a global meeting point for professionals. Main visitors are professionals from the food retail, gastronomy, catering, as well as import and export, complemented by representatives of food producers. As an annual event specifically held in Parma, CIBUS reflects the gastronomic tradition and significance of the city in the Italian food industry. Thanks to its accessibility by both public transport and car, the fair offers a unique opportunity to discover the latest trends and products in the food sector, establish business contacts, and enjoy the extraordinary atmosphere and culture of Parma."
CMPL Expo,05. - 07. May 2027,India,Mumbai,Jio World Convention Centre,www.cmplexpo.com,"The CMPL Expo – Contract Manufacturing & Private Label – is India’s leading trade fair dedicated exclusively to professionals in the FMCG sector, focusing on private label and contract manufacturing. Since its inception in 2019, the expo has established itself as a specialized platform that brings together companies from across the entire consumer goods value chain. Organized annually by CMPL Expo-Connect LLP, a company with proven expertise in curating high-quality industry events, the expo aims to deliver significant value to exhibitors and visitors alike by offering clearly structured thematic zones and a strong focus on current trends and innovations. The event takes place at the state-of-the-art Jio World Convention Centre (JWCC) in the Bandra Kurla Complex, Mumbai—one of India’s key business hubs. As a world-class venue, the JWCC provides ideal conditions for hosting a trade fair of this scale. With its strong emphasis on B2B networking, CMPL Expo serves as an efficient platform for business deals, strategic partnerships, and product showcases. At the heart of the exhibition are products and services from the fast-moving consumer goods segment, including food and beverages, personal care and hygiene products, household cleaners, cosmetics, dietary supplements, and plant-based or Ayurvedic solutions. Raw materials and packaging—across both food and non-food categories—also play a central role. The expo program is complemented by expert-led conferences offering practical insights, new product concepts, and successful case studies from the private label sector. A standout feature is the presence of international pavilions, with exhibitors from countries such as Italy, Korea, Vietnam, and Thailand. These provide a global perspective on industry developments and foster cross-border collaboration. Thanks to its thematic depth and clear specialization, CMPL Expo has become an essential meeting point for decision-makers in manufacturing, retail, and brand development across Asia."
BabyExpo,07. - 09. May 2027,Austria,Vienna,Wiener Stadthalle,www.babyexpo.at,"The BabyExpo is Vienna’s leading consumer fair for expectant parents and young families, held annually at the Wiener Stadthalle. Founded in 2001 and organised by bco GmbH, the event attracts thousands of visitors each year. As one of Austria’s largest venues, the Wiener Stadthalle provides an impressive setting, hosting a wide range of exhibitors and activities. As Europe’s first large-scale baby fair, the BabyExpo has grown into Austria’s premier event for young families. It takes place in two editions: a summer edition (BabyExpo Vienna) and a winter edition (BabyExpo Wiener Neustadt). The summer edition is held at the Wiener Stadthalle in Vienna, while the winter edition takes place in Wiener Neustadt. Both editions give expectant parents and young families the opportunity to explore the latest trends and products in the baby industry, receive expert advice, and enjoy a fun day out for the whole family. The two seasonal editions enable visitors to stay up to date throughout the year and discover new products and services showcased at each event. The fair focuses on the latest trends and innovations in the baby and toddler sector, helping parents and families choose the best products and services for their children. The offering covers not only every aspect of life with a baby, but also the needs of parents and families as they reorganise and reshape their lives in response to their new circumstances—whether in housing, mobility, shopping, leisure, health, and beyond. This includes both immediate needs and longer-term planning as families adapt to their new routines and lifestyles. In short, the BabyExpo at the Wiener Stadthalle is the ideal event for expectant parents and young families to discover the latest industry trends and products, gain valuable expert insights, and enjoy an engaging experience for all the family."
Iran food ingredients,10. - 13. May 2027,Iran,Tehran,Tehran International Exhibition Center,www.iran-agrofood.com/iran-food-ingredients/,"The trade fair Iran food ingredients is a highly specialised industry platform for food additives, raw materials and functional ingredients. Since its launch, it has established itself as a key meeting point for Iran’s food processing industry. As part of a broader exhibition network, it is aimed specifically at trade visitors seeking innovative solutions across the entire food production value chain. The event takes place at the Tehran International Exhibition Center, the country’s largest and most important exhibition venue. Held annually, the fair benefits from Tehran’s strategic role as Iran’s economic and industrial hub. It is organised by fairtrade Messe und Ausstellungs GmbH & Co. KG in close cooperation with its Iranian partner Palar Samaneh Co., with additional support from government bodies such as the ministries of agriculture and economic affairs. This international collaboration underpins the event’s dynamism and high quality standards. In terms of content, the exhibition covers a wide spectrum. Its core focus is on functional ingredients such as enzymes, vitamins, minerals and microbial cultures, alongside technical additives including emulsifiers, stabilisers, antioxidants and preservatives. The offering is complemented by specialised products such as flavourings, fragrances, plant extracts, fruit and vegetable concentrates, and semi-finished products for further processing. Niche segments, including fat replacers, propellants and innovative sweeteners, are also represented, providing a comprehensive overview of current industry developments and trends. A particular strength lies in its co-location with the leading trade fairs Iran agro, Iran food + hospitality and Iran food + bev tec. This combination creates strong synergies between agriculture, processing technology and the marketing of finished products, making the event a central hub for business deals and strategic partnerships. Exhibitors include companies from food chemistry, agribusiness, biotechnology, as well as the beverage and confectionery sectors. Visitors are predominantly industry professionals and decision-makers from production, procurement, research and development, and wholesale. The exhibition reflects the growing importance of the Iranian food market, driven by a young population, rising demand and increasing industrialisation. In addition to showcasing product innovations, it also facilitates knowledge transfer through expert discussions, presentations and networking formats, even though competitions and award ceremonies are not a primary focus. Finally, the event stands out not only for its content but also for its infrastructure. The Tehran International Exhibition Center offers modern exhibition halls, good transport links and close proximity to key economic institutions in the city. The venue is easily accessible by road as well as from the international airport, making the fair an attractive meeting point for both national and international stakeholders."
Iran agrofood,10. - 13. May 2027,Iran,Tehran,Tehran International Exhibition Center,www.iran-agrofood.com,"“ Iran agrofood ” is an internationally oriented trade fair covering the entire agrofood value chain. Established in 1994, it is now one of the leading industry platforms in the Middle East. The event takes place annually at the Tehran International Exhibition Center, securing its position as a fixture in the global trade fair calendar. The exhibition is organised by fairtrade Messe und Ausstellungs GmbH & Co. KG in cooperation with its Iranian partner, Palar Samaneh Co. This partnership creates a vital link between international exporters and the Iranian market. The event serves as a specialised B2B platform where companies can unlock business opportunities, prepare market entry strategies and develop technological partnerships. Its distinctive strength lies in its comprehensive scope, covering the entire process chain from primary production and industrial processing through to distribution and food service. The focus is on advanced solutions in agricultural engineering, including tractors, harvesting machinery, irrigation systems and greenhouse technologies. These are complemented by innovations in livestock breeding, poultry farming and aquaculture. The exhibition also showcases cutting-edge food and beverage processing technologies, such as automated systems for meat, dairy and bakery production, as well as filling and packaging solutions and quality assurance and food safety systems. In parallel, exhibitors from the ingredients sector present functional additives, flavourings and semi-finished products. The hospitality segment offers practical solutions for catering, hotels and large-scale kitchens, ranging from professional kitchen equipment to digital point-of-sale systems. Closely linked to Iran’s economic development, the exhibition is supported by government institutions, including the Ministries of Agriculture and Economic Affairs. As such, it plays a strategic role as a driver of innovation in the modernisation of the country’s agri-food industry. Key programme highlights include expert conferences, technology showcases and networking formats where current trends are discussed and business relationships are initiated. Exhibitors represent a broad spectrum of industries, from mechanical engineering, agricultural technology and chemicals to food production, packaging, logistics and catering equipment. The visitor profile is equally diverse, comprising decision-makers, procurement specialists, engineers and investors from agriculture, the food industry, trade and hospitality, all seeking innovative solutions and international partnerships. In summary, “Iran agrofood” is far more than a conventional trade fair. It serves as a central hub for knowledge, technology and business within Iran’s agrofood sector. The modern exhibition venue in Tehran offers robust infrastructure and excellent transport connections—both via the international airport and the city’s public transport network—ensuring efficient access for both international participants and local stakeholders."
HOFEX,10. - 12. May 2027,China,Hong Kong,Hong Kong Convention and Exhibition Centre,www.hofex.com,"HOFEX is one of Asia’s most prominent and long-established trade fairs for food, beverages, and the hospitality industry. Since its launch in 1988, it has taken place every two years at the Hong Kong Convention and Exhibition Centre—a modern venue located on Victoria Harbour, known for its impressive architecture and state-of-the-art facilities that provide an ideal setting for international exhibitions. The event is organized by Informa Markets, a global leader in trade shows and B2B events, with a portfolio of over 500 events across approximately 40 countries. Short for “Hospitality and Food Exhibition”, HOFEX is exclusively open to trade professionals. It serves as a central platform for hoteliers, restaurateurs, specialty retailers, investors, and key decision-makers in the food and hospitality sectors. The exhibition covers a broad range of topics aligned with current industry trends. Its core focus includes premium food and beverages—such as gourmet products, baked goods, confectionery, coffee, tea, wine, and spirits—as well as kitchen technology, packaging solutions, tableware, serviceware, and innovative hospitality technologies. Sustainable and digital solutions play a key role, particularly in addressing challenges like reducing plastic and food waste, enhancing automation, and adapting to shifting guest expectations. Looking ahead, HOFEX also supports the development of future talent in the hospitality sector. Expert forums and panel discussions present strategies for attracting and retaining Generation Z, including flexible work models and alternative career paths. Networking and knowledge-sharing are also key components of the event. The ProWine Hong Kong Wine Forum brings together international wine experts, while the Hong Kong International Culinary Classic features competitions such as the MEAT CHALLENGE, showcasing culinary excellence. HOFEX is evolving into a dynamic hub for innovation, business development, and knowledge exchange in the Asian food and hospitality industries. It is the ideal destination for those looking to stay ahead of industry trends, forge valuable connections, and gain fresh inspiration for the future."
SIAL China,18. - 20. May 2027,China,Shanghai,Shanghai New International Expo Center - SNIEC,www.sialchina.com,"Since its inception in 2000, SIAL China has been a leading international trade fair for food and beverages, held annually at the Shanghai New International Expo Center (SNIEC). The name SIAL stands for ""Salon International De L'Alimentation"", which translates to ""International Food Exhibition."" The fair is organized by Comexposium, a global operator of trade shows and conferences. The main themes of SIAL China cover a wide spectrum of the food and beverage industry, including baby food, organic and wellness products, dairy products, non-alcoholic and alcoholic beverages, meat, poultry, sausages, seafood, legumes, and grains. This diversity reflects the fair's central role as a platform for innovation and trends in the food industry. At SIAL China, food manufacturers, traders, importers, wholesalers, and retailers, as well as representatives of institutional and commercial gastronomy, present and discover the latest products and services. This makes the fair an important gateway to the Chinese market and a significant platform for international companies looking to engage in this dynamic environment. The fair is distinguished by its numerous competitions and award ceremonies, which honor outstanding innovations in the food and beverage industry. Highlights include the SIAL Innovation Competition, the SIAL Chic and Tea Contest, and the SIAL Cup Barista Challenge. These events promote quality and innovation and serve as a platform for the exchange between professionals and companies. SIAL China is part of a global series of SIAL fairs held in various international cities and plays a key role in the global food industry. Exhibitors and visitors come from various sectors, including food production, gastronomy, and trade. The Shanghai New International Expo Center, the venue for SIAL China, is centrally located and easily accessible. It offers modern facilities and excellent infrastructure, making it ideal for events of this magnitude and significance. The easy accessibility of the SNIEC further contributes to the fair's attractiveness, both for local and international participants."
Vitafoods Europe,18. - 20. May 2027,Spain,Barcelona,Fira Barcelona Gran Via,www.vitafoods.eu.com,"Vitafoods Europe is the leading international trade fair for the nutraceutical industry and has been held annually since its inception in 1997. The name ""Vitafoods"" is derived from the words ""vitality"" and ""food"" reflecting the event’s core mission: to promote health and well-being through functional foods, dietary supplements, and innovative ingredients. The event is organized by Informa Markets, a division of Informa PLC, a global provider of trade shows and knowledge platforms. The fair is distinguished by its holistic focus on the entire value chain of the industry—from the development of bioactive raw materials and manufacturing to packaging, regulatory considerations, and market-ready products. Industry professionals gain insights into current trends, access to in-depth expertise, and opportunities to connect with a global network spanning science, industry, and commerce. Each year, Vitafoods Europe highlights trending topics such as personalized nutrition, cognitive health, and sustainable product solutions. Additional themes like women's health, the gut microbiome, sports nutrition, and functional pet food are showcased in practical formats including expert panels, live demonstrations, and tastings. Notable highlights include the Nutraceuticals Showcase Theatre featuring interactive presentations, and the Startup Challenge , which provides a platform for innovative new ventures. The Innovation Awards recognize outstanding achievements and help drive momentum within the industry. The event attracts professionals from across the health, food, pharmaceutical, and cosmetics sectors—from raw material suppliers and product developers to brand owners and retailers. As part of the global Vitafoods event series, which includes editions in India and Asia, Vitafoods Europe plays a pivotal role in the international exchange of health innovation. Combining knowledge sharing, innovation promotion, and international networking, Vitafoods Europe is an essential event for anyone looking to shape the future of health."
Fispal Food Service,18. - 21. May 2027,Brazil,Sao Paulo,Centro de Convenções - Distrito Anhembi,www.fispalfoodservice.com.br,"Fispal Food Service is Latin America's leading trade fair for the food service and hospitality industry, held annually in São Paulo, Brazil. Since its inception, it has established itself as a key platform for professionals seeking insights into the latest trends in the food and beverage sector. Organized by Informa Markets, a globally active trade fair company with extensive experience in industry events, the fair benefits greatly from this expertise, which ensures a high level of professionalism and international reach. Exclusively open to trade visitors, the event offers a specialized platform for professionals from restaurants, fast-food chains, bakeries, cafés, supermarkets, catering services, and institutional kitchens. Both start-ups and established companies showcase a wide range of products and services, including kitchen equipment, furnishings and décor, packaging solutions, professional cleaning technologies, as well as food and beverages. A key focus of the event is on digital transformation, sustainability, technological innovation in the FoodTech sector, and ESG (Environmental, Social, and Governance) initiatives. These themes address the industry's most pressing challenges and future priorities. Visitors can expect a diverse program featuring workshops, expert lectures, masterclasses, and tastings, all designed to provide hands-on knowledge and support ongoing professional development. The offering is further enhanced by a structured matchmaking program and dedicated networking lounges to facilitate targeted business connections. The event takes place at the modern and well-equipped Distrito Anhembi exhibition center—one of the largest venues in Latin America—offering ideal conditions for a professional trade fair experience. Running concurrently is Fispal Sorvetes, a specialized trade show focused on ice cream and desserts, which offers additional insights into this rapidly growing market segment. With its consistent focus on sustainability, innovation, and forward-looking topics, Fispal Food Service is more than a showcase for new products. It is a valuable, practice-oriented platform for professionals who are shaping the future of the food service industry."
IFIA Japan,19. - 21. May 2027,Japan,Tokyo,Tokyo Big Sight,www.ifiajapan.com,"The IFIA Japan – International Food Ingredients & Additives Exhibition – is a highly specialized trade fair held annually, focusing on ingredients, additives, and functional foods. Since its inception in 1996, it has established itself as one of the leading platforms in the Asian food industry. The event takes place at Tokyo Big Sight, Japan’s largest exhibition and convention center, located on the artificial island of Odaiba in central Tokyo. Its modern infrastructure and excellent transport connections make it a major attraction for industry professionals each year. Organized by Food Chemical Newspaper Inc., a leading Japanese media company specializing in news, research, and development in food chemistry, the exhibition benefits from deep industry expertise. The organizer provides a platform that fosters targeted exchange between science, business, and innovation. The fair centers on forward-looking topics that address current global challenges in the food sector. Key areas of focus include functional foods that support health and healthy aging, as well as emerging technologies in precision nutrition that enable personalized dietary solutions. Plant-based alternatives and proteins also play a significant role, meeting the growing demand for sustainable nutrition. Another core theme is food safety and quality. The exhibition addresses international standards for harmonizing food additives, along with modern hygiene concepts, particularly in meat processing. It also provides a forum for the latest research on omega-3 fatty acids and their versatile applications in food products. Visitors can expect a wide range of products and services, from natural and organic ingredients to dietary supplements and innovative food production techniques. This is complemented by a sophisticated conference program that highlights the latest scientific findings and technological advancements. IFIA Japan is thus an essential platform for professionals seeking high-quality ingredients, expert knowledge, and future-ready solutions in a dynamic, globally connected food industry."
HFE Japan,19. - 21. May 2027,Japan,Tokyo,Tokyo Big Sight,www.ifiajapan.com,"The HFE JAPAN – Health Food Exposition & Conference – is one of Japan’s leading trade fairs for health-promoting foods, dietary supplements, and functional ingredients. Since its launch in 2001, it has become a key meeting point for industry professionals seeking insights into the latest innovations, scientific research, and market trends in the health and nutrition sectors. Held annually at Tokyo Big Sight – a striking, modern exhibition center in the heart of the Japanese capital – the event draws a highly specialized audience. Japan is known for having one of the highest life expectancies in the world. Particularly notable is the island of Okinawa, home to many centenarians. This phenomenon is often attributed to the Japanese lifestyle, diet, social structure, and healthcare system. The exhibition reflects these themes, focusing on functional foods, natural ingredients, and evidence-based dietary supplements that contribute to the long and healthy lives of many Japanese people. HFE JAPAN is organized by Food Chemical Newspaper Inc., a leading trade publisher specializing in food chemistry and health-related industries, recognized for its in-depth sector knowledge and extensive professional network. Attendance is restricted to industry professionals, reinforcing the event’s high-level focus and attracting decision-makers, experts, and innovation leaders. At the core of the event are health foods, dietary supplements, functional and organic products, as well as diet and beauty solutions. The exhibition also covers technologies for quality assurance, packaging, and analysis. Alongside products such as vitamins, minerals, amino acids, and herbal extracts, the fair addresses regulatory standards, certification processes, and international research developments. A key benefit of the event is its concurrent scheduling with IFIA JAPAN – the International Food Ingredients & Additives Exhibition and Conference. This close coordination creates synergies between functional ingredients and food additives, enabling a broader and more dynamic professional exchange. International manufacturers, suppliers, research institutions, and trading companies showcase innovative products, forward-looking solutions, and market-relevant services. Expert presentations and networking events provide further opportunities for strategic partnerships and new business ventures. More than just a trade fair, HFE JAPAN is a specialized platform for knowledge and commerce, designed for those shaping the future of healthy nutrition."
PharmaTECH Kazakhstan,19. - 21. May 2027,Kazakhstan,Almaty,Atakent International Exhibition Centre,pharmatechexpo.kz,"The "" PharmaTECH Kazakhstan "" is a key event for professionals in the pharmaceutical industry, held annually at the Atakent International Exhibition Centre in Almaty. Organized by Iteca, the fair covers a wide range of topics, including production equipment, laboratory technologies, packaging systems, and much more. The aim of the fair is to create a platform that showcases innovations, imparts expertise, and fosters business opportunities in the pharmaceutical industry. The focus is on the latest technologies and services that span the entire pharmaceutical production process, from raw material procurement to the finished product. This includes cleanroom technologies, water treatment equipment, and services for clinical studies. Additional topics presented include pharmaceutical substances, excipients, the registration of pharmaceuticals, transportation, storage, and customs services, as well as areas of nutrition, homeopathy, dietary supplements, cosmetology and hygiene, products for mothers and babies, and veterinary medicine. The fair serves as a unique platform for presenting products and services specifically tailored to the needs of pharmaceutical companies. Exhibitors include industry leaders in drug manufacturing, packaging design, and medical research. Visitors can learn about integrated solutions ranging from laboratory equipment to logistics services. The strategic significance of Almaty as a growing economic center in Central Asia highlights the relevance of PharmaTECH Kazakhstan. It serves not only as a meeting point for local and international professionals but also as a catalyst for the advancement of the pharmaceutical industry in the region. Another highlight is the numerous workshops and seminars that offer practical insights into current market trends and future challenges in the industry. The main attendees are professionals from all sectors of the pharmaceutical industry, from developers and manufacturers to distributors and service providers. In summary, the venue's modern infrastructure and accessibility provide ideal conditions for such a large-scale event. The connection to public transport and proximity to major transport arteries make the Atakent International Exhibition Centre an ideal location for exhibitors and visitors from around the world."
InterFood Azerbaijan,19. - 22. May 2027,Azerbaijan,Baku,Baku Expo Centre,interfood.az,"InterFood Azerbaijan is an annual trade fair that has established itself as a key platform for the food and beverage industry in the South Caucasus. Serving as an industry meeting point, innovation forum, and international marketplace, it brings together manufacturers, distributors, technology providers, and decision-makers to showcase the latest trends, products, and solutions in the sector. The name “InterFood” symbolizes the international scope of the event and its comprehensive coverage of the entire value chain—from raw material sourcing and advanced processing technologies to packaging and marketing. The venue for the event is the modern Baku Expo Exhibition and Convention Center, located in the Azerbaijani capital of Baku. The exhibition center is distinguished by its high-quality infrastructure, convenient transport connections, and proximity to Heydar Aliyev International Airport. The trade fair is organized by Caspian Event Organisers LLC, a leading company in the region specializing in trade fairs and business events. This ensures the event is executed professionally and at a high standard. The exhibition covers a wide range of topics and is structured into four main focus areas: traditional food products such as meat and dairy, confectionery and gourmet foods, non-alcoholic and alcoholic beverages, technologies for processing and packaging, and Halal-certified products. As such, InterFood Azerbaijan provides a comprehensive overview of current developments—from traditional craftsmanship to cutting-edge innovations. A particular highlight of the fair is the annual “Gızıl Şah” National Culinary Championship , an international cooking competition featuring over 200 participants from around the globe. Entries are judged by a distinguished panel of experts. The event is further enriched by targeted B2B meetings, practical workshops, and professional seminars where industry specialists discuss technological advancements, market trends, and sector-specific challenges. Exhibitors represent a wide range of sectors—from agricultural production and food processing to packaging and logistics services. The professional audience primarily consists of representatives from wholesale and retail, the hospitality sector, import and export businesses, distribution, and governmental institutions. This makes the fair an efficient hub for both national and international business development. The Baku Expo Center is located in the Hovsan district, approximately 20 kilometers from the international airport, and is easily accessible via metro, bus, or taxi. In this way, InterFood Azerbaijan offers not only valuable content but also ideal logistical conditions for international business development and industry-specific networking in the heart of the South Caucasus."
IFEX Philippines,20. - 22. May 2027,Philippines,Pasay,World Trade Center Metro Manila,www.ifexconnect.com/ifexphilippines,"The IFEX Philippines is an annual trade fair for Philippine and Asian food products and services, held at the World Trade Center Metro Manila in Pasay, Philippines. The goal of this event is to showcase the rich gastronomic tradition of the region and to establish connections between local producers and the global market. The fair presents thousands of food items, beverages, and spices from Manila and across the Philippines. It allows exhibitors to introduce their products to an international audience and to build direct business relationships. Visitors have the opportunity to enjoy a sensory experience by discovering a variety of flavors and interacting directly with vendors. A key feature of the IFEX Philippines is its role as a showcase for new ideas and trends in the food sector. Numerous international exhibitors use the fair to introduce their latest products and explore new business opportunities. It serves as an ideal platform for professionals to stay informed about current trends, forge partnerships, and connect with experienced manufacturers and suppliers. The World Trade Center Metro Manila, the venue for the event, offers a modern and accessible location for this international gathering. It is situated in the heart of the Manila metropolitan area and is equipped with extensive facilities designed specifically for large events. In summary, the IFEX Philippines is not only a trading platform and a place for exchanging expertise but also a cultural showcase that highlights the diversity and richness of Philippine and Asian cuisine."
BIOFACH CHINA,25. - 27. May 2027,China,Shanghai,Shanghai New International Expo Center - SNIEC,www.biofachchina.com,"Biofach China is the leading trade fair for organic food and sustainable products in China and ranks among the most important industry events in Asia. Since its inception in 2007, it has established itself as a platform for quality, innovation, and sustainability. Every year, the Shanghai New International Expo Centre (SNIEC) opens its doors to trade visitors from around the globe who come to the heart of Shanghai to explore the latest developments in the organic sector. The event is organized by NürnbergMesse China Co., Ltd., a subsidiary of the globally active NürnbergMesse Group, which hosts trade fairs worldwide with a strong focus on sustainability. Biofach China is considered the most important Asian branch of the international Biofach family, which includes events in Germany, India, South America, and Saudi Arabia. The trade fair focuses on organic food and beverages, natural cosmetics, eco-friendly non-food products, and sustainable technologies. Its offerings include fresh organic produce such as fruits, vegetables, meat, and dairy products, as well as frozen foods, gourmet items, plant-based alternatives, snacks, confectionery, and beverages—from juices to organic wine. The product range is complemented by natural cosmetics, ecological cleaning products, sustainable textiles, household goods, and technical solutions for processing, packaging, and logistics. A key feature of Biofach China is its role as a hub connecting international manufacturers, Chinese trading partners, and a growing number of environmentally conscious consumers. This exchange takes place not only at the exhibition booths but also through a comprehensive supporting program. Conferences, workshops, and seminars provide a platform for dialogue on regulatory updates, innovative packaging solutions, and trends in regenerative agriculture. Exhibitors primarily come from the fields of food production, agriculture, natural cosmetics, packaging and processing technology, as well as service sectors such as certification and research. Visitors include specialized retailers, restaurateurs, importers, buyers from major retail chains, journalists, and institutional representatives—from both China and abroad. With its dedicated focus on the Chinese market and integration into a global trade fair network, Biofach China serves as a key meeting point for all stakeholders involved in shaping the organic market in Asia. SNIEC, one of Asia’s most modern exhibition venues, is conveniently located in the economically dynamic Pudong District of Shanghai. It is easily accessible via Pudong International Airport, public transportation, and numerous hotels in the immediate vicinity."
NATURAL EXPO CHINA,25. - 27. May 2027,China,Shanghai,Shanghai New International Expo Center - SNIEC,www.biofachchina.com/en,"The ""NATURAL EXPO CHINA"", an international trade fair and conference for natural products, was first launched in 2019 and has since been held annually at the Shanghai New International Expo Centre (SNIEC) in Shanghai. The fair has quickly established itself as a crucial meeting point for experts in the natural products industry and attracts visitors from various sectors. The event is organized by NürnbergMesse China Co., Ltd., a globally recognized trade fair organizer with extensive experience in managing international trade fairs. NATURAL EXPO CHINA serves as a platform for information exchange and communication, focusing on the Chinese market. Its role in the economic development of the region is of great importance. The fair showcases a wide range of topics such as natural foods and beverages, natural textiles and fibers, natural cosmetics, wellness products, ecological cleaning products, household goods, and pet products. This diversity of topics emphasizes the fair's importance as a showcase for sustainable and environmentally friendly products. The event offers a unique opportunity to discover new products, connect with industry leaders, and gain insights into the latest trends and innovations. It attracts numerous visitors, including wholesalers and retailers, importers and exporters, representatives of major supermarket chains and shopping centers, entrepreneurs, manufacturers, direct sellers, and professionals from e-commerce, hospitality, and the media industry. Moreover, the fair features an extensive conference program with international speakers, panel discussions, and workshops addressing current topics and challenges in the organic and natural sectors. These elements make NATURAL EXPO CHINA more than just a fair; it is a forum for knowledge transfer and innovation. The SNIEC as a venue provides ideal conditions for an event of this size with its modern facilities and good accessibility. Located in a dynamic city, it is easily accessible to both local and international visitors. Choosing Shanghai as the location underscores China's growing importance as a central hub in the global trade of natural products and highlights the strategic position of the fair in this emerging region."
Thaifex Anuga Asia,25. - 29. May 2027,Thailand,Nonthaburi,IMPACT Exhibition Center,thaifex-anuga.com,"The Thaifex Anuga Asia is an international trade fair for food, beverages, catering, food technology, and hotel and restaurant supplies. It is organized by Koelnmesse Co., Ltd. and held annually at the IMPACT Exhibition Center in Nonthaburi. The fair has established itself as a central meeting point for the food and beverage industry in Asia, reflecting the dynamic development of this sector. The name ""Anuga"" originates from ""Allgemeine Nahrungs- und Genussmittel-Ausstellung"" (General Food and Beverage Exhibition) held in Germany, emphasizing the international significance of this fair. Thaifex Anuga Asia focuses on a wide range of areas, including coffee and tea, various beverages, fine food, food service, food technology, frozen food, fruits and vegetables, meat, rice, seafood, and confectionery. The fair also showcases current trends such as alternative meat proteins, franchise models, functional foods, Halal products, organic goods, plant-based proteins, and sustainable production methods. The fair is particularly known for its innovative special zones, such as the Future Food Market, Halal Market, and Organic Market, which highlight specialized products. It attracts professionals from hotels, restaurants, supermarkets, food manufacturing, and many other sectors who are looking to discover new products, further their education, and establish business contacts. Highlights of Thaifex Anuga Asia include numerous competitions and workshops that enrich the program and offer valuable insights and networking opportunities to participants. The IMPACT Exhibition Center as the venue boasts modern infrastructure and, due to its proximity to Bangkok, is easily accessible, making it an ideal location for international events. Overall, Thaifex Anuga Asia plays a crucial role in promoting exchange and the development of the food industry, both in Thailand and on an international level."
Food 4 Future – Expo FoodTech,26. - 27. May 2027,Spain,Barakaldo,BEC Bilbao Exhibition Center,www.expofoodtech.com,"Food 4 Future – Expo FoodTech is a trade fair dedicated to innovation in the food and beverage industry. Since its debut in 2021, it has brought together international decision-makers, thought leaders, startups, and technology pioneers each year at the Bilbao Exhibition Centre (BEC) in Barakaldo, near Bilbao. The name ""Food 4 Future"" symbolizes the fair’s core mission: promoting forward-thinking solutions across the entire food value chain with a focus on technological progress, sustainability, and economic viability. The event is organized by NEBEXT (Next Business Exhibitions), an experienced host of future-focused B2B events. Food 4 Future stands out for the depth of its thematic focus. It addresses current challenges and opportunities in modern food systems—from alternative protein sources such as plant-based meat, algae, and insects to AI-driven production, smart packaging, and carbon-neutral supply chains. It showcases how automated and digitalized food production is becoming a reality, and how technologies like blockchain, biotechnology, and personalized nutrition are enhancing consumer safety and health. A key component of the event is its comprehensive conference program. The Food 4 Future World Summit brings together more than 450 international experts from science, industry, and policy. Across a wide range of presentations and discussion formats, topics include smart manufacturing, regenerative food systems, and disruptive business models. A particular highlight is the FoodTech Startup Forum, which gives emerging companies a platform to present their groundbreaking ideas—often in direct proximity to potential investors, especially through the FoodTech Investment Forum. Additional program elements include the Packaging 4.0 Congress, guided technology tours, and targeted networking opportunities. The trade fair attracts a diverse professional audience, including food producers, agricultural and aquaculture companies, as well as providers in packaging, logistics, and technology. Retailers, investors, and policy makers are also represented. Experts from R&D, executive management, procurement, production, and quality assurance gain valuable insights for strategic partnerships and future innovations. With its clear positioning as a platform for future-oriented food technologies, Food 4 Future – Expo FoodTech has established itself as a showcase for the industry and a driving force for sustainable transformation in Europe. The choice of venue is deliberate: the BEC is one of Spain’s most advanced exhibition centers, offering excellent connections to the airport, highway network, and public transport. It is located near the dynamic city of Bilbao, itself a symbol of successful structural change and technological innovation."
Fi Africa,01. - 03. June 2027,Egypt,Cairo,Egypt International Exhibition Center,www.figlobal.com/africa/en/home.html,"The ""Fi Food Ingredients Africa"", abbreviated as Fi Africa, is a renowned international trade fair specializing in food additives. It takes place annually at the IECC (Egypt International Exhibition Center) in Cairo and distinguishes itself by its ability to bring together buyers from regional and global markets with international suppliers of food and beverage additives. The event is organized by Informa Markets, a leading company in the field of event organization. Informa Markets is known for its expertise in creating interactive and innovative platforms for various industries, with Fi Africa being a highlight in the food and beverage industry. A key focus of the trade fair is the presentation of the latest and most innovative products in the field of food additives. Exhibitors have the opportunity to showcase their products and services to a qualified audience of decision-makers, making Fi Africa a central hub for innovation and business development. The trade fair covers a wide range of topics, including natural ingredients, preservatives, flavors, enzymes, and much more. The spectrum of products presented at the trade fair ranges from food additives and ingredients to food processing technologies and packaging solutions, among others. In addition to the exhibition, Fi Africa offers various networking opportunities, expert lectures, and discussion panels where industry experts share their knowledge and insights. These interactive elements establish the trade fair as an essential platform for those involved in research and development, production, marketing, or distribution of food additives. Fi Africa is part of a global network of Fi trade fairs, which includes locations in Europe, America, and other parts of Asia. Finally, it is worth noting that the IECC in Cairo boasts modern facilities and good access to public transportation. Cairo itself, as a vibrant metropolis and a significant economic center, offers numerous attractions as well as a diverse range of dining and entertainment options, making the trade fair visit a special experience."
Food & Beverage West Africa,08. - 10. June 2027,Nigeria,Lagos,Landmark Centre,fab-westafrica.com,"The ""Food and Beverage (FAB) West Africa"" is a leading trade fair for food and beverages in West Africa, held annually at the Landmark Centre in Lagos. It not only offers a wide range of products and services from sectors such as FMCG, confectionery, beverages, kitchen and retail equipment, ingredients, machinery, packaging, dairy, rice, legumes, cereals, and frozen food, but also serves as a platform for interaction between international and local companies and a professional audience, including importers, distributors, retailers, and representatives from the hospitality industry. The organizer, BtoB Events Ltd., aims to bridge the gap between international brands and the local market. This makes the fair a key player in strengthening the regional food and beverage industry. Due to its location in Lagos, a major economic hub of West Africa, the fair has a strong local relevance and contributes to the economic development of the city and the country. The visitors mainly include traders, distribution partners, providers of commercial kitchen and food services, and gastronomes. The fair is distinguished by a variety of highlights, including the introduction of new products and trends, competitions, and the awarding of prizes that emphasize the innovation and quality of the exhibited products. The Landmark Centre, as the venue, offers excellent infrastructure and is easily accessible, making it an ideal location for this significant event. Overall, FAB West Africa provides a unique opportunity to gain insights into the food and beverage industry in West Africa and to establish important business relationships."
Drink Tech Expo Poland,08. - 10. June 2027,Poland,Nadarzyn,PTAK Warsaw Expo,drinktechexpopoland.com/en,"Drink Tech Expo Poland in Nadarzyn is the country’s leading trade fair for beverage and liquid food production technologies. It serves as a key platform for innovation, investment and industrial advancement. As a trade-only event, it is specifically geared towards decision-makers, production managers, process technologists and product developers pursuing concrete investment or modernisation projects. The event is organised by Ptak Warsaw Expo Sp. z o. o., one of Central and Eastern Europe’s leading exhibition organisers. It takes place at the modern PTAK Warsaw Expo exhibition centre in Nadarzyn, near Warsaw. Its location in the economically strong Warsaw metropolitan area underlines the event’s national and international significance: Poland is one of Europe’s most dynamic production hubs for beverages and food, acting as a vital link between Western and Eastern European markets. The exhibition covers the entire value chain for liquid food production – from raw material processing and mixing technologies through filling and pasteurisation systems to packaging, capping and dosing solutions. Exhibits include technologies for soft drinks such as water, juices and functional beverages, as well as equipment for beer, wine, spirits and ready-to-drink products. The scope is further extended to solutions for soups, broths, sauces, edible oils, liquid fats, infant and medical liquid nutrition, protein shakes, sports drinks, coffee and tea specialities, and energy and isotonic beverages. A particular focus is placed on functional ingredients, additives and innovative formulation components for liquid applications, alongside water treatment and process water management systems – critical to product quality, sustainability and cost efficiency. A central feature of the event is the co-located Liquid Food & Beverage Congress. As a high-level industry forum, it addresses technological innovation, automation, digitalisation, energy efficiency and sustainable production concepts. Manufacturers, suppliers, research institutions and industry experts come together for targeted knowledge transfer and professional exchange. The combination of exhibition and specialist congress positions Drink Tech Expo Poland as a practice-oriented information and investment platform. Exhibitors represent the machinery and plant engineering sector, packaging technology, process and automation engineering, water and environmental technology, ingredients and raw materials, as well as quality control, laboratory and hygiene technology. Visitors include beverage producers, dairies, liquid food manufacturers, breweries, distilleries, private label manufacturers, contract packers, investors and senior procurement professionals from across the food industry. The result is a clearly structured B2B environment with a strong focus on business outcomes. PTAK Warsaw Expo is one of the largest exhibition and congress centres in Central Europe, offering modern halls, extensive exhibition space and robust infrastructure. Nadarzyn benefits from excellent road connections around Warsaw, with Warsaw Chopin International Airport and the city centre within easy reach. Drink Tech Expo Poland combines technological innovation with a professional exhibition setting, making it a key meeting point for shaping the future of beverage and liquid food production."
Warsaw FOOD Expo,08. - 10. June 2027,Poland,Nadarzyn,PTAK Warsaw Expo,warsawfoodexpo.pl,"The Warsaw FOOD Expo is a significant international food fair and one of the most important industry events in Poland. It is held annually at the renowned Ptak Warsaw Expo in Nadarzyn , known for its modern infrastructure and accessibility. Serving as a platform for exchange among food manufacturers, traders, restaurateurs, café owners, hotel representatives, catering company owners, and many other professionals from the food industry, the fair promotes business and networking. The abbreviation ""FOOD"" in the fair's name signifies a focus on food as well as related products and services. The main topics of the fair cover a wide range: from traditional and premium foods to organic and VEGE products, and on to modern production technologies and convenience food, including ready-to-eat, ready-to-heat, and ready-to-cook products. New areas such as WELLFOOD, VEGE, CONVENIENCE, and ORGANIC reflect current trends and developments in the food industry. In addition to functioning as a trading platform, the fair offers a rich program of conferences, seminars, and workshops. These provide opportunities to discuss current issues such as food safety, the popularity of plant-based products, the export of Polish food, and new trends in food packaging. A wide range of exhibitors from various sectors, including food manufacturers, beverage producers, dietary supplement manufacturers, culinary bloggers, influencers, and manufacturers of equipment for the food industry, are drawn to the fair. It serves as a vital interface between professionals from the food industry, gastronomes, retail representatives, importers, and traders. The Warsaw FOOD Expo emphasizes its close connection to the city and the country by showcasing the Polish food industry and promoting the export of Polish products. In conclusion, the venue Ptak Warsaw Expo in Nadarzyn stands out for its modern facilities and good accessibility, making it an ideal location for an international fair of this magnitude."
BIOFACH AMERICA LATINA,09. - 12. June 2027,Brazil,Sao Paulo,Centro de Convenções - Distrito Anhembi,biobrazilfair.com.br,"Awareness of healthy and organic food is driving the structured food trade in Latin America, which represents the world's third-largest region for organic products. At the forefront is Biofach America Latina, held in conjunction with Bio Brazil Fair and Naturaltech at the Anhembi Exhibition Center in Sao Paulo. This event opens its doors to all actors in Brazil's organic movement interested in exploring new distribution channels. Biofach America Latina, an established trade fair, showcases high-quality organic products from around the world. Its name, a combination of ""Organic"" and ""Trade Fair"", emphasizes its focus on sustainable and organic products. It is organized annually by Francal Feiras Empreendimentos LTDA. The main event at the Anhembi Exhibition Center focuses on presenting and promoting organic products. The range includes organic grains, herbs, spices, rice, honey, sugar, syrup, and exclusive organic coffee, tea, juices, and cocoa. The selection is further enhanced by organic fresh and dried foods, fruits and vegetables, cotton products, as well as essential and Ayurvedic oils. Natural cosmetics and other organic items are also part of the offering, accompanied by a variety of services and consulting options in the organic sector. BioFach America Latina reflects the growing importance of the organic sector in Latin America and emphasizes the region's pivotal role in the global organic industry. Highlights of the fair include product presentations, a diverse conference program, and B2B meetings between buyers and sellers. Exhibitors from various sectors of the organic, natural, and agricultural industries attract trade visitors from purchasing, retail, import, and gastronomy. Notably, BioFach America Latina is part of a global series of BioFach fairs held in countries like Germany, the USA, China, Japan, Thailand, Brazil, and Saudi Arabia. The BioFach in Germany is considered the annual main event of the series. A special highlight is the Biofach America Latina Award, presented in categories such as food, beverages, and innovations. These awards underscore the diversity and innovative strength of the organic sector and provide a platform for presenting and recognizing the latest achievements. In conclusion, the Anhembi Exhibition Center in Sao Paulo stands out for its significance as a trade fair center and its excellent accessibility. It offers outstanding facilities for exhibitors and visitors, symbolizing Latin America's commitment to the burgeoning organic industry. Thus, this fair is the ideal place for networking, education, and business dealings in the organic food and product sector."
Food Matters Live,16. - 17. June 2027,United Kingdom of Great Britain and Northern Ireland,London,Olympia,foodmatterslive.com,"Food Matters Live London is an international B2B trade event dedicated to innovation across the food, beverage, nutrition and nutraceutical industries. It showcases the latest developments, emerging technologies and innovative solutions shaping the future of food, nutrition and health. Aimed primarily at industry professionals, the event provides a platform for knowledge exchange, product development and building new business relationships. Food Matters Live London takes place at Olympia London, one of the capital’s long-established exhibition and event venues. Organised by Food Matters Live Ltd., the event is held annually, typically over two days in June. In addition to London, Food Matters Live also takes place in Rotterdam. The event focuses on the intersection of food innovation, health, nutrition, consumer trends and product development. Key areas include Food & Consumer Trends, Positive Nutrition and Functional Food, innovative ingredients and New Product Development (NPD), taste, colour and sensory science, as well as emerging technologies for research and development. Particular attention is given to metabolic health, gut health and the microbiome, dietary fibre, personalised nutrition, women’s health, sustainable ingredients and the use of artificial intelligence in new food product development. A central theme is how companies can create products that successfully balance health, sustainability, taste, convenience and competitive pricing. Exhibitors showcase innovative ingredients, functional foods and beverages, flavours, natural and functional colours, and solutions for texture and formulation. Other areas include prebiotics and probiotics, dietary fibre, botanical ingredients, algae, functional dairy products and a range of bioactive compounds. The exhibition also features technologies and services supporting product development, research, quality assurance, manufacturing and commercialisation. It is therefore particularly relevant to companies looking to develop new formulations, optimise existing products or translate emerging consumer and nutrition trends into commercially viable products. A key feature of the event is “Tastes of Better”, where international ingredient suppliers present new ingredients, applications and product concepts. Tastings and practical demonstrations give industry visitors the opportunity to experience new flavours, textures, colours and formulations first-hand and discuss them directly with the development teams behind them. Roundtables and masterclasses complement the programme, providing further opportunities for industry exchange and knowledge sharing. “NutraConnect” adds a dedicated area focused on nutraceuticals and health ingredients. Key topics include prebiotics, probiotics, dietary fibre, botanical ingredients, functional dairy, algae and novel bioactive compounds. Masterclasses and “Meet the Buyer” sessions are designed to connect suppliers directly with product developers and buyers. The Private Label Pavilion provides an additional focus on private-label products, new product concepts, formulations, manufacturing capabilities and market-ready solutions addressing current health, consumer and market trends. Exhibitors are drawn primarily from the food and beverage industry, the ingredients and raw materials sector, nutraceuticals and supplements, food technology, research and development, private-label manufacturing and specialist service providers. Food Matters Live is aimed particularly at product developers and NPD teams, R&D specialists, nutrition and innovation professionals, buyers, quality professionals and decision-makers from food, beverage and nutraceutical companies. Its strong B2B focus clearly distinguishes the event from consumer-facing exhibitions. Olympia London further reinforces the international character of Food Matters Live. The historic exhibition venue in West Kensington is one of London’s best-known event locations and is easily accessible by public transport, particularly via Kensington (Olympia) station. Food Matters Live therefore combines an international platform for food innovation with the advantages of London as one of Europe’s leading business and exhibition centres."
WHX World Health Expo,16. - 18. June 2027,USA,Miami Beach,Miami Beach Convention Center,www.worldhealthexpo.com/events/events,"WHX World Health Expo has been a key industry event for the healthcare and medical technology sectors in North and Latin America since its inception in 1991. The acronym WHX stands for ""World Health Expo"", highlighting the international scope of this trade fair, which serves as a specialized platform for innovation, professional exchange, and business development in the healthcare sector. Organized by Informa Markets—a global company with extensive experience in hosting leading trade events—the expo takes place at the Miami Beach Convention Center in the heart of Miami Beach, Florida. This modern venue offers excellent transport connections and a wide range of leisure options nearby. The WHX World Health Expo provides a comprehensive overview of the medical value chain and is exclusively open to industry professionals. It showcases key areas of healthcare, including medical technology, diagnostic imaging, pharmaceuticals, nutrition, laboratory equipment, digital health solutions, infrastructure planning, orthopedics, and patient care. Exhibitors include manufacturers of high-quality medical devices, providers of innovative IT systems, nursing facilities, hospitals, pharmacies, rehabilitation and diagnostic centers, as well as start-ups from the health sector. With its strong focus on market-ready innovations and practical applications, the WHX World Health Expo stands out from other industry events. Features such as the Business & Innovation Health Hub and the Xcelerate area offer insights into the future of healthcare delivery. The program is further enhanced by the VIP Buyer Program, which fosters direct engagement between decision-makers and suppliers—underscoring the expo’s strong business orientation. More than just part of a global trade show portfolio, the WHX World Health Expo is a tailored event for the Americas, emphasizing Miami’s unique position as a bridge between North and South America. The city benefits significantly from the international relevance of the expo—both economically and in terms of its reputation as a leading healthcare hub. Miami Beach, with its vibrant atmosphere and state-of-the-art convention center, provides an ideal setting for the event. Its convenient accessibility, proximity to hotels and restaurants, and overall high quality of stay make the WHX World Health Expo more than just a trade fair—it is an essential forum for innovation, exchange, and networking in global healthcare."
Kazakhstan International Bakery Show,16. - 18. June 2027,Kazakhstan,Astana,IEC EXPO International Exhibition Center,kazakhstanbakeryshow.com/en,"The Kazakhstan International Bakery Show is the only specialized trade fair in Central Asia dedicated entirely to the bakery and confectionery industry. It serves as an indispensable platform for professionals, companies, and investors who wish to stay informed about current developments and emerging trends. The event is organized every two years by the renowned company United Expo, LLC at the IEC EXPO International Exhibition Center in Astana – Kazakhstan’s economic and political hub. KIBS offers comprehensive insights into the latest international developments as well as the specific dynamics of the Kazakh market. It contributes to the modernization of the sector and fosters international networking between producers, suppliers, technology providers, and service companies. The fair covers all key aspects of the bakery industry, ranging from production technologies, raw materials, and ingredients to automation, franchising, and packaging solutions. The exhibition is further enriched by presentations on food additives, accessories, bakery and confectionery tools, commercial equipment, and industry-related services. In addition to product displays, visitors can benefit from an extensive professional program featuring conferences, training sessions, live demonstrations, and masterclasses where the latest technologies are showcased in practice. The range of exhibits includes fully automated production lines, dough processing machines, ovens, cooling and storage technologies, and ingredients for specialty products such as gluten-free, vegan, or sugar-free baked goods. The portfolio also features packaging design, enterprise software solutions (ERP, MES, CRM), IoT-based quality control systems, and complete business concepts for bakeries, pastry shops, and cafés. KIBS is tailored to the specific needs of the Central Asian market while also reflecting global industry trends. Exhibitors represent sectors such as mechanical engineering, food technology, raw material trade, packaging, digitalization, and retail. The audience includes bakers, pastry chefs, manufacturers, wholesalers, restaurateurs, franchisees, investors, as well as trade visitors from the HoReCa and retail sectors – a qualified professional audience with clear investment interests. The fair plays a particularly important role as a catalyst for innovation in Kazakhstan. It actively promotes the adoption of new technologies and the professionalization of the bakery and confectionery sector. Astana as the host city underscores this ambition: the young, dynamic capital offers excellent infrastructure, strong international connections, and with the IEC EXPO International Exhibition Center, provides ideal conditions for a high-profile professional event. The venue is easily accessible by car, public transport, or shuttle services, ensuring smooth access for all participants. The Kazakhstan International Bakery Show is thus an exclusive, regionally anchored trade fair held every two years in Astana – the Central Asian hotspot for innovation, networking, and business development in the bakery world."
SeneFood,17. - 19. June 2027,Senegal,Rufisque,Centre des Expositions a Diamniadio (C.I.C.A.D),www.senefoodexpo.com,"SeneFood is an annual international trade fair for food and food processing, organized by Hage Exhibition since its inception in 2012. This major event is aimed at trade visitors and aims to connect decision-makers, buyers and industry experts with manufacturers and service providers. Such exchanges encourage investment in new markets and make a significant contribution to the economic development of West Africa. The fair's offering covers a wide range of topics, from luxury foods such as coffee, tea, pasta and biscuits to agricultural inputs, packaging machines and furniture for hotel kitchens. A special feature is the stage presentations in which products and services are impressively presented. A highlight of SeneFood is the venue: the Centre des Expositions a Diamniadio (C.I.C.A.D) in Rufisque, near Dakar. This spacious exhibition center offers all the amenities required for large events, including restaurants and ample parking. Its proximity to Dakar International Airport and its attractive coastal location make it particularly convenient for international visitors to travel. SeneFood not only serves as a platform for trading and presenting products, but also as a venue for presenting the latest trends and technologies in the food industry. The combination of a strategic location, a diverse range of products and an extensive supporting program makes SeneFood an unmissable event for food industry professionals. Experience SeneFood and discover the opportunities this trade fair offers for your company and the entire industry. Be inspired by the unique atmosphere and the numerous innovations and take the opportunity to make valuable contacts and develop new business opportunities."
Healthplex Expo,22. - 24. June 2027,China,Shanghai,NECC National Exhibition and Convention Center,www.hncexpo.com,"The Healthplex Expo is one of the leading trade fairs in Asia for the health and nutrition industry. The name ""Healthplex Expo"" reflects the comprehensive exhibition of health and nutrition products. This annual fair is held at the NECC (National Exhibition and Convention Center) in Shanghai. The NECC is one of the most modern and largest exhibition complexes worldwide, making it an ideal platform for the exhibitors and visitors of this prestigious event. The Healthplex Expo is organized by Sinoexpo Informa Markets in cooperation with the CCCMHPIE (China Chamber of Commerce for Import & Export of Medicines & Health Products) and the Trade Development Bureau of Ministry of Commerce. Sinoexpo Informa Markets, one of the leading trade fair organizers in China, collaborates closely with various industry and trade chambers to ensure high-quality events. The fair covers a broad range of topics related to health and nutrition. This includes natural and nutritious products, dietetics, sports nutrition, probiotics, proteins, plant extracts, and traditional Chinese medicine. Additionally, a variety of products and services are presented – from dietary supplements to medical devices to health services and solutions. The visitors of the fair include professionals from the health industry, such as manufacturers, retailers, importers and exporters, physicians, researchers, and consultants. The venue, the NECC, is easily accessible and has excellent transport connections to both the airports and the city center of Shanghai. With its impressive range of products, knowledge, and networking opportunities, the Healthplex Expo is a must for all those interested in the health industry and who want to get to know the dynamic Chinese market."
Starch Expo China,22. - 24. June 2027,China,Shanghai,NECC National Exhibition and Convention Center,www.cisie.cn,"The ""Starch Expo China"" is a international trade fair focusing on the starch industry and its diverse applications. Its name derives from the main theme of the exhibition: starch and its derivatives. This event takes place annually at the National Exhibition and Convention Center (NECC) in Shanghai, one of China's largest and most modern exhibition centers. The organizer is Shanghai Sinoexpo Informa Markets International Exhibition Co. Ltd., known for their expertise in organizing top-notch industry events. At the core of ""Starch Expo China"" are topics related to the production and processing of various types of starch, from potato to rice starch. The fair showcases innovative products and services used in various fields such as food production, paper and textile industries, medicine, as well as in the production of sugar alcohols and oligosaccharides. Exhibitors represent a wide range of industries, including food processing, agriculture, and environmental protection technology. The ""Starch Expo China"" also has significant local relevance, as it highlights the diversity and innovation within the Chinese starch industry and underscores the importance of Shanghai as a central international trade and economic hub. Highlights of the fair include conferences with industry experts discussing current trends and developments. The main attendees of the fair are professionals from the food and beverage industry, agriculture, environmental technology, and related sectors. They use the fair as a platform to stay informed about the latest products, technologies, and market developments, as well as to establish business contacts. The ""Starch Expo China"" offers an excellent opportunity to expand global networks and exchange information about the latest innovations and trends in the starch industry. The venue, the NECC in Shanghai, stands out not only for its modern facilities and extensive space but also for its excellent accessibility on both local and international levels. It represents the dynamic and forward-thinking atmosphere of Shanghai and provides the ideal setting for such a significant trade fair."
Hi Asia-China,22. - 24. June 2027,China,Shanghai,NECC National Exhibition and Convention Center,www.figlobal.com/china/en/home.html,"Hi Asia-China is an international trade fair held annually in Shanghai, focusing on health-promoting ingredients and functional nutrition. As a central platform for professionals from the fields of health ingredients, dietary supplements, natural products, and functional foods, it brings together innovation, expertise, and global business opportunities at one of Asia’s most important exhibition venues. The event is organized by Shanghai Sinoexpo Informa Markets International Exhibition Co., Ltd., a subsidiary of Informa Markets, a global leader in trade show organization. The fair is distinguished by its clear emphasis on ingredients that offer health benefits—such as vitamins, minerals, probiotics, plant extracts, proteins, and functional fibers. It covers the entire value chain of healthy nutrition, from natural raw materials and functional ingredients to processing technologies and packaging solutions. Key trends such as clean label products, sustainable and organic ingredients, personalized nutrition, and natural remedies are prominently featured, reflecting the growing importance of the health market, particularly in China. A major advantage of Hi Asia-China lies in its role as a gateway for international trade. Foreign companies receive targeted support for entering the Chinese market—through connections with distributors, guidance on trade agreements and customs regulations, and access to digital platforms such as Tmall Global and JD Worldwide. The event connects suppliers, buyers, developers, and strategists from around the world, offering a focused entry point into the Chinese health sector. Highlights of the fair include the presentation of innovative products, networking events with industry leaders, and expert forums on topics such as sustainable trade strategies, eco-certifications, and the latest findings in nutritional science. Competitions and awards recognize forward-thinking ideas, underlining the fair’s role as a driver of innovation in the industry. The event is held alongside Fi Asia-China, together forming Hi & Fi Asia-China. The venue is the modern National Exhibition and Convention Center (NECC) in Shanghai—one of Asia’s largest exhibition centers, conveniently connected to public transportation. Its location in the western Hongqiao district ensures easy access by air, train, and subway. At the same time, the cosmopolitan city of Shanghai, with its diverse culinary scene and rich cultural offerings, makes attending the fair a rewarding experience. Thanks to its clear specialization, international scope, and focus on health, innovation, and sustainability, Hi Asia-China is now one of the leading trade shows for health ingredients in Asia—an essential event for anyone looking to shape the global market for functional nutrition."
Fi Asia-China,22. - 24. June 2027,China,Shanghai,NECC National Exhibition and Convention Center,www.figlobal.com,"Fi Asia-China is a leading international trade fair for food ingredients, held annually at the state-of-the-art National Exhibition and Convention Center (NECC) in Shanghai. As part of the global Hi & Fi event network, it brings together specialized exhibitors and professional visitors from the fields of food manufacturing, technology, processing, packaging, and distribution. The event serves as a central platform for showcasing and discovering innovative solutions across the entire value chain. Organized by the experienced Informa Markets International Exhibition Co., Ltd., a global leader in trade show management, the event is exclusively tailored to a professional audience—particularly decision-makers, traders, and buyers in the food and beverage industry. As a key format in the Asian market, Fi Asia-China provides international companies with targeted access to China’s dynamic and rapidly growing food sector, while fostering professional exchange and the development of high-quality business relationships. The event focuses on innovation, functionality, and sustainability. Highlights include probiotics featuring new strains and applications, forward-looking ingredients with market potential and high quality standards, functional components for modern product formulations, and alternative proteins with the potential to disrupt the industry. Socially relevant themes are also addressed, such as women's health and the Silver Economy, reflecting the fair's aim to connect technological advancement with evolving consumer needs. The exhibition offers a broad yet highly specialized range of products and solutions. Alongside traditional food additives and ingredients, exhibitors present the latest technologies in processing and packaging, including solutions for clean labeling, sustainability, and sensory enhancement. Expert lectures, panel discussions, and competitions complement the trade fair, creating a space for exchange, inspiration, and recognition of outstanding achievements. A distinctive feature of Fi Asia-China is its close integration with concurrently held trade shows such as HNC (Healthplex Expo, Natural & Nutraceutical Products China), ProPak China & FoodPack, and the Starch Expo. This combination forms a comprehensive event that covers all stages—from product development to processing, packaging, and distribution. The choice of venue reflects the event’s high standards. The NECC in Shanghai is one of the most advanced exhibition centers in Asia, offering excellent infrastructure and optimal transport connectivity. As China’s economic hub with international reach, cultural diversity, and culinary richness, Shanghai provides an inspiring setting for an event that actively shapes the future of the food industry."
HNCEXPO Healthplex Expo / Natural & Nutraceutical Products China,22. - 24. June 2027,China,Shanghai,NECC National Exhibition and Convention Center,,
SIAL India,24. - 26. June 2027,India,Mumbai,Jio World Convention Centre,www.sialindia.com,"SIAL India is the country’s premier international B2B trade show for food and beverages and part of the globally renowned SIAL network (""Salon International de l’Alimentation""), known for its innovation, industry leadership, and top-tier events worldwide. The event takes place annually at the state-of-the-art Jio World Convention Centre in Mumbai – India’s financial and economic hub. Organized by the French exhibition leader Comexposium, SIAL India serves as a key platform for targeted exchange between international producers, innovators, decision-makers, and buyers – within one of the fastest-growing food markets in the world. The trade fair brings together manufacturers, suppliers, and brands from all major segments of the food industry: from bakery, dairy products, confectionery, and meat and seafood, to non-alcoholic and alcoholic beverages, dried fruits, frozen foods, ready meals, tea and coffee, rice and grains, as well as spices, pet food, organic and health products, and cutting-edge processing and packaging technologies. It not only highlights current trends across the entire value chain but also reflects the diversity and innovative strength of the Indian market – a market of growing global relevance. A standout feature is the Hosted Buyer Program – a curated matchmaking format that connects leading buyers with suitable exhibitors, creating valuable opportunities for new business relationships. This is complemented by live cooking shows and product demonstrations, where top chefs showcase creative recipes and innovative applications in an engaging and hands-on format. SIAL India is aimed at trade visitors from retail, hospitality, food processing, wholesale, and import/export sectors. Exhibitors span a broad range of industry players – from established producers and start-ups to suppliers and technology providers. As part of the international SIAL family – with events in Paris, Shanghai, Jakarta, Montreal, and other major cities – SIAL India is firmly embedded in a global network that fosters high-level market access and international exchange. Located in the heart of Mumbai, the Jio World Convention Centre offers a modern, strategically connected venue with excellent accessibility via the international airport and city transport network. SIAL India is therefore much more than a product showcase: it is a carefully curated marketplace for forward-looking business development – locally rooted, globally connected."
Good Food & Wine Show,25. - 27. June 2027,Australia,Sydney,International Convention Centre ICC,goodfoodshow.com.au/sydney,"The Good Food & Wine Show is an annual consumer exhibition that has established itself as a central event for culinary enthusiasts. The event is organized by Diversified Communications Australia at the renowned International Convention Centre (ICC) in Sydney, a leading company specializing in trade fairs. It offers a unique platform to discover the latest trends and innovations in the food and wine industry. Each year, the fair attracts thousands of food connoisseurs, wine lovers, and industry experts. The Good Food & Wine Show showcases an impressive variety of products and services covering a wide range of culinary topics. This includes wines from renowned Australian wine regions such as the Barossa Valley and Margaret River, craft beers, spirits, gourmet snacks, cheese, chocolate, and a selection of kitchen utensils and appliances. Numerous exhibitors from the food, beverage, hospitality, kitchen technology, and tourism sectors present their latest offerings, offering exclusive tastings and interactive cooking demonstrations. Highlights of the event include wine and food tastings, as well as interactive masterclasses conducted by industry experts. Live cooking demonstrations by famous Australian chefs such as Curtis Stone and Maggie Beer give visitors exciting insights into preparing exclusive dishes. Additionally, participants can attend special events such as the RIEDEL Wine Glass Experience or the Chocolate Appreciation Masterclass to deepen their knowledge of the art of wine and chocolate enjoyment. The Good Food & Wine Show fosters cultural and economic ties with Australia by showcasing the country's culinary traditions and innovative spirit, while also encouraging international exchange. The events take place not only in Sydney but also in other cities like Melbourne, Brisbane, and Perth, giving the fair national significance. It is particularly noteworthy that the fair offers professionals in the gastronomy, wine production, food manufacturing, and tourism industries valuable opportunities to network, maintain business relationships, and explore new markets. The primary visitors are both professionals from the foodservice and wine industries and culinary enthusiasts interested in the latest products and trends. The ICC Sydney, a modern and environmentally sustainable exhibition center in Darling Harbour, is the ideal venue for such a significant event. It offers top-notch facilities and is easily accessible for both local and international visitors. Surrounded by a vibrant atmosphere and numerous recreational opportunities, it provides the perfect location for an exhibition that stimulates all the senses and delights with a wide range of culinary experiences."
Food & Drinks Malaysia,20. - 22. July 2027,Malaysia,Kuala Lumpur,MITEC Malaysia International Trade & Exhibition Centre,www.fooddrinksmalaysia.com,"Food & Drinks Malaysia by SIAL, an annual food and beverage trade fair held in Kuala Lumpur since 2023, is organized by the world-leading exhibition company, Comexposium. This event serves as a specialized platform to promote the food and beverage industry in Malaysia and the ASEAN countries. The fair particularly focuses on spices & condiments as well as alternative proteins. This focus supports the goal of developing innovative and sustainable food solutions, contributing to the strengthening of food security in the region. As such, the event makes a significant contribution to the advancement and diversification of the food sector. Importers, manufacturers, and commercial buyers from retail companies will find a wide range of products and services at Food & Drinks Malaysia. The offerings span from traditional spices and innovative foods to sustainable packaging solutions and cutting-edge cooling technology. Exhibitors showcase their latest products that meet current market trends and demands. The event takes place at the Malaysia International Trade & Exhibition Centre (MITEC), the largest exhibition center in Malaysia, featuring over 45,000 m² of exhibition space and the country’s largest column-free hall. Food & Drinks Malaysia by SIAL not only provides a platform for exhibitions but also opens new business opportunities in the food and beverage industry of Malaysia and the ASEAN region. With a strong emphasis on innovation, sustainability, and business development, the fair sets new standards and promotes economic cooperation in the region. Take advantage of the opportunity to be part of this dynamic and forward-thinking event."
Malaysian International Food & Beverage Trade Fair (MIFB),21. - 23. July 2027,Malaysia,Kuala Lumpur,Kuala Lumpur Convention Centre (KLCC),mifb.com.my,"The Malaysian International Food & Beverage Trade Fair (MIFB) , established in 1990, is the premier event of its kind in Malaysia. It provides a platform for professionals from the global food and beverage industry to exchange ideas and network. This annual event, held at the Kuala Lumpur Convention Centre (KLCC) , attracts exhibitors and visitors from around the world. The MIFB is organized by Constellar Exhibitions Malaysia Sdn Bhd, a subsidiary of Constellar Holdings Pte Ltd., known for its innovative and comprehensive trade fair experiences. The fair showcases a wide array of products and services, including convenience foods, frozen foods, food processing technologies, and sustainable packaging solutions. Special emphasis is placed on areas such as future foods, halal products, and natural and health products. In addition to serving as a trading platform, the MIFB also acts as a cultural meeting point that reflects the rich culinary diversity of Malaysia. Program highlights include conferences with international experts, seminars, a special program for startups, and live cooking demonstrations. Visitors to the fair come from various sectors, including retail, gastronomy, distribution, and hospitality, ranging from supermarket managers to restaurant owners and food importers. Located centrally and easily accessible, the KLCC, with its modern infrastructure and surrounded by Kuala Lumpur's dynamic skyline, provides the perfect setting for the MIFB. The fair has established itself as an indispensable event for professionals in the food and beverage industry."
Asia Healthcare & Medical Cosmetology Expo,27. - 31. July 2027,Taiwan,Taipei,Taipei Nangang Exhibition Center,expo.bioasiataiwan.com,"The "" Asia Healthcare & Medical Cosmetology Expo ,"" part of BIO Asia, is held annually at the Taipei Nangang Exhibition Center in Taipei. This trade fair has established itself as a leading event in Asia for healthcare and medical cosmetology. Organized by Chan Chao International Co., Ltd., it provides a platform that showcases the latest innovations in aesthetic medicine, cosmetology, and nutraceuticals. The main themes of the expo include cosmetology, aesthetic medicine centers, beauty and skincare products, as well as related raw materials and packaging solutions. The health sector also features bio-raw materials, dietary supplements, and health-promoting foods. Thus, the expo offers a wide range of products and services and serves as a bridge between OEM/ODM providers and industry players. Taiwan, known for its advanced technology and innovations in the health and beauty industry, emphasizes the importance of the expo as a central meeting point for professionals in these fields. Highlights include special sections for start-ups and innovators, offering visitors unique insights and networking opportunities. Exhibitors and visitors come from various industries, including biotechnology, pharmaceuticals, cosmetics, and healthy foods. The primary attendees are professionals and decision-makers seeking to discover new products, establish business relationships, and learn about current market trends. The modern facilities and excellent accessibility of the Taipei Nangang Exhibition Center enhance the appeal of the expo as an international event. Its excellent public transport connections make it easy to visit the expo. In summary, the Asia Healthcare & Medical Cosmetology Expo is a pivotal event for industry experts who want to be at the forefront of medical and cosmetological innovation. It serves as a comprehensive platform for knowledge exchange, networking with industry leaders, and discovering new business opportunities in Asia and beyond."
Food Manufacturing Indonesia,27. - 29. July 2027,Indonesia,Jakarta,JIExpo Jakarta International Expo,foodmanufacturing-indonesia.com,"The "" Food Manufacturing Indonesia "" is a leading annual trade fair specializing in the food and beverage manufacturing industry. It is organized by GEM INDONESIA and takes place at the prestigious Jakarta International Expo (JIExpo) in the heart of Jakarta, Indonesia. The fair provides a dynamic forum for key players and decision-makers in the industry to present and discover the latest technologies, products, and services. The main focus of the fair includes innovative processing technologies, advanced food packaging, high-quality ingredients, and efficient logistic solutions. Special emphasis is placed on automation systems, IT solutions, and eco-friendly packaging materials, all aimed at increasing production efficiency and promoting sustainability. The range of products exhibited offers impressive variety, from essential oils and emulsifiers to chocolate processing machines and cutting-edge spices, as well as water purification systems. Additionally, specialized equipment such as freezing and cooling devices, material identification systems, and innovative packaging solutions are represented, making Food Manufacturing Indonesia a comprehensive platform for business needs. The fair reflects the strong connection between Jakarta and the dynamic global food industry, highlighting the growing significance of the region in the international sector. Thanks to its strategic location, Jakarta provides ideal conditions for international business meetings and the exchange of expertise. Food Manufacturing Indonesia attracts a wide range of industry representatives, including food technologists, researchers, product developers, as well as wholesalers and distributors. It serves as an outstanding platform for networking, business collaboration, and the exchange of best practices. Finally, the Jakarta International Expo, with its excellent accessibility and first-class facilities, offers an efficient and enjoyable fair experience. Thus, Food Manufacturing Indonesia significantly contributes to the advancement of the global food and beverage industry."
Fi South America,03. - 05. August 2027,Brazil,Sao Paulo,São Paulo Expo Exhibition & Convention Center,www.figlobal.com/south-america/en/home.html,"Fi South America (“Food Ingredients South America”) is the leading trade fair for food ingredients and innovative solutions in the food and beverage industry in Latin America. Since its inception in 1996, the event has evolved into a key industry meeting point and takes place annually at the modern São Paulo Expo in São Paulo. As part of the international Fi event series, organized by Informa Markets—a trading division of London-based Informa PLC—Fi South America stands for innovation, networking, and professional orientation in the field of food ingredients. With its clear focus on health-oriented, natural, and plant-based ingredients, Fi South America occupies a unique position in the South American market. Every year, it attracts both international and regional exhibitors and professionals, providing a specialized platform for companies to showcase their latest developments. The range of offerings extends from vitamins, minerals, and functional ingredients to plant-based proteins, clean label products, as well as gluten-free and allergen-free solutions. This portfolio is complemented by classic ingredients such as sweeteners, texturizers, natural flavors, colorants, and certified organic raw materials. The event sees itself as a driving force for innovation across the entire industry value chain. Elements such as guided innovation tours, trend-based tasting areas, the Plant-Based Experience for plant-based nutrition trends, and the Sustainability Experience for sustainable circular economy are integral parts of the concept and offer genuine added value. Exhibitors include leading ingredient manufacturers, food safety and quality experts, suppliers of new process technologies, as well as service and logistics providers. The main visitors are professionals and executives from procurement, development, production, and quality assurance within the food and beverage sector, as well as from related industries such as pharmaceuticals, cosmetics, and dietary supplements. The São Paulo location adds extra significance to the event: The city is considered South America’s economic and innovation hub and has a major influence on both the regional and global food industry. The São Paulo Expo offers state-of-the-art infrastructure and is centrally located, with excellent connections to public transport and the international airport. Visitors benefit from the city’s vibrant culture and diverse culinary and leisure offerings, experiencing Fi South America as the most important meeting point for trends, networking, and business in the South American ingredients community."
palmex Thailand,05. - 06. August 2027,Thailand,Surat Thani,CO-OP Exhibition Centre,www.thaipalmoil.com,"Palmex Thailand is Asia’s leading trade exhibition dedicated entirely to the palm oil industry. The name “Palmex” – short for “Palm Oil Expo” – clearly reflects the event’s focus on technologies, products, and services across the entire palm oil value chain. The exhibition takes place at the CO-OP Exhibition Centre in Surat Thani, a key industrial hub in southern Thailand and a central location for the country’s palm oil sector. The venue offers modern infrastructure and is easily accessible for industry professionals from both domestic and international markets. The event is organized by Fireworks Trade Media Pte Ltd., a globally recognized trade fair organizer based in Singapore, renowned for its high-quality, industry-specific exhibitions. Held annually, Palmex Thailand has firmly established itself as a key meeting point for experts, researchers, manufacturers, and investors across the palm oil industry. The exhibition highlights technological innovations spanning the entire production process – from processing and packaging to storage, automation, and digital solutions. Among the showcased technologies are advanced EFB processing machines, decanter centrifuges, pump systems, biofuel production equipment, oilseed crushers, filtration systems, compressors, packaging machinery, and intelligent automation and control systems. The exhibition is further enriched by suppliers of electric motors, sensors, conveying systems, valves, and scientific institutions focused on sustainable nutrient management. A central feature of Palmex Thailand is its accompanying program of professional events, including seminars, conferences, and panel discussions that explore current trends, challenges, and opportunities within the industry. Business matchmaking sessions, technology presentations, and exclusive networking formats facilitate meaningful exchanges among participants. Exhibitors represent a wide range of sectors – including mechanical engineering, energy, automation, packaging, chemicals, and environmental technology – all with direct or indirect ties to the palm oil industry. The event primarily targets professionals from the palm oil sector: engineers, plant managers, manufacturers, investors, academics, and decision-makers from both the political and economic spheres, all of whom share an interest in sustainable development, increased efficiency, and international cooperation. Palmex Thailand is part of a broader series of international palm oil exhibitions held across other key Southeast Asian markets, each tailored to the specific needs of its region. Palmex Thailand is more than just a showcase for innovation and technology transfer; it is also a significant economic driver for Surat Thani and the surrounding region. With its modern infrastructure, spacious exhibition areas, and comprehensive services for both exhibitors and visitors, the CO-OP Exhibition Centre provides the ideal setting for this specialized event. Palmex Thailand offers the perfect platform for all those looking to actively shape the future of the palm oil industry."
F Istanbul,25. - 28. August 2027,Turkey,Istanbul,Istanbul Fair Center,f-istanbul.com,"F Istanbul – Food & Technology Exhibition is Turkey’s most comprehensive international trade fair dedicated to food, beverages, and the technologies involved in their processing and packaging. Held annually at the Istanbul Expo Center in the vibrant district of Yeşilköy, the fair was established in 2022 and is organized by So Fuar. It is exclusively open to trade professionals from the retail, industrial, and hospitality sectors. With a strong focus on innovative solutions for the food and beverage industry, the exhibition serves as a premier platform for networking, business development, and insights into current market trends. Its extensive range of topics includes fresh and frozen foods, meat, poultry, and seafood products, bakery items, snacks, confectionery, as well as alcoholic and non-alcoholic beverages. In addition, it showcases cutting-edge technologies for food processing and packaging. Particular emphasis is placed on forward-looking themes such as sustainable organic foods, eco-friendly packaging solutions, and advanced safety and quality control systems within the food industry. Specialized sectors including professional kitchen equipment, hospitality supplies, catering technology, as well as ingredients and additives—such as spices, flavorings, and functional components—are also thoroughly represented. A major highlight of the exhibition is the variety of product presentations and expert talks, which spotlight current developments and groundbreaking innovations. Alongside food and beverage manufacturers, exhibitors include companies from packaging design and technology, refrigeration and storage solutions, as well as shopfitting and retail design. The Istanbul Expo Center, a modern venue with excellent infrastructure, offers convenient access by both public transport and car. Adding to the appeal, Istanbul itself—an energetic metropolis steeped in history, culture, and culinary diversity—enhances the overall experience and makes attending F Istanbul a standout event in the international trade fair calendar."
Fi Asia Thailand,01. - 03. September 2027,Thailand,Bangkok,Queen Sirikit National Convention Center,www.figlobal.com/asia-thailand/en/home.html,"The "" Fi Food Ingredients Asia Thailand ,"" commonly known as Fi Asia Thailand , is a leading international trade fair specializing in food additives. It takes place at the QSNCC (Queen Sirikit National Convention Center) in Bangkok and is renowned for connecting buyers from regional and global markets with international providers of food and beverage additives. The fair is organized by Informa Markets, a trade division of Informa PLC and a leader in event organization. Informa Markets is celebrated for its ability to create interactive and innovative platforms across various industries, with Fi Asia Thailand recognized as a standout event in the food and beverage industry. A central focus of the fair is the introduction of the latest and most innovative products in the field of food additives. Exhibitors have the opportunity to present their products and services to a qualified audience of decision-makers, making Fi Asia Thailand a crucial hub for innovation and business development. The fair covers a wide range of topics, including natural ingredients, preservatives, flavors, enzymes, pet food, alternative proteins, sweeteners, sugar substitutes, health ingredients, and much more. The spectrum of products showcased at the fair ranges from food additives and ingredients to food processing technologies, packaging solutions, and much more. In addition to the exhibition, Fi Asia Thailand offers numerous networking opportunities, expert talks, and discussion panels where industry experts share their knowledge and insights. These interactive elements establish the fair as an indispensable platform for professionals involved in research and development, production, marketing, or distribution of food additives. Fi Asia Thailand is part of a global network of Fi fairs, which includes locations in Europe, America, and other parts of Asia. Finally, it is noteworthy that the QSNCC in Bangkok is equipped with modern facilities and is well-connected to public transport. Bangkok itself, as a vibrant metropolis and significant economic center, offers numerous attractions as well as a diverse range of dining and entertainment options, making a visit to the fair a truly special experience."
Seafood,08. - 10. September 2027,Peru,Lima,Jockey Exhibition Center,www.thaiscorp.com/expopesca/en/inicio,"SEAFOOD LIMA is a specialized trade fair for fish and seafood products that has attracted international industry decision-makers to Peru every two years since its inception in 2019. As the most important business platform of its kind in South America, the event focuses on the presentation and marketing of fresh, frozen, dried, salted, and preserved fish and seafood products, as well as on innovative developments in this sector. Peru is recognized as a global leader in fishmeal exports, and the fair serves as a central hub for this industry on the international trade show calendar. The event takes place at the modern Centro de Exposiciones Jockey, located in the heart of Lima. This venue stands out for its excellent accessibility, state-of-the-art infrastructure, and comprehensive range of services, providing the ideal environment for successful business meetings. SEAFOOD LIMA is held in autumn every two years and is organized by the experienced Thais Corporation S.A.C., ensuring smooth operations and effective international networking. The fair’s range includes staple products such as tuna, salmon, tilapia, mackerel, and shrimp, as well as premium specialties including omega-3-rich oils, high-quality fishmeal for aquaculture, refined seafood snacks, and contemporary ready-to-eat items. The exhibition is further enhanced by participants from the fields of processing technology, refrigeration and logistics equipment, and innovative solutions for sustainable fisheries and aquaculture. In this way, SEAFOOD LIMA covers the entire value chain of the industry, from raw materials to processing and distribution. A distinctive feature of SEAFOOD LIMA is its strong emphasis on facilitating exchange between Latin American producers and international buyers. The event centers on business matchmaking, product launches, and expert discussions on current industry trends. Key target groups—including importers, wholesalers, supermarket chains, exporters, cruise lines, and specialized brokers—find an ideal platform here for gaining market insights and establishing targeted business contacts. Professionals from related sectors such as logistics, pharmaceuticals, and pet food also benefit from the diverse range of offerings. The Centro de Exposiciones Jockey provides optimal conditions for the fair: it is easily accessible from both the city center and the airport, and is located close to hotels, restaurants, and major business districts. SEAFOOD LIMA thus combines a high-quality trade fair experience with the urban flair and cosmopolitan atmosphere of Lima, making every visit a worthwhile investment in knowledge, networking, and business success."
Expo Pesca & AcuiPeru & Seafood Lima,08. - 10. September 2027,Peru,Lima,Jockey Exhibition Center,www.thaiscorp.com/expopesca,"Expo Pesca & AcuiPeru & Seafood Lima is regarded as the most important international trade fair for fisheries and aquaculture in Latin America. Since its debut in 2003, it has established itself as an indispensable industry event and takes place every two years, usually in autumn, at the modern Centro de Exposiciones Jockey in Lima. The name combines the Spanish word “Pesca” for fishing with “AcuiPeru”, referencing Peruvian aquaculture, and thus reflects the close connection to the host country. The event is organized by Thais Corporation S.A.C., an experienced company with in-depth expertise in the sector. The trade fair is distinguished by its targeted focus on all areas of the fishing, aquaculture, and seafood industries. It covers the entire value chain, ranging from advanced fishing technologies, aquaculture systems, and shipbuilding to communication and navigation technology, refrigeration and cooling systems, processing, packaging, distribution, and logistics. Furthermore, it serves as a central platform for trading seafood products of all kinds, including specialized products such as fishmeal and fish oil. Exhibitors showcase a comprehensive range of products and services, from boats and their components to net and fishing gear, machinery for filleting, sorting and preserving, as well as digital solutions for management and efficiency. In doing so, the fair sets new standards for innovation, efficiency, and sustainability in the sector. The thematic focus of Expo Pesca & AcuiPeru & Seafood Lima reflects Peru’s significant role in global fisheries and aquaculture. The event serves as a showcase for technological advancements, new business models, and sustainable approaches that are relevant both within Latin America and internationally. A particular highlight is the technical conference, where decision-makers and industry experts discuss current challenges and future trends—an essential forum for anyone seeking to shape the industry. The expo attracts exhibitors and visitors from a variety of fields, including shipbuilding and shipyard industries, mechanical engineering, logistics, aquaculture, and processing, as well as international seafood traders and service providers. Its primary audience consists of owners, managing directors, managers, technicians, and specialists from fishing companies, aquaculture facilities, and processing plants. The Centro de Exposiciones Jockey, with its modern infrastructure, excellent accessibility, and location in the economic and cultural heart of Lima, offers optimal conditions for the event. As a metropolis steeped in tradition and a historic center of the Peruvian fishing industry, Lima provides the ideal setting for this specialized industry gathering, which sets new standards in fisheries and aquaculture."
Food Matters Live,21. - 22. September 2027,Netherlands,Rotterdam,Ahoy Rotterdam,foodmatterslive.com,"Food Matters Live Rotterdam is an international B2B event for the food, beverage and nutraceutical industries, open exclusively to trade professionals. Its central focus is on how emerging scientific insights, innovative ingredients and technologies, and changing consumer needs can be translated into commercially viable food and beverage products and nutrition concepts. The event is particularly aimed at professionals working directly in product development, formulation, nutrition and innovation. The two-day event takes place once a year, usually in September, at the Rotterdam Ahoy Convention Centre. It is organised by Food Matters Live Ltd. London is also part of the Food Matters Live event programme, with annual editions held in both the UK and the Netherlands, creating an international event series for Europe’s food and nutrition community. Food Matters Live focuses on the future of product development across the food and nutrition industries. Key themes include emerging food and consumer trends, positive nutrition and functional foods, metabolic health, the microbiome and gut health, women’s health, personalised nutrition, dietary fibre, and new and alternative protein sources. Other areas of focus include innovative flavour and colour solutions, clean label, sensory science, sustainable and functional ingredients, reformulation, upcycling, whole-food ingredients and emerging technologies such as precision fermentation. New product development (NPD) is another major theme, covering areas such as novel formulation approaches, sustainable ingredient solutions and AI-powered tools for product development. The programme addresses practical challenges faced by food manufacturers when developing new products, including balancing health and indulgence, reducing sugar, creating clean-label products, and improving taste, texture and nutritional value. The range of products and solutions presented at the event reflects this broad scope. Exhibits include functional and natural ingredients, proteins, dietary fibres, flavours and colours, sugar- and salt-reduction solutions, clean-label concepts, and ingredients for functional foods and dietary supplements. Ingredients and technologies for bakery products, beverages, dairy products, desserts, snacks and alternative-protein products are also showcased. The offering is complemented by analytical, product development and technology solutions, as well as services covering product development, quality, sensory science and innovation. One of the distinctive features of Food Matters Live is its emphasis on interactive formats. As part of “Tastes of Better”, international ingredient specialists showcase their solutions in one-hour sessions. These give trade visitors the opportunity not only to discover new ingredients but also to taste them in real product applications and discuss their properties and potential uses directly with technical experts. Exhibitors primarily include ingredient manufacturers and suppliers, food-tech and technology companies, specialists in flavours, colours, proteins and functional ingredients, and providers of product development, analytical and business services. Visitors mainly come from food and nutraceutical brands, food manufacturing, retail, quick-service restaurants and the wider foodservice sector. The event is particularly relevant to professionals and decision-makers working in research and development (R&D), new product development (NPD), nutrition, innovation, quality control, product and brand marketing, and ingredient procurement. Admission is restricted to industry professionals. The event is held at Rotterdam Ahoy, Ahoyweg 10, 3084 BA Rotterdam, south of the city centre. The venue is easily accessible both by car via the A15 motorway and by public transport. Rotterdam Ahoy is approximately a five-minute walk from Zuidplein metro and bus station, while the journey by metro from central Rotterdam or Rotterdam Centraal railway station takes around ten minutes."
Vitafoods Asia,21. - 23. September 2027,Malaysia,Kuala Lumpur,MITEC Malaysia International Trade & Exhibition Centre,www.vitafoodsasia.com,"Vitafoods Asia is a significant trade fair targeted at professionals in the functional food and beverage, nutraceutical, and dietary supplement industries. Since its inception in 2011, it has established itself as the leading platform in the Asia-Pacific region, focusing on innovations and trends within these rapidly growing sectors. Organized by Informa Markets, the event is held annually over three days, offering the most up-to-date and relevant content. The exhibition is divided into four main areas: Ingredients and Raw Materials, Contract Manufacturing and Private Label, Services and Equipment, and Branded Finished Products. International pavilions highlight country-specific features and reinforce the global character of the fair. The offering is further enriched by special exhibits and stage presentations that provide insights into specific industry aspects, fostering exchange and networking opportunities. In addition to product displays, Vitafoods Asia places great emphasis on consultancy services and knowledge transfer, making it an essential meeting point for industry decision-makers. Attractions such as tasting booths and award competitions offer additional incentives and inspiration for visitors. In summary, Vitafoods Asia is more than just a trade fair; it serves as a central information and business platform for professionals involved in the development and marketing of health-promoting products. By focusing on quality and innovation, it actively contributes to shaping the future of the food and health industries."
Pharmacy Solutions Expo,29 Sep. - 01 Oct. 2027,Japan,Osaka,INTEX Osaka International Exhibition Center,www.medical-jpn.jp/hub/en-gb/about/shows/pha.html,"The Pharmacy Solutions Expo , an integral part of MEDICAL JAPAN Osaka, is held annually at the INTEX Osaka International Exhibition Center . This specialized B2B fair serves as a significant platform for players in the pharmacy sector, including manufacturers of pharmacy systems, providers of medication dispensing devices, and developers of IT solutions for the healthcare industry. The fair particularly highlights innovative products and services in the areas of health food, dietary supplements, and cosmetics. The organization of the fair is managed by RX Japan Ltd., a leading organizer that specializes in bridging current industry needs with future-oriented technologies. The expo opens unique doors to the Japanese market and offers excellent opportunities for business development and expansion for both international and local companies. The fair features a comprehensive exhibition, including systems for dispensing prescription medications, IT solutions for pharmacies, medical devices for home healthcare, and packaging machines. The range is complemented by dietary supplements and functional foods. Another significant aspect of the fair is its connection to Osaka and Japan, a country known for its leadership role in technology and healthcare. The fair supports the local and national economy by promoting innovations in the health sector. Highlights of the expo include conferences with industry experts, panel discussions, live product demonstrations, and networking events that facilitate knowledge exchange and business networking. It attracts professionals from various fields, including pharmacy managers, doctors, nurses, and representatives from trading companies. The Pharmacy Solutions Expo is a central event in the series of events organized by RX Japan Ltd. and is regularly held in various cities, with Osaka being a significant venue. The easily accessible INTEX Osaka, with its state-of-the-art infrastructure and capacity for large international gatherings, provides the ideal setting for this high-profile event, where exhibitors and visitors can experience and discuss the latest innovations and trends in the industry."
Wellness & Preventive Healthcare Expo,29 Sep. - 01 Oct. 2027,Japan,Osaka,INTEX Osaka International Exhibition Center,www.medical-jpn.jp/hub/en-gb/about/shows/hea.html,"The ""Wellness & Preventive Healthcare Expo"" , Japan's leading health fair, takes place annually at the prestigious INTEX Osaka International Exhibition Center and is a significant component of MEDICAL JAPAN Osaka. It targets professionals and enthusiasts from the fields of medicine, wellness, and health technology. The fair is organized by RX Japan Ltd., a respected organizer known for providing platforms for the exchange of expertise and current trends. The fair is distinguished by its variety of topics, including health technology, physical activity, functional foods, and rehabilitation techniques. Innovative products and services are showcased, including apps and systems for health management, wearable sensors, activity trackers, IoT applications in healthcare, as well as advanced rehabilitation and fitness equipment. Dietary supplements and herbal medicines are also presented. A unique feature of the fair is its deep integration into the local culture and industry, making it a key event for the Asian health market. It offers a unique opportunity to explore the latest developments in medical and health care, closely linked to Japan's technological innovation. The fair attracts a wide range of visitors, including professionals from hospitals, clinics, pharmacies, and rehabilitation centers. Highlights include conferences and seminars by industry experts, live demonstrations of new products, and special networking events for business matchmaking. Exhibitors represent various sectors such as pharmacy, biotechnology, sports equipment manufacturing, and nutritional science, highlighting the broad industry diversity present at the fair. The ""Wellness & Preventive Healthcare Expo"" is part of a series of health fairs held in various cities across Japan, playing a significant role in the regional and international health landscape. The INTEX Osaka International Exhibition Center is well-connected to public transport, facilitating access for both domestic and international visitors. In summary, the ""Wellness & Preventive Healthcare Expo"" Osaka is not only a showcase for health technologies and products but also an important platform for knowledge exchange and the advancement of the health industry."
Anuga,09. - 13. October 2027,Germany,Cologne,Köln Messe,www.anuga.de,"The ANUGA in Cologne, the name of which is an abbreviation for the ""General Food and Beverage Exhibition,"" is considered the leading global food trade fair catering to retail, gastronomy, and the out-of-home market. The fair is organized by the renowned Koelnmesse GmbH, recognized for its expertise in coordinating large international exhibitions. Since its inception in 1951, ANUGA has taken on a central role in the Food & Beverage industry. The exhibition takes place every two years in October on the impressive grounds of the Cologne Fair. With a specialized concept, ANUGA showcases ten main themes, including ANUGA Fine Food, ANUGA Drinks, ANUGA Chilled & Fresh Food, among others. It covers a broad range of products and services - from food and beverages to technology for the gastronomy sector, as well as services for food retailers and gastronomy. A highlight of the fair is the ANUGA trend topics, which highlight the current demands in the industry and the market's direction. Exhibitors primarily hail from the sectors of production, import, and wholesale of food and beverages, technology for gastronomy, and services for food retailers and gastronomy. The fair's international ambiance attracts visitors from almost every country in the world, facilitating cross-border business and networking. It's noteworthy that ANUGA Cologne serves as a model for various fairs worldwide, including ANUGA Select Brazil and ANUFOOD China, to name just a couple, which are also organized by Koelnmesse GmbH. In conclusion, the city of Cologne, with its central location and excellent transport links, especially to the exhibition grounds, is the perfect venue for this prestigious event. Whether by car, train, or plane, the Cologne Fair is easily accessible and offers a unique setting for business encounters and culinary discoveries."
CAMFOOD,03. - 05. November 2027,Cambodia,Phnom Penh,Diamond Island Convention and Exhibition Center,www.camfoodhotel.com,"CAMFOOD in Phnom Penh is an annual international trade fair with a clear focus on Cambodia’s food and beverage industry. It is organized by AMB Tarsus Exhibitions (Cambodia) Pte Ltd in cooperation with Informa Markets, an internationally experienced organizer of trade fairs and conferences. CAMFOOD is recognized as the largest and most important B2B platform for the country’s hospitality and food & beverage sector. The name “CAMFOOD”, short for “Cambodian Food”, underlines its orientation towards the specific needs of the regional market. The fair usually takes place in the autumn at the Diamond Island Convention and Exhibition Center (DIECC) in Phnom Penh, a modern venue that is easily accessible by car and public transportation. It brings together national and international exhibitors with professional visitors, including manufacturers, distributors, importers, exporters, and decision-makers from the gastronomy, hotel, and catering industries (HORECA). The exhibition highlights current products, technologies, and industry trends across the entire food and beverage value chain. The product range spans ready meals, ingredients, fresh produce, frozen goods, confectionery, snacks, and both alcoholic and non-alcoholic beverages. Particularly dynamic is the segment of healthy and organic products, reflecting the growing trend towards conscious consumption and modern nutrition in the region. A distinctive feature of CAMFOOD is its close integration with its sister events CAMHOTEL, CAMCAFE, the Cambodia Franchise Show, and FOODTEC Cambodia. This combined structure creates a platform that fosters synergies between the hospitality, hotel, coffee, and franchise industries. It not only offers a comprehensive trade fair experience but also supports the internationalization and professionalization of Cambodia’s hospitality and food sector. Through product presentations, targeted networking events, and diverse business-matching opportunities, CAMFOOD serves as a strategically important meeting point for professionals seeking to stay informed about industry developments, discover innovative solutions, and establish or strengthen business relationships. More than just a trade fair, CAMFOOD is a driver of growth for Cambodia’s hospitality and food industries and for the wider region. It is relevant because it opens tangible market opportunities, unique because it combines local strengths with international expertise, and effective because it is tailored to the specific needs of professional decision-makers in the HORECA sector."
FOODTEC Cambodia,03. - 05. November 2027,Cambodia,Phnom Penh,Diamond Island Convention and Exhibition Center,www.camfoodhotel.com/foodtec-cambodia/,"FOODTEC Cambodia , an integral part of the prestigious CAMFOOD+HOTEL trade fair, is the leading platform for food technology in Cambodia. Held annually at the Diamond Island Exhibition and Convention Centre (DIECC) in Phnom Penh, the event is organized by AMB Tarsus Exhibitions (Cambodia) Pte Ltd in close cooperation with Informa Markets – two seasoned organizers of international trade shows across Southeast Asia. The exhibition offers a focused insight into the latest trends and advanced solutions in food processing, packaging technology, quality assurance, and hygiene. Emphasis is placed on sustainable systems and automated processes throughout the entire value chain. Visitors can explore state-of-the-art machinery, fully integrated production lines, and packaging technologies for a wide range of food categories. Complementing this are innovations in food safety and hygiene control – particularly relevant for producers, distributors, restaurateurs, and food retailers. A key feature of the event is the AGRITECT program, which promotes the integration of agriculture and food technology. Showcasing agricultural innovations, it supports the modern use of machinery, storage systems, and processing equipment in farming – a vital step in strengthening local value creation in Cambodia. Combining a specialized trade show, product innovations, and access to a rapidly growing market, FOODTEC Cambodia has become an essential meeting point for professionals in the food industry, mechanical engineering, packaging sector, and agriculture. The event attracts a broad spectrum of visitors, including food and beverage manufacturers, farmers, processors, retailers, logistics providers, and investors seeking modern solutions and new business opportunities. Located on Koh Pich Island in Phnom Penh, the DIECC offers a central, easily accessible venue with modern exhibition facilities that meet international standards – an ideal setting for innovation, networking, and business development in one of Southeast Asia’s most dynamic regions."
North-East Foodtech,28. - 30. January 2028,India,Guwahati,Maniram Dewan Trade Centre,www.foodtechkolkata.com,"The North East Foodtech in Guwahati is a specialized trade fair focusing on the hospitality, bakery, confectionery, food, beverage, sweets, and snack industries. It places a special emphasis on food processing. First held in 2017, it has established itself as one of the leading fairs for the food and hotel industry in Eastern and Northeastern India. The versatility of the fair makes it an ideal platform for sourcing machinery, equipment, and products related to the food industry. It attracts exhibitors and visitors from various parts of the world looking for new business opportunities and partnerships in the region. Its location in the North East Region, a hub of Indian tourism, offers ideal conditions for investments in the hospitality sector. This multi-day event takes place at the Maniram Dewan Trade Centre, a modern and well-equipped exhibition and event venue tailored to the needs of its participants. The center provides ample space for extensive exhibitions and creates a pleasant atmosphere for networking events and business meetings. North East Foodtech also serves as a hub for knowledge exchange and innovation. With workshops, seminars, and discussion panels, it provides a unique opportunity to gain insights into the latest industry trends and technological developments. In summary, the North East Foodtech in Guwahati is an indispensable event for professionals in the food and hospitality industry. It offers an excellent platform for networking, knowledge exchange, and exploring new business opportunities in one of India's most dynamic regions."
IFEX,22. - 24. February 2028,United Kingdom of Great Britain and Northern Ireland,Lisburn,Eikon Exhibition Centre,www.ifexexhibition.co.uk,"The IFEX, Northern Ireland's trade fair for the food and beverage industry, represents a central event for industry players such as restaurant and catering operators, hoteliers, and retailers. The name ""IFEX"" symbolizes innovation and excellence in the food industry. Organized by 365 Events, IFEX showcases the latest products and services in food, beverages, interior design, catering equipment, technology, and services. It reflects the dynamic and innovative nature of the local food and beverage industry and highlights the importance of Belfast and Northern Ireland as key hubs in these sectors. The fair stands out for its impressive variety of products, ranging from bar equipment and alcoholic beverages to specialty foods and waste management solutions. A special highlight is the Great Taste Market, offering an extensive selection of food and beverages, including baked goods, tea, coffee, and gin. The IFEX Coffee Festival is another highlight, focusing on current trends and developments in coffee culture and technology. IFEX also serves as a platform for competitions and award ceremonies. Notably, the cooking competitions and demonstrations, as well as the IFEX Innovation Awards, recognize particularly innovative products. Panel discussions and product presentations further enrich the diverse program. The exhibitors represent a wide range of industries, including catering equipment, food and beverage production, and packaging technologies. The main visitors include professionals such as chefs, catering managers, buyers, hotel managers, and wholesalers."
SIRHA,07. - 09. March 2028,Hungary,Budapest,Hungexpo - Budapest Fair Center,sirha-budapest.com,"SIRHA Budapest is an international trade fair focusing on the food industry, hotel and catering business, bakery and confectionery industry, packaging industry, and gastronomy. The name ""SIRHA"" stands for ""Salon International de la Restauration, de l'Hôtellerie et de l'Alimentation,"" which translates to ""International Salon for Gastronomy, Hotel Industry, and Food."" This fair is held at the HUNGEXPO Budapest Convention and Exhibition Center in Budapest and takes place biennially. The SIRHA Budapest is organized by GL Events, a leading company in the trade fair and event sector. The fair offers a wide range of topics: from food and beverages to the bakery and confectionery industry, kitchen technology, equipment for cafes and bars, furniture, textiles, table decorations, hotel supplies, technologies, and hygiene products. Additionally, innovative solutions in packaging technology and logistics are presented. SIRHA Budapest is significant not only for the local economy but also serves as an important meeting point for international industry experts. The highlights of the fair include professional competitions and presentations such as the Ice Cream Arena, the final of the Public Catering Chef Competition, the Sirha COFFEE CHALLENGE, demonstrations by bakers and confectioners, as well as conferences on various exhibition topics. Special attention is given to the innovation product competition. Exhibitors from different sectors, including manufacturers of food and beverages, providers of kitchen technology and hotel supplies, as well as service providers in the field of hygiene and logistics, showcase their latest products and services. The main visitors of the fair are professionals from these industries, who have the opportunity to network, exchange knowledge, and establish new business contacts. As part of the international Sirha network, SIRHA Budapest is one of several fairs held at various locations worldwide. In conclusion, the HUNGEXPO Budapest Convention and Exhibition Center, the venue for the fair, impresses not only with its modern infrastructure but also with its accessibility. Thus, it provides the ideal setting for an event of this size and internationality."
FoodTec,15. - 16. March 2028,Finland,Helsinki,Messukeskus Expo and Convention Centre,pfsptec.messukeskus.com,"The FoodTec Fair, a key event in the food industry, takes place biennially at Messukeskus, the Expo and Convention Centre in Helsinki. It distinguishes itself as a trade fair for innovations, products, services, and methods in the food industry. The name ""FoodTec"" symbolizes a focus on technologies and technical solutions in the area of food production. The event is organized by Messukeskus Helsinki, a leading organizer of trade fairs and congresses. The fair covers a wide range of topics, including bioenergy systems, machinery and equipment for the food and beverage industry, quality assurance, transport, logistics, packaging, hygiene, cleanliness, waste management, and refrigeration technology. A highlight of the fair is the Sustainable Innovations Competitions, which recognize innovative concepts in packaging, food, and plastics. The program is complemented by expert panels and conferences on current topics such as the circular economy and legal frameworks. Exhibitors from various segments of the food industry, including manufacturers of machinery and packaging materials as well as suppliers of semi-finished and finished products, showcase their latest developments here. The fair attracts professional visitors from these sectors who are keen to learn about innovations and current trends. The location in Helsinki is also noteworthy, embedding the fair in a city characterized by technology and innovation. The easily accessible Messukeskus provides an ideal platform for networking and business development. In summary, the FoodTec Fair is an indispensable event for players in the food industry. It offers a unique opportunity to learn about the latest technologies and trends and to discover sustainable solutions and innovations."
Alimentaria,20. - 23. March 2028,Spain,Barcelona,Fira Barcelona Gran Via,www.alimentaria.com,"The Alimentaria in Barcelona, one of the world's largest trade fairs for food and beverages, serves as a central meeting point for leading manufacturers and suppliers in the industry. This prestigious event, held biennially, is organized by Alimentaria Exhibitions S.A. in cooperation with Fira de Barcelona, a renowned organizer of trade shows and congresses on an international level. Designed as a trade fair, Alimentaria primarily targets decision-makers from various sectors of the food industry, including retail, catering, and food technology. It provides a unique platform for exchanging ideas, discovering new products and innovations, and for establishing business contacts. Covering a wide range of topics, the fair focuses on current trends and developments in the food and beverage industry. Visitors can expect a variety of products and services – from traditional and organic foods to innovative food technologies, packaging solutions, and culinary offerings. One of the highlights of Alimentaria are the specialized areas that illuminate specific segments of the industry, such as wines and spirits, organic foods, international foods, and innovative gastronomy concepts. These areas offer targeted information and direct insights into specific markets. The fair is held at the Fira Barcelona Gran Via venue, one of the largest and most modern exhibition complexes in Europe. Fira Barcelona Gran Via impresses with its excellent infrastructure and accessibility. Its extensive exhibition space enables exhibitors to present their products and services to an international audience. In summary, Alimentaria in Barcelona is not only a showcase for the latest products and innovations in the food and beverage industry but also provides a valuable platform for professionals to network, form partnerships, and stay informed about forward-looking industry trends. The fair confirms its role as one of the leading platforms for the global food industry."
SupplySide Connect New Jersey,04. - 05. April 2028,USA,Secaucus,Meadowlands Exposition Center,newjersey.supplysideconnect.com/en/home.html,"The SupplySide Connect New Jersey trade show serves as a leading platform in the health and nutrition industry. Organized by Informa Markets, a trading division of Informa PLC, it brings together buyers and suppliers from the fields of dietary supplements, functional foods, beverages, personal care, and sports nutrition. The event's goal is to foster networking and present the latest industry trends and scientific innovations. SupplySide Connect New Jersey showcases a diverse range of products and services—from ingredients for food and beverages to flavors, production machinery, packaging, and lab testing. The broad array of exhibitors includes contract manufacturers, wholesalers, distributors, and legal and regulatory representatives, making it a comprehensive industry event. The main attendees are professionals such as product developers, marketing experts, and business leaders who seek to stay informed about new trends and forge business relationships. The fair also offers a variety of educational and networking events, including workshops with experts and specialized forums, making it an indispensable event for stakeholders in these dynamic markets."
Tuttofood,08. - 11. May 2028,Italy,Rho,Fiera Milano,www.tuttofood.it,"TUTTOFOOD , the international trade fair, is a key platform for innovation, quality, and diversity in the food and beverage industry. Since its debut in 2007, it has become a major meeting point for the global food sector and takes place every two years at the Fiera Milano exhibition center in Rho, near Milan. The name “TUTTOFOOD” combines the Italian word Tutto (everything) with the English Food, aptly reflecting the fair’s comprehensive scope. The event is organized by Fiera Milano S.p.A., one of Europe’s leading trade fair organizers. TUTTOFOOD is exclusively aimed at professionals from across the food industry, bringing together producers, distributors, buyers, restaurateurs, importers, and decision-makers from over 140 countries. The focus lies on current industry topics such as sustainability, food trends, technological innovation, and developments throughout the entire value chain. TUTTOFOOD is distinguished not only by the wide range of products on display – from fresh and frozen foods, delicacies, pasta, confectionery, dairy and meat products to beverages, functional foods, and plant-based alternatives – but also by the high quality of its exhibitors and its strong emphasis on fostering international exchange. Dedicated areas such as the Startup Area, the TUTTOFOOD Academy featuring top chefs from APCI, and the Bellavita Expo, which celebrates Italian culinary culture, further enrich the trade fair experience. Another highlight is the TUTTOFOOD Street Experience, which takes visitors on a multisensory journey of taste. The Mixology Experience has also established itself as Italy’s largest platform for the beverage and hospitality sectors. In forums such as the Better Future Arena and the Cibus Link Arena, pressing issues related to food, supply chains, and consumer behavior are discussed in a practical, solution-oriented, and forward-thinking manner. TUTTOFOOD exemplifies Italy’s culinary excellence – from traditional craftsmanship to cutting-edge food-tech innovations. The venue, Fiera Milano, is among the most modern exhibition centers in Europe. Its excellent transport connections via highways, public transit, and Milan-Malpensa International Airport make it an ideal location for an event of this scale. TUTTOFOOD is more than just a trade fair – it is the international meeting point for all those who want to help shape the future of food."
Venditalia,10. - 12. May 2028,Italy,Rimini,Rimi Expo Center,venditalia.com,"Venditalia is the leading international trade fair for the vending industry and was established in 1998. The name ""Venditalia"" is derived from the Italian words for sale (Vendita) and Italy (Italia), emphasizing the event's central importance to the Italian vending sector. It is held biennially at Rimini Expo Centre, usually in the spring. Organized by Venditalia Servizi Srl, a company wholly dedicated to promoting the vending industry, the fair showcases a wide array of products and services from various sectors of the vending industry. These include food and non-food vending machines, payment systems, IT solutions, security technologies, packaging, personnel equipment, and logistics services. Additionally, fresh produce, ready meals, disposable items, water dispensers, and products and ingredients for hot and cold beverages and confectionery snacks are also presented. A key aspect of Venditalia is its role as a platform for innovation within the industry. Exhibitors and visitors from around the world introduce and discuss the latest products, technologies, and market trends. The main topics include machines for hot and cold beverages, snacks, fresh and prepared meals, as well as various services and technical solutions for vending sales. The fair is also of significant local importance as it represents the economy of the Milan region and the Italian vending industry on an international scale. Highlights include forums and conferences with industry experts, business matchmaking events, and workshops that provide additional expertise and business opportunities. Exhibitors and primary visitors to Venditalia come from diverse sectors, including manufacturers of vending machines and consumables, IT companies, and service providers. The fair serves as an important platform for professionals from these areas to network, initiate business, and stay informed about current trends and technologies. The Rimini Expo Centre, the venue for the fair, is easily accessible via public transportation and major roadways and offers modern facilities that meet the requirements of an international trade fair. In conclusion, Venditalia is an indispensable event for all stakeholders in the vending sales industry, driving innovation and business developments forward."
IFFA,13. - 18. May 2028,Germany,Frankfurt,Messe Frankfurt,iffa.messefrankfurt.com,"IFFA – the International Trade Fair for the Meat Industry – is the world’s leading trade show for processing, packaging, and marketing of meat and alternative proteins. Held every three years at the Frankfurt exhibition grounds, it has evolved since its inception into the globally recognized flagship event for the sector. As an exclusive business platform, it is open solely to trade visitors and brings together top-tier exhibitors and decision-makers from across the entire meat processing value chain – from craft and industry to retail. The organizer of IFFA is Messe Frankfurt GmbH, one of the world’s largest trade fair companies, headquartered in the heart of Europe. The company is known for its global reach, state-of-the-art infrastructure, and decades of expertise in hosting specialized trade events. What sets IFFA apart is its distinct focus on the future of the meat and protein industry. At its core are key themes such as peak technological performance, data-driven value creation, practical sustainability, and product innovation. Visitors gain first-hand insights into the use of cutting-edge technologies like artificial intelligence, robotics, and sensor systems to automate and optimize production processes. At the same time, the show highlights sustainable packaging concepts, energy-efficient systems, and alternative protein sources – including plant-based solutions, fermentation, fungi, and cell cultures. These innovations address emerging dietary trends and open up new market opportunities. The exhibition is organized into five thematic zones, known as the “IFFA Worlds”. The World of Processing focuses on machinery and technology for efficient processing. The World of Packaging showcases innovative, often plastic-reduced packaging solutions. The World of Ingredients presents spices, additives, and auxiliary materials for product refinement. The World of New Proteins is dedicated entirely to alternative proteins, providing a platform for start-ups, research, and product development. In the World of Skills and Sales, craftsmanship, sales expertise, and culinary talent take center stage – enhanced by competitions and live demonstrations that make the visitor experience especially dynamic. Exhibitors primarily come from the fields of machinery and plant engineering, food technology, packaging, ingredients, logistics, and research and development. Visitors include professionals from the meat industry, food production, wholesale and retail sectors, as well as from start-ups and innovation departments. IFFA is more than just a trade fair – it is a reflection of a transforming industry, a catalyst for new business models, and a key venue where global trends are shaped. Its location in Frankfurt am Main provides access to a modern exhibition center with excellent connections to Frankfurt International Airport, the railway network, and major highways. For anyone looking to shape the future of the meat and protein industry, IFFA is the place to be."
ILDEX Vietnam,07. - 09. June 2028,Vietnam,Ho Chi Minh City,SECC Saigon Exhibition & Convention Center,www.ildex-vietnam.com,"ILDEX Vietnam is an international trade fair for livestock farming, dairy and meat processing, and aquaculture in Southeast Asia. Since its establishment in 2006, it has evolved into a key industry gathering, showcasing the latest technologies, products, and innovations in these essential sectors. Organized by VNU Exhibitions Asia Pacific Co., Ltd., the fair takes place biennially at the Saigon Exhibition and Convention Center (SECC) in Ho Chi Minh City, Vietnam, attracting professionals and exhibitors from around the world. As a leading trade and innovation forum, ILDEX Vietnam brings together top companies, experts, and decision-makers from sectors such as animal breeding, animal health, feed production, husbandry technology, slaughter and processing technologies, packaging solutions, cold chain systems, aquaculture, wastewater treatment, as well as sustainability and environmental protection. The fair provides industry professionals with opportunities to stay informed about current trends, establish valuable business connections, and explore practical solutions to meet the industry's growing demands. A particular highlight of ILDEX Vietnam includes live demonstrations of cutting-edge technologies, expert lectures from renowned industry leaders, and high-level networking events that offer valuable insights and collaboration opportunities. ILDEX Vietnam is part of the international ILDEX trade fair series, which is also held in other Asian countries and is closely aligned with Vietnam’s economic and agricultural development goals. As one of the fastest-growing markets in the agricultural and food industries, Vietnam gives the fair both national and global significance. The event attracts professionals from agriculture, food production, trade, research, and government institutions. Companies seeking advanced technologies and solutions to enhance efficiency in food production will find an exclusive platform for direct exchange with international experts. The Saigon Exhibition and Convention Center (SECC) in Ho Chi Minh City offers a world-class infrastructure with state-of-the-art facilities and excellent connectivity to Tan Son Nhat International Airport. As Vietnam’s economic hub, Ho Chi Minh City combines a dynamic business environment with rich cultural heritage. With its strong focus on forward-looking solutions and the Asian market, ILDEX Vietnam is an essential platform for all stakeholders in the agricultural and food industries who want to stay at the forefront of the sector’s latest developments."
Rice & Grain Expo,Date still unknown,India,Jodhpur,Amargarh Resort by Neelkanth Alura,epiceventsorganizers.com/introduction.html,"With around 50 exhibitors, the Rice & Grain Expo presents technical grain milling innovations and farm related products and each year attracts hundreds of visitors from around the country, but more specifically the region. On the one hand, there are manufacturers of milling units and their allied product manufacturers, displaying their products, innovations and all other aspects via stall displays, screen presentations, dedicated time to interact with their audience, etc., while on the other hand, there are the respective buyers who get together to see what is the new technology available in the market and what suits their needs best in order to get involved with the manufacturers and convert to deals. The target audience of the fair is decision makers, millers, resellers, etc. The exhibition venue is easy to reach and out of the congested area. Ample parking is provided."
UpperCrust Food & Wine Show,Date still unknown,India,Mumbai,World Trade Centre,www.theuppercrustshow.com,"At World Trade Center Bangalore the UpperCrust Food & Wine Show is held every year, an event offering a wide range of food and beverages including bar and kitchen equipment. The products will be presented to the visitors by about 100 exhibitors in an appealing way. For all gourmets and amateur chefs, but also for international trade visitors from the gastronomy, a visit to the fair has become an absolute must and a feast for the senses. In the daily cookery demonstrations and tastings chefs and restaurant owners can get valuable suggestions. The event is a guarantee of success for the launch of new products and brands in accordance with the new, modern lifestyle of India."
Nepal Food & Beverages Expo,Date still unknown,Nepal,Kathmandu,Bhrikuti Mandap Exhibition Hall,nepalfoodexpo.com,"The Nepal Food & Beverages Expo, organized by Futurex Trade Fair & Events Pvt. Ltd., is a professional trade show held at the Bhrikuti Mandap Exhibition Hall in Kathmandu, a prominent center for expos in Nepal. This event targets a professional audience, including retailers, wholesalers, importers, and many other key players in the food and beverage sector. The Expo covers a wide range of topics, featuring food additives, an assortment of beverages – including beer, craft beer, cider, and non-alcoholic options – preserved and processed foods, chilled and frozen foods, chocolate, cocoa, and confectionery, concentrates, cocktails and mixes, spices and sauces, confectionery, snacks and sweets, ready meals and staples, dairy and egg products, fresh fruits and vegetables, meat, poultry and seafood, organic foods, ingredients and premixes, instant coffee and tea, juices and other beverages, as well as superfoods and vegetarian foods. The Expo is known for its extensive diversity of products and services, offering participants a chance to discover the latest trends and innovations in the food and beverage industry. It also serves as a showcase for new and emerging brands looking to present their products to an international audience. A key feature of the Nepal Food & Beverages Expo is the opportunity for direct business networking and staying informed about the latest market developments. The event also provides a forum for discussions and workshops, offering valuable insights into the industry. In summary, the Nepal Food & Beverages Expo is a vital meeting point for professionals in the food and beverage industry, offering a comprehensive overview of the latest products, services, and trends. It plays a crucial role in promoting trade and partnerships within this dynamic sector."
Fine Food Poland,Date still unknown,Poland,Warsaw,DTBJ Warsaw Exhibition Center,finefoodpoland.pl,"The Fine Food Poland is an annual international trade fair for food and beverages, food machinery, and technologies held in Warsaw. Since its inception in 2022, it has quickly established itself as an important platform connecting international companies in the food and beverage industry with local importers, dealers, manufacturers, and professionals in Poland. The fair is organized by the Polskie Biuro Numizmatyczne. At Fine Food Poland, international producers and local suppliers present their range, set new trends, and develop innovative highlights. The fair is specifically designed for professional visitors from wholesale and retail, gastronomy, hotel industry, the technical sector, and the manufacturing industry. The exhibition is distinguished by a diverse accompanying program that includes tasting events, impressive presentations, and culinary shows. These events take place at stands and in special tasting areas, making the fair an interactive and experiential environment for visitors. Another feature of Fine Food Poland is its coexistence with Wine Expo Poland and the Warsaw Oil Festival, two significant international exhibitions for wine and edible oils. These concurrent events create synergies that increase visitor numbers and business opportunities for all involved sectors. The fair takes place in the DTBJ Warsaw Exhibition Center, a modern and spacious venue ideal for such large international fairs. The center offers advanced facilities and services that ensure an efficient and enjoyable fair experience for both exhibitors and visitors. Overall, Fine Food Poland is not just a platform for business opportunities but also a showcase for innovations and trends in the food and beverage industry, making it a must for professionals in this sector."
Saudi Horeca,Date still unknown,Saudi Arabia,Jeddah,Jeddah Superdome,www.saudihoreca.com,"Since 2023, the Saudi Horeca, a prominent trade fair for the hotel, restaurant, and café industry, has been held annually at the Jeddah Superdome in Jeddah. The name ""Horeca"" symbolizes the fair's core areas: hotel, restaurant, and café. The SEMARK Group, a renowned organization in the region, is responsible for organizing the event. The Saudi Horeca has established itself as a central hub for professionals in the hotel, gastronomy, and beverage industries in the Kingdom of Saudi Arabia and beyond. It offers a wide range of products and services, including food, beverages, kitchen technology, uniforms, furniture, and decor for restaurants and cafes, as well as hospitality services. A distinctive feature of the fair is its close connection to the local culture and economy. It serves as a platform for national and international exhibitors and visitors from various industries, reflecting the culinary trends and innovations of the region. Highlights of the fair include live cooking sessions with renowned chefs, tastings, and various competitions such as the Oriental Cuisine Competition and the Barista Competition. These are complemented by conferences and live talks with industry experts. Saudi Horeca is part of the Horeca Exhibitions Series, which takes place in various countries of the Middle East and is among the largest of its kind in the region. The fair is held annually at the Jeddah Superdome in Jeddah, primarily attracting visitors from the hotel, restaurant, and café sectors. The Jeddah Superdome, a modern and well-equipped exhibition center, is easily accessible and offers an ideal environment for this important industry event. This venue provides an excellent platform for business networking, discovering the latest trends, and immersing in the rich culture and culinary diversity of Saudi Arabia. Thus, Saudi Horeca at the Jeddah Superdome promises to be a vibrant center of hospitality in the Middle East."
FOOD TECHNOLOGY,Date still unknown,Moldova,Chişinău,International Exhibition Centre MoldExpo,moldexpo.md/exhibitions,"The FOOD TECHNOLOGY trade fair is a symbol of technological progress in food processing and is recognized as the leading professional event for food technology, processing, and safety in the Republic of Moldova. Held annually at the International Exhibition Centre (IEC) MoldExpo in Chișinău—the country's largest and most modern exhibition and congress venue—the event is organized by I.E.C. MOLDEXPO S.A. This experienced organizer of international trade fairs has long been a catalyst for economic exchange and technological advancement in the region. Combining technical depth with regional significance and international appeal, the fair targets trade visitors and industry professionals from the fields of food processing, packaging, gastronomy, storage, and quality assurance. It is especially relevant for manufacturers, distributors, engineers, technologists, food service professionals, and representatives from research institutions and regulatory bodies involved in food safety and production. The spotlight is on cutting-edge technologies for processing baked goods, meat, dairy, and confectionery products, as well as innovative refrigeration and storage solutions, hygiene systems, and specialized software for production control and quality management. Equipment for the food service industry, climate and ventilation systems, and laboratory technology also play a central role. The overarching focus is on sustainability, energy efficiency, and technological advancement—key themes aligned with the current demands of the sector. A diverse supporting program featuring live demonstrations, expert lectures, seminars, and workshops turns the fair into a hands-on knowledge platform. FOOD TECHNOLOGY is a permanent fixture in Moldova’s trade fair calendar—not a touring format. It brings together experts from both home and abroad in Chișinău, the Republic of Moldova’s most economically and culturally significant city. Thanks to its central location in Eastern Europe and well-developed infrastructure, the capital is an ideal venue. The MoldExpo fairgrounds are easily accessible from both the international airport and the city center—creating the perfect conditions to actively shape the future of the food industry."
Salon agriculture nouvelle-aquitaine,Date still unknown,France,Bordeaux,Parc des Expositions,www.salon-agriculture.fr,"The Salon de l’Agriculture Nouvelle-Aquitaine is the most important regional agricultural fair in western France. Held annually at the Parc des Expositions in Bordeaux, it is organized by BEAM – Bordeaux Events And More , in close collaboration with the network of Chambers of Agriculture of the Nouvelle-Aquitaine region. This fair is much more than a simple product exhibition: it offers a unique platform that showcases the diversity and innovative strength of regional agriculture — appealing to both industry professionals and the general public. Key themes include animal breeding, food, sustainable farming, the environment, and energy. Special emphasis is placed on educational programs and the promotion of young talent in the agricultural sector. On an exhibition area of over 10,000 m², visitors can experience the presentation of more than 400 cattle, 300 horses, and 100 sheep — including breeding competitions, sheep shearing demonstrations, and herding dog performances. The fair vividly combines agricultural practice with in-depth knowledge-sharing — for farmers, breeders, students, and anyone interested in the future of agriculture. A major attraction is the Marché des Producteurs, where local producers present their specialties. The culinary offerings range from cheese, cured meats, and duck products to oysters, honey, wines, and Armagnac. The tasting experience is enhanced by live cooking shows featuring renowned regional chefs and the Comptoir des Vins, which offers a curated selection of award-winning wines for sampling. This creates a flavorful link between agriculture and regional identity — deeply rooted in the culture of Nouvelle-Aquitaine. Special thematic areas such as Aquitanima (cattle breeding), the Journées Ovines (sheep farming), and Equitaine (horse breeding and equestrian sports) bring the expertise of each sector to life in an engaging and hands-on way. Alongside products and animals, these zones also focus on career paths and training opportunities — with the aim of inspiring young people to pursue a career in agriculture. The majority of exhibitors come from sectors including agriculture, food processing, viticulture, livestock breeding, environmental technology, and renewable energy. The audience is just as diverse: farmers, winemakers, gastronomy professionals, trainees, families, and tourists all find relevant content and engaging offerings. The venue — the modern Parc des Expositions — is conveniently located and easily accessible by car or public transport. Situated close to the city center, Bordeaux provides the perfect setting for a trade fair that combines agriculture with quality of life, innovation with tradition, and regional identity with international appeal."
Naturally Good,Date still unknown,Australia,Sydney,International Convention Centre ICC,naturallygood.com.au,"The Naturally Good is Australia’s leading trade show for natural, organic, and health-focused products. Since its inception in 2015, it has been held annually at the renowned International Convention Centre (ICC) in Sydney. Exclusively open to trade professionals, the event targets retailers, wholesalers, hospitality businesses, healthcare providers, and industry experts seeking to explore the latest trends, developments, and innovations in one of the region’s fastest-growing markets. The expo is organized by Diversified Communications Australia, a company with extensive experience and expertise in producing trade shows and conferences. The Naturally Good features a diverse concept that spans a wide range of products and services—including organic food and beverages, nutritional supplements, natural cosmetics, personal care items, and sustainable household and lifestyle products. A key highlight of the event is its in-depth content. Through the “Pulse Stage” program, visitors gain valuable insights into forward-looking topics such as consumer trends, behavioral analysis, regenerative agriculture, the rising importance of specialty and gourmet foods, and the latest developments in vitamins and supplements. Experts also offer practical knowledge on premium products for everyday shopping and new standards in certified organic goods. One of the standout features is the “Pitch Fest,” where start-ups present their products and business ideas to an audience of industry professionals and potential investors—providing a crucial platform for new market entrants. Centrally located on the vibrant Darling Harbour waterfront, the ICC Sydney offers a modern, easily accessible venue with striking architecture—an ideal setting for this dynamic trade fair. In addition to product showcases and networking opportunities, the event includes expert talks, seminars, and awards, making the Naturally Good a pioneering platform for exchange, growth, and innovation in the natural and healthy products sector."
Free From Show,Date still unknown,South Africa,Cape Town,CTICC Cape Town International Convention Center,freefromshow.com,"The ""Free From Show"", an integral part of the broader ""Good Life Show"" in Cape Town, was launched in 2024 as an innovative trade fair. Its name reflects its focus on products and foods that are free from allergens, gluten, and other ingredients that often lead to dietary restrictions. This fair takes place annually at the Cape Town International Convention Centre and is organized by Live Events Africa (Pty) Ltd. The ""Free From Show"" has established itself as a unique platform, demonstrating that dietary restrictions do not have to limit one's enjoyment of life. It emphasizes the variety and quality of products that meet these special needs. The main themes of the fair include allergen-free foods, gluten-free products, and general nutritional innovations that contribute to a healthy and sustainable lifestyle. The fair showcases numerous products specifically aimed at people with special dietary needs or food intolerances. These include products free from common allergens like nuts, soy, milk, eggs, and wheat, a wide range of gluten-free foods such as bread, pasta, snacks, and baked goods – suitable for people with celiac disease or gluten intolerance – as well as lactose-free and dairy-free alternatives. Additionally, vegan and vegetarian products, items made without artificial additives, pesticides, or genetically modified organisms, supplements and vitamins offering health benefits, and foods for special diets like Paleo, Keto, or Low-Carb are also featured. A special highlight of the fair is the testing area, where renowned international and local chefs present their creations. Visitors can participate in cooking demonstrations, taste sample portions, and learn simple methods for preparing healthy, tasty, and sustainable dishes. Moreover, the fair offers lectures and discussion rounds from experts in culinary arts, nutrition science, and sustainability, as well as interactive master classes and yoga sessions. The fair attracts exhibitors from various industries, including food and beverage manufacturers, health and wellness companies, and providers of environmentally friendly products. It serves as a meeting point for professionals from these fields as well as interested consumers. The ""Free From Show"" has a special connection to the city of Cape Town and to South Africa, highlighting the growing importance of health, sustainability, and allergen awareness in the region. As part of a series of fairs held globally, it represents a significant attraction in the world of fairs. In conclusion, it is important to emphasize that the CTICC-Cape Town International Convention Centre impresses not only with its modern architecture and excellent facilities but also with its central location and easy accessibility. It provides an ideal setting for a fair that promises an unforgettable experience for both visitors and exhibitors."
Gourmet Festival,Date still unknown,Germany,Mönchengladbach,Hindenburgstraße,gourmetfestivals.de,"The Gourmet Festival Mönchengladbach (GFM) was first held in 2019 and has since established itself as a fixture in the city’s event calendar. This annual celebration of fine food provides an exclusive platform for culinary diversity and high-quality delicacies. Organized by the experienced event agency Wellfairs GmbH, the festival caters to both trade professionals from retail, gastronomy, and hospitality sectors, as well as private visitors with a passion for exceptional taste experiences. GFM has come to stand not only as an abbreviation for the event itself but also as a synonym for indulgent variety and sophisticated cuisine. Every summer, Hindenburgstraße in the heart of Mönchengladbach transforms into a bustling gourmet boulevard. The spotlight is on themed culinary zones. Exhibitors showcase fine delicacies, exquisite wines, craft beer, spirits, handmade chocolates, regional cheese specialties, international street food trends, and sustainably produced organic products. The offerings range from traditional artisanal goods from small manufacturers to innovative food start-ups presenting their concepts to the public for the first time. A particular highlight is the accompanying live program, featuring cooking shows, tastings, and workshops where renowned chefs demonstrate their skills—often in direct interaction with the audience. Exhibitors include food producers, beverage manufacturers, gourmet importers, organic vendors, street food concepts, as well as companies from the kitchen technology and food service sectors. Visitors have the opportunity not only to sample and purchase products but also to engage in personal conversations with producers and industry professionals—an aspect that appeals to both culinary enthusiasts and professionals alike. The festival is further enriched by product presentations, tasting formats, and live cooking demonstrations on site. The Gourmet Festival Mönchengladbach is part of a nationwide series of events organized by Wellfairs GmbH, with additional editions held in other German cities. The strong connection to the city is reflected not only in its central location but also in the active involvement of local partners, producers, and restaurateurs who help shape the festival. Hindenburgstraße is easily accessible: Mönchengladbach’s main train station is just a short walk away, and numerous parking options are available nearby for those arriving by car. As such, the Gourmet Festival is more than just a culinary highlight—it is a sensory experience right in the heart of Mönchengladbach."
PotatoEurope,Date still unknown,Netherlands,Lelystad,Wageningen University & Research Field Crops,potatoeurope.nl,"PotatoEurope is a specialized trade fair dedicated to the entire potato value chain. Under the motto ""Farm to Fork,"" it provides a platform for showcasing the latest developments in potato cultivation and related machinery. The event rotates annually among its four partner countries: the Netherlands, Germany, Belgium, and France. The fair is organized by DLG Benelux B.V., which presents a comprehensive range of agricultural machinery, cultivation tips, and new technologies. Key themes include sustainable cultivation, technological innovations in agricultural engineering, and optimization approaches in potato processing. ""PotatoEurope"" features advanced cultivation methods and state-of-the-art harvesting machines. It attracts professionals from fields such as agriculture, agricultural technology, food processing, and biotechnology. Another highlight is the practical demonstrations and competitions, where visitors can experience the latest techniques and machinery under real conditions. Additionally, awards are given for outstanding innovations. Each venue offers the opportunity to explore regional specialties and cultural aspects of potato production. The changing locations are easily accessible and allow visitors to gain professional insights as well as experience local culture and hospitality. In summary, ""PotatoEurope"" is a pivotal event for stakeholders in the potato industry and those interested in modern agricultural technologies. With its placement in leading European potato-producing countries, it provides comprehensive insights into the advancements and challenges of the sector."
Ostpro,Expected September 2026,Germany,Berlin,Trabrennbahn Karlshorst,www.scot-messen.com,"The Ostpro in Berlin was founded in 1991 and has since established itself as the leading sales and order fair for East German products in Germany. Initiated by the Scot Messen & Marketing GmbH, its primary purpose was to serve as a platform for companies from the newly formed German states. Its main objective was to provide a fresh marketing and presentation platform for products from the former East Germany that had fallen into oblivion. The Ostpro typically takes place semi-annually in April and November, consistently drawing visitors to the legendary Berlin-Karlshorst racecourse. This historic venue, renowned for its horse races, imparts a unique atmosphere to the fair, marking it as a standout event on Berlin's cultural calendar. The fair is split into two main events: the ""Spring Ostpro"" and the ""Christmas Ostpro"". While the spring edition focuses on the season of renewal, the Christmas Ostpro showcases a festive range of products perfect for the holiday season. Additionally, a subsidiary of the Christmas Ostpro takes place in Erfurt, emphasizing its popularity in East Germany. The central theme of the Ostpro is the presentation and sale of products and services rooted in the former East Germany. Many of these products have found their way back to store shelves thanks to the fair, cultivating a renewed appreciation for regional goods. Another unique feature of the Ostpro is its cult status. It serves as a Mecca for all enthusiasts of East German products. The high demand and sustained interest in these iconic goods underscore the enduring allure of the ""East German flair."" As a purely public fair, the Ostpro is open to the general public, offering a unique opportunity to delve into the cultural and historical depth of products from East Germany. In summary, the Ostpro is more than just a fair – it's an experience. It connects people, evokes nostalgic sentiments, and celebrates the cultural diversity and legacy of the former East Germany. Nestled amidst the history and charm of the Berlin-Karlshorst racecourse, the Ostpro comes alive anew each year, captivating visitors from near and far."
Histoire Zen,Expected October 2026,France,Arles,Palais des Congrès d'Arles,www.histoirezen.com,"The Histoire Zen fair in Arles is the leading event for well-being, alternative medicine, and organic products in the Provence-Alpes-Côte d’Azur region. Since its inception, it has established itself as an essential gathering for health-conscious individuals, professionals, and enthusiasts passionate about natural healing methods, spirituality, healthy nutrition, and sustainable lifestyles. As a public fair, it is open to everyone and attracts numerous exhibitors, experts, and visitors each year. Organized by Histoire Zen, the fair provides a unique platform for exhibitors to showcase innovative products and services in naturopathy, aromatherapy, organic cosmetics, meditation, yoga, massages, Feng Shui, healing stones, detox programs, and much more. Particularly noteworthy are the expert lectures and workshops by renowned professionals, offering valuable insights for enhanced well-being and inner balance. The Histoire Zen fair takes place at various locations each year. The Arles edition is hosted at the prestigious Palais des Congrès d'Arles, a centrally located, modern venue with first-class infrastructure. Whether a professional or a private visitor, Histoire Zen is the ideal place to gain new inspiration for a healthy lifestyle, engage with experts, and immerse yourself in a unique atmosphere of mindfulness and harmony."
Trade Expo Indonesia,Expected October 2026,Indonesia,Tangerang,ICE Indonesia Convention Exhibition BSD City,tradexpoindonesia.com,"The Trade Expo Indonesia (TEI) is an annual trade fair held every October at the Indonesia Convention Exhibition (ICE) in BSD City, Tangerang. Since its inception in 1985, it has been organized by PT Debindomulti Adhiswasti (DEBINDO). Over a period of four days, the expo provides a comprehensive platform for Business-to-Business (B2B) and Business-to-Consumer (B2C) interactions, aimed at promoting the growth of export products and accelerating their expansion into international markets. Under the theme ""Moving Forward to Serve The World"" , Trade Expo Indonesia showcases an impressive array of exhibitors, ranging from top local products to innovative and technologically advanced goods and services. The main focus of the expo is on Food, Beverage & Agricultural Products , featuring a wide variety of offerings such as roasted coffee beans, organic beverages, seafood, and spices. Trade Expo Indonesia stands out for its specialized offerings, spanning from general food and beverage items to niche agricultural products. In addition to the exhibitions, the event also includes seminars, business matchmaking sessions, and trade missions, designed to create new business opportunities and market expansions for both global and local suppliers. A particular highlight of Trade Expo Indonesia is the range of side events, which include the Trade, Tourism, and Investment Forum , business matchmaking, corporate consulting, regional discussion panels, meetings with international and local trade representatives, an Export Start-Up Competition , and a talk show. These events offer extensive networking and learning opportunities. The venue, the Indonesia Convention Exhibition (ICE) in BSD City, is one of Indonesia’s largest and most modern exhibition centers. This state-of-the-art facility supports the ambitious goals of TEI by providing optimal conditions for exhibitors and visitors alike to foster business relationships and strengthen international connections. Overall, the Trade Expo Indonesia is a key event for showcasing and promoting the quality and diversity of Indonesian exports on the global stage. It is an indispensable event for industry insiders and interested consumers worldwide."
iFood Expo,Expected October 2026,Iran,Mashad,Mashhad International Exhibition Center,mashhad.ifoodexpo.com,"The iFood Expo is considered one of the leading international trade fairs dedicated specifically to the food and food processing industry. The name ""iFood"" stands for ""International Food"", reflecting the event's global orientation and its significance as a central meeting point for players in the worldwide food sector. This expo takes place annually in Mashhad, a city recognized for its role as one of the most important centers for the food industry in Iran. The Mashhad International Exhibition Center serves as the stage for the gathering of professionals and thousands of visitors from all over the world. The iFood Expo is organized by Barsaz Rooydad Pars (BRP Co.), a company specialized in organizing international trade fairs. The main topics of the iFood Expo cover a broad spectrum, including food, flour and bread products, beverages, dairy products, pastries and chocolate, as well as food and packaging machinery. The fair's objective is to showcase the latest technologies, highlight the expertise of producers, and facilitate the initiation of business contacts. A diverse range of products and services is presented at the expo: coffee beans in all variations, sauces, spices, chicken meat, eggs and related products, dried fruits and nuts, drinks such as juices and teas, as well as equipment for processing and packaging, and refrigeration technology. Moreover, new inventions and high-tech machines are showcased, making the fair a window to innovation. Glass lids, boxes, cartons of all kinds, coders, packaging, foils, labels, and packaging machines, as well as weighing and filling machines, are also part of the exhibition offerings. The fair reflects Mashhad's and Iran's immense potential for industrial investments in the food sector and contributes to emphasizing the economic significance of the region. It also promotes the exchange between the local market and international trends and technologies. Highlights of the expo include conferences and professional lectures. The exhibitors represent the most diverse segments of food production and processing, including decision-makers and manufacturers. The target audience of the fair primarily consists of professionals from the food industry, suppliers, officials, and manufacturers, who take the opportunity to network, discover the latest products and technologies, and finalize business deals. The Mashhad International Exhibition Center impresses as a modern and easily accessible fair center. Mashhad itself, a significant religious and cultural center in Iran, offers visitors not only business opportunities but also cultural enrichment. In summary, the iFood Expo is an indispensable event for industry insiders and offers a unique insight into the future of food production and technology in a region rich in tradition yet attracting progressive industrial investments."
iFresh,Expected November 2026,China,Hangzhou,Hangzhou International EXPO Center,en.yaguo.cn,"The ""iFresh"" Expo, established in 2012, has emerged as an international trade fair and central platform for the fruit and vegetable industry. Organized by the China Fruit Marketing Association, it takes place annually at the Hangzhou International Expo Center, one of China's leading exhibition centers, known for its modern architecture and top-notch facilities. At the heart of the iFresh Expo is the presentation and exchange of knowledge, products, services, and technologies related to fruit and vegetable production. The event attracts professionals from around the globe, including producers, traders, service providers, and distributors, both domestic and international. A standout feature of the expo is its wide-ranging offerings. With space for hundreds of exhibitors and more than 10,000 professional visitors, it provides a dynamic platform for business networking and knowledge sharing. Exhibitors showcase a comprehensive range of products and services, from fresh fruits and vegetables to processing technologies, packaging solutions, and logistics. Another highlight of iFresh is the China Fruit Marketing Congress. It addresses current and pressing issues in the industry, including forecasts for fruit cultivation, analyses of current market trends, and development strategies. The expo is particularly distinguished by its commitment not just to be a platform for business transactions, but also to promote a shared vision for the future of the Asian fruit and vegetable market. It brings together industry experts worldwide and encourages dialogue and collaboration to develop innovative solutions and sustainable practices in the global fruit and vegetable industry."
MEAT DAYS,Expected November 2026,Greece,Athens,Metropolitan Expo,mdfexpo.gr,"MEAT DAYS , formerly known as MEAT & GRILL DAYS , is a leading trade fair in Greece, specializing in the meat industry and related equipment. It is part of the larger MEAT/DAIRY/FROZEN Expo and is organized by o.mind creatives . As a biennial event, it primarily caters to professionals from slaughterhouses, butcheries, as well as wholesale and retail sectors. It also offers valuable insights and networking opportunities for engineering firms, researchers, and industry organizations. The exhibition is held at the modern and easily accessible Athens Metropolitan Expo , located near Athens International Airport. It covers the entire value chain of meat production and processing. Its exhibition space showcases a wide range of products and services – from meat and meat products to advanced processing machinery, slaughterhouse equipment, and innovative refrigeration technologies. Additionally, solutions for food logistics and specialized offerings for the foodservice and retail sectors, including high-quality grilling equipment and kitchen appliances, are on display. A key feature of MEAT DAYS is its commitment to sustainability and innovation. The event hosts platforms such as workshops and presentations where topics like meat product traceability, the integration of alternative proteins, and new market demands are discussed. These sessions address both current industry trends and future challenges, presenting innovative approaches within the meat industry. Moreover, competitions and presentations by industry experts enrich the event’s program, making MEAT DAYS an essential meeting point for professionals in the meat, dairy, and frozen food sectors. It fosters the exchange of expertise and best practices. Overall, MEAT DAYS provides a unique opportunity to learn about the latest technologies and trends in the meat industry, strengthen business relationships, and gain insights into the future development of the sector."
SIAL InterFOOD,Expected November 2026,Indonesia,Jakarta,JIExpo Jakarta International Expo,sialinterfood.com,"The SIAL InterFOOD is a leading international trade fair for the food and beverage industry, held annually at the JIExpo Jakarta International Expo in Indonesia. The name ""SIAL"" stands for ""Salon International de l'Alimentation"", which translates to ""International Food Salon"", emphasizing the global significance of this event. It is organized by the SIAL Group in collaboration with Krista Exhibitions and is part of a global series of SIAL trade fairs. At this fair, manufacturers, traders, and professionals from the gastronomy and retail sectors gather to showcase the latest products and innovations. Key themes include food and beverages, technologies, bakery and confectionery products, and catering equipment and ingredients. Special attention is given to sectors such as wine and spirits, coffee, tea, cocoa, as well as organic and Halal-certified products. Another focus is on services and technologies for hotels, catering, restaurants, and supermarkets, which directly relate to Jakarta's dynamic hospitality scene and Indonesia's growing market infrastructure. Competitions such as cooking contests, pastry championships, and live cooking demonstrations highlight the creative and innovative atmosphere of the fair. Each year, SIAL InterFOOD attracts thousands of professional visitors from around the world, including many decision-makers from food production, retail, and gastronomy. It serves not only as a platform for business deals but also as a venue for exchanging ideas on the latest trends and developments in food technology and production. The JIExpo, as the venue, offers ideal conditions for exhibitors and visitors with its modern infrastructure and excellent accessibility via the international airport and superb transport connections. As part of the vibrant metropolis of Jakarta, the fair provides an excellent opportunity to expand networks and explore new business opportunities. Overall, SIAL InterFOOD is an indispensable event, distinguished by its thematic diversity as well as the quality and variety of the products and services presented."
World Tea & Coffee Expo,Expected November 2026,India,Bangalore,KTPO Trade Center,worldteacoffeeexpo.com,"The World Tea & Coffee Expo, established in 2013, has over the recent years evolved into one of the most prominent trade fairs in India, focusing on tea and coffee. This annual event is organized by the esteemed company, Messe Muenchen India Pvt. Ltd. The expo attracts both national and international exhibitors, including leading manufacturers, traders, exporters, and importers, as well as raw material suppliers and production machinery manufacturers. Tea is an integral part of daily life in India. ""Chai"" (tea) holds a significant place in Indian culture, and there's scarcely a household where tea isn't consumed at least once a day. The tea and coffee industry plays a pivotal role in India's economy and culture. Assam is renowned for its robust, malty tea varieties. Darjeeling produces a delicate, aromatic tea, often referred to as the ""Champagne of Teas"". In the hills of South India, Nilgiris is famed for its bright, aromatic tea types. Over 70% of India's coffee production originates from Karnataka, with Kodagu (Coorg) and Chikmagalur being the primary cultivation areas. The Nilgiri hills, as well as the Anaimalai and Shevaroys districts, are also significant coffee-growing regions. These cultivation areas are not only known for production but also serve as tourist attractions, as many plantations welcome visitors and offer insights into the cultivation and processing of these beverages. In a market as dynamic and growth-oriented as India, the World Tea & Coffee Expo provides businesses with a valuable platform to showcase their latest products and services, as well as to establish essential business contacts. Through a variety of accompanying seminars, workshops, and presentations, industry professionals have the opportunity to learn about the latest trends and innovations in the tea and coffee sector. These events not only facilitate knowledge transfer but also provide an excellent networking opportunity. A special highlight of the expo is its co-location with other trade fairs in related industries. These concurrent events complement each other, creating synergies for attendees. This means that visitors have access not just to one, but to multiple fairs that cover all relevant aspects of their industry. In conclusion, the World Tea & Coffee Expo is more than just a trade fair; it's an event that brings industry experts from around the world together to celebrate innovations, boost business, and showcase the best of the tea and coffee world. It's an occasion no one in the industry should miss."
Saveurs & Terroirs,Expected November 2026,France,Chambéry,Savoiexpo,www.saveursetterroirs.com,"""Saveurs & Terroirs"" stands out as a premier regional gastronomy fair that annually opens its doors at the Parc des Expositions, also known as Savoiexpo, in Chambéry, France. The name ""Saveurs & Terroirs,"" translated as ""Flavors and Origins,"" emphasizes the connection of the showcased products to their places of origin and respective terroirs. The fair celebrates local gastronomy and craftsmanship and takes place regularly once a year. It is organized by the seasoned Savoiexpo organization, which specializes in highlighting local products and services. The fair underscores the cultural and culinary significance of the Savoy region and boosts the local economy by providing a platform for small producers and craftsmen. The main attractions of the fair are the presentation and sale of local agricultural products, including fruits, vegetables, cheese, and wine. The accompanying program includes cooking classes, wine tastings, and a variety of tasting workshops. This makes the fair an important platform for local producers and merchants to present their products to a wider audience. A strong connection to Chambéry and the Savoy region is evident through the emphasis on culinary specialties and craftsmanship. The highlights of the fair include tasting workshops, a butcher's competition, pastry workshops, and cooking classes. A particular draw is the gathering of chefs, where renowned regional culinary masters offer free cooking classes. Exhibitors at ""Saveurs & Terroirs"" primarily come from the food industry and the sector of arts and crafts. From butchers and pastry chefs to vintners and farmers, the fair covers a broad spectrum of industries. The visitors are equally diverse, ranging from professional attendees from gastronomy and trade to lovers of fine cuisine and craftsmanship. In conclusion, it should be noted that the Savoiexpo venue in Chambéry is very accessible. The Parc des Expositions boasts excellent infrastructure and is well-connected by both public transport and car, making the fair an attractive destination for visitors from both the local area and further afield."
Royal Ulster Winter Fair,Expected December 2026,United Kingdom of Great Britain and Northern Ireland,Lisburn,Eikon Exhibition Centre,winterfair.org.uk,"The ""Royal Ulster Winter Fair"" is an annual agricultural exhibition held in Northern Ireland, primarily focusing on milk and its processing. Organized by the Royal Ulster Agricultural Society (RUAS), it takes place at the Eikon Exhibition Centre in Lisburn. This fair is among the most significant events in Northern Ireland's agricultural calendar, attracting farmers, enthusiasts, and industry specialists. The acronym ""RUWF"" represents this fair, highlighting its importance in the agricultural sector. Key topics include livestock breeding and milk production. The fair serves as an important platform for presenting products and services in these areas. The Royal Ulster Winter Fair showcases a variety of products and services tailored mainly to agriculture and specifically to the dairy sector. These include livestock and livestock products, dairy processing products, innovative techniques in dairy processing, agricultural equipment and machinery, feed and nutrition, as well as veterinary products and services. The animal exhibitions and competitions, where top-quality livestock compete for the title of ""Supreme Champion,"" deserve special attention. A highlight is the introduction of a new award for the best red and white Holstein animal. The fair features over 180 trade stands, covering a wide range of industries – from agriculture to related service sectors. It offers a unique networking opportunity for exhibitors and visitors, primarily from the agricultural sector and adjacent industries. As part of a series of events organized by the RUAS to promote agriculture in the region, the Eikon Exhibition Centre in Lisburn, with its modern facilities and good accessibility, is the ideal location for this fair. Lisburn is known for its agricultural tradition, which adds additional significance to the fair. In summary, the Royal Ulster Winter Fair is a central meeting point for all players in Northern Ireland's agricultural sector, marked by its diverse exhibitions and competitions, as well as its role as a platform for professionals to exchange ideas and network."
SIAL India,Expected December 2026,India,New Delhi,Yashobhoomi India International Convention & Expo Centre,www.sialindia.com,"SIAL India is a leading international trade fair for food and beverages, held annually at the Yashobhoomi India International Convention & Exhibition Centre (IICC) in New Delhi. The acronym SIAL stands for ""Salon International De L'Alimentation"", which translates to ""International Food Exhibition"". The fair is organized by Comexposium in collaboration with InterAds Exhibitions Pvt. Ltd. The main themes of SIAL India encompass a wide range of the food and beverage industry, including bakery, confectionery, and biscuit products, organic and wellness products, dairy, non-alcoholic and alcoholic beverages, meat, poultry, deli products, seafood, legumes, and cereals. Additionally, products such as spices and seasonings, frozen food, pet food, tea, and coffee, as well as processing and packaging equipment are showcased. This diversity highlights the fair's significance as a platform for innovation and trends in the food sector. At SIAL India, food manufacturers, distributors, importers, wholesalers, and retailers, as well as representatives from institutional and commercial catering, present and discover the latest products and services. Thus, the fair serves as an important gateway to the Indian market and a crucial platform for international companies looking to engage in this dynamic environment. The fair is distinguished by numerous conferences, competitions, and award ceremonies that honor outstanding innovations in the food and beverage industry. Highlights include the SIAL Innovation Competition. These events promote quality and innovation and serve as a platform for exchange among professionals and businesses. SIAL India is part of a global series of SIAL fairs that take place in various international cities, playing a key role in the global food industry. Exhibitors and visitors come from diverse sectors, including food production, gastronomy, and commerce. The Yashobhoomi India International Convention & Exhibition Centre, the venue for SIAL India, is centrally located and easily accessible. It offers modern facilities and excellent infrastructure, ideal for events of this scale and significance. The center's accessibility further enhances the fair's attractiveness to both local and international participants."
Grainmach Asia,Expected December 2026,India,Gandhinagar,Helipad Exhibition Centre,radeecal.in,"Grainmach Asia is the only trade fair in Asia dedicated to the entire value chain of grain processing – from harvesting, storage, and processing to refining and packaging. It is held annually and organized by Radeecal Communications, an experienced Indian trade fair organizer specializing in industrial and agricultural exhibitions. The event aims to provide professionals in the grain industry with a specialized platform for exchange, innovation, and business development. Today, Grainmach Asia is recognized as a key meeting point for decision-makers, technologists, and investors across the region. A unique feature of the event is its rotating location within Asia. Instead of being held permanently in one country, the venue shifts regularly between major agricultural nations such as China, India, Indonesia, or Vietnam – each time in economically significant cities like Beijing, Jakarta, Ho Chi Minh City, or Gandhinagar. The choice of host city is based on current market conditions and industry demand, making the fair particularly market-oriented and flexible. The focus is on the latest developments and technologies in the grain sector, with special attention to the specific needs of Asian markets. Topics range from grain storage and handling to milling technology, feed production, and rice processing, as well as the processing of pulses and oilseeds, post-harvest technologies, and quality control. In recent years, the area of digitalization and Industry 4.0 has become increasingly central, featuring solutions for automation, plant control, remote monitoring, and traceability – all of which are gaining importance in the technology-driven agricultural economy. Exhibits include modern roller mills, sorting and cleaning systems, conveyor technology for silos, optical sorters for rice and pulses, pelleting systems for animal feed, and software for process optimization. The trade fair targets a wide professional audience: farmers, mill operators, food processors, engineers, manufacturers, agronomists, government agencies, and wholesalers. Grainmach Asia stands out for its clear professional focus, thematic breadth, and strong regional roots. It is not just an exhibition, but also a knowledge platform where innovations are showcased, experiences shared, and business contacts established. It is where technological solutions meet agricultural practice – and that is precisely what makes it such a vital driver of progress for the grain industry in Asia. By combining practical expertise, regional relevance, and strong market orientation, Grainmach Asia meets all the requirements of a modern business platform – setting benchmarks for the future of grain processing in the region."
Hyderabad Kids' Fair,Expected December 2026,India,Hyderabad,Hitex Exhibition Center,hydkidsfair.com,"The Hyderabad Kids' Fair , an annual highlight on Hyderabad's event calendar, is dedicated entirely to the needs and entertainment of children. The fair takes place at the renowned Hyderabad International Convention and Exhibition Center (HITEX), known for its central location and excellent accessibility. As India's leading B2C exhibition for children's products, the fair attracts thousands of visitors, including children under 14, parents, grandparents, and professionals from childcare facilities, schools, and children's product stores. The fair's offerings include toys and games, fashion and accessories, books and learning materials, arts and crafts supplies, sports and outdoor activities, as well as technology and gadgets. Organized by the Hyderabad International Trade Expositions Limited, the fair presents a wide array of products and services, ranging from educational toys and stylish clothing, shoes and accessories for children, to textbooks, sports equipment, outdoor games and leisure products, nutritious snacks and drinks, dietary supplements, and meal planning solutions. Moreover, the fair serves as a platform for showcasing the latest trends and fosters creativity and education through interactive workshops, DIY sessions, and hands-on learning. Other highlights include exciting competitions and team activities that offer not only entertainment but also valuable prizes and gifts. A key feature of the Hyderabad Kids' Fair is its deep roots in the local community. It reflects the cultural diversity and educational aspirations of the city and supports local businesses and startups by showcasing their products and services. The fair annually attracts exhibitors from various sectors – from education and healthcare to fashion, nutrition, and sports. This diversity makes the fair an indispensable event for anyone professionally or personally involved with children or children's products. In summary, the Hyderabad Kids' Fair is more than just a fair; it is an event that brings families together, strengthens the community, and promotes the learning and growth of children in a dynamic and inspiring environment. Thanks to its strategic location at HITEX and great accessibility, it is the ideal destination for a family-friendly weekend full of learning, fun, and adventure."
Gulfood.AI,Expected January 2027,UAE,Dubai,Dubai Exhibition Centre,www.gulfoodai.com,"Gulfood.AI has established itself as a groundbreaking and indispensable platform for the global food ecosystem. It offers an exceptional opportunity for exchange on advanced technologies, the latest regulations, and innovative, sustainable practices in food production. The exhibition covers key topics such as sustainable agriculture, eco-friendly supply chains, conscious consumption, and the use of cutting-edge technologies like Artificial Intelligence, Blockchain, and Smart Farming. The annual event takes place at the Dubai Exhibition Centre , an international hub for business and commerce that is easily accessible thanks to its excellent transport connections. The event is organized by Dubai World Trade Centre L.L.C. , renowned for its expertise in hosting major international exhibitions. The exhibition focuses on areas such as fresh and perishable goods, health & wellness, sustainability, plant-based alternatives, and agri-tech. Exhibitors showcase products and services including fresh fruits and vegetables, innovative health products, sustainable packaging solutions, and the latest technologies in food processing. Dubai, a city known for its innovative spirit, provides the ideal backdrop for this event, which puts sustainability and technological advancement in the food industry front and center. The city actively promotes eco-friendly and sustainable business practices. Event highlights include summits, expert forums, and the Green Shoots Startup Pitch Competition, which features innovative startups in the food and ag-tech sectors. The exhibition attracts professionals from across the global food industry, including producers, traders, researchers, and technology experts. The primary attendees are decision-makers in food production, agriculture, and sustainability management. Gulfood.AI at the Dubai Exhibition Centre underscores Dubai’s ambition to be a global hub for sustainable innovation. Visitors can easily access the venue via Dubai International Airport or well-developed road networks, making the event a key global meeting point for forward-looking food innovations."
NIGERIA HALAL EXPO,Expected February 2027,Nigeria,Lagos,Landmark Centre,www.nigeriahalalexpo.com,"The NIGERIA HALAL EXPO is the leading trade fair for the Halal industry in West Africa. It serves as a key platform for certified products and services that meet the ethical, cultural, and economic needs of the Muslim community. As the region’s flagship annual event in the rapidly expanding Halal sector, the expo connects international suppliers with the dynamic and growing West African market. The event is held at the prestigious Landmark Centre in Lagos – ideally located on the Atlantic coast with excellent transport links. Organized by Elan Expo , an internationally active exhibition organizer based in Istanbul, the event benefits from decades of experience. Since 1997, Elan Expo has hosted more than 30 B2B events annually across Africa, the Middle East, and Central Asia. Lagos – Nigeria’s economic powerhouse and one of Africa’s most vibrant cities – offers the perfect setting for this trade fair, thanks to its multicultural character and large Muslim population. The NIGERIA HALAL EXPO spans a wide range of sectors – from Halal-certified food and beverages to cosmetics, personal care products, pharmaceuticals, dietary supplements, Islamic finance, Halal logistics, as well as packaging and processing technologies. Exhibitors from over 30 industries showcase their latest products, technologies, and services, all certified to recognized Halal standards. A strong emphasis is placed on innovation and quality: the expo features live demonstrations, networking events, and expert panels with leading certification bodies and regulatory authorities. Key visitors include buyers, retailers, distributors, wholesalers, representatives from the food, cosmetics and pharmaceutical industries, logistics providers, as well as investors and decision-makers from the Islamic finance sector. For many international brands, the Nigeria Halal Expo serves as the ideal entry point into the promising West African market. The Landmark Centre, strategically located on Victoria Island in Lagos, is a modern exhibition venue with direct access to international hotels, airports, and coastal highways. It provides a secure, comfortable, and professional environment for an event that sets standards not only economically, but also culturally and socially. The NIGERIA HALAL EXPO is more than just a trade fair – it is the key platform for shaping the future of the Halal economy in Africa."
FOODTECH,Expected February 2027,Bulgaria,Plovdiv,International Fair,www.fair.bg,"The FOODTECH in Plovdiv is an international trade fair that has established itself as a leading event in Bulgaria's food industry. Since its inception in 1995, the fair has been held annually and is organized by the International Fair Plovdiv in collaboration with various industry associations. The fair is under the patronage of the Ministry of Agriculture, Food and Forestry, highlighting its significance and recognition within the industry. FOODTECH offers an extensive platform for products and services in the areas of food, food raw materials and additives, food processing, packaging technology, beverages, and tobacco products. It is characterized by a diverse range of exhibitors and products, from eco-friendly and healthy products to gourmet delicacies and modern gastronomy. Notably, the latest technologies in food processing and storage are also presented at the fair. Another highlight of FOODTECH is the numerous demonstration events, tastings, and masterclasses, providing visitors with an interactive experience. These elements ensure that the fair is not only a platform for business transactions but also a place for learning and inspiration. The fair takes place at the International Fair Plovdiv grounds, a renowned exhibition and convention center in Bulgaria. This location offers ideal conditions for exhibitors and visitors with its modern infrastructure. Overall, FOODTECH in Plovdiv is an indispensable meeting point for professionals from the food industry. It presents an excellent opportunity for information exchange, networking, and showcasing new products and services. With its mix of professional exhibition and supporting programs, it serves as an important platform for innovation and progress in the food industry."
International Health & Wellness Expo,Expected February 2027,India,New Delhi,Bharat Mandapam – Convention Centre (BMCC),namogangewellness.com,"The International Health & Wellness Expo is a leading trade fair for holistic well-being, held annually since its inception in 2014 at the renowned Bharat Mandapam - Convention Centre in New Delhi. Organized by Namo Gange Wellness Pvt. Ltd., the event has established itself as a premier platform for experts, businesses, and health-conscious visitors interested in both innovative and traditional approaches to health and wellness. With a strong focus on yoga, meditation, Ayurveda, naturopathy, nutrition, fitness, and physical activity, the expo offers a diverse range of knowledge, products, and services from the health and wellness industry. Hands-on workshops, inspiring keynote lectures, and interactive live demonstrations provide attendees with the opportunity to learn about the latest insights and techniques directly from renowned experts. Whether exploring traditional Ayurveda therapies, modern nutrition concepts, or innovative fitness programs, the International Health & Wellness Expo sets new standards for a healthy lifestyle. One of the expo's highlights is the live demonstrations, where professionals showcase proven health practices in real time. Complementing this, expert lectures provide valuable insights and allow participants to stay informed about the latest wellness trends. Numerous exhibitor stands feature leading companies from the health, wellness, and fitness sectors, presenting their latest products and services. At the same time, the expo fosters exclusive networking opportunities, connecting industry experts with attendees. The International Health & Wellness Expo attracts a diverse professional audience, including doctors, therapists, nutritionists, fitness trainers, naturopaths, as well as manufacturers and distributors of health products. The event not only offers in-depth insights into Indian health traditions but also serves as a bridge between international stakeholders and India’s growing wellness industry. As a key hub for Ayurveda and naturopathy, the expo highlights the country’s deeply rooted healing traditions while also showcasing modern advancements in the global health sector. As a vibrant metropolis and a key center for business and culture, New Delhi provides an ideal setting for the event. The Bharat Mandapam - Convention Centre is easily accessible by car, bus, or metro and is conveniently located near international hotels and major attractions. These factors make the city an excellent destination for professionals and businesses looking to stay updated on the latest trends in the health and wellness industry while forging valuable business connections."
Slow Food Markt,Expected February 2027,Switzerland,Zurich,Halle 550,www.slowfoodmarkt-zuerich.ch,"The ""Slow Food Market Zurich"" is a unique platform that focuses on culinary enjoyment, sustainability, and artisanal quality. Organized by Food&Fair GmbH in Meilen, the event is open to the general public over the course of three days. The Slow Food Market is a significant fair for anyone interested in regional and sustainably produced food. More than 100 producers showcase a wide range of artisanal products—from organic and Slow Food items, chocolate, coffee, and spices to specialties such as whiskey and gin. The market brings producers and consumers together directly, fostering personal interaction. A highlight is the accompanying program, the ""Good Food Forum,"" which features lectures, workshops, and panel discussions. Here, topics such as sustainable enjoyment, health, and the environment are explored from a practical perspective. Visitors can not only sample and purchase products but also actively participate in workshops to gain valuable insights into food and cooking. The relaxed atmosphere invites guests to linger and enjoy the culinary delights on offer right at the venue. The Slow Food Market Zurich is thus not merely a meeting place for food lovers, but also a platform that harmonizes culinary pleasure with sustainability. The blend of traditional craftsmanship and innovative cuisine makes the event a truly unique experience."
Aux Vignobles!,Expected February 2027,France,Saint-Malo,Le Quai St-Malo,www.auxvignobles.fr,"The Aux Vignobles! Wine Fair, formerly known as ""Salon Vins & Gastronomie,"" is an annual highlight for wine enthusiasts and gourmets in the picturesque town of Saint-Malo in the northwest of France. Organized by GL Events Exhibitions Opérations, a leading company in event management, this fair attracts visitors from around the world who are interested in high-quality regional products. The fair takes place annually, usually in February, and is part of an impressive series of about 18 fairs held in various cities in the northwest of France. This series provides a unique platform for direct and personal exchanges between producers and consumers. In addition to wines, the offering includes a variety of gastronomic products, allowing visitors to discover and enjoy the culinary diversity of France. A special feature of the fair is the direct sales opportunity, which allows visitors to receive individual advice and purchase products at prices suitable for all budgets. In times of globalization and standardization, visitors particularly appreciate the chance to buy unique and authentic products directly from the producers. The venue, Le Quai St-Malo, with its modern infrastructure and attractive seaside location, provides the ideal setting for the fair. This location emphasizes the event's connection with the region and its maritime tradition, creating a welcoming atmosphere for exhibitors and visitors alike. Special features of the Aux Vignobles! Fair in Saint-Malo include not only the diversity and quality of the products but also special events such as tastings, workshops, and presentations that offer visitors deeper insights into the world of wine and French gastronomy. These elements make the fair a must-visit for anyone who appreciates the French way of life and the enjoyment of high-quality food and beverages. In summary, the Aux Vignobles! Wine Fair in Saint-Malo is an annual event that celebrates the rich culinary culture of France and focuses on promoting regional quality products. With its wide range of offerings, from traditional wines to innovative gastronomic products, the fair provides an important platform for encounters and exchange in today's globalized world."
Histoire Zen,Expected March 2027,France,Saint-Cannat,Aixagone Space Evènementiel,www.histoirezen.com/salon-du-bien-etre/pays-daix-saint-cannat-2026/,"The ""Histoire Zen"" fair is the most significant event in southern France for wellness, alternative healing methods, and spiritual development. Each year, the Aixagone Space Evènementiel in Saint-Cannat transforms into a unique gathering place for professionals, exhibitors, and visitors interested in holistic health, natural products, and esoteric arts. The name ""Histoire Zen"" represents a journey toward inner balance, well-being, and a sustainable lifestyle. Organized by the eponymous event host, Histoire Zen, the fair serves not only as a source of inspiration for personal growth, alternative healing practices, and spirituality but also as a platform for innovative products and services. Visitors can explore a diverse range of offerings in the fields of wellness and personal development. These include life coaching, school orientation counseling, various massage techniques, anti-aging solutions, organic cosmetics, and numerous natural products. Alternative healing methods such as naturopathy, hypnosis, sophrology, kinesiology, Traditional Chinese Medicine, Reiki, Laochi, reflexology, and yoga also take center stage. A special highlight is the section dedicated to handicrafts and local organic products, showcasing handcrafted goods from France alongside organic foods. Additionally, there is a designated area for lithotherapy enthusiasts, featuring minerals, healing stones, and fossils. Another standout feature is the divination arts section, where around thirty exhibitors demonstrate their expertise in tarot reading, palmistry, astrology, and other divinatory practices. Throughout the weekend, more than 40 conferences and workshops offer in-depth insights into topics related to health, well-being, and spiritual practice. This makes the fair not only a place for exchange but also an educational event for those wishing to delve deeper into these subjects. The ""Histoire Zen"" fair attracts exhibitors from the fields of wellness, naturopathy, handicrafts, esotericism, personal development, and sustainable living. The primary visitors include wellness and health enthusiasts, therapists, coaches, alternative practitioners, and anyone seeking new paths to a harmonious life. Nestled in the picturesque landscape of Provence, Saint-Cannat provides an ideal venue with the Aixagone Space Evènementiel. The exhibition site is easily accessible and offers an inspiring setting. Visitors benefit from an atmosphere that combines natural beauty with a holistic lifestyle. Whether professionals or curious explorers, the ""Histoire Zen"" fair is an essential event for anyone looking to bring body, mind, and soul into harmony."
Prager Karlsbörse,Expected March 2027,Czech Republic,Prague,Cubex Centrum Praha,karlsboerse.de,"The ""Prager Karlsbörse"" is a trade fair in the food and agricultural sector, which has been held annually since its founding in 2015. As the largest trade fair of its kind in Eastern Europe, it attracts professionals from various fields such as traders, cooperatives, analysts, and producers. The fair is organized by the Südwestdeutsche Warenbörse e.V., which provides a platform for exchange and promotion of the industry through this event. The renowned Cubex Centrum Praha in Prague, centrally located and easily accessible by car, train, or plane, serves as the venue. The main themes of the fair include the latest developments in the food and agricultural industry, innovative logistical approaches, and sustainable agricultural practices. A variety of products and services are presented, ranging from agricultural equipment and technologies to food products and marketing strategies. A highlight is the panel discussion with prominent representatives from various European countries, including ministers, ambassadors, and parliamentarians. These discussions provide insights into current challenges and opportunities in the industry and emphasize the importance of the fair as an international dialogue forum. The exhibitors, coming from various sectors of the food and agricultural industry, highlight the diversity and relevance of the fair. The main visitors, professionals from these areas, take the opportunity to learn about the latest trends and innovations and to network. In summary, the ""Prager Karlsbörse"" is an important meeting point for professionals in the food and agricultural sector and at the same time enriches the city of Prague. The fair at the Cubex Centrum Praha offers the perfect combination of professional exchange and the opportunity to visit one of the most beautiful cities in Europe."
Enolitech,Expected April 2027,Italy,Verona,Veronafiere,www.enolitech.it,"Since 1998, Enolitech in Verona has been the key meeting point for professionals in the wine, beer, and olive oil industries who are interested in cutting-edge technologies, machinery, and services across the entire production chain. Organized annually in April by the Veronafiere Group—one of Italy’s leading trade fair organizers—the event runs alongside the renowned Vinitaly, adding a technological dimension to the wine and beverage industry. As a major international event, Enolitech brings together manufacturers, suppliers, and decision-makers from the fields of viticulture, brewing, and olive oil production. The exhibition showcases a wide range of innovations, from advanced machinery for vineyard and olive grove management to state-of-the-art bottling and packaging systems, as well as specialized solutions for storage, logistics, and distribution. Digital advancements, such as specialized vineyard management software, biotechnologies for quality optimization, and custom packaging and design concepts, make Enolitech an indispensable platform for the industry. A particular highlight is the variety of specialized exhibitors presenting not only production equipment but also accessories such as barrels, barriques, glassware, and labels. The Verona Exhibition Centre, a modern and internationally connected venue near the city's historic old town, provides the ideal setting for networking, business deals, and the exchange of the latest industry trends. With its focus on technology, innovation, and sustainability, Enolitech plays a crucial role in advancing the global wine and olive oil sectors. More than just a trade fair, it serves as a central hub for pioneering solutions and new business opportunities. Those who want to stay at the forefront of the industry will find essential insights and inspiration for the future of their business."
BioOst,Expected April 2027,Germany,Leipzig,Messe Leipzig,biomessen.info/bioost,"BioOst is an annual regional trade fair for the organic retail sector, held since 2013 with a clear focus on eastern Germany. It is organised by Matthias Deppe und Wolfram Müller OHG . Established in 2013, the event has quickly become a fixture in the organic industry’s calendar. The fair takes place at Messe Leipzig, a modern exhibition venue in one of Germany’s most dynamic cities. Once a year, the site becomes a key meeting point for manufacturers, retailers, foodservice professionals and industry decision-makers. It is where new products are launched, business relationships are strengthened and fresh market momentum is generated. BioOst positions itself as a specialised ordering and information platform for quality-driven organic retailers. The core focus is on organic food and nutrition, ranging from fresh fruit and vegetables to bakery products, honey and beverages, as well as innovative value-added product lines. The portfolio also includes natural cosmetics and organic health and wellness products, alongside regional specialities such as wines, beekeeping products and artisan cheeses. In addition to reflecting current market trends, the fair actively sets its own. Sustainability, innovative production methods, transparent supply chains and future-oriented retail strategies are central themes of the accompanying conference programme. A defining feature of BioOst is its strong emphasis on personal exchange. As a trade-only event, it is exclusively geared towards professional visitors. Companies from the organic retail sector, health food retail and organic foodservice present their products in a professional environment designed to facilitate efficient networking. Expert talks, panel discussions and themed networking sessions deliver practical insights, covering everything from market developments and category management to positioning strategies in the growing organic market. Most visitors come from organic retail, health food retail and organic foodservice. In addition, trade associations, specialist journalists and political decision-makers use the event as a forum for dialogue on sector-specific developments and for shaping the future of the green economy. BioOst therefore serves not only as a marketplace, but also as a platform for opinion-forming and innovation in eastern Germany. Choosing Leipzig as the host city underlines the fair’s regional focus. Recognised as a major economic and cultural hub in central Germany, the city offers excellent transport links via motorways, long-distance rail services and Leipzig/Halle Airport. The modern exhibition centre provides the infrastructure required for an event of this scale. By combining sector expertise with strong regional roots and national relevance, BioOst creates a clearly structured and efficient setting each year for the continued advancement of the organic retail trade."
Premium Food Show,Expected April 2027,Japan,Tokyo,Tokyo Big Sight,premiumfoodshow.jp,"The "" Premium Food Show "" is an annual trade fair held at Tokyo Big Sight, Japan's largest exhibition and convention center in Tokyo. It is organized by the Premium Food Show Executive Committee in collaboration with the First Co., Ltd. Global Business Promotion Division, attracting experts from the global food industry. The fair focuses on showcasing Halal products, vegan and plant-based foods, gluten-free, and organic foods, thus reflecting the latest trends and developments in these rapidly growing segments. This product range not only addresses the growing global demands for healthy and ethical nutrition but also considers specific dietary needs and preferences. The Premium Food Show is distinguished by a series of seminars and conferences that impart the latest expertise and highlight current topics in the food industry. Numerous industry representatives, including producers, traders, and buyers of specialty foods, as well as restaurateurs and hoteliers, use the fair to explore new business opportunities. The event strongly reflects its connection with the host city Tokyo, known for its culinary diversity and innovation. The venue, Tokyo Big Sight, offers excellent infrastructure and is easily accessible both by public transport and by car. In summary, the Premium Food Show is a central meeting point for professionals looking to exchange information on the latest developments, products, and services in the food industry. It provides a platform to discover innovative solutions that will significantly influence both the market and the lifestyle of consumers."
Philippine Food Expo,Expected April 2027,Philippines,Manila,WTCMM World Trade Center Metro Manila,philippinefoodexpo.ph,"The ""Philippine Food Expo"" (PFE) is a leading trade fair for the Philippine food and beverage industry. It serves as a central platform for producers, traders, and investors to showcase and discuss innovations, trends, and market opportunities in the agricultural and food sectors. Organized by PHILFOODEX INC., the expo takes place annually at the World Trade Center Metro Manila, bringing together key industry players. A particular focus is placed on evolving consumer habits, influenced by rising incomes, urbanization, and population growth. The expo highlights the challenges and opportunities of globalization in the food trade while emphasizing sustainable solutions. Companies present strategies to enhance productivity, optimize resource utilization, and ensure a stable market demand. The extensive range of products includes a variety of beverages such as juices, coffee, tea, milk, wine, and spirits, as well as baked goods, dairy products, chilled and frozen foods, confectionery, and fresh and processed fruits and vegetables. Additionally, seafood, herbs, organic health foods, and modern food equipment and accessories are featured. The expo portfolio is further enriched by packaging and labeling solutions, franchising, industry publications, packaging design, and distribution management. As a result, the Philippine Food Expo serves as a comprehensive platform for manufacturers, distributors, restaurateurs, and retailers. One of the standout features of the expo is its interactive special events, distinguishing it from other industry fairs. These include culinary competitions for students and faculty in hospitality management and culinary arts, featuring disciplines such as food styling and photography, healthy pasta, and Philippine regional table setting. The program is complemented by professional and business seminars offering valuable insights into current market strategies and industry developments. An investment forum provides new business perspectives, while targeted media exposure ensures broad public awareness. The Philippine Food Expo is not only a showcase for Philippine products but also highlights Manila's role as a hub for the food industry in Southeast Asia. It brings together professionals from production, distribution, gastronomy, retail, and technology, all seeking new business opportunities, partnerships, and innovative solutions. As a national flagship event, it sets industry benchmarks and contributes to the advancement of the country’s agricultural and food sectors. The venue, the World Trade Center Metro Manila, is situated in an economically vibrant region with excellent infrastructure. The expo is easily accessible from the Ninoy Aquino International Airport and Manila’s major business districts. This makes the Philippine Food Expo not only a must-attend event for industry professionals but also a gateway to one of Asia’s fastest-growing food markets."
Histoire Zen,Expected April 2027,France,Marseille,Parc Chanot,www.histoirezen.com,"The "" Histoire Zen "" is the most significant event in southern France for wellness, alternative healing methods, and spiritual development. Every year, the Parc Chanot in Marseille transforms into a unique meeting point for professionals, exhibitors, and visitors interested in holistic health, natural products, and esoteric arts. The name ""Histoire Zen"" represents a journey towards inner balance, well-being, and a sustainable lifestyle. The fair is organized by the eponymous host, Histoire Zen, and serves not only as a source of inspiration for personal development, alternative healing methods, and spirituality but also as a platform for innovative products and services. Visitors can expect a diverse range of offerings in wellness and personal development, including life coaching, school orientation coaching, various massage techniques, anti-aging solutions, organic cosmetics, and numerous natural products. Alternative healing methods such as naturopathy, hypnosis, sophrology, kinesiology, traditional Chinese medicine, Reiki, Laochi, reflexology, and yoga also take center stage. A particular highlight is the section dedicated to handicrafts and local organic products, where handmade creations from France and organic food are presented. Additionally, there is a special area for enthusiasts of lithotherapy, showcasing minerals, healing stones, and fossils. Another outstanding feature of the fair is the divination section, where around thirty exhibitors demonstrate their skills in tarot reading, palmistry, astrology, and other divinatory arts. Throughout the weekend, more than 40 conferences and workshops provide in-depth insights into topics related to health, well-being, and spiritual practice. This makes the fair not only a place for exchange but also an educational event for those who wish to explore these subjects in greater depth. The ""Histoire Zen"" fair attracts exhibitors from wellness, naturopathy, handicrafts, esotericism, personal development, and sustainable living. Its primary visitors include wellness and health enthusiasts, therapists, coaches, naturopaths, and all those seeking new ways to achieve a harmonious life. As a culturally diverse and historically rich port city, Marseille offers an ideal venue with the Parc Chanot. The exhibition grounds are centrally located and easily accessible by public transport or car. Visitors benefit from an inspiring setting that blends Mediterranean flair with a holistic lifestyle. Whether professionals or curious explorers, the ""Histoire Zen"" fair is an unmissable event for anyone looking to harmonize body, mind, and soul."
BioWest,Expected April 2027,Germany,Düsseldorf,Messe Düsseldorf,biomessen.info/biowest,"BioWest in Düsseldorf is a well-established regional trade fair for the organic retail sector, synonymous with quality, innovation and industry networking. The name “BioWest” reflects its specific focus on western Germany, catering in particular to stakeholders from that region. Each April, the Düsseldorf exhibition centre becomes a key meeting point for industry professionals. The event was launched in 2013 by organisers Matthias Deppe and Wolfram Müller OHG and has quickly grown into one of the most important fixtures in the organic sector. BioWest places specialist organic retail at its core, showcasing the latest products and services that define this quality-driven segment. In addition, the exhibition has expanded to include the health food retail trade and organic foodservice. One of the fair’s highlights is the intensive exchange of ideas and information between exhibitors and trade visitors. Exhibitors primarily come from specialist organic retail, the health food trade and the organic hospitality sector. Visitors include not only trade professionals from these fields, but also representatives of industry associations, journalists and policymakers, all of whom use the event as a forum for dialogue and actively help shape the future of the organic sector. BioWest is part of a family of trade fairs held across Germany, including BioOst in Leipzig, BioSüd in Augsburg and BioNord in Hamburg. Together, these events form a comprehensive network representing the organic sector as a whole. Finally, the Düsseldorf exhibition centre provides ideal conditions for an event of this scale and importance. In the vibrant yet tradition-rich city of Düsseldorf, the fair offers not only a professional platform for the trade but also a cultural and scenic experience for all participants."
Anuga Select China,Expected April 2027,China,Shenzhen,Shenzhen Convention & Exhibition Center,www.anuga-cn.com,"Anuga Select China , formerly known as ANUFOOD China, is a leading international trade fair for food and beverages, held annually in China since its launch in 2014. The event takes place at the impressive Shenzhen Exhibition & Convention Center—one of the largest and most advanced exhibition venues in the world. It is organised by Koelnmesse Co. Ltd. Beijing, an experienced, globally active trade fair organiser based in the Chinese capital. Each year, the show attracts a wide range of trade visitors and exhibitors from across the food and beverage industry. The exhibition covers a broad spectrum of sectors, including dairy products, meat, fish, baked goods, beverages, fine foods, frozen foods and snacks. A particular focus is placed on sustainable and innovative products that cater to the evolving demands of the rapidly growing Chinese market. One of the event’s highlights is its extensive tasting programme, offering visitors the chance to explore new flavours and product innovations. The fair also features a variety of networking events designed to facilitate connections and knowledge exchange among industry professionals. In addition, ANUFOOD China hosts a range of live shows, including cooking demonstrations, product showcases and competitions, where renowned chefs and industry experts demonstrate their skills. These live presentations provide an engaging way for visitors to discover emerging trends, techniques and products, while drawing inspiration from leading professionals. Through these interactive elements, the fair offers a dynamic and varied experience, giving participants a comprehensive insight into the world of food and beverages. In recent years, ANUFOOD China has established itself as a key platform for international trade and for companies seeking to expand into the Chinese market. In summary, ANUFOOD China is a major industry event that showcases and promotes innovation and business opportunities within the global food and beverage sector."
Food + Beverage Indonesia,Expected May 2027,Indonesia,Tangerang,NICE Nusantara International Convention Exhibition,foodbeverageindonesia.com,"Food + Beverage Indonesia is a specialized trade fair that has established itself as a major platform for the food and beverage industry in Southeast Asia. It takes place annually in May. The event is organized by PT Wahana Kemalaniaga Makmur (WAKENI), one of Indonesia’s leading trade fair organizers, specializing in international B2B exhibitions across various industries. With many years of experience and a strong global network, WAKENI brings together national and international market participants. This trade fair is exclusively open to industry professionals and covers the entire value chain of the food and beverage sector—from raw materials and ingredients to processing technologies, packaging solutions, cold chain logistics, and hospitality equipment. Key themes include sustainable production methods, eco-friendly packaging, and innovative solutions for food processing and storage. A strong focus is placed on international knowledge exchange and the promotion of cross-border business relationships. Many companies use the event as a strategic opportunity to enter or expand their presence in Indonesia’s rapidly growing market. The exhibition showcases a wide range of offerings, from premium food and beverage products—such as coffee, tea, snacks, confectionery, organic goods, and both alcoholic and non-alcoholic drinks—to advanced machinery and technologies for industrial processing. Hospitality equipment also plays a prominent role, featuring professional kitchen appliances and customized furnishing solutions for hotels and restaurants. A defining feature of Food + Beverage Indonesia is its hands-on program. Live product demonstrations, interactive workshops, and numerous expert-led seminars provide insights into current industry trends and developments. These activities not only deliver valuable knowledge but also encourage meaningful dialogue among participants—a key benefit in an industry driven by innovation and global collaboration. With its clear B2B focus, international scope, and broad thematic range, Food + Beverage Indonesia is an essential platform for all stakeholders aiming to establish a foothold in the Indonesian market or expand their global networks."
Bellavita,Expected May 2027,Italy,Rho,Fiera Milano,www.bellavita.com/en/expo/milan,"Bellavita Milano is an international trade fair dedicated to showcasing and promoting Italian food and beverages. It takes place annually at Fiera Milano (Rho) in Rho, a prominent and accessible venue that serves as a hub for international trade and cultural events. The trade fair is organized by Bellavita Expo Ltd. and is part of an extensive series of Bellavita events that take place in other cities worldwide, highlighting the global reach and international character of the fair. The fair offers a variety of main themes and covers a wide range of product categories, including wines and spirits, cheeses and dairy products, meats and sausages, fish and seafood, fruits and vegetables, confections, as well as gourmet and convenience foods. Additionally, specialized segments such as organic, vegan, and ""free-from"" products, along with dressings, sauces, and spreads, are showcased. The fair holds significant cultural and economic importance for the Milan region, known for its cultural diversity and interest in international culinary trends. This makes it an ideal location for such an event. One of the highlights of Bellavita Milano is the numerous competitions, tastings, and award ceremonies where companies can present their products and win accolades. These events attract more exhibitors and visitors each year and enhance the prestige of the fair. Exhibitors come from various sectors of the Italian food industry, while the main visitors are professionals from gastronomy, retail, and wholesale, who are always on the lookout for new products and trends. In summary, Bellavita Milano is more than just a fair. It serves as a central platform for the Italian food and beverage industry and offers a unique opportunity to experience the diversity and quality of Italian products in a dynamic and international setting."
Fi Vietnam,Expected May 2027,Vietnam,Ho Chi Minh City,SECC Saigon Exhibition & Convention Center,www.figlobal.com/vietnam/en/home.html,"The "" Fi Vietnam "", also known as Fi Food Ingredients Vietnam , is a leading international trade show specializing in food additives. It takes place at the SECC (Saigon Exhibition & Convention Centre) in Ho Chi Minh City and is renowned for bringing together buyers from regional and global markets with international providers of food and beverage additives. The organization of the fair is managed by Informa Markets, a global leader in event organization. Informa Markets is known for its expertise in developing interactive and innovative platforms for various industries, with Fi Vietnam being a highlight in the food and beverage industry. A central aspect of the fair is the presentation of the latest and most innovative products in the field of food additives. Exhibitors have the opportunity to showcase their products and services to a qualified audience of decision-makers, making Fi Vietnam an important meeting point for innovation and business development. The fair covers a wide range of topics, including natural ingredients, preservatives, flavors, enzymes, and much more. The range of products presented extends from additives and ingredients to technologies for food processing and packaging solutions. In addition to the exhibition, Fi Vietnam offers numerous networking opportunities, as well as expert lectures, seminars, and discussion rounds where industry experts share their knowledge and insights. These interactive elements solidify the fair as an indispensable platform for professionals in research and development, production, marketing, and sales in the field of food additives. Fi Vietnam is part of a global network of Fi fairs, which also includes locations in Europe, America, and other parts of Asia. Finally, the SECC in Ho Chi Minh City impresses with its modern facilities and good access to public transportation. Ho Chi Minh City, as a dynamic metropolis and important economic center, also offers many attractions and a rich gastronomic and cultural offering, making a visit to the fair especially attractive."
Hosfair,Expected May 2027,China,Xi'an,Qujiang International Convention and Exhibition Center,www.xajdzh.com,"The ""Hosfair"" in Xi'an is a trade fair for the hospitality and catering industry in China, which first took place in 2000. The name ""Hosfair"" stands for ""Hospitality Fair"" and highlights the event's goal of presenting a comprehensive range of products and services for the hospitality sector. The fair is held annually at the Qujiang International Convention and Exhibition Center in Xi'an, a renowned venue that is easily accessible and serves as an important center for international conferences and exhibitions. The ""Hosfair"" is organized by Guangdong Xinji Huazhan Exhibition Co., Ltd. It covers a wide range of topics relevant to the hospitality and catering industry, including hotel equipment and accessories, catering equipment, projects, and support facilities. The displayed products include disposable materials for pool areas, hotel linens and textile uniforms, equipment for lobbies and guest rooms, hotel furniture, kitchen and dining equipment, smart hotel technologies, decorative materials, and security equipment. Thus, the fair serves as a central meeting point for suppliers and buyers from various segments of the hospitality industry. The fair not only provides a platform for trade but also promotes cultural and professional exchange. It takes place in Xi'an, a city of great historical significance and economic dynamism, and attracts many visitors annually, including hoteliers, restaurateurs, designers, and other professionals from related industries. Highlights of the fair include the Innovation Competition for Room Service Skills, the Creative Design Competition for Banquet Sets, and various conferences and seminars led by industry experts. These events offer participants valuable insights into current trends and developments in the hospitality and catering industries. The Qujiang International Convention and Exhibition Center, the venue for the fair, is centrally located and equipped with modern facilities, making it an ideal place for such a large-scale event. In summary, the ""Hosfair"" is an indispensable event for professionals in the hospitality and catering industries who wish to stay informed about the latest products, services, and innovations in the sector. With its extensive offerings and numerous opportunities for professional exchange, the fair significantly contributes to the advancement of the industry."
Food & Drinks,Expected May 2027,Moldova,Chişinău,International Exhibition Centre MoldExpo,moldexpo.md/exhibitions,"Food & Drinks is an annual, specialized trade fair for the food and beverage industry, held each spring in the Moldovan capital, Chișinău. The name not only symbolizes the fair's culinary focus but has also established itself internationally as a hallmark of quality, innovation, and regional diversity. The event takes place at the International Exhibition Centre MoldExpo (IEC MoldExpo), the country’s largest and most modern exhibition venue. Its central location and excellent transport connections make it ideally suited for both international exhibitors and trade visitors. The event is organized by I.E.C. MOLDEXPO S.A., a seasoned company specializing in the organization of international trade fairs and conferences across various industries. The aim of ""Food & Drinks"" is to provide companies with a platform to showcase their products, services, and technological developments, while also promoting international exchange and fostering new business relationships. The fair centers around innovative solutions and current trends in the sectors of food, beverages, gastronomy, food technology, and packaging. Exhibits range from meat and dairy products to frozen goods and confectionery, as well as alcoholic and non-alcoholic beverages. Both Moldovan specialties and international delicacies—particularly from Italian cuisine—are featured. The product range is complemented by modern machinery and technologies for food processing, filling and packaging systems, and software solutions that support the digital transformation of the industry. Suppliers from the hospitality and catering sectors will also find a wide selection of professional kitchen equipment, hygiene solutions, and innovations for large-scale and institutional catering. A standout feature of the fair is its diverse supporting program, which includes live cooking shows, product tastings, expert lectures, and networking events. These elements facilitate exchange between exhibitors and visitors, turning the fair into a vibrant forum for professionals. Food & Drinks attracts trade visitors from across Eastern Europe, the Balkans, and beyond—including retailers, wholesalers, restaurateurs, hoteliers, importers, technology providers, and industry journalists. For many companies, it serves as a key platform for market entry and the initiation of strategic partnerships. In summary, ""Food & Drinks"" in Chișinău is much more than a trade fair—it is a vital driver of Moldova’s food industry. With its international orientation, focus on quality and innovation, and the professional organization provided by MoldExpo, it makes a significant contribution to the country’s economic development. Thanks to its convenient location—just a few kilometers from the city center, well connected by public transport, and easily accessible from the airport—the fair is an attractive meeting point for trade professionals from around the world."
Expo Flowers & Garden,Expected May 2027,Romania,Bucharest,Romexpo Exhibition Center,www.expoflowers.ro,"The Expo Flowers & Garden is an international fair for floristry, horticulture, and landscape architecture, which takes place annually in Bucharest, the capital of Romania. It is intended for professional florists, gardeners, landscapers, and other professionals who work with plants. Breeders and dealers from all over the world present their latest plant and flower varieties, exotic species, and innovative breeds. Trade visitors will find inspiration for the design of gardens and green spaces, be it for public parks, private gardens, or commercial projects. The latest developments in the horticulture and landscape architecture industry will also be showcased, including sustainable practices, automated irrigation systems, and eco-friendly materials. In the floristry section, master florists show their creative skills and share their knowledge of floral arrangements, wedding and event decorations, and current trends in floristry. Expo Flowers & Garden attracts thousands of visitors every year who want to learn about the latest trends in the horticultural and floristry industry, discover new products, and expand their knowledge and skills."
Siag - Algeria Food Expo,Expected May 2027,Algeria,Oran,Centre de Conventions d’Oran,siag-expo.com,"The ""Siag - Algeria Food Expo,"" an annual trade fair held in Oran, Algeria, at the Centre de Conventions d'Oran, was first organized in 2013. It is recognized as an important platform for the presentation and promotion of products, services, and innovations in the food industry sector. As a key event for the food and agricultural industry, the fair, organized by Proximity PR, attracts professionals, decision-makers, and experts from various sectors. The fair showcases a wide range of products and services. These include meat and its derivatives, bakery products, confectionery, pasta, vegetables, dairy products, canned goods, beverages, flavors, ingredients, and frozen products. Also in focus are machinery and production processes, packaging, hygiene, food safety, chemistry, energy, as well as equipment for community facilities and the construction industry. The ""Siag - Algeria Food Expo"" plays a significant role for the city of Oran and for Algeria as a whole, representing the largest market in the Maghreb and thus providing an ideal platform for presenting and discussing new ideas and investment opportunities in the agricultural sector. Special highlights of the fair include the SIAG Chef Zone, where renowned chefs and confectioners prepare their creations using the exhibited products, and high-quality conferences featuring world-famous speakers and leading industry experts. The exhibitors come from various sectors of the food and agricultural industry. The visitors to the fair are mainly professionals, business people, and decision-makers from these sectors. The Centre de Conventions d’Oran, as the venue for the fair, is distinguished by its modern infrastructure and the ability to host large-scale events. It provides an ideal setting for this important fair and contributes to establishing Oran as a central hub for business and trade in the region."
The Plant Powered Show,Expected May 2027,South Africa,Cape Town,CTICC Cape Town International Convention Center,goodlifeshowafrica.com,"The ""Plant Powered Show"", a pioneering trade fair, was first held in 2020 and has since evolved into the leading African platform for plant-based nutrition, beverages, and a conscious lifestyle. It takes place at the impressive Cape Town International Convention Center (CTICC) in Cape Town, a location that is easily accessible to both local and international visitors. The fair annually attracts visitors and professionals from around the world who are interested in the latest trends and products in the plant-based lifestyle sector. Live Events Africa (Pty) Ltd., a company known for its expertise in organizing high-caliber events, is responsible for organizing the fair. The ""Plant Powered Show"" focuses on topics such as plant-based nutrition, sustainability, and healthy living. Exhibitors present a wide range of products and services, from innovative food and beverages to wellness and lifestyle items. The fair provides a platform where companies can showcase their latest innovations to a broad audience. The fair also contributes to strengthening local culture and economy by bringing together local and international companies, thus promoting the growth of the plant-based industry in South Africa. A special highlight is the tasting area, where renowned chefs showcase their culinary creations. This gives visitors the opportunity to discover new flavors and familiarize themselves with simple methods for healthy, sustainable dishes. The ""Plant Powered Show"" attracts exhibitors from various industries, including the food industry, health and wellness sector, and sustainability sector. The main visitors include professionals from these areas as well as consumers interested in a healthy and sustainable lifestyle. The CTICC is strategically located in the heart of Cape Town's business district, close to many tourist attractions, including the famous V&A Waterfront and Table Mountain. This location makes the center attractive to both business travelers and tourists who want to participate in the numerous events and exhibitions held there. The center is known for integrating sustainable practices such as water conservation measures and energy efficiency. It also engages in social projects and initiatives to strengthen the local community. In summary, the ""Plant Powered Show"" is more than just a fair; it is an annual gathering for all those committed to a healthy, sustainable, and conscious lifestyle. It offers a unique opportunity to network, learn, and discover the latest innovations in the plant-based industry."
FoodWeek Uzbekistan,Expected June 2027,Uzbekistan,Tashkent,Uzexpocentre,en.expoposition.com,"FoodWeek Uzbekistan in Tashkent, established in 1995, is one of the oldest and most significant trade fairs for the food industry in Central Asia. It serves as an essential meeting point for professionals from around the world. Organized annually by the renowned event management company Expo Position , the exhibition takes place at the UEC Uzexpocentre —a modern exhibition and event venue that provides ideal conditions for both exhibitors and visitors. FoodWeek Uzbekistan functions as a comprehensive platform fostering exchanges between businesses from various countries, including Belarus, Hungary, Kazakhstan, Malaysia, Turkey, India, and China. It also serves as a stage for showcasing innovations and new technologies in food processing and packaging. A key focus of the exhibition is on presenting a wide range of products and services, including food, alcoholic and non-alcoholic beverages, tea, coffee, ingredients, and tobacco products. Special attention is given to equipment for the food industry, packaging technologies and materials, trade and refrigeration equipment, as well as automation solutions and services. The fair is particularly renowned for its advanced offerings in packaging machines, filling systems, labeling machines, and PET plastic containers, along with the machinery used to produce them. These are complemented by a wide variety of materials, including paper, foils, films, and resins. As a vital communication platform, FoodWeek Uzbekistan enables manufacturers and distributors to stay informed about the latest industry developments, expand business opportunities, and establish valuable connections. With its long-standing tradition and high attendance, it stands out as a unique event in the food industry that continues to shape and drive the sector forward year after year."
AGROKOS,Expected June 2027,Kosovo,Pristina,Palace of Youth and Sports,www.ceokos.com,"The AGROKOS in Pristina is an international trade fair for agriculture, food, beverages, and gastronomy, opening its doors annually in October for both national and international attendees. It is organized by the Congress & Event Organization and has, over the years, established itself as the pivotal event in this industry within Kosovo. Originally known as the standalone ""Drinks"" exhibition, it was integrated into AGROKOS in 2011, thus encompassing the entire beverage sector. The event is hosted in the impressive Tetori Sports Hall in Pristina – a modern facility ideally suited for such large-scale events. Here, exhibitors showcase their latest products and innovations – ranging from dairy items, refrigerated and fresh foods, meats and seafood, to fruits, vegetables, and a wide array of beverages, including beers, wines, and other spirits. Special emphasis is given to the rapidly growing organic food sector, attracting an increasing number of visitors. In addition to product displays, technical aspects such as packaging, labeling, bottling, processing, transportation, refrigeration, and quality control take center stage at the fair. This highlights the dynamic nature of the industry, which is continually adapting to evolving challenges and intensifying price competition. Solutions that enhance production, efficiency, and cost-effectiveness, without compromising quality, are particularly sought after. Another highlight of AGROKOS are the accompanying seminars and business conferences. Here, renowned experts share their in-depth expertise and experiences with the exhibitors and attendees. These conferences aim to assist companies in navigating the industry's future challenges and boosting their competitive edge."
Bellavita,Expected June 2027,Austria,Vienna,Marx Halle,www.bellavita.com/en/expo/vienna,"The Bellavita Expo in Vienna is an annual international trade fair dedicated to the presentation and promotion of Italian food and beverages. The fair is organized by Bellavita Expo Ltd. It is part of a broader series of Bellavita events held worldwide in cities. This underscores the global significance and international character of the fair. The Bellavita Expo Miami aims to connect Italian food producers and exporters with an international professional audience from the gastronomy, retail, and wholesale sectors. The main themes of the fair are diverse and include a wide range of product categories, such as wines and spirits, cheeses and dairy products, meats and sausages, fish and seafood, fruits and vegetables, confectioneries, as well as gourmet and convenience products. Additionally, specialized segments like organic, vegan, and ""free-from"" products, as well as dressings, sauces, and spreads, are presented. One of the highlights of the Bellavita Expo are the numerous competitions, tastings, and award ceremonies, where companies can showcase their products and win awards. These events attract more exhibitors and visitors each year and enhance the prestige of the fair. The exhibitors come from various sectors of the Italian food industry, while the main visitors are professionals from gastronomy, retail, and wholesale sectors who are always looking for new products and trends. In summary, the Bellavita Expo in Vienna i is more than just a fair. It serves as a central platform for the Italian food and beverage industry and offers a unique opportunity to experience the diversity and quality of Italian products in a dynamic and international setting."
TecnoCarne,Expected June 2027,Brazil,Sao Paulo,São Paulo Expo Exhibition & Convention Center,www.tecnocarne.com.br,"TecnoCarne is Latin America’s leading trade fair for animal protein processing technologies and is regarded as a key meeting point for the global meat and protein industry. Held annually at the modern São Paulo Expo Exhibition & Convention Center in São Paulo, the event brings together manufacturers, technology providers, suppliers and trade professionals from across the entire meat production value chain. The exhibition is organised by Informa Markets, one of the world’s leading organisers of trade fairs and industry events. As such, TecnoCarne forms part of a global network of international industrial exhibitions that connect companies, investors and industry professionals from a wide range of markets. TecnoCarne focuses on technologies for industrial meat and protein processing. Exhibits include advanced machinery and equipment for slaughtering, cutting, portioning and processing, alongside intelligent packaging solutions featuring MAP and vacuum technologies, sustainable packaging concepts, and labelling and traceability systems. The exhibition portfolio is further complemented by refrigeration, cold storage and warehousing technologies, industrial climate control systems, automation and robotics solutions, digital process control, sensor technology, and smart factory applications tailored to the protein industry. In addition, companies showcase innovative ingredients, seasonings, additives, marinades and functional ingredients for modern food production. Quality control, hygiene, food safety, as well as logistics and supply chain solutions also rank among the exhibition’s core focus areas. TecnoCarne’s significance is closely linked to Brazil and, in particular, to the economic hub of São Paulo. Brazil is one of the world’s largest producers and exporters of meat and animal protein, giving the country a pivotal role in the global food trade. The exhibition therefore provides direct access to one of the most important growth markets in the international protein industry, while also serving as a platform for innovation, technology transfer and international business development. Key highlights of TecnoCarne include the presentation of new technologies and industry trends, live demonstrations of modern production systems, and extensive networking opportunities for industry professionals, trade representatives and technology suppliers. The exhibition is especially valued for its comprehensive overview of the entire production chain — from raw material processing through to final packaging. The programme is complemented by expert presentations, product showcases and industry-specific conferences addressing current developments in efficiency enhancement, sustainability and the digitalisation of the protein industry. Exhibitors primarily represent the sectors of mechanical engineering, meat processing, packaging, automation technology, refrigeration and climate control, food technology, logistics and industrial services. Key visitor groups include decision-makers, production managers, buyers, engineers, quality managers and investors from the meat, food and protein industries, as well as representatives from trade, export and the hospitality sector. The São Paulo Expo Exhibition & Convention Center is regarded as one of South America’s most modern exhibition venues, distinguished by its excellent infrastructure, spacious exhibition halls and efficient transport links. The venue is easily accessible by public transport, taxi and car alike. At the same time, São Paulo — Brazil’s largest city — offers a unique combination of economic strength, culture, gastronomy and international flair, making a visit to TecnoCarne appealing not only from a business perspective, but also as a cultural experience."
Free From Food Premium Food,Expected June 2027,Austria,Vienna,Marx Halle,vienna.freefromfoodexpo.com,"The ""Free From Food Premium Food"" is an annual trade fair in Vienna focusing on the latest trends and innovations in allergen-free and healthy food. It offers products and ingredients free from allergens, gluten, lactose, and other increasingly avoided additives. The fair takes place in Vienna's Marxhalle, an easily accessible location that is considered a hub for innovation and trade in Europe. The main themes of the expo include gluten-free, lactose-free, vegan, plant-based, fat-free, and allergen-free products. In addition, healthy and functional foods offering health benefits such as probiotics and omega-3 fatty acids, as well as sports nutrition products that support cognitive performance and the immune system, are also in focus. The fair is organized by Expo Business Communications BV, a company known for its platforms for exchanging ideas and the latest developments in the food industry. Every year, this event attracts thousands of visitors from food production, retail, and research interested in the latest products and developments. The trade fair also serves as a showcase for sustainable and natural ingredients and reflects the trend toward more environmentally friendly and ethical production methods. The ""Free From Food Premium Food"" offers extensive networking opportunities and dedicated business meetings. As part of a global trade fair series held in various cities around the world, it underlines its international importance. In summary, the Expo in Vienna is not only a platform for the latest ""free from"" products and healthy alternatives, but also a central meeting place for food industry professionals."
Bio Marché,Expected June 2027,Switzerland,Zofingen,Kirchplatz,www.biomarche.ch,"The Bio Marché in Zofingen is a significant Swiss organic sales market, taking place annually in June in the historic old town of Zofingen. Founded in 2000, the Bio Marché has grown to become one of the most important meeting points for all lovers of organic products. The name ""Bio Marché"" references the French term for ""organic market"", underlining the event's significance across Europe. The event organizer is Bio Marché AG. The main themes are biological and ecological products and services, with a particular focus on food, cosmetics, and textiles. Exhibitors from both domestic and international regions present their wide range of organic products here. In addition, the Bio Marché offers a comprehensive accompanying program, which includes street musicians, jugglers, festival dining, and special offers for children. Switzerland is known for its high standards in food production and its strong focus on sustainability and environmental awareness. This is reflected in the choice of the event location, which harmoniously integrates into the urban life of Zofingen while simultaneously highlighting the charm and authenticity of the organic products. The highlights are not only the diversity of the exhibited products, but also the vibrant atmosphere created by street musicians and jugglers. A lovingly set up petting zoo and an organic garden in the middle of the old town are oases of relaxation for both adults and children. The venue is easy to reach, located on Kirchplatz in Zofingen. The route is well signposted, and parking is available nearby."
Summer Fancy Food Show,Expected June 2027,USA,New York City,Jacob K. Javits Convention Center,www.specialtyfood.com,"The Summer Fancy Food Show is North America’s largest trade fair for specialty foods and is regarded as a showcase for innovation, quality, and artisanal craftsmanship in the world of culinary products. Since its inception in 1955, it has evolved into a key meeting point for the international food industry. The term “Fancy Food” not only signifies unique and premium products but also stands for high standards in taste, originality, and product quality – from exquisite delicacies to cutting-edge nutrition concepts. Every summer, the Jacob K. Javits Convention Center in the heart of Manhattan opens its doors to trade visitors from around the globe. This modern, well-equipped venue impresses with its central location, close to iconic landmarks such as Times Square and Central Park. Excellent access to public transportation makes the Javits Center easily reachable – a clear advantage for international attendees. The event is organized by the Specialty Food Association (SFA) , a nonprofit organization dedicated to supporting independent food producers and recognizing outstanding products. But the Summer Fancy Food Show is much more than just a product exhibition: it serves as a trendsetter, idea generator, and dynamic business platform. The event concept successfully combines culinary experience, business relevance, and thematic diversity. Across more than 40 product categories – ranging from plant-based foods and gourmet snacks to innovative beverages – visitors gain practical insights into the latest industry developments through tastings, live cooking demonstrations, and curated theme pavilions. Among the highlights are startups and product debuts, as well as dedicated sections such as the Bakery, Confectionery, Snacks & Sweets Pavilion , the Beverage Pavilion , and the Plant-Based Pavilion . Special attention is given to the Spotlight Showcases , which focus on themes like diversity and emerging food trends, and the RangeMe Collection , offering exclusive previews of up-and-coming brands. A standout feature of the show is the lineup of live competitions and award ceremonies. The SFA People Awards honor exceptional individuals in the industry, while the North America Pastry Competition Championship brings together eight chef teams for a sustainability-focused pastry showdown – a must-see event for anyone passionate about the future of dessert cuisine. The show connects manufacturers, distributors, importers, retailers, restaurateurs, and investors with the aim of unlocking new business opportunities, strengthening existing partnerships, and fostering targeted innovation. In just three days, attendees can establish valuable contacts, build collaborations, and close tangible business deals – efficiently, purposefully, and with an eye toward the future. For anyone looking to experience the latest in the food industry, spot trends early, and soak up the energy of New York’s culinary scene, the Summer Fancy Food Show is the place to be – unique, relevant, and truly inspiring."
Beyond Food Expo,Expected July 2027,Thailand,Khon Kaen,Khonkaen International Convention and Exhibition Center KICE,www.beyondfoodexpo.com,"The Beyond Food Expo , launched in 2022, is a groundbreaking food and technology fair held annually at the state-of-the-art Khon Kaen International Convention and Exhibition Center (KICE) in Thailand. This international event gathers leading industry representatives and innovators from the GMS countries (Cambodia, Laos, Myanmar, Southern China, Thailand, Vietnam) to showcase current trends and technologies in the food industry. The expo features a wide array of products and services, including agricultural produce, health and wellness products, halal foods, alternative proteins, ready-to-eat meals, and advanced food technologies. It provides a comprehensive overview of all aspects of food production, from processing machinery to modern packaging solutions. A key feature of the Beyond Food Expo is its strong connection to the Greater Mekong Subregion, a hub for agricultural innovation and food production. The expo serves as a platform for networking, exploring new markets, and identifying business opportunities tailored to this specific geographic location. Highlights of the event include expert conferences, workshops, a cooking show, wine tastings, and a bartender competition. These are complemented by a coffee stage and exclusive business-matching events, making the expo an essential meeting point for professionals in the food and beverage industry, as well as gastronomes. The Beyond Food Expo attracts visitors from around the world, from local small business owners to international buyers and distributors eager to discover the latest innovations and products. The Khon Kaen International Convention and Exhibition Center, with its modern facilities and excellent location, offers ideal conditions for exhibitors and visitors. Its accessibility via regional and international transport links makes it the perfect venue for this international fair, which sets new standards in the food industry and impressively demonstrates the connection between local culture and global markets."
Gourmet Festival,Expected July 2027,Germany,Cologne,Schokoladenmuseum,gourmetfestivals.de,"The Gourmet Festival Cologne is an annual food and drink festival organised by Wellfairs GmbH. Part of a wider event series that also takes place in Düsseldorf and Mönchengladbach, it provides a showcase for exceptional cuisine and distinctive gourmet products. The festival is held in the heart of Cologne, in front of the Chocolate Museum and along the Rheinauhafen waterfront. Its picturesque setting features rows of white pagoda marquees and stylish food trucks arranged along the aptly named “Food Truck Avenue”. Held during the summer months, the Gourmet Festival Cologne is a premium gastronomic event dedicated entirely to food and drink. With a strong emphasis on international, national and regional specialities, it invites visitors to explore a wide range of flavours and purchase high-quality products. The festival brings together exhibitors from across the food and hospitality sector, including renowned restaurateurs, winemakers and artisanal delicatessen producers. Their offerings range from premium food products, fine wines and high-end spirits to freshly prepared dishes and sweet treats. Kitchen equipment and culinary accessories are also on display. Festival highlights include workshops and tasting sessions hosted by exhibitors, as well as live musical performances. The aim is to provide visitors with an unforgettable culinary weekend. The event attracts both food enthusiasts and professionals from the hospitality and food industries. The venue, located at the Chocolate Museum on the banks of the Rhine, is easily accessible by public transport and within walking distance of Cologne city centre. Parking is available in the surrounding area, although visitors are encouraged to use public transport where possible. In summary, the Gourmet Festival Cologne is a captivating event that brings together outstanding culinary experiences and products from the region and beyond. It offers visitors a unique opportunity to discover new flavours, gain inspiration and immerse themselves in the world of fine food and drink. More than simply a celebration of taste, it is a feast for all the senses."
INAPALM ASIA,Expected July 2027,Indonesia,Jakarta,JIExpo Jakarta International Expo,www.inapalm-asia.net,"INAPALM ASIA is Indonesia’s leading trade fair dedicated to the palm oil industry and its closely related sectors. Held annually at the state-of-the-art JIExpo Kemayoran exhibition center in the heart of Jakarta, it offers a highly specialized business platform that provides ideal conditions for both trade visitors and exhibitors. The venue is easily accessible by car and public transportation. The event is organized by GEM INDONESIA, a seasoned organizer of international trade fairs. INAPALM ASIA brings together an expert exhibition, professional networking, and knowledge exchange across the entire value chain of the palm oil, agriculture, and forestry industries. The focus lies on advanced technologies and solutions for palm oil processing, including complete production lines, presses, and refining systems. At the same time, the trade fair addresses companies involved in agricultural engineering, biogas technology, agrochemicals, water and waste management, metal and packaging technologies, as well as laboratory and testing equipment. The range of exhibits spans from machinery and equipment—such as tractors, boilers, and air compressors—to fertilizers, insecticides, measuring devices, and recycling solutions. The depth and diversity of offerings—from turnkey solutions to consulting and certification services—position INAPALM ASIA as a highly specialized showcase of industrial innovation. With its clear focus on the palm oil industry and its interconnected sectors, INAPALM ASIA stands out in its thematic orientation. As one of the world’s largest producers of palm oil, Indonesia adds global relevance to the event, making it attractive not only to domestic enterprises but also to international players seeking partnerships, market insights, and investment opportunities. Exhibitors primarily represent the mechanical engineering, chemical, agricultural, forestry, and food industries. The trade audience includes manufacturers, processors, suppliers, investors, and key decision-makers. The exhibition program is complemented by trend forums, business meetings, and guided seminars, offering in-depth discussions on current industry topics, opportunities, and challenges—creating a strong platform for knowledge sharing and targeted networking. INAPALM ASIA is part of the INAGRITECH exhibition and firmly rooted in Jakarta—a city known for its cultural diversity, dynamic economy, and warm hospitality, providing an inspiring environment for international business engagement. The JIExpo Kemayoran, with its modern infrastructure and spacious exhibition halls, underscores the event’s professional character. INAPALM ASIA is thus far more than just a trade fair—it is the key meeting point for one of Indonesia’s most forward-looking industries."
Vietfood & Beverage,Expected August 2027,Vietnam,Ho Chi Minh City,SECC Saigon Exhibition & Convention Center,hcm.foodexvietnam.com/en/,"Vietfood & Beverage is an annual trade fair for food and beverages that has been bringing together industry professionals from around the world in Ho Chi Minh City since 2000. Held each August—during one of Vietnam’s most economically dynamic periods—it offers a practical and up-to-date overview of the latest developments, products, and trends in the sector. The event takes place at the modern SECC Saigon Exhibition & Convention Center, a centrally located and easily accessible venue in the heart of Ho Chi Minh City. The fair is organized by VINEXAD National Trade Fair & Advertising JSC, one of Vietnam’s leading exhibition companies, known for its strong international orientation and professional organization. Vietfood & Beverage stands out for its broad scope and professional depth. It showcases an extensive range of food, beverages, and dietary supplements—from fresh produce and seafood to functional and organic products—as well as innovative raw materials and food additives essential for contemporary product development. The exhibition is further enriched by technical solutions in processing, packaging, and distribution, providing a comprehensive view of the entire value chain. An added value lies in the accompanying technical seminars, which focus on forward-looking topics such as sustainability, packaging innovations, and digital transformation. These sessions offer practical insights for manufacturers aiming to streamline production, retailers seeking new product lines, and foodservice professionals looking to stay current with industry trends. Exhibitors represent a wide range of sectors, including industrial food production, hospitality, gastronomy, wholesale, and international import. The fair is targeted exclusively at a professional audience—decision-makers from sales, processing, catering, hospitality, and marketing—essentially, all those involved in the commercialization of food and beverages. As part of a broader series of events, including a sister exhibition in Hanoi and held alongside ProPack Vietnam, Vietfood & Beverage generates valuable synergies. It brings together all segments of the industry—from raw material sourcing to packaging—positioning itself as a central platform for innovation, networking, and market entry opportunities across Southeast Asia. Located in the emerging District 7 of Ho Chi Minh City, the SECC impresses with its contemporary architecture and high-performance infrastructure. With excellent connections to both the city center and the international airport, it provides an ideal setting where global expertise meets local market access at the highest level."
NATURAL EXPO INDIA,Expected August 2027,India,Greater Noida,India Expo Centre & Mart,biofach-india.com/natural-expo-india,"Since its inception in 2018, NATURAL EXPO INDIA has established itself as the leading trade fair and conference for natural products, held annually at the India Expo Centre & Mart in Greater Noida. It is organized by NürnbergMesse India Pvt. Ltd. and serves as a key platform for the natural product trade both in India and internationally. The expo showcases a wide range of products and services, from natural foods and beverages to natural cosmetics, wellness products, natural textiles, fibers, eco-friendly cleaning solutions, household products, and pet products. There is a special focus on connecting manufacturers, farmers, suppliers, and retailers, including online stores and white-labeling partners. Located near Delhi, the India Expo Centre & Mart in Greater Noida offers not only strategic advantages due to its location but also excellent accessibility for international visitors. The region is a significant trading and economic hub that reflects India's growing commitment to environmental awareness and sustainability. A highlight of the event is the numerous expert-led conferences and seminars, as well as extensive networking activities that promote exchange and further education among participants. Representatives from agriculture, cosmetics, and the textile industry seize the opportunity to showcase their latest innovations. NATURAL EXPO INDIA is distinguished by its comprehensive offerings and plays a crucial role in promoting a healthier and more sustainable future. The modern facilities of the India Expo Centre & Mart, with its excellent infrastructure, support the execution of this significant event, which emphasizes the global importance of sustainable and natural products and contributes to their worldwide dissemination."
BIOFACH INDIA,Expected August 2027,India,Greater Noida,India Expo Centre & Mart,www.biofach-india.com,"Launched in 2009, BioFach India stands as a prestigious trade fair for top-quality organic products from around the world. The name ""BioFach"" is a combination of ""Biological"" and ""Trade Fair"", emphasizing its focus on sustainable and organic products. This annual event is organized by NürnbergMesse India Pvt. Ltd., in close collaboration with the Agricultural and Processed Food Products Export Development Authority (APEDA). The central event takes place at the India Exposition Center & Mart in Greater Noida. Here, the presentation and promotion of organic products are paramount - ranging from organic grains, herbs, spices, rice, honey, sugar, and syrup, to exquisite organic coffee, tea, juices, and cocoa. The range also includes organic fresh and dry foods, organic fruits and vegetables, cotton products, as well as essential and Ayurvedic oils. Natural cosmetics and many other organic items complete the offering. Additionally, a variety of services and consultation opportunities related to the organic sector are available. BioFach India reflects the rising significance of the organic sector in India and underscores the country's pivotal role in the global organic industry. Highlights of the fair include product presentations, a diverse conference program, and B2B meetings between buyers and sellers. Exhibitors come from various sectors of the organic, natural, and millet industries, attracting professionals from purchasing, trade, import, and gastronomy. It's noteworthy that BioFach India is just one of many BioFach fairs globally, held in countries like Germany, USA, China, Japan, Thailand, Brazil, and Saudi Arabia. The original BioFach, the so-called ""parent fair,"" is an annual highlight in Germany, where APEDA consistently represents with the India Pavilion. In conclusion, the India Exposition Center & Mart in Greater Noida is not just significant as a fair center but is also easily accessible. It offers excellent facilities for both exhibitors and visitors and signifies India's commitment to the burgeoning organic industry. Thus, this fair is the ideal venue for networking, professional development, and business transactions in the organic field."
HKTDC Beauty & Wellness Expo,Expected August 2027,China,Hong Kong,Hong Kong Convention and Exhibition Centre,www.hktdc.com/event/hkbeautyexpo/en,"The HKTDC Beauty & Wellness Expo , held annually at the Hong Kong Convention and Exhibition Centre, is a standout event. This impressive venue, located in the heart of Hong Kong, serves as the perfect backdrop for the fair organized by the Hong Kong Trade Development Council (HKTDC). It brings together the latest trends and products from cosmetics, skincare, fitness, and wellness to meet the growing demands of a health and beauty-conscious audience. The HKTDC, which is dedicated to promoting trade and investment in and out of Hong Kong, plays a vital role in strengthening the local economy through this event. The expo facilitates the presentation of high-quality regional products and encourages international exchange. The fair offers a diverse range of products and services, including modern cosmetics, advanced skincare, innovative hair and nail care products, health-promoting foods, dietary supplements, and fitness equipment. Specialized areas such as ""Fitness Fanatic"", ""Beauty Chic"", and ""Wellness Warrior"" allow visitors to explore the latest offerings tailored to their needs. Another highlight is the extensive learning opportunities provided through conferences and seminars led by leading experts on topics like Japanese manicure, weight management, and nutritional diets. The program is further enriched by events such as the ""Hong Kong Fitness Awards Charity Open Championship"" and seasonal makeup demonstrations. Exhibitors represent a broad spectrum of industries, including cosmetics, fitness, health, and wellness, attracting both professionals and consumers interested in a healthy and stylish lifestyle. In summary, the HKTDC Beauty & Wellness Expo is an essential event for anyone interested in beauty and health who wants to experience the latest innovations firsthand. The accessible venue offers an ideal platform for this significant industry gathering."
HKTDC Food Expo,Expected August 2027,China,Hong Kong,Hong Kong Convention and Exhibition Centre,www.hktdc.com/event/hkfoodexpo/en,"The HKTDC Food Expo is Asia’s leading trade and public exhibition for food and gastronomy. It takes place every August at the renowned Hong Kong Convention and Exhibition Centre, one of the city’s most iconic landmarks. The event is organized by the Hong Kong Trade Development Council (HKTDC), a key institution dedicated to promoting international trade and Hong Kong’s economic development. The expo serves as a forward-looking platform that brings together the entire spectrum of the food market under one roof. Its clearly defined sections ensure remarkable diversity. The Food Expo is reserved exclusively for industry professionals, focusing on innovation, technological advancements, and international sourcing. The Public Hall and the exclusive Gourmet Zone invite the general public to shop and discover culinary highlights. The HKTDC Food Expo showcases premium products, everyday classics, and specialties from around the globe, while also addressing current trends such as alternative proteins, 3D food printing, and intelligent packaging solutions. The range of products extends from branded delicacies, organic and wellness items, snacks, confectionery, pasta, ready meals, and beverages to halal foods, meat, seafood, dairy products, and plant-based alternatives. The thematic scope reflects Hong Kong’s global and cultural diversity: Asian and Western delicacies, vegetarian and vegan specialties, coffee, tea, craft beer, fine wines, health and nutrition products, innovative food tech solutions, as well as numerous OEM and private label offerings are all in focus. A comprehensive supporting program featuring cooking shows, live tastings, expert talks, and award ceremonies sets new standards each year and creates memorable culinary experiences. The expo is a central meeting point for decision-makers and trendsetters from retail, wholesale, import, export, gastronomy, and hospitality. Exhibitors and visitors represent every segment of the international food and beverage industry, including manufacturers, distributors, buyers, and food enthusiasts. Together with concurrent events such as the Hong Kong International Tea Fair and the HKTDC Home Delights Expo, the HKTDC Food Expo forms the centerpiece of Hong Kong’s vibrant exhibition scene. The Hong Kong Convention and Exhibition Centre impresses with its modern infrastructure and excellent public transport connections, ensuring a comfortable and efficient experience for all participants. The Food Expo is thus not only an international industry gathering, but also a significant driver of Hong Kong’s economic vitality and innovative spirit."
Dairytech India,Expected August 2027,India,Bangalore,KTPO Trade Center,dairytechindia.in,"Dairytech India is an annual trade fair that has established itself as one of the leading platforms for the dairy and food industry on the Indian subcontinent. The event is entirely dedicated to showcasing the latest technologies, services, and innovations in the dairy sector. It takes place every August at the KTPO Exhibition Centre. Bangalore, the host city, is not only known as a major IT hub but is also emerging as a key center for agricultural and food technology. The name “Dairytech” combines “dairy” and “technology”, clearly reflecting the event’s core focus: technological advancement in the dairy industry. This specialization is of considerable importance, as dairy products constitute a fundamental part of the diet and livelihood for around 60 percent of the Indian population. As such, the fair holds significant economic and social relevance across the country. The event is organized by Media Today Group, a well-established Indian trade fair organizer specializing in exhibitions related to agriculture, food processing, and associated industries. The exhibition highlights current developments in dairy processing, packaging technology, animal feed production, cold chain logistics, and animal health. The range of solutions presented includes modern processing equipment, advanced packaging systems, milking and cooling technologies, as well as IT-based control systems. Related fields such as veterinary medicine, barn hygiene, quality control, and waste management are also well represented. Exhibitors span various sectors, including manufacturers of dairy equipment, packaging companies, providers of refrigeration technologies, dairy product producers, animal feed suppliers, and service providers in IT, consulting, and trade. The fair attracts a diverse professional audience comprising dairy farmers, food processing entrepreneurs, traders, researchers, government representatives, start-ups, cooperatives, educational institutions, and NGOs. A particular highlight of the event is its program of expert presentations, live demonstrations, and networking opportunities, which offer valuable insights into innovative solutions and proven best practices. Dairytech India thus serves as a unique and highly specialized platform for all those committed to shaping the future of India’s dairy industry – technologically, economically, and sustainably."
Indian FoodEx,Expected August 2027,India,Bangalore,KTPO Trade Center,indiafoodex.com,"Indian FoodEx is an annual international trade fair that has established itself as a key platform for innovations, technologies, and products across the entire food value chain. The event is held annually in Bangalore – a city known as both an IT center and a dynamic location for trade and the food industry in India. Organized by the renowned Media Today Group , a seasoned trade fair organizer that sets new standards with its industry-specific exhibitions across India, Indian FoodEx offers a professional forum that brings together leading companies, emerging players, and key decision-makers from around the world. It fosters knowledge exchange, facilitates business partnerships, and supports targeted market development. The exhibition focuses on cutting-edge machinery and technologies for food processing and packaging, hotel and kitchen equipment, cold chain solutions, organic and functional foods, digital coding and logistics systems, automation, and post-harvest and agricultural technologies. The offering is complemented by a diverse range of fresh and processed food products – including Basmati rice, tea, spices, frozen foods, baked goods, dairy products, snacks, juices, pickles, as well as convenience and plant-based foods. Forward-looking segments such as robotic packaging systems, digital temperature control, export services, seafood processing equipment, and certified organic products are given special emphasis. Indian FoodEx stands out not only for its thematic depth but also for its clear target group orientation: it addresses professionals from food production, retail, wholesale, hospitality, research, agriculture, logistics, and export sectors, offering tailored solutions, the latest technologies, and direct access to decision-makers and investors. Exhibitors represent a broad spectrum of relevant industries – from food and machinery manufacturers to packaging experts, research institutions, certification bodies, international consulates, and agri-financing companies. The trade fair serves both as a showcase for India’s rapidly growing food industry and as a platform for international market participants looking to establish a foothold in one of the fastest-expanding markets worldwide. A varied supporting program featuring workshops, live demonstrations, and expert presentations provides practical insights and valuable impulses for the continued advancement of the sector."
SIFCE,Expected August 2027,China,Shanghai,Shanghai New International Expo Center - SNIEC,www.ffb2b.com,"The Shanghai International Frozen and Chilled Food Exhibition, or SIFCE for short, is a renowned international trade fair for frozen and chilled products. Since its inception, it has established itself as a leading industry meeting point for manufacturers, suppliers, and buyers. The fair takes place annually at the Shanghai New International Expo Center (SNIEC) in Shanghai, China, and is well-known for showcasing product innovations and current trends. SIFCE is organized by the Shanghai Gehua Exhibition Service Co., Ltd., a respected exhibition company that manages numerous national and international events. At SIFCE, a wide variety of frozen and chilled goods are displayed. The product range extends from meat, fish, and poultry to fruits and vegetables, as well as wheat-based food and other flash-frozen items. The exhibitors represent diverse industries, including food manufacturing and processing, refrigeration technology, and packaging. The fair not only serves as a platform for product presentations but also functions as a forum for the exchange of expertise and networking among industry players. The main visitors primarily come from the retail sector, gastronomy, and the food industry, seizing the opportunity to learn about new products and services, and to forge business connections. Centrally located in the heart of Shanghai, the SNIEC is easily accessible by public transportation. With modern infrastructure and a wide selection of nearby hotels and restaurants, it provides the ideal setting for a successful trade fair event. After the fair, the many attractions and rich culture of Shanghai invite exploration."
Ingredients,Expected August 2027,Peru,Lima,Jockey Exhibition Center,expofoodtech.org,"The "" Ingredients "" Fair focuses on innovations and technological advancements in the food industry. It is held biennially at the Centro de Exposiciones Jockey in Lima, Peru, attracting experts from around the world. Organized by Food & Health Consulting S.A.C., the event provides a platform for exchanging ideas, products, and services aimed at improving food quality and safety. The ""Ingredients"" Expo covers a wide range of topics, including food ingredients and additives, bakery and confectionery technologies, hygiene and disinfection practices, and the latest trends in the HORECA sector (Hotel/Restaurant/Café). Highlights include the International Congress on Food Ingredients and Additives, the Congress on Hygiene and Disinfection, and the National Innovation Competition, which recognizes new technologies and ideas. The fair is of significant importance to Lima and Peru as it provides local businesses access to global markets and technologies. It offers a unique platform for B2B networking and fosters exchanges between large manufacturers and smaller, innovative companies. Participants of the fair come from various sectors of the food industry, including production, processing, distribution, and marketing. The event attracts both local and international professionals eager to discover the latest innovations and products. The Centro de Exposiciones Jockey, the venue for the event, is ideally suited for international events due to its central location and accessibility. Its modern infrastructure and proximity to major transport hubs make it an optimal place for presenting and discussing new ideas and technologies. In summary, the ""Ingredients"" Expo provides an excellent opportunity to stay informed about the latest developments in the food industry and is an indispensable event for professionals in this dynamic sector."
Fine Food Australia,Expected August 2027,Australia,Melbourne,MCEC - Melbourne Convention and Exhibition Center,finefoodaustralia.com.au,"""Fine Food Australia"" represents more than just a name—it's a commitment to quality and excellence. Embracing the ""Fine Food"" label, the emphasis is on select foods, drinks, and services within the hospitality sector. Established in 1984, this event has become a pivotal gathering for the Australian food and hospitality sectors. It's expertly organised by Diversified Communications Australia, specialists in hosting international fairs and events. Annually in September, ""Fine Food Australia"" alternates between two renowned venues: the International Convention Centre (ICC) in Sydney and the Melbourne Convention and Exhibition Centre. It showcases the latest trends, products, and innovations that drive the industry. Key features include food specialties, catering, front-of-house equipment, beverages, coffee and tea, bakery tools, hotel and retail tech, dairy insights, and pioneering packaging solutions. A significant portion of exhibitors hail from retail, food service, and hospitality backgrounds. This event allows them to showcase their newest products and services to a vast industry audience. Primarily, it attracts buyers and key decision-makers from the aforementioned sectors, presenting them with an unparalleled opportunity to keep abreast of industry innovations and establish business connections. Concluding, it's worth noting the strategic locations of both venues: the ICC in Sydney and the Convention Centre in Melbourne. Their central positioning coupled with excellent transport links ensures ease of access. The annual city switch offers attendees a unique opportunity to witness the vibrant facets of the Australian food and hospitality industry. Explore ""Fine Food Australia"" and delve into a realm of culinary innovation and discovery!"
Foodist Istanbul,Expected September 2027,Turkey,Istanbul,Tüyap Fair Convention & Congress Center,www.foodistexpo.com/en,"Foodist Istanbul is one of Turkey’s leading international trade fairs for food, beverages and food processing technologies. It serves as a key business platform for companies operating across the entire food industry value chain. The event takes place at the Tüyap Fair Convention & Congress Center in Istanbul, one of Turkey’s largest and most modern exhibition and convention venues. Foodist Istanbul is organised by Reed Tüyap Fairs and Exhibition Organization Inc., one of the country’s foremost exhibition organisers. Combining the international exhibition expertise of Reed Exhibitions with the extensive market knowledge of the Tüyap Group, the organiser provides a professional platform for both domestic and international business development. Foodist Istanbul covers every segment of the food and beverage industry. The exhibition showcases a wide range of products, including staple foods, canned goods, pulses and bakery products, as well as frozen and convenience foods, soft drinks, speciality coffees and teas, chocolate, confectionery, nuts, and organic and health foods. Fresh fruit and vegetables, meat, poultry and seafood products, dairy products, eggs and related goods are also prominently featured. The offering is further complemented by spices, sauces, edible oils, food additives, ingredients and private-label solutions for the retail sector. Another key focus is on innovative technologies and services for the food industry. Visitors gain insights into advanced solutions for food safety, hygiene and quality control, cold-chain management, warehousing and logistics. As a result, the exhibition not only showcases new products but also presents practical solutions to current industry challenges, including sustainability, traceability, operational efficiency and the optimisation of international supply chains. Among the event’s highlights are innovative food concepts, product launches and emerging market trends, alongside a wide range of networking and business-matching opportunities. Expert presentations, conferences and specialist forums provide valuable insights into the latest developments in the food sector. Particular emphasis is placed on business development, knowledge sharing and international collaboration. Exhibitors represent virtually every area of the food industry. Participants include food and beverage manufacturers, suppliers of raw materials and ingredients, packaging and processing technology companies, providers of refrigeration and logistics solutions, and service companies specialising in quality management, certification and food safety. This broad representation gives visitors a comprehensive overview of the industry as a whole. The fair attracts buyers from major retail chains, importers and exporters, wholesalers, distributors and food retail professionals. It is also attended by representatives from the hospitality and foodservice sectors, catering companies, and decision-makers from production, logistics and food technology. In addition, investors, industry associations and trade media use the event as a platform for information exchange and professional networking. With its international profile, diverse product offering and strategically advantageous location, Foodist Istanbul ranks among the most important meeting places for the food industry in Eurasia. The Tüyap Fair Convention & Congress Center is located in Büyükçekmece, a district on the western side of Istanbul, and is easily accessible from Istanbul International Airport as well as via the city’s extensive road and public transport networks. These advantages provide ideal conditions for successful business networking and the development of international trade partnerships."
RBHK - Restaurant Bar Café,Expected September 2027,China,Hong Kong,Hong Kong Convention and Exhibition Centre,www.rbhk-ga.com,"RBHK - Restaurant Bar Café is the leading trade fair for the gastronomy and hospitality industry in the Asia-Pacific region, standing out as a unique platform for innovation, exclusivity, and professional networking. Since its inception in 2003, RBHK has become an essential meeting point for gastronomy experts, culinary visionaries, and professionals from the food, beverage, and equipment sectors. Each year, the prestigious Hong Kong Convention and Exhibition Centre in the heart of the city opens its doors to this special event, which is expertly organized by the internationally recognized event organizer Informa Markets. With a clear focus on quality and current trends, RBHK showcases everything modern hospitality businesses need. The latest products and tailored services in wine, spirits, beer, food, natural products, meat, seafood, technology, design, bakery and confectionery specialties, coffee, tea, and packaging solutions are presented here. The trade fair not only sets standards for the local market but also highlights the international character of Hong Kong as a significant hub for culinary trends and business opportunities in the region. A distinctive feature of RBHK is its high-profile competitions and awards, such as the “Hong Kong Best Spirits Awards”, the “Barista Competition”, and the “Wine Luxe International Awards”. These events offer industry professionals from gastronomy, hospitality, and the food and beverage sector inspiration, further training, and exclusive networking opportunities through live cooking shows, wine tastings, and direct exchanges with industry leaders. Exhibitors range from food and beverage producers to suppliers and technology providers. The Hong Kong Convention and Exhibition Centre impresses with its central, convenient location, offering excellent connections to public transport and the city’s main traffic arteries. This ensures comfortable access for both local and international visitors and provides a unique trade fair experience that vividly reflects Hong Kong’s status as a vibrant metropolis and a hotspot for the Asian gastronomic scene."
Seafood Expo Asia,Expected September 2027,Singapore,Singapore,Sands Expo & Convention Centre,www.seafoodexpo.com/asia,"Seafood Expo Asia is a well-established trade fair that has served as a key meeting point for the international seafood industry since its inception in 2009. Held annually at the Sands Expo & Convention Centre in Singapore—one of Asia’s most advanced exhibition venues, centrally located in the city’s vibrant business district—it attracts industry professionals from around the globe. The event is organized by Diversified Communications , an experienced international trade show organizer with a globally connected event portfolio, including Seafood Expo North America in Boston and Seafood Expo Global in Barcelona. Seafood Expo Asia stands out for its clear thematic focus on innovation, sustainability, and market access within the Asian seafood sector. Key topics include developments in aquaculture, sustainable food systems, modern feed technologies, digital traceability, as well as food safety, environmental standards, and fair labor practices throughout the supply chain. Up-to-date market data, consumer trends, and forecasts for Southeast Asia offer valuable insights into the dynamic Asian seafood market for trade visitors. Exhibitors from every segment of the value chain showcase their latest products and solutions—from fresh and frozen seafood to processed and packaged goods, as well as technologies for processing, packaging, refrigeration, logistics, and automation. Particularly innovative, sustainable, or outstandingly flavorful products are recognized through the Product Showcase and the Seafood Excellence Asia Awards. The expo brings together international stakeholders from aquaculture, processing, wholesale, mechanical engineering, and packaging technology. Key visitors include decision-makers from the hospitality industry, foodservice, retail, as well as importers and distributors actively seeking new products and business opportunities in the Asian market. Singapore, as the host city, plays a vital role in the event’s success. With its world-class infrastructure and global connectivity, the city offers ideal conditions for international business networking. The Sands Expo & Convention Centre is optimally accessible thanks to its central location, proximity to hotels and restaurants, and excellent transport connections—especially to Changi Airport. As such, Seafood Expo Asia is far more than just a trade fair. It serves as a central platform for exchange, innovation, and commerce, and is a major showcase for the future of the global seafood industry in one of the world’s most dynamic markets."
Agrokomplex,Expected September 2027,Slovakia,Nitra,International Exhibition Center Agrokomplex,agrokomplex.sk/en/agrokomplex,"Agrokomplex is an international trade fair that has established itself as a showcase for innovations and trends in the agricultural and food industries. Its name stands for high-level expertise in the agricultural sector and also refers to its modern venue: the International Exhibition Center Agrokomplex in Nitra, a historic university town in western Slovakia. Every year, the fair attracts industry professionals from across Europe and beyond. The event is organized by Agrokomplex-Výstavníctvo, a renowned company specializing in professional trade fairs and exhibitions, with a strong focus on facilitating knowledge transfer between research, business, and practical application. Agrokomplex is characterized by its current and wide-ranging focus topics, which encompass innovative agricultural technology, precision and regenerative agriculture, seeds, fertilizers, crop protection, livestock management, food processing, and sustainable packaging solutions. The main emphasis is on solutions that increase efficiency, reduce costs, and at the same time promote climate and soil protection as well as animal welfare—a goal that is becoming increasingly important in light of growing EU regulations and societal expectations. International exhibitors present state-of-the-art technologies, including tractors, harvesting machines, drones, sensors, digital herd management systems, and scientific innovations. The fair stands out for its strong practical orientation and serves as a marketplace, innovation hub, and discussion platform all in one. Visitors gain valuable insights into the entire value chain of the agriculture and food industries—from regional direct marketing models and national livestock competitions to start-up presentations. The exhibitors reflect the diversity of the agricultural and food sector: in addition to agricultural machinery manufacturers and seed producers, there are providers of digital solutions, universities, start-ups, and political institutions. The main audience consists of decision-makers from agriculture, food processing, research, trade, and politics, all looking for innovative and practical solutions. The International Exhibition Center Agrokomplex is recognized as a modern, spacious exhibition venue, easily accessible by public transport, car, or on foot. The city of Nitra itself, with its rich historical heritage, cultural attractions, and welcoming atmosphere, invites visitors to combine their fair attendance with an exploration of the region—making Agrokomplex not only a professional trade fair but also a memorable experience for all participants."
SIAL China,Expected September 2027,China,Guangzhou,PWTC Poly World Trade Center,www.sialchina.com,"The SIAL China , which has been a leading international trade fair for food and beverages since its launch in 2023, will now be held annually at the Poly World Trade Center Expo in Guangzhou following its relocation from Shenzhen. The name SIAL stands for “Salon International de l’Alimentation”, meaning “International Food Exhibition”. The event is organised by Comexposium, a global organiser of trade fairs and conferences. The exhibition covers a wide range of sectors, including baby food, organic and wellness products, dairy products, non-alcoholic and alcoholic beverages, meat, poultry, processed meats and sausages, seafood, as well as pulses and cereals. This diversity highlights its central role as a platform for innovation and emerging trends within the food industry. At SIAL China, food manufacturers, distributors, importers, wholesalers, retailers, and representatives from both institutional and commercial foodservice showcase their latest products and services. As such, the trade fair serves as an important gateway to the Chinese market and a key platform for international companies seeking to establish a presence in China’s dynamic business environment. Distinctive features of the event include numerous competitions and award ceremonies recognising outstanding innovation, such as the SIAL Innovation competition, the SIAL Chic and Tea Contest, and the SIAL Cup Barista Challenge. These events promote quality and innovation while providing valuable opportunities for exchange between industry professionals and companies. As part of a global series of SIAL exhibitions, SIAL China plays a pivotal role in the international food industry. Participants and exhibitors represent a broad spectrum of sectors, including food production, foodservice, and trade. The Poly World Trade Center Expo in Guangzhou offers modern facilities and excellent infrastructure, making it an ideal venue for events of this scale and significance. Its convenient accessibility further enhances the trade fair’s appeal for both local and international participants."
Gourmet Show,Expected September 2027,Mexico,Mexico City,World Trade Center Mexico (WTC),www.gourmetshow.mx,"The Gourmet Show is Mexico’s leading trade fair for premium food, fine beverages, and culinary lifestyle. Held annually in the heart of Mexico City – at the modern World Trade Center (WTC) – the event attracts culinary professionals, gourmet enthusiasts, and key decision-makers from across the food industry. Organized by Tradex Exposiciones, a seasoned exhibition company with decades of experience, the show has established itself as a benchmark in the sector. Each September, the Gourmet Show provides an exclusive platform for networking, presentation, and culinary exploration. Its clearly defined thematic structure, divided into dedicated exhibition zones known as Pabellones , offers visitors a well-organized experience while spotlighting industry trends and innovations. The Wine Room showcases international wines and premium spirits, while the Agave Fest is dedicated to traditional Mexican agave-based distillates such as tequila and mezcal. With Veganautas , the show also highlights the growing plant-based and vegan movement, reinforcing its commitment to culinary diversity and forward-thinking concepts. The product range is extensive – from artisanal breads, fine cheeses, and charcuterie to fresh seafood, gourmet chocolates, preserves, organic products, and creative culinary ingredients. The offering is further enriched by high-quality oils, vinegars, and international delicacies. Exhibitors include both small-scale producers and established brands from the fine food, gastronomy, hospitality, retail, wholesale, and catering sectors. Beyond business, the Gourmet Show embraces a cultural mission: to promote Mexico’s culinary heritage while bridging tradition and innovation. Through a diverse program of workshops, tastings, and networking events, it creates a vibrant meeting point for chefs, sommeliers, food professionals, and culinary enthusiasts. As Mexico’s premier culinary showcase, the event highlights the country’s rich diversity of products and producers – and in doing so, enhances its international reputation as a destination for gourmet excellence. The centrally located Pepsi Center also provides ideal infrastructure. Its proximity to the WTC, excellent public transport connections, and nearby hotel options make the Gourmet Show not only a culinary highlight but also a logistical success."
Inter Food EXPO,Expected September 2027,Armenia,Yerevan,Karen Demirchyan-Komplex,www.expo.am,"The "" Inter Food EXPO "", held annually at the Karen Demirchyan-Komplex in Yerevan, Armenia, is an international trade fair for the food industry. Organized by the Logos Expo Center, it has established itself as an indispensable platform for industry leaders and representatives from both wholesale and retail sectors. Armenia's geographical position, increasingly important in global food production and distribution, adds significant relevance to the fair. The aim of the Inter Food EXPO is to showcase a wide range of products and services. These include meat and dairy products, non-alcoholic beverages, mineral water, spirits, tobacco products, confectioneries, and ice cream. The fair also presents the latest technologies in food production and packaging, making it an essential gathering for professionals in the field. The fair not only offers insights into innovations and new products but also serves as an educational platform. Seminars and round-table discussions on current issues and future perspectives of the food industry are held, emphasizing its role as a place for learning and professional exchange. Annually, the fair attracts a diverse array of industry representatives, including manufacturers, suppliers, wholesalers, and retailers. It is also a magnet for restaurateurs and governmental regulatory bodies, highlighting the variety of participants and the broad interest it generates. The Karen Demirchyan-Komplex, with its modern facilities and convenient access, is an ideal venue. Moreover, Yerevan's rich cultural and historical context provides additional incentives for international visitors to attend the fair and take the opportunity to explore Armenia."
Rohvolution,Expected September 2027,Germany,Spires,Stadthalle,rohvolution-messe.de/die-messe/speyer,"The 'Rohvolution' fair in Speyer stands as a beacon for the raw food nutritional revolution. The name melds the word ""Roh"", denoting the core essence of the showcased diet, with ""Revolution"", indicating a transformative shift in nutritional perspectives. Hosted in the scenic city of Speyer, specifically within the town hall, Rohvolution began its journey in 2017. It has since become an annual magnet for raw food aficionados. The fair is orchestrated by RohKöstlich GmbH, esteemed for their event management prowess and deep understanding of raw food nutrition. Central to the fair is the exploration of raw food nutrition. Attendees can delve into a myriad of related products and services. Offerings span from raw food preparation tools like juicers to taste-test opportunities provided by organic producers and fruit vendors. Here, one can relish smoothies, fresh juices, and other raw food delights. What particularly stands out at the Rohvolution are the enlightening lectures and workshops, shedding light on the art of raw food preparation. Exhibitors, ranging from organic farmers to kitchen equipment manufacturers, spotlight their offerings. Among the visitors, one finds nutrition enthusiasts, health-aware individuals, and professionals spanning the spheres of nutrition, gastronomy, and farming. In summary, Speyer's town hall is more than just a venue; it's a nexus point, both accessible by public transport and car. Set against the historic allure of Speyer, the fair is more than an event – it's an odyssey into the realm of mindful and healthful eating."" Note: The 'Rohvolution' fair in Speyer is a central event in the raw food revolution, offering attendees a chance to immerse themselves in raw food nutrition, sample delightful products, and learn from experts. Held at a strategic location, it promises not just knowledge but also a unique cultural experience."
Alimentaria,Expected September 2027,Guatemala,Guatemala City,Grand Tikal Futura Hotel & Convention Center,feriaalimentaria.com,"Alimentaria in Guatemala City is more than a traditional trade fair. It serves as a central meeting point for culinary innovations, trends, and sustainable developments within the food and beverage industry of Central America. The name ""Alimentaria"", derived from the Spanish word for food, captures the essence of the event: the focus is on current products, modern technologies, and new culinary experiences from the world of food and drink. Each year, the Grand Tikal Futura Hotel & Convention Center transforms into an important hub for the industry. Alimentaria is organized by CorpoEventos, an experienced local event organizer, and attracts both industry professionals and enthusiasts from across Central America. Here, visitors gain a concise and practical overview of the latest developments in the food and gastronomy sectors: from innovative technologies and automation to digital business models and data analytics, as well as sustainable kitchen concepts, resource-efficient production, and zero-waste initiatives. The event combines professional depth with cultural identity. International congresses and events such as ""Nan Pa’ach – The Maize Ceremony"" highlight Guatemala’s culinary heritage and bring traditions to life. In addition, Alimentaria offers hands-on training, barista masterclasses, the Junior Chef Contest, as well as exclusive B2B networking events and matchmaking formats for HORECA professionals. Exhibitors represent the entire value chain: producers, importers, wholesalers and retailers, suppliers for hotels and restaurants, as well as start-ups, showcase innovative foods, beverages, technologies, services, and equipment solutions. Live demonstrations, the Tenedor de Oro awards, and inspiring workshops underline Alimentaria’s role as an innovation platform, marketplace, and cultural forum—firmly rooted in the region and internationally oriented. Trade visitors such as buyers, chefs, F&B managers, retailers, logistics specialists, export experts, and industry media find targeted inspiration, valuable contacts, and up-to-date expertise. For the wider public, Alimentaria remains an exciting event full of new discoveries. The modern Grand Tikal Futura Hotel & Convention Center impresses with first-class infrastructure, excellent accessibility, and state-of-the-art facilities. It reflects the forward-looking spirit of the Guatemalan capital. Thanks to its central location and optimal transport links, a visit to the fair becomes a pleasant and inspiring experience—right in the heart of one of Central America’s most dynamic metropolises."
Marca China Private Label Fair (Marca China),Expected September 2027,China,Guangzhou,PWTC Poly World Trade Center,www.marcachinafair.com,"The Marca - China International Private Label Fair, held annually, is a leading trade fair dedicated to the wholesale and private label sector . Organized by BolognaFiere China Ltd., one of the leading trade fair organizers, it serves as a central platform for manufacturers from various industries to present their products and services to a broad audience and strengthen their presence in both the Chinese and international markets. The fair focuses on key topics such as food, non-food items, packaging, services, beauty and personal care products, and pet products, with special emphasis on quality, sustainability, and innovation. The range of exhibits is diverse and includes fresh and preserved foods, organic products, beverages, health and hygiene products, household and leisure items, pet food, and much more. A highlight is the focus on ""Made in China"" products, known for their high quality and authenticity. A highlight of the fair is the ""International Private Label Selection (IPLS) Award"", which recognizes outstanding new products and innovative ideas in the private label sector. Additionally, there is a special ""New Consumer Products Zone"" dedicated to the latest trends in private label goods from both domestic and international markets. The ""E-Marca"" section allows top e-commerce platforms to participate in e-commerce live streams and product selection events to explore new solutions for e-commerce marketing. Another highlight is the professional forum, where experts, retailers, and brand owners discuss the latest trends and current topics. Exhibitors from various sectors, including food production, packaging industry, logistics, and service sector, present themselves here. The main visitors include retailers, importers, as well as national and international buyers. Thanks to its strategically advantageous location and good accessibility by various means of transport, the fair location in Shenzhen is an ideal meeting point for professionals from all over the world. The Marca China Fair reflects the growth of the private label market and emphasizes the important role of China in the international trade and industrial landscape."
AGRIFOOD TAIWAN,Expected September 2027,Taiwan,Taipei,Taipei Nangang Exhibition Center,www.taiwanagriweek.com,"AGRIFOOD TAIWAN is a key part of Taiwan Smart Agriweek and is recognized as the leading trade fair for modern food production, processing, and technology in Taiwan. The name “AGRIFOOD” highlights the connection between agriculture and food. The exhibition spans this entire spectrum, from fresh raw materials to innovative finished and functional foods, showcasing the full range of current industry developments. Each autumn, the Taipei Nangang Exhibition Center (TaiNEX) in Taipei becomes the meeting point for experts, innovators, and decision-makers from the international agriculture and food sectors. The event is organized by MY Exhibition Co., Ltd., renowned for its professional management and high-quality conference program. AGRIFOOD TAIWAN positions itself as a platform representing the entire value chain of the industry. The focus is on topics such as “From Farm to Table,” “Food Innovations,” “Functional Food & Nutrition,” and “Food-Tech Manufacturing.” Leading providers present premium fruit and vegetable products, high-quality grains, fish and meat products, as well as modern ready-to-eat and plant-based alternatives. The exhibition is complemented by innovative processing and packaging technologies, food safety solutions, cold chain logistics, and industry-specific automation. A particular emphasis is placed on functional ingredients, enriched foods, and nutritional concepts tailored to specific needs, such as those of seniors. The fair addresses current global trends like plant-based products and clean labels, while also setting regional accents with Chinese herbal tonics, innovative aquaculture products, and modern processing technologies. In doing so, AGRIFOOD TAIWAN underscores the country’s role as a hub of innovation. Exhibiting companies represent the fields of agriculture, food production, processing technology, packaging, logistics, and quality assurance. Trade visitors come from sectors such as retail, gastronomy, large-scale catering, healthcare, as well as research and development. They all share a keen interest in the latest trends and developments in the industry. The TaiNEX, as a modern exhibition venue, is conveniently located and offers a comfortable environment for both local and international guests. Taipei itself impresses with its blend of tradition and cutting-edge technology and serves as a vibrant meeting place for all those who wish to actively shape the future of the food industry."
Glee,Expected September 2027,United Kingdom of Great Britain and Northern Ireland,Birmingham,National Exhibition Center (NEC),www.gleebirmingham.com,"The Glee Birmingham is an annual trade fair specializing in the garden, pet, and leisure sectors and is considered one of the most important industry gatherings in the United Kingdom. Since its launch in 1974 – originally under the name Garden, Leisure, Equipment Exhibition – it has evolved into a key platform for buyers, retailers, and service providers in the gardening and retail industries. The event is exclusively aimed at trade visitors and represents the entire value chain, from manufacturers to retailers. After its scheduling shift from June to September, it now regularly takes place at the NEC Birmingham – one of the largest and best-connected exhibition centers in the UK, easily accessible by both car and public transport. Organized by the Hyve Group, an internationally active company with a portfolio of over 120 trade fairs and conferences, Glee benefits from this global expertise. Every year, it attracts thousands of trade professionals and leading brands from around the world who present their latest products and services in a professional setting. The event places particular emphasis on innovation, sustainability, and the connection between nature and quality of life. It covers a wide range of topics reflecting the diversity of the modern gardening and leisure market. The plants and horticulture section remains at the core of the show, showcasing new plant varieties, innovative cultivation technologies, substrates, and solutions for professional greenhouse construction. At the same time, the Garden Living segment is gaining significance, highlighting the garden as an extension of the living space – featuring premium furniture, decorations, lighting concepts, and outdoor kitchen systems. The garden care and maintenance sector also plays a central role, covering everything from traditional tools to advanced irrigation systems. Particular focus is placed on the trend toward sustainable and nature-friendly gardening, which has become a cornerstone of the industry. Products such as peat-free soils, recycled materials, biodiversity protection solutions, and water-saving technologies underscore the importance of environmental responsibility. Another key area is the pet supplies segment, as many garden centers also serve as outlets for pet products. Offerings range from pet food and accessories to grooming products for various animal species. This is further complemented by the gifts & stationery and floristry sections, featuring seasonal items, accessories, and professional supplies for florists. Glee Birmingham impresses not only with its thematic diversity but above all with its consistent focus on the needs of the specialist trade. By combining product innovations, retail trends, and forward-looking themes such as outdoor living, biodiversity, and sustainability, it offers a dedicated platform that meets both commercial and content-driven demands. For professionals in the garden industry, participation in Glee is virtually indispensable."
Riga Food,Expected September 2027,Latvia,Riga,International Exhibition Centre Kipsala,www.bt1.lv,"Riga Food is a leading trade fair for the food industry, held annually at the International Exhibition Centre Kipsala in Riga, Latvia. It serves as a central meeting point for industry experts from all over Europe and the world, providing a platform to showcase new products and exchange information about the latest developments in food and beverage production, processing, packaging, as well as catering, gastronomy, and hospitality. The fair is organized by the Exhibition Company BT 1, known for providing professional conditions that enable business professionals to expand their networks and present innovative solutions and services. The fair covers a wide range of topics, including advanced technologies in production and packaging, as well as services for hotels and public catering establishments. A distinctive feature of ""Riga Food"" is its close connection to Riga and the Baltic region. Through competitions like the Baltic Taste Award, high-quality regional foods are honored and made known internationally. Additionally, the fair offers a stage for spectacular events such as cooking and bartender competitions, attracting both professional visitors and interested guests. Exhibitors come from various sectors of the food industry, including manufacturing, processing, and services. The main target audience of the fair are professionals interested in the latest industry trends and looking to expand their business activities. The venue, the International Exhibition Centre Kipsala, is easily accessible and offers modern facilities, making it an ideal location for this large-scale event. In conclusion, ""Riga Food"" is not just a trade fair, but also a cultural event that showcases the culinary diversity and innovation of the food industry in a dynamic and interactive environment."
Festi’Valériane,Expected September 2027,Belgium,Libramont,Foire de Libramont,valeriane.be,"Festi’Valériane is Belgium’s largest and most established organic fair – an annual highlight that, since 1976, has served as a showcase for sustainable agriculture, ecological innovation, and conscious consumption. The name Valériane represents far more than just an event; it embodies the values of biodynamics, environmental responsibility, and a resource-conscious lifestyle that define the spirit of the fair. Every late summer, Foire de Libramont in the heart of the Walloon city of Libramont welcomes around 300 exhibitors and approximately 20,000 visitors, offering them an immersive experience of the diversity and importance of the organic sector. Organised by Nature & Progrès Belgique , an organisation passionately committed to promoting organic farming for over four decades, the fair’s programme spans agriculture and food, housing and energy, horticulture, health, society and the environment, and also includes a dedicated B2B programme. Organic producers, winemakers, manufacturers of eco-friendly building materials, providers of sustainable mobility solutions, producers of organic clothing and natural textiles, natural cosmetics companies, as well as environmental and social organisations, present their products and services. For professionals – including farmers, retailers, and manufacturers – the fair is an essential platform to discover emerging trends, forge business connections, and explore innovations first-hand. For the wider public, it offers inspiration for a sustainable lifestyle, from organic catering and hands-on workshops to lectures and panel discussions with experts. Festi’Valériane owes its unique atmosphere not only to its diverse range of exhibitors, but also to its location in a region renowned for its gastronomy, culture, and natural beauty. With its historic old town, imposing citadel, and welcoming cafés, Namur provides the perfect setting to combine a trade fair visit with a cultural getaway. Thanks to its central location, Namur Expo is easily accessible by car, train, or bus – an ideal destination for anyone interested in ecological future topics while enjoying Belgian hospitality at its best."
Food Technology Asia,Expected September 2027,Pakistan,Lahore,Lahore International Expo Centre,foodtechnologyasia.com,"Since its establishment in 2005, "" Food Technology Asia "" has been an international trade fair and has become a central meeting place for experts from the food and nutrition sectors. Known by the acronym FTA, it takes place annually and attracts leading suppliers from international and regional markets. The fair is organized by Ecommerce Gateway Pakistan PVT Ltd. It provides a comprehensive platform for showcasing the latest products and services. Key focus areas include food ingredients and additives, food processing and packaging, machinery and equipment, as well as innovative fields such as Agtech, Agritech, supply chain and logistics, biotechnology, and functional foods. Notably, the fair features special zones for startups, culinary innovations, and technologies focused on forward-looking solutions. It also includes an extensive program of conferences, seminars, and networking events that offer deep insights into current trends, challenges, and opportunities in the industry. The range of products and services displayed extends from processed foods and beverages to groundbreaking culinary solutions, covering topics like food safety, quality assurance, and certifications. Additionally, E-commerce platforms for food technology, smart kitchen technologies, strategies for reducing and recycling food waste, and food software and data analysis are presented. The fair emphasizes the economic importance of food technology for Pakistan and contributes to the development of the local industry. Exhibitors represent various sectors, including food production, agricultural technology, and biotechnology. The main attendees are professionals from these and related industries, interested in the latest technological developments and market trends. In summary, Food Technology Asia annually provides a dynamic platform for the exchange of knowledge, technology, and business opportunities, promoting the latest advancements and trends in the food technology sector."
Histoire Zen,Expected September 2027,France,Aix-en-Provence,Arena du Pays d'Aix,www.histoirezen.com,"Histoire Zen is far more than a traditional trade fair – it offers a holistic experience that nourishes body, mind, and soul. Its name symbolizes the core mission of the event: Histoire as the story of well-being, and Zen as a representation of inner peace, balance, and mindfulness. Every year, it attracts a diverse audience interested in natural healing methods, personal development, spiritual practices, and sustainable lifestyles. The upcoming edition will take place at the modern ARENA du Pays d’Aix in Aix-en-Provence – a centrally located venue offering excellent comfort and superb transport connections. Organized by the eponymous event company, Histoire Zen is regarded as France’s leading public fair for alternative medicine, natural health practices, and spiritual growth. The event goes well beyond the scope of a conventional health fair: it brings together traditional naturopathy, gentle therapeutic methods, and contemporary trends in organic cosmetics, detox culture, and life coaching – all within an inspiring and thoughtfully designed setting. Key topics include well-being and personal growth, such as life and relationship coaching, school orientation guidance, and massage techniques like Kobido. Gentle medicine also plays a major role, with offerings from naturopathy, Traditional Chinese Medicine, hypnosis, Reiki, Laochi, sophrology, and more. A dedicated space for spiritual healing and divinatory arts invites visitors to explore tarot reading, palmistry, astrology, and related disciplines. The program is further enriched by lithotherapy featuring healing stones and fossils. A distinctive feature of the fair is its strong support for regional artisans and organic producers, with a focus on handmade products “Made in France”, organic food, and natural cosmetics. Expert talks and interactive workshops enhance the visitor experience by providing valuable insights and inspiration – prioritizing genuine engagement and knowledge-sharing over simple product promotion. Exhibitors represent a wide range of fields, including naturopathy, body therapy, yoga, meditation, organic product development, spiritual counseling, and coaching. Visitors include professionals – such as naturopaths, therapists, and coaches – as well as individuals seeking a more conscious, healthy, and fulfilling lifestyle. Histoire Zen is part of a nationwide series of events held annually at various locations across France. It has become a key platform for holistic living. The edition in Aix-en-Provence particularly benefits from the region’s natural beauty, cultural richness, and the venue’s exceptional accessibility. The ARENA du Pays d’Aix offers a modern, uplifting environment that perfectly reflects the spirit of the fair. Whether you’re a professional visitor, exhibitor, or private individual, Histoire Zen in Aix-en-Provence invites you to discover new perspectives on living a healthy, mindful, and meaningful life."
HORECA Oman,Expected September 2027,Oman,Muscat,Oman Convention & Exhibition Centre,www.horecaoman.com,"HORECA Oman is an annual trade fair held at the Oman Convention and Exhibition Centre in Muscat. The name ""Horeca"" represents Hotels, Restaurants, and Cafés, reflecting the main themes of the fair. The event is organized by Hospitality Services s.a.r.l, a well-known organization in the region. The fair has become a central meeting point for the hotel, gastronomy, and beverage industries in the kingdom and beyond. It showcases a wide range of products and services, including food and frozen goods, meat, poultry, seafood, beverages, packaging, kitchen technology and equipment, furniture and decor for restaurants and cafés, uniforms, and hospitality services. A distinctive feature of HORECA Oman is its connection to local culture and economy. It provides a platform for local and international exhibitors to network with professionals from various sectors. Additionally, it reflects the culinary trends and innovations of the region. The fair is characterized by a variety of highlights, such as live cooking sessions with renowned chefs, tastings, and competitions like the Oriental Cuisine Competition, the Oman Cuisine Competition, the International Cuisine Competition, Barista Competition, and the Cocktail Zero Competition. These events are complemented by conferences and live talks with experts. HORECA Oman is part of the Horeca Exhibitions Series, which also takes place in other Middle Eastern countries. This series is among the largest of its kind in the region. The fair is held annually in Muscat and primarily attracts visitors from the hotel, restaurant, and café sectors. The Oman Convention and Exhibition Centre, a modern and well-equipped venue, is easily accessible and provides an ideal setting for this important industry event. In conclusion, HORECA Oman is not only an outstanding platform for business relationships and knowledge exchange in the hotel, gastronomy, and beverage industries but also a vibrant showcase of Oman's rich culture and culinary diversity. It offers a unique opportunity to network with industry leaders, discover the latest trends, and experience the pulsating heart of hospitality in the Middle East."
Food Syria,Expected October 2027,Syrian,Damascus,Syrian Expo Center - Damascus Fairgrounds,foodsyria.com,"Food Syria is the country’s premier international trade fair for food, beverages and food technology, serving as a key meeting point for industry professionals from across the region. The event is organised by IFP Group (International Fairs & Promotions, Lebanon), a well-established exhibition organiser with decades of experience delivering B2B platforms throughout the Middle East. It takes place at the Damascus Fairgrounds, Syria’s most prominent exhibition venue, equipped with modern facilities. The fair showcases innovations, products and services spanning the entire food industry value chain – from primary production and processing to packaging and distribution. Core product categories include high-quality dairy and meat products, poultry, confectionery, snacks, beverages, oils, spices, frozen and ready-made foods, organic goods and staple foods. This offering is complemented by a dedicated technology section covering food processing, packaging machinery, automation, robotics, traceability, food safety and logistics solutions. In addition, the fair features a wide range of raw materials, additives, flavourings and technical services – all vital to Syria’s growing food processing sector. Food Syria is specifically geared towards trade visitors, including manufacturers, wholesalers, retailers, restaurateurs, investors and franchise operators. Exhibitors represent a diverse spectrum of industries – from agriculture and food production to machinery, packaging, transport and cold chain logistics. More than just a marketplace, the fair also serves as a hub for knowledge exchange, business development and professional networking. As part of IFP Group’s wider portfolio of trade fairs across the Middle East, Food Syria plays an important role in strengthening Syria’s economic presence in the region. Centrally located and easily accessible, the Damascus Fairgrounds offer state-of-the-art infrastructure, spacious exhibition areas and ideal conditions for both domestic and international participants. Food Syria is not only a standout event for the sector – it is also a key driver of Syria’s economic future."
Feria de Ejea,Expected December 2027,Spain,Ejea de los Caballeros,Recinto Ferial de Ejea,feriasdejea.es,"Launched in 1994, the Feria de Ejea takes place in Ejea de los Caballeros, serving as a central showcase for innovations and trends in agriculture, commerce, services, the food industry, and crafts. The fair, organized by SOFEJEA in close collaboration with the City Council and the local Trade Association, is held at the Recinto Ferial de Ejea and is notable for its irregular frequency. In addition to agricultural machinery and equipment, the Feria de Ejea provides a platform for local and regional businesses from various sectors to present their products and services to a wide audience. Visitors and professionals from commerce, the food industry, and services find new contacts and innovative solutions here. It serves as an important hub for exchanges between urban and rural areas, reflecting the economic diversity of the region. A highlight of the fair includes a variety of events such as technical conferences, show cooking, children’s entertainment, and live music, which offer both entertaining and informative experiences. The program is complemented by activities at the nearby Aquagraria Museum, which is accessible with a fair ticket. The fair features a wide variety of exhibitors, from local artisans to international agricultural machinery manufacturers, making it a key meeting point for industry professionals from around the world. This diversity makes the Feria de Ejea a significant event for industry insiders and the general public alike. In conclusion, the Feria de Ejea in the charming town of Ejea de los Caballeros offers not only a fair experience but also an invitation to explore regional culture and hospitality. With its specific focus and diverse offerings, the fair provides a valuable platform for exchange, growth, and innovation."
Health and Nutrition Asia,Expected March 2028,Thailand,Bangkok,BITEC - Bangkok International Trade & Exhibition Center,healthandnutrition.viv.net,"Health and Nutrition Asia is a renowned international trade fair specializing in animal feed, health solutions, nutrition and pharmaceuticals. This trade fair takes place together with ""VICTAM Asia"", one of the world's largest feed trade fairs, and is considered a central meeting point for professionals from the animal health and nutrition industry. The event is hosted at BITEC – Bangkok International Trade & Exhibition Center, a leading trade fair center known for its top-notch infrastructure and accessibility. It is organized biennially by VNU Exhibitions Asia Pacific Co., Ltd., a prominent name in the trade fair industry. The focus of ""Health and Nutrition Asia"" includes advanced animal health technologies, genetics, feed additives, bioenergy, and biomass pellet technology. The fair provides a platform for showcasing products and services ranging from new feed probiotics to innovative pig genetics programs. The fair is of significant local and national importance, highlighting the latest trends and services for the development of livestock, poultry, and aquaculture. It attracts exhibitors and visitors from various sectors, including CEOs, feed formulators, factory managers, nutritionists, veterinarians, and many others. A highlight of the fair are the accompanying conferences that cover a wide range of current industry topics. These conferences not only provide information but also offer networking opportunities and promote knowledge exchange. Health and Nutrition Asia is part of a series of fairs held at various locations worldwide, thus emphasizing the global networking and importance of the industry. In summary, the fair location BITEC in Bangkok impresses not only with its modern facilities and accessibility but also functions as an important hub for international business relations in the Asian region."
TecnoCarnicos Andina,Expected May 2028,Colombia,Bogota,Hotel Sheraton,tlatca.sofexamericas.com,"The TecnoCarnicos Andina is an international trade fair in South America that specifically focuses on the meat industry. This event connects producers with consumers and provides a platform for presenting the latest technologies and innovations in these sectors. It takes place biennially at the Sheraton Hotel in Bogotá and attracts professionals from the entire industry. The name ""TecnoCarnicos Andina"" indicates a focus on technology (Tecno) and meat products (Carnicos), while ""Andina"" symbolizes the Andean region, particularly Colombia. The event is organized by Sofex Americas LTDA, an experienced player in the trade fair industry. The main themes of the TecnoCarnicos Andina include new production methods, innovative meat and sausage products, and advanced technologies in meat processing and production. The fair presents a variety of products and services, including meat processing equipment, packaging solutions, and quality assurance systems. The fair plays a crucial role for the city and the country as it serves as a meeting point for national and international experts, thereby strengthening the local economy. Special highlights include numerous conferences and seminars where experts share their knowledge. Additionally, practical workshops on meat product manufacturing, product demonstrations, and business matchmaking activities are offered, which are essential for networking and business development. The exhibitors mainly come from the meat industry, but related sectors such as packaging and logistics are also represented. The main visitor group consists of professionals from these industries as well as decision-makers from the food industry. The venue, the Sheraton Hotel in Bogotá, is ideally suited for an international fair of this size due to its modern facilities. Its central location in Colombia's capital not only facilitates access for international visitors but also offers the opportunity to explore the city's cultural and historical sights."
Cheese and Dairy Product Show,Expected June 2028,France,Paris,Paris Expo Porte de Versailles,www.salon-fromage.com,"The "" Cheese and Dairy Product Show "" ( Salon du Fromage et des Produits Laitiers ) is an international trade fair in Paris that showcases and promotes high-quality cheeses and other dairy products. This event occurs biennially at the prestigious Paris Porte de Versailles exhibition center and attracts industry professionals from around the world. Hosted by Comexposium, one of the leading trade fair organizers globally, the Salon du Fromage et des Produits Laitiers offers a platform for innovation, artisanal skill, and the exchange of expertise. The venue in Paris, the gastronomic heart of France, emphasizes the significance of the fair and provides a cultural setting ideally suited to its theme. The event's main focus includes products such as butter, eggs, and a wide range of cheeses, including both French (AOP, IGP) and international varieties. Additionally, materials, equipment, and services crucial to the industry are showcased. A special emphasis of the fair is on innovation and authenticity. Exhibitors from various sectors of the industry present their latest products and services, making the salon an essential event for producers, traders, and experts. The fair serves as a platform for exchanging ideas and further education in current trends and techniques in the food industry and gastronomy. Noteworthy are the diverse events such as workshops, tastings, and discussion rounds, where visitors can discover unusual cheese combinations (like cheese with alcohol or olives) and advance their skills in new techniques. Highlights include the grilled cheese competition and the prestigious Lyre d'Or competition, which focuses on the most creative cheese platter. The fair also provides insights into sustainable production methods and introduces the latest flavor trends, underscoring its relevance and commitment to the industry's future. The ""Salon du Fromage et des Produits Laitiers"" is more than just a trade fair: it is an experience that celebrates the cultural and economic value of cheese and dairy products and strengthens the connection between producers and consumers. Located in the heart of Paris, this event offers unique networking, learning, and discovery opportunities for all those active in the cheese and dairy product industry."
Alimentec,Expected June 2028,Colombia,Bogota,International Exhibition Center Corferias,feriaalimentec.com,"The Alimentec in Bogota is considered one of the most important trade fairs for the food industry in Colombia and all of Latin America. It provides an ideal platform for networking with industry peers and establishing valuable business contacts. This fair is held every two years in even-numbered years and is organized by Corferias in collaboration with Koelnmesse. The thematic range of Alimentec covers all major areas of the food industry: gourmet foods, chilled and frozen products, meat, poultry, fish, seafood, dairy products and eggs, baked goods, beverages, as well as fruits, vegetables, and organic foods. Confectionery, snacks, and sweets are also well represented. A highlight of the fair is the opportunity to network with international experts from the fields of food and beverages, agriculture, packaging, technology, and related services. The event takes place at the International Exhibition Center Corferias, one of the most modern exhibition grounds in Bogota. The top-notch infrastructure and modern facilities make Corferias the ideal meeting point for exhibitors and visitors from around the world. Due to its high level of internationality and the wide range of products and services offered, Alimentec is an indispensable event for professionals in the food industry and for anyone interested in the latest trends and technologies. The next edition of the fair promises to be an outstanding event once again, meeting all expectations."
Foodpro,Expected July 2029,Australia,Melbourne,MCEC - Melbourne Convention and Exhibition Center,foodproexh.com,"Foodpro is one of the most important and longest-established trade exhibitions for the food and beverage industry in the Asia-Pacific region. Since its inception in 1967, it has brought together manufacturers, processors, technology providers and decision-makers from across the entire food production value chain. Held every three years, the exhibition alternates between the Australian cities of Sydney and Melbourne. The event takes place at the Sydney Convention and Exhibition Centre and the Melbourne Convention & Exhibition Centre respectively. Traditionally staged in the middle of the year, Foodpro is recognised as a key meeting place for industry professionals from Australia, New Zealand and the wider Asia-Pacific region. The exhibition is organised by Diversified Communications Australia, a leading organiser of international trade shows, conferences and industry events. Drawing on decades of experience, the company provides a platform for showcasing innovations, market trends and cutting-edge technologies for the food and beverage sector. Foodpro covers every aspect of industrial food production. Key focus areas include food processing, packaging technologies, ingredients and additives, food science and technology, smart and digital manufacturing, factory infrastructure, logistics and material flow, as well as advanced processing and packaging equipment. The exhibition also features solutions for automation, quality management, sustainability and operational efficiency throughout the production chain. The event serves a broad range of industry sectors, including meat and poultry processing, seafood, dairy products, fruit and vegetable processing, packaged foods, beverage manufacturing, bakery and snack products, frozen and convenience foods, ingredients and additives, and pet food. Visitors gain a comprehensive insight into current industry developments, ranging from innovative formulations and functional ingredients to state-of-the-art production and packaging lines. Products and services on display include beverage production equipment, food processing machinery, packaging solutions, factory infrastructure, logistics and material handling systems, digital manufacturing platforms, quality control technologies, and a wide range of ingredients and additives. As such, Foodpro provides a comprehensive overview of the latest technologies and solutions for food and beverage production. One of the exhibition’s distinguishing features is its extensive programme of product presentations, live demonstrations and technical seminars, where industry experts present and discuss current developments and emerging trends shaping the future of the sector. Exhibitors primarily represent the fields of food processing, packaging technology, machinery and plant engineering, automation, food technology, ingredient manufacturing, logistics and business services. Trade visitors include food and beverage manufacturers, processors, packaging companies, distributors, production managers, engineers, quality managers, purchasing professionals, and specialists from the fields of food science and research. The modern exhibition centres in Sydney and Melbourne offer first-class exhibition facilities, advanced technical infrastructure and excellent transport links. Supported by international airports, efficient public transport networks and a wide range of accommodation and leisure options, both venues are easily accessible and provide ideal conditions for a productive and successful exhibition experience."
