번호,H S K,한 글 품 명,영 문 품 명,칠레,싱가 포르,EFTA,아세안,인도,EU (25.7.1~ 26.6.30),EU (26.7.1~ 27.6.30),페루,미국,콜롬 비아,튀르 키예,캐나다,호주,베트남,중국,뉴질 랜드,중미- 코스타리카,중미- 엘살바도르,중미- 온두 라스,중미-니카 라과,중미-파나마,영국 (25.7.1~ 26.6.30),영국 (26.7.1~ 27.6.30),인도네시아,이스 라엘,캄보 디아,RCEP- 뉴질 랜드,RCEP- 아세안,RCEP- 일본,RCEP- 중국,RCEP- 호주,필리핀,UAE
1,0101.21.1000,말(번식용/농가사육용),Horses : Pure-bred breeding animals (For farm breeding),0,0,6.4 (IS 4),0,0,0,0,0,0,0,0,0,0,0,0,0,0,0,0,0,0,0,0,0,0,0,0,0,0,0,0,0,0
2,0101.21.9000,말(번식용/기타),Horses : Pure-bred breeding animals (Other),0,0,6.4,0,0,0,0,0,0,0,0,0,0,0,0,0,0,0,0,0,0,0,0,0,1.6,0,4,4,4,4,4,0,6.4
3,0101.29.1000,말(기타/경주말),Horses : Other (Horses for racing),0,0,0(NO 6.4),0,0,0,0,0,0,0,0,0,0,0,0,0,0,0,0,0,0,0,0,0,1.6,0,0,0,0,0,0,0,6.4
4,0101.29.9000,말(기타/기타),Horses : Other (Other),0,0,4(NO 6.4),0,0,0,0,0,0,0,0,0,0,0,3.2,0,0,0,0,0,0,0,0,0,1.6,0,5.3,5.3,5.3,5.3,5.3,0,6.4
5,0101.30.0000,당나귀,Asses,0,0,,0,0,0,0,0,0,0,0,0,0,0,,0,,,,,,0,0,0,,0,,,,,,0,
6,0101.90.0000,기타(기타),Other,0,0,4(NO 6.4),0,0,0,0,0,0,0,0,0,0,0,0,0,0,0,0,0,0,0,0,0,0,0,4,4,4,4,4,0,6.4
7,0102.21.1000,축우(번식용/젖소),Cattle : Pure-bred breeding animals (For milk),0,0,미양허(CH 0),0,0,0,0,0,0,0,89.1,0,0,0,0,0,0,0,0,0,0,0,0,0,0,0,0,0,0,0,0,0,0
8,0102.21.2000,축우(번식용/육우),Cattle : Pure-bred breeding animals (For meat),0,0,미양허(CH 0),0,0,0,0,0,0,0,89.1,0,0,0,0,0,0,0,0,0,0,0,0,0,0,0,0,0,0,0,0,0,0
9,0102.21.9000,축우(번식용/기타),Cattle : Pure-bred breeding animals (Other),0,0,미양허(CH 0),0,0,0,0,0,0,0,89.1,0,0,0,0,0,0,0,0,0,0,0,0,0,0,0,0,0,0,0,0,0,0
10,0102.29.1000,축우(기타/젖소),Cattle : Other (For milk),미양허,미양허,미양허,0,미양허,2.5,0,0,0,12.5,40,40,40,0,40,40,미양허,미양허,미양허,미양허,미양허,2.5,0,0,40,0,미양허,37.5,미양허,미양허,미양허,0,0
11,0102.29.2000,축우(기타/육우),Cattle : Other (For meat),미양허,미양허,미양허,32,미양허,2.5,0,0,0,12.5,40,40,40,32,40,40,미양허,미양허,미양허,미양허,미양허,2.5,0,32,40,32,미양허,미양허,미양허,미양허,미양허,미양허,0
12,0102.29.9000,축우(기타/기타),Cattle : Other (Other),0,0,0,0,0,0,0,0,0,0,0,0,0,0,0,0,0,0,0,0,0,0,0,0,0,0,0,0,0,0,0,0,0
13,0102.31.0000,버팔로(번식용),Buffalo : Pure-bred breeding animals,0,0,미양허(CH 0),0,0,0,0,0,0,0,89.1,0,0,0,0,0,0,0,0,0,0,0,0,0,0,0,0,0,0,0,0,0,0
14,0102.39.1000,버팔로(기타/젖소),Buffalo : Other (For milk),미양허,미양허,미양허,0,미양허,2.5,0,0,0,12.5,40,40,40,0,40,40,미양허,미양허,미양허,미양허,미양허,2.5,0,0,40,0,미양허,37.5,미양허,미양허,미양허,0,40
15,0102.39.2000,버팔로(기타/육우),Buffalo : Other (For meat),미양허,미양허,미양허,32,미양허,2.5,0,0,0,12.5,40,40,40,32,40,40,미양허,미양허,미양허,미양허,미양허,2.5,0,32,40,32,미양허,미양허,미양허,미양허,미양허,미양허,40
16,0102.39.9000,버팔로(기타/기타),Buffalo : Other (Other),0,0,0,0,0,0,0,0,0,0,0,0,0,0,0,0,0,0,0,0,0,0,0,0,0,0,0,0,0,0,0,0,0
17,0102.90.1000,기타(번식용),Other (Pure-bred breeding animals),0,0,미양허(CH 0),0,0,0,0,0,0,0,89.1,0,0,0,0,0,0,0,0,0,0,0,0,0,0,0,0,0,0,0,0,0,0
18,0102.90.9010,기타(기타/젖소),Other : Other (For milk),미양허,미양허,미양허,0,미양허,2.5,0,0,0,12.5,40,40,40,0,40,40,미양허,미양허,미양허,미양허,미양허,2.5,0,0,40,0,미양허,37.5,미양허,미양허,미양허,0,40
19,0102.90.9020,기타(기타/육우),Other : Other (For meat),미양허,미양허,미양허,32,미양허,2.5,0,0,0,12.5,40,40,40,32,40,40,미양허,미양허,미양허,미양허,미양허,2.5,0,32,40,32,미양허,미양허,미양허,미양허,미양허,미양허,40
20,0102.90.9090,기타(기타/기타),Other : Other (Other),0,0,0,0,0,0,0,0,0,0,0,0,0,0,0,0,0,0,0,0,0,0,0,0,0,0,0,0,0,0,0,0,0
21,0103.10.0000,돼지(번식용),Swine : Pure-bred breeding animals,0,0,0(CH 미양허),0,0,0,0,0,0,0,0,0,0,0,0,0,0,0,0,0,0,0,0,0,0,0,0,0,0,0,0,0,0
22,0103.91.0000,돼지(기타/중량 50㎏ 미만),Swine : Other (Weighing less than 50㎏),미양허,미양허,미양허,0,미양허,0,0,0,0,5.6,18,0,0,0,18,0,미양허,미양허,미양허,미양허,미양허,0,0,0,18,0,16.9,16.9,미양허,미양허,16.9,0,18
23,0103.92.0000,돼지(기타/중량 50㎏ 이상),Swine : Other (Weighing 50㎏ or more),미양허,미양허,미양허,0,미양허,0,0,0,0,5.6,18,0,0,0,18,0,미양허,미양허,미양허,미양허,미양허,0,0,0,18,0,16.9,16.9,미양허,미양허,16.9,0,18
24,0104.10.1000,면양(번식용),Sheep : Pure-bred breeding animals,0,0,4,0,0,0,0,0,0,0,0,0,0,0,0,0,0,0,0,0,0,0,0,0,0,0,0,0,0,0,0,0,0
25,0104.10.9000,면양(기타),Sheep : Other,0,0,4,0,0,0,0,0,0,0,0,0,1,0,3.2,0,0,0,0,0,0,0,0,0,1.6,0,5.3,5.3,5.3,5.3,5.3,0,0
26,0104.20.1000,염소(유용),Goats : Milch goats,0,0,6.4,0,0,0,0,0,0,0,0,0,0,0,3.2,0,0,0,0,0,0,0,0,0,1.6,0,5.3,5.3,5.3,5.3,5.3,0,0
27,0104.20.9000,염소(기타),Goats : Other,0,0,6.4,0,0,0,0,0,0,0,0,0,0,0,3.2,0,0,0,0,0,0,0,0,0,1.6,0,5.3,5.3,5.3,5.3,5.3,0,0
28,0105.11.1000,닭-갈루스 도메스티쿠스 종에 한함-(185g 이하/번식용),Fowls of the species Gallus domesticus : not more than 185g (Pure-bred breeding animals),0,0,0(CH 미양허),0,0,0,0,0,0,0,0,0,1.2,0,0,1.8,0,0,0,0,0,0,0,0,0,0,4.5,4.5,4.5,4.5,4.5,0,0
29,0105.11.9000,닭-갈루스 도메스티쿠스 종에 한함-(185g 이하/기타),Fowls of the species Gallus domesticus : not more than 185g (Other),0,0,7.2 (CH 미양허),0,미양허,0,0,0,0,0,9,0,0,0,9,0,0,0,0,0,0,0,0,0,1.8,0,8.4,8.4,미양허,미양허,8.4,0,0
30,0105.12.0000,칠면조(185g 이하),Turkeys : not more than 185g,0,0,7.2 (CH 미양허),0,0,0,0,0,0,0,0,0,0,0,3.6,0,0,0,0,0,0,0,0,0,1.8,0,6,6,6,6,6,0,0
31,0105.13.1000,오리(185g 이하/번식용),Ducks : not more than 185g (Pure-bred breeding animals),미양허,미양허,미양허,0,미양허,0,0,0,0,0,0,0,0,0,0,0,0,0,0,0,0,0,0,0,0,0,0,0,0,0,0,0,0
32,0105.13.9000,오리(185g 이하/기타),Ducks : not more than 185g (Other),미양허,미양허,미양허,0,미양허,0,0,0,0,0,0,0,0,0,18,0,3.6,5.4,3.6,3.6,7.2,0,0,0,10.8,0,16.9,16.9,미양허,미양허,16.9,0,14.4
33,0105.14.0000,거위(185g 이하),Geese : not more than 185g,0,0,7.2(CH 미양허),0,4.5,0,0,0,0,0,0,0,0,0,0,0,0,0,0,0,0,0,0,0,1.8,0,4.5,4.5,4.5,4.5,4.5,0,0
34,0105.15.0000,기니아새(185g 이하),Guinea fowls : not more than 185g,0,0,7.2(CH 미양허),0,4.5,0,0,0,0,0,0,0,0,0,0,0,0,0,0,0,0,0,0,0,0,0,4.5,4.5,4.5,4.5,4.5,0,0
35,0105.94.1000,닭-갈루스 도메스티쿠스 종에 한함-(기타/번식용),Fowls of the species Gallus domesticus : Other (Pure-bred breeding animals),0,0,0(CH 미양허),0,0,0,0,0,0,0,9,0,0,0,0,0,0,0,0,0,0,0,0,0,0,0,0,0,0,0,0,0,7.2
36,0105.94.9000,닭-갈루스 도메스티쿠스 종에 한함-(기타/기타),Fowls of the species Gallus domesticus : Other (Other),0,0,7.2(CH 미양허),0,,0,0,0,0,0,0,0,0,0,9,0,0,0,0,0,0,0,0,0,1.8,0,8.4,8.4,미양허,미양허,8.4,0,7.2
37,0105.99.1010,오리(기타/번식용),Ducks : Other (Pure-bred breeding animals),미양허,미양허,미양허,0,미양허,0,0,0,0,0,0,0,0,0,0,0,0,0,0,0,0,0,0,0,0,0,0,0,0,0,0,0,0
38,0105.99.1090,오리(기타/기타),Ducks : Other (Other),미양허,미양허,미양허,0,미양허,0,0,0,0,0,0,0,0,0,18,0,3.6,5.4,3.6,3.6,7.2,0,0,0,10.8,0,16.9,16.9,미양허,미양허,16.9,0,14.4
39,0105.99.2000,칠면조(기타),Turkeys : Other,0,0,7.2(CH 미양허),0,0,0,0,0,0,0,0,0,0,0,3.6,0,0,0,0,0,0,0,0,0,1.8,0,6,6,6,6,6,0,0
40,0105.99.9000,기타(기타),Other : Other,0,0,7.2(CH 미양허),0,0,0,0,0,0,0,0,0,0,0,0,0,0,0,0,0,0,0,0,0,1.8,0,0,0,4.5,4.5,0,0,0
41,0106.11.0000,영장류,Primates,0,0,6.4(CH 미양허),0,0,0,0,0,0,0,0,0,0,0,0,0,0,0,0,0,0,0,0,0,1.6,0,0,0,0,0,0,0,0
42,0106.13.0000,낙타 및 기타 낙타과의 동물(카멜리대과),Camels and other camelids (Camelidae),0,0,6.4(CH 미양허),0,0,0,0,0,0,0,0,0,0,0,0,0,0,0,0,0,0,0,0,0,0,0,4,4,4,4,4,0,6.4
43,0106.14.1000,토끼(번식용),Rabbits and hares : Pure-bred breeding animals,0,0,6.4(CH 미양허),0,0,0,0,0,0,0,0,0,0,0,0,0,0,0,0,0,0,0,0,0,0,0,0,0,0,0,0,0,0
44,0106.14.9000,토끼(기타),Rabbits and hares : Other,0,0,6.4(CH 미양허),0,0,0,0,0,0,0,0,0,0,0,3.2,0,0,0,0,0,0,0,0,0,1.6,0,5.3,5.3,5.3,5.3,5.3,0,6.4
45,0106.19.1000,개,Dogs,0,0,6.4(CH 미양허),0,4,0,0,0,0,0,0,0,0,0,3.2,0,0,0,0,0,0,0,0,0,1.6,0,5.3,5.3,미양허,5.3,5.3,0,6.4
46,0106.19.3000,사슴,Deer,0,0,6.4(CH 미양허),0,0,0,0,0,0,0,0,0,0,0,3.2,0,0,0,0,0,0,0,0,0,1.6,0,5.3,5.3,5.3,5.3,5.3,0,6.4
47,0106.19.4000,곰,Bears,0,0,미양허(IS 6.4),0,0,0,0,0,0,0,0,0,0,0,0,0,0,0,0,0,0,0,0,0,1.6,0,0,0,4,4,0,0,0
48,0106.19.5010,여우(번식용),Fox (Pure-bred breeding animals),0,0,6.4(CH 미양허),0,0,0,0,0,0,0,0,0,0,0,0,0,0,0,0,0,0,0,0,0,0,0,0,0,0,0,0,0,0
49,0106.19.5090,여우(기타),Fox (Other),0,0,6.4(CH 미양허),0,0,0,0,0,0,0,0,0,0,0,0,0,0,0,0,0,0,0,0,0,1.6,0,0,0,0,0,0,0,0
50,0106.19.6010,밍크(번식용),Mink (Pure-bred breeding animals),0,0,6.4(CH 미양허),0,0,0,0,0,0,0,0,0,0,0,0,0,0,0,0,0,0,0,0,0,0,0,0,0,0,0,0,0,0
51,0106.19.6090,밍크(기타),Mink (Other),0,0,6.4(CH 미양허),0,0,0,0,0,0,0,0,0,0,0,0,0,0,0,0,0,0,0,0,0,1.6,0,0,0,0,0,0,0,6.4
52,0106.19.9000,포유류(기타),Other (Mammalia),0,0,6.4(CH 미양허),0,0,0,0,0,0,0,0,0,0,0,1.6,0,0,0,0,0,0,0,0,0,0,0,4,4,4,4,4,0,6.4
53,0106.20.1000,뱀,Snakes,0,0,6.4(CH 미양허),0,0,0,0,0,0,0,0,0,0,0,0,0,0,0,0,0,0,0,0,0,1.6,0,0,0,0,0,0,0,0
54,0106.20.3000,거북,Turtles,0,0,미양허(IS 6.4),0,0,0,0,0,0,0,0,0,0,0,0,0,0,0,0,0,0,0,0,0,1.6,0,0,0,0,0,0,0,0
55,0106.20.9000,파충류(기타),Other (Reptiles),0,0,미양허(IS 6.4),0,0,0,0,0,0,0,0,0,0,0,0,0,0,0,0,0,0,0,0,0,1.6,0,0,0,0,0,0,0,0
56,0106.31.0000,맹금류,Birds of prey,0,0,6.4(CH 미양허),0,0,0,0,0,0,0,0,0,0,0,0,0,0,0,0,0,0,0,0,0,1.6,0,4,4,4,4,4,0,6.4
57,0106.32.0000,"앵무류(패럿류, 패러키트류, 금강앵무류, 유황앵무류 포함)","Psittaciformes (Including parrots, parakeets, macaws and cockatoos)",0,0,미양허(IS 6.4),0,0,0,0,0,0,0,0,0,0,0,0,0,0,0,0,0,0,0,0,0,1.6,0,4,4,4,4,4,0,6.4
58,0106.33.0000,타조 및 에뮤(드로마이어스 노배홀란디애),Ostriches/emus (Dromaius novaehollandiae),0,0,6.4(CH 미양허),0,0,0,0,0,0,0,0,0,0,0,0,0,0,0,0,0,0,0,0,0,1.6,0,0,0,4,4,0,0,0
59,0106.39.0000,조류(꿩 등 기타),Other (Birds),0,0,6.4(CH 미양허),0,0,0,0,0,0,0,0,0,0,0,1.6,0,0,0,0,0,0,0,0,0,0,0,4,4,4,4,4,0,0
60,0106.41.0000,벌,Bees,0,0,6.4(CH 미양허),0,0,0,0,0,0,0,,0,,0,8,0,0,0,0,0,0,0,0,0,1.6,0,7.5,7.5,미양허,미양허,7.5,0,
61,0106.49.0000,기타(곤충류),Other (Insects),0,0,6.4(CH 미양허),0,0,0,0,0,0,0,0,0,0,0,8,0,0,0,0,0,0,0,0,0,0,0,7.5,7.5,미양허,미양허,7.5,0,0
62,0106.90.1000,양서류,Amphibia,0,0,미양허(IS 6.4),0,0,0,0,0,0,0,NS,0,0,0,0,0,0,0,0,0,0,0,0,0,1.6,0,0,0,4,4,0,0,0
63,0106.90.3090,"환형동물(갯지렁이, 실지렁이 이외 기타)",Annelida (Other),0,0,6.4(CH 미양허),0,0,0,0,0,0,0,0,0,0,0,1.6,0,0,0,0,0,0,0,0,0,1.6,0,4,4,4,4,4,0,0
64,0106.90.9000,살아있는 동물(기타),Other live animals (Other),0,0,6.4(CH 미양허),0,0,0,0,0,0,0,0,0,0,0,0,0,0,0,0,0,0,0,0,0,1.6,0,0,0,4,4,0,0,6.4
65,0201.10.0000,쇠고기(신선/냉장/도체와 이분도체),"Meat of bovine, fresh or chilled (Carcasses and half-carcasses)",미양허,미양허,미양허,32,미양허,"2.5/24(12,806M/T) ASG","0/24(13,062M/T) ASG",40,"0/24(354,000M/T)  ASG",40,40,"8/24(24,596M/T) ASG","5.3/24(196,050M/T)  ASG",32,40,"8/24(46,005M/T)  ASG",미양허,미양허,미양허,미양허,미양허,2.5/24(526M/T) ASG,0/24(537M/T) ASG,32,40,32,미양허,미양허,미양허,미양허,미양허,미양허,0
66,0201.20.1000,쇠고기(신선/냉장/기타/뼈채 절단한 것/갈비),"Meat of bovine, fresh or chilled (Other cuts with bone in/short ribs)",0(*200M/T) TRQ,미양허,미양허,32,미양허,"2.5/24(12,806M/T) ASG","0/24(13,062M/T) ASG",40,"0/24(354,000M/T)  ASG",40,40,"8/24(24,596M/T) ASG","5.3/24(196,050M/T)  ASG",32,40,"8/24(46,005M/T)  ASG",미양허,미양허,미양허,미양허,미양허,2.5/24(526M/T) ASG,0/24(537M/T) ASG,미양허,40,32,미양허,미양허,미양허,미양허,미양허,미양허,0
67,0201.20.9000,쇠고기(신선/냉장/기타/뼈채 절단한 것/기타),"Meat of bovine, fresh or chilled (Other cuts with bone in/other)",0(*200M/T) TRQ,미양허,미양허,32,미양허,"2.5/24(12,806M/T) ASG","0/24(13,062M/T) ASG",40,"0/24(354,000M/T)  ASG",40,40,"8/24(24,596M/T) ASG","5.3/24(196,050M/T)  ASG",32,40,"8/24(46,005M/T)  ASG",미양허,미양허,미양허,미양허,미양허,2.5/24(526M/T) ASG,0/24(537M/T) ASG,미양허,40,32,미양허,미양허,미양허,미양허,미양허,미양허,0
68,0201.30.0000,쇠고기(신선/냉장/뼈 없는 것),"Meat of bovine, fresh or chilled (Boneless)",미양허,미양허,미양허,32,미양허,"2.5/24(12,806M/T) ASG","0/24(13,062M/T) ASG",40,"0/24(354,000M/T)  ASG","16.8/30(12,068M/T) ASG",40,"8/24(24,596M/T) ASG","5.3/24(196,050M/T)  ASG",32,40,"8/24(46,005M/T)  ASG",미양허,미양허,미양허,23.1,27.3,2.5/24(526M/T) ASG,0/24(537M/T) ASG,미양허,40,32,미양허,미양허,미양허,미양허,미양허,미양허,0
69,0202.10.0000,쇠고기(냉동/도체와 이분도체),"Meat of bovine, frozen (Carcasses and half-carcasses)",미양허,미양허,미양허,32,미양허,"2.5/24(12,806M/T) ASG","0/24(13,062M/T) ASG",40,"0/24(354,000M/T)  ASG",40,40,40,"5.3/24(196,050M/T)  ASG",32,40,"8/24(46,005M/T)  ASG",미양허,미양허,미양허,미양허,미양허,2.5/24(526M/T) ASG,0/24(537M/T) ASG,32,40,32,미양허,미양허,미양허,미양허,미양허,미양허,0
70,0202.20.1000,쇠고기(냉동/기타/뼈채 절단/갈비),"Meat of bovine, frozen (Other cuts with bone in/short ribs)",0(*200M/T) TRQ,미양허,미양허,미양허,미양허,"2.5/24(12,806M/T) ASG","0/24(13,062M/T) ASG",40,"0/24(354,000M/T)  ASG",40,40,"8/24(24,596M/T) ASG","5.3/24(196,050M/T)  ASG",40,40,"8/24(46,005M/T)  ASG",미양허,미양허,미양허,미양허,미양허,2.5/24(526M/T) ASG,0/24(537M/T) ASG,미양허,40,40,미양허,미양허,미양허,미양허,미양허,미양허,0
71,0202.20.9000,쇠고기(냉동/기타/뼈채 절단 기타),"Meat of bovine, frozen (Other cuts with bone in/other)",0(*200M/T) TRQ,미양허,미양허,미양허,미양허,"2.5/24(12,806M/T) ASG","0/24(13,062M/T) ASG",40,"0/24(354,000M/T)  ASG",40,40,"8/24(24,596M/T) ASG","5.3/24(196,050M/T)  ASG",40,40,"8/24(46,005M/T)  ASG",미양허,미양허,미양허,미양허,미양허,2.5/24(526M/T) ASG,0/24(537M/T) ASG,미양허,40,40,미양허,미양허,미양허,미양허,미양허,미양허,0
72,0202.30.0000,쇠고기(냉동/뼈 없는 것),"Meat of bovine, frozen (Boneless)",미양허,미양허,미양허,미양허,미양허,"2.5/24(12,806M/T) ASG","0/24(13,062M/T) ASG",40,"0/24(354,000M/T)  ASG","16.8/30(12,068M/T) ASG",40,"8/24(24,596M/T) ASG","5.3/24(196,050M/T)  ASG",40,40,"8/24(46,005M/T)  ASG",23.1,미양허,미양허,23.1,27.3,2.5/24(526M/T) ASG,0/24(537M/T) ASG,미양허,40,40,미양허,미양허,미양허,미양허,미양허,미양허,0
73,0203.11.0000,돼지고기(냉장/도체와 이분도체),"Meat of swine, fresh or chilled (Carcasses and half-carcasses)",0,미양허,미양허,18,미양허,0,0,0,0,22.5,22.5,0,0,18,22.5,22.5,미양허,미양허,미양허,미양허,미양허,0,0,미양허,22.5,18,미양허,미양허,미양허,미양허,미양허,미양허,22.5
74,0203.12.0000,돼지고기(냉장/넓적다리·어깨살과 이들을 절단한 것/뼈 있는 것),"Meat of swine, fresh or chilled (Hams, shoulders and cuts thereof/with bone in)",0,미양허,미양허,18,미양허,0,0,0,0,22.5,22.5,0,0,18,22.5,22.5,미양허,미양허,미양허,미양허,미양허,0,0,미양허,22.5,18,미양허,미양허,미양허,미양허,미양허,미양허,22.5
75,0203.19.1000,돼지고기(냉장/삼겹살),"Meat of swine, fresh or chilled (Other/streaky pork)",0,미양허,미양허,미양허,미양허,0,0,0,0,22.5,22.5,"1.7/10.1(10,496M/T) ASG",0,22.5,22.5,22.5,미양허,미양허,미양허,미양허,미양허,0,0,미양허,22.5,22.5,미양허,미양허,미양허,미양허,미양허,미양허,22.5
76,0203.19.9000,돼지고기(냉장/기타),"Meat of swine, fresh or chilled (Other/other)",0,미양허,미양허,미양허,미양허,0,0,0,0,22.5,22.5,"1.7/10.1(10,496M/T) ASG",3,22.5,22.5,22.5,미양허,미양허,미양허,미양허,미양허,0,0,미양허,22.5,22.5,미양허,미양허,미양허,미양허,미양허,미양허,22.5
77,0203.21.0000,돼지고기(냉동/도체와 이분도체),"Meat of swine, frozen (Carcasses and half-carcasses)",미양허,미양허,미양허,20,미양허,0,0,0,0,25,25,0,25,20,25,25,미양허,미양허,미양허,미양허,미양허,0,0,미양허,25,20,미양허,미양허,미양허,미양허,미양허,미양허,25
78,0203.22.0000,돼지고기(냉동/넓적다리살·어깨살과 이들을 절단한 것/뼈 있는 것),"Meat of swine, frozen (Hams, shoulders and cuts thereof/with bone in)",0,미양허,미양허,20,미양허,0,0,0,0,0,25,0,25,20,25,25,5,14,12.5,12.5,10,0,0,미양허,25,20,미양허,미양허,미양허,미양허,미양허,미양허,25
79,0203.29.1000,돼지고기(냉동/삼겹살),"Meat of swine, frozen (Other/streaky pork)",0,미양허,미양허,미양허,미양허,0,0,0,0,7.8,25,1.9/11.3(839M/T) ASG,25,0,25,25,12.5,미양허,미양허,미양허,15.6,0,0,미양허,25,12.5,미양허,미양허,미양허,미양허,미양허,미양허,25
80,0203.29.9000,돼지고기(냉동/기타),"Meat of swine, frozen (Other/other)",0,미양허,미양허,미양허,미양허,0,0,0,0,0,25,0,0,0,25,25,5,14,12.5,12.5,10,0,0,미양허,25,12.5,미양허,미양허,미양허,미양허,미양허,미양허,25
81,0204.10.0000,어린면양(냉장/도체와 이분도체),"Meat of Lamb, fresh or chilled (Carcasses and half-carcasses)",0,0,(CH 미양허)(NO 11.3)(IS 0),0,11.3,0,0,0,0,0,0,0,0,0,22.5,0,4.5,6.7,4.5,4.5,9,0,0,0,13.5,0,21.1,21.1,미양허,미양허,21.1,0,20.2
82,0204.21.0000,면양기타(냉장/도체와 이분도체),"Other meat of sheep, fresh or chilled (Carcasses and half-carcasses)",0,0,(CH 미양허)(NO 11.3)(IS 0),0,11.3,0,0,0,0,0,22.5,0,0,0,22.5,0,4.5,6.7,4.5,4.5,9,0,0,0,13.5,0,21.1,21.1,미양허,미양허,21.1,0,20.2
83,0204.22.0000,면양기타(냉장/기타/뼈채로 절단),"Other meat of sheep, fresh or chilled (Other cuts with bone in)",0,0,(CH 미양허)(NO 11.3)(IS 0),0,11.3,0,0,0,0,0,22.5,0,0,0,22.5,0,4.5,6.7,4.5,4.5,9,0,0,0,13.5,0,21.1,21.1,미양허,미양허,21.1,0,20.2
84,0204.23.0000,면양기타(냉장/뼈 없는 것),"Other meat of sheep, fresh or chilled (Boneless)",0,0,(CH 미양허)(NO 11.3)(IS 0),0,11.3,0,0,0,0,0,22.5,0,0,0,22.5,0,4.5,6.7,4.5,4.5,9,0,0,0,13.5,0,21.1,21.1,미양허,미양허,21.1,0,20.2
85,0204.30.0000,어린면양(냉동/도체와 이분도체),"Meat of Lamb, frozen (Carcasses and half-carcasses)",0,0,(CH 미양허)(NO 11.3)(IS 0),0,미양허,0,0,0,0,0,22.5,0,0,0,22.5,0,0,0,0,0,0,0,0,0,4.5,0,21.1,21.1,미양허,미양허,21.1,0,20.2
86,0204.41.0000,면양(기타/냉동/도체와 이분도체),"Other meat of sheep, frozen (Carcasses and half-carcasses)",0,0,(CH 미양허)(NO 11.3)(IS 0),0,미양허,0,0,0,0,0,22.5,0,0,0,22.5,0,4.5,6.7,4.5,4.5,9,0,0,0,13.5,0,21.1,21.1,미양허,미양허,21.1,0,20.2
87,0204.42.0000,면양(기타/냉동/뼈채로 절단한 것),"Other meat of sheep, frozen (Other cuts with bone in)",0,0,(CH 미양허)(NO 11.3)(IS 0),0,미양허,0,0,0,0,0,22.5,0,0,0,22.5,0,0,0,0,0,0,0,0,0,4.5,0,21.1,21.1,미양허,미양허,21.1,0,20.2
88,0204.43.0000,면양(기타/냉동/뼈 없는 것),"Other meat of sheep, frozen (Boneless)",0,0,(CH 미양허)(NO 11.3)(IS 0),0,미양허,0,0,0,0,0,22.5,0,0,0,22.5,0,4.5,6.7,4.5,4.5,9,0,0,0,13.5,0,21.1,21.1,미양허,미양허,21.1,0,20.2
89,0204.50.0000,염소의 고기,Meat of goats,0,0,20.3(CH 미양허),0,미양허,0,0,0,0,0,22.5,0,0,0,22.5,0,4.5,6.7,4.5,4.5,9,0,0,0,13.5,0,21.1,21.1,미양허,미양허,21.1,0,20.2
90,0205.00.0000,"말ㆍ당나귀ㆍ노새ㆍ버새의 고기(신선한 것, 냉장하거나 냉동한 것으로 한정한다)","Meat of horses, asses, mules or hinnies, fresh, chilled or frozen ",미양허,0,미양허(IS 21.6),0,13.5,0,0,0,0,0,27,0,3.6,0,10.8,5.4,5.4,8.1,5.4,5.4,10.8,0,0,0,16.2,0,18,18,미양허,18,18,0,24.3
91,0206.10.0000,소 식용설육(신선/냉장),"Edible offal of bovine, fresh or chilled",0,미양허,미양허,5,미양허,1.1,0,0,0,18,18,0,2.4,0,18,3.6,미양허,미양허,미양허,9,미양허,1.1,0,5,18,3.3,18,18,미양허,미양허,18,미양허,16.2
92,0206.21.0000,소 식용설육(혀/냉동),"Edible offal of bovine, frozen (Tongues)",0,미양허,미양허,5,미양허,1.1,0,0,0,18,18,0,2.4,0,18,3.6,9,미양허,미양허,9,미양허,1.1,0,5,18,0,18,18,미양허,미양허,18,미양허,0
93,0206.22.0000,소 식용설육(간/냉동),"Edible offal of bovine, frozen (Livers)",0,미양허,미양허,5,미양허,1.1,0,0,0,18,18,0,2.4,0,18,3.6,9,미양허,미양허,9,미양허,1.1,0,5,18,0,18,18,미양허,미양허,18,미양허,0
94,0206.29.1000,소 식용설육(꼬리/냉동),"Edible offal of bovine, frozen (Other/tails)",0,미양허,미양허,14.4,미양허,1.1,0,0,0,7.5,18,0,2.4,14.4,18,3.6,9,미양허,미양허,9,미양허,1.1,0,미양허,18,14.4,미양허,미양허,미양허,미양허,미양허,미양허,0
95,0206.29.2000,소 식용설육(족/냉동),"Edible offal of bovine, frozen (Other/feet)",0,미양허,미양허,14.4,미양허,1.1,0,0,0,7.5,18,0,2.4,14.4,18,3.6,미양허,미양허,미양허,9,미양허,1.1,0,미양허,18,14.4,미양허,미양허,미양허,미양허,미양허,미양허,0
96,0206.29.9000,소 식용설육(기타/냉동),"Edible offal of bovine, frozen (Other/other)",0,미양허,미양허,14.4,미양허,1.1,0,0,0,7.5,18,0,2.4,14.4,18,3.6,미양허,미양허,미양허,9,미양허,1.1,0,미양허,18,9.6,13.5,13.5,미양허,미양허,미양허,미양허,0
97,0206.30.0000,돼지 식용설육(신선/냉장),"Edible offal of swine, fresh or chilled",0,미양허,미양허,14.4,미양허,0,0,0,0,5.6,18,0,0,14.4,18,6,미양허,미양허,미양허,9,미양허,0,0,미양허,18,14.4,미양허,미양허,미양허,미양허,미양허,미양허,18
98,0206.41.0000,돼지 식용설육(간/냉동),"Edible offal of swine, frozen (Livers)",0,미양허,미양허,14.4,미양허,0,0,0,0,5.6,18,0,0,14.4,18,6,미양허,미양허,미양허,9,미양허,0,0,미양허,18,14.4,미양허,미양허,미양허,미양허,미양허,미양허,18
99,0206.49.1000,돼지 식용설육(족/냉동),"Edible offal of swine, frozen (Other/feet)",0,미양허,미양허,14.4,미양허,0,0,0,0,5.6,18,0,0,14.4,18,6,미양허,미양허,미양허,9,미양허,0,0,미양허,18,14.4,미양허,미양허,미양허,미양허,미양허,미양허,16.2
100,0206.49.9000,돼지 식용설육(기타/냉동),"Edible offal of swine, frozen (Other/other)",0,미양허,미양허,14.4,미양허,0,0,0,0,5.6,18,0,0,14.4,18,6,미양허,미양허,미양허,9,미양허,0,0,미양허,18,14.4,미양허,미양허,미양허,미양허,미양허,미양허,16.2
101,0206.80.0000,식용설육(기타/신선/냉장),Edible offal (Other/fresh of chilled),미양허,미양허,미양허,14.4,미양허,1.1,0,0,0,0,18,18,2.4,14.4,3.6,6,3.6,5.4,3.6,3.6,7.2,1.1,0,8.6,10.8,7.2,9,9,9,9,9,10.6,16.2
102,0206.90.0000,식용설육(기타/냉동),Edible offal (Other/frozen),0,미양허,미양허,14.4,미양허,1.1,0,0,0,0,18,3.6,2.4,14.4,3.6,6,8.4,9.6,8.4,8.4,10.8,1.1,0,8.6,10.8,7.2,9,9,9,9,9,10.6,16.2
103,0207.11.0000,절단하지 않은 육(신선한 것이나 냉장한 것으로 한정한다),"Not cut in pieces, fresh or chilled",0,미양허,미양허,14.4,미양허,0,0,0,0,5.6,18,0,5,14.4,18,,미양허,미양허,미양허,미양허,미양허,0,0,14.4,18,14.4,미양허,미양허,미양허,미양허,미양허,미양허,18
104,0207.12.0000,절단하지 않은 육(냉동한 것으로 한정한다),"Not cut in pieces, frozen ",0,미양허,미양허,16,미양허,,,0,,1.6,20,,5.5,16,20,20,미양허,미양허,미양허,미양허,미양허,,,,20,16,미양허,미양허,미양허,미양허,미양허,미양허,20
105,0207.13.1000,절단육,Cuts,0,미양허,미양허,미양허,미양허,0,0,0,0,5.6,18,0,5,18,18,18,미양허,미양허,미양허,미양허,미양허,0,0,미양허,18,18,미양허,미양허,미양허,미양허,미양허,미양허,18
106,0207.13.2010,닭간-갈루스 도메스티쿠스종에 한함-(냉장),Offal of fowls of the species Gallusdomesticus (Liver/fresh or chilled),0,미양허,미양허,18,미양허,0,0,0,0,7,22.5,0,6.2,18,22.5,22.5,미양허,미양허,미양허,미양허,미양허,0,0,18,22.5,18,미양허,미양허,미양허,미양허,미양허,미양허,22.5
107,0207.13.2090,닭기타 설육-갈루스 도메스티쿠스종에 한함-(냉장),Offal of fowls of the species Gallusdomesticus (Other offal/fresh or chilled),0,미양허,미양허,미양허,미양허,0,0,0,0,8.4,27,0,7.5,27,27,27,미양허,미양허,미양허,미양허,미양허,0,0,미양허,27,27,미양허,미양허,미양허,미양허,미양허,미양허,27
108,0207.14.1010,닭다리-갈루스 도메스티쿠스종에 한함-(냉동),Meat of fowls of the species Gallus domesticus (Leg/frozen),"0(*2,000M/T) TRQ",미양허,미양허,미양허,미양허,0,0,0,0,1.6,20,20,20,20,20,20,미양허,미양허,미양허,미양허,미양허,0,0,미양허,20,20,미양허,미양허,미양허,미양허,미양허,미양허,20
109,0207.14.1020,닭가슴-갈루스 도메스티쿠스종에 한함-(냉동),Meat of fowls of the species Gallusdomesticus (Breast/frozen),"0(*2,000M/T) TRQ",미양허,미양허,미양허,미양허,0,0,0,0,3,20,20,5.5,20,20,20,미양허,미양허,미양허,미양허,미양허,0,0,미양허,20,20,미양허,미양허,미양허,미양허,미양허,미양허,20
110,0207.14.1030,닭날개-갈루스 도메스티쿠스종에 한함-(냉동),Meat of fowls of the species Gallusdomesticus (Wing/frozen),"0(*2,000M/T) TRQ",미양허,미양허,미양허,미양허,0,0,0,0,3,20,20,5.5,20,20,20,미양허,미양허,미양허,미양허,미양허,0,0,미양허,20,20,미양허,미양허,미양허,미양허,미양허,미양허,20
111,0207.14.1090,닭기타 절단육-갈루스 도메스티쿠스종에 한함-(냉동),Meat of fowls of the species Gallusdomesticus (Other/frozen),"0(*2,000M/T) TRQ",미양허,미양허,미양허,미양허,0,0,0,0,1.6,20,20,5.5,20,20,20,미양허,미양허,미양허,미양허,미양허,0,0,미양허,20,20,미양허,미양허,미양허,미양허,미양허,미양허,20
112,0207.14.2010,닭간-갈루스 도메스티쿠스종에 한함-(냉동),Offal of fowls of the species Gallusdomesticus (Liver/frozen),"0(*2,000M/T) TRQ",미양허,미양허,5,미양허,0,0,0,0,0,22.5,22.5,6.2,0,22.5,7.5,미양허,미양허,미양허,미양허,미양허,0,0,5,22.5,5,22.5,22.5,미양허,미양허,22.5,미양허,22.5
113,0207.14.2090,닭기타 설육-갈루스 도메스티쿠스종에 한함-(냉동),Offal of fowls of the species Gallusdomesticus (Other/frozen),"0(*2,000M/T) TRQ",미양허,미양허,5,미양허,0,0,0,0,2.2,27,27,7.5,0,27,27,미양허,미양허,미양허,미양허,미양허,0,0,5,27,5,미양허,미양허,미양허,미양허,미양허,미양허,27
114,0207.24.0000,칠면조(미절단/냉장),Meat of turkeys (Not cut/fresh or chilled),0,0,미양허(IS 16.2),0,0,0,0,0,0,0,18,0,0,0,7.2,0,3.6,5.4,3.6,3.6,7.2,0,0,0,10.8,0,12,12,12,12,12,0,16.2
115,0207.25.0000,칠면조(미절단/냉동),Meat of turkeys (Not cut/frozen),0,0,미양허(IS 16.2),0,9,0,0,0,0,0,18,0,0,0,7.2,0,0,0,0,0,2.5,0,0,0,7.7,0,12,12,미양허,12,12,0,16.2
116,0207.26.1000,칠면조(절단/냉장),Meat of turkeys (Cuts/fresh or chilled),0,0,미양허(IS 16.2),0,0,0,0,0,0,0,18,0,0,0,7.2,0,3.6,5.4,3.6,3.6,7.2,0,0,0,10.8,0,12,12,12,12,12,0,16.2
117,0207.26.2010,칠면조 간(냉장),Offal of turkeys (Liver/fresh or chilled),0,0,미양허(IS 20.3),0,0,0,0,0,0,0,22.5,0,3,0,9,4.5,4.5,6.7,4.5,4.5,9,0,0,0,13.5,0,15,15,15,15,15,0,20.2
118,0207.26.2090,칠면조 기타 설육(냉장),Offal of turkeys (Other/fresh or chilled),0,0,미양허(IS 24.3),0,0,0,0,0,0,0,27,0,3.6,0,10.8,5.4,5.4,8.1,5.4,5.4,10.8,0,0,0,16.2,0,18,18,18,18,18,0,24.3
119,0207.27.1000,칠면조(절단/냉동),Meat of turkeys (Cuts/frozen),0,0,미양허(IS 16.2),0,9,0,0,0,0,0,18,0,5,0,7.2,3.6,0,0,0,0,2.5,0,0,0,7.7,0,12,12,미양허,12,12,0,16.2
120,0207.27.2010,칠면조 간(냉동),Offal of turkeys (Liver/frozen),0,0,미양허(IS 20.3),0,0,0,0,0,0,0,22.5,0,0,0,9,0,0,0,0,0,3.2,0,0,0,9.6,0,15,15,15,15,15,0,20.2
121,0207.27.2090,칠면조 기타 설육(냉동),Offal of turkeys (Other/frozen),0,0,미양허(IS 24.3),0,13.5,0,0,0,0,0,27,0,3.6,0,10.8,5.4,0,0,0,0,3.8,0,0,0,11.5,0,18,18,미양허,18,18,0,24.3
122,0207.41.0000,오리 고기(미절단/신선 또는 냉장),Meat of ducks (Not cut/fresh or chilled),미양허,미양허,미양허,14.4,미양허,0,0,0,0,5.6,18,0,2.4,14.4,18,3.6,미양허,미양허,미양허,미양허,미양허,0,0,14.4,18,14.4,미양허,미양허,미양허,미양허,미양허,미양허,18
123,0207.42.0000,오리 고기(미절단/냉동),Meat of ducks (Not cut/frozen),미양허,미양허,미양허,14.4,미양허,0,0,0,0,5.6,18,18,5,14.4,18,6,미양허,미양허,미양허,미양허,미양허,0,0,미양허,18,14.4,미양허,미양허,미양허,미양허,미양허,미양허,18
124,0207.43.0000,오리 지방간(신선 또는 냉장),Meat of ducks (Fatty livers/fresh or chilled),미양허,미양허,미양허,0,미양허,0,0,0,0,7,22.5,0,3,0,22.5,4.5,미양허,미양허,미양허,미양허,미양허,0,0,0,22.5,0,21.1,21.1,미양허,미양허,21.1,0,22.5
125,0207.44.1000,오리 기타(신선 또는 냉장/절단육),Meat of ducks (Cuts/fresh or chilled),미양허,미양허,미양허,14.4,미양허,0,0,0,0,5.6,18,0,2.4,14.4,18,3.6,미양허,미양허,미양허,미양허,미양허,0,0,14.4,18,14.4,미양허,미양허,미양허,미양허,미양허,미양허,18
126,0207.44.2010,오리 설육(신선 또는 냉장/간),Offal of ducks (Liver/fresh or chilled),미양허,미양허,미양허,0,미양허,0,0,0,0,7,22.5,0,3,0,22.5,4.5,미양허,미양허,미양허,미양허,미양허,0,0,0,22.5,0,21.1,21.1,미양허,미양허,21.1,0,22.5
127,0207.44.2090,오리 설육(신선 또는 냉장/기타),Offal of ducks (Other/fresh or chilled),미양허,미양허,미양허,0,미양허,0,0,0,0,8.4,27,0,3.6,0,27,5.4,미양허,미양허,미양허,미양허,미양허,0,0,0,27,0,25.3,25.3,미양허,미양허,25.3,0,27
128,0207.45.1000,오리 기타(냉동/절단육),Meat of ducks (Cuts/frozen),미양허,미양허,미양허,미양허,미양허,0,0,0,0,1.5,18,18,5,18,18,6,미양허,미양허,미양허,미양허,미양허,0,0,미양허,18,18,미양허,미양허,미양허,미양허,미양허,미양허,18
129,0207.45.2010,오리 설육(냉동/간),Offal of ducks (Liver/frozen),미양허,미양허,미양허,0,미양허,0,0,0,0,0,22.5,22.5,3,0,22.5,4.5,미양허,미양허,미양허,미양허,미양허,0,0,0,22.5,0,21.1,21.1,미양허,미양허,21.1,0,22.5
130,0207.45.2090,오리 설육(냉동/기타),Offal of ducks (Other/frozen),미양허,미양허,미양허,0,미양허,0,0,0,0,8.4,27,27,3.6,0,27,5.4,미양허,미양허,미양허,미양허,미양허,0,0,0,27,0,25.3,25.3,미양허,미양허,25.3,0,27
131,0207.51.0000,거위 고기(미절단/신선 또는 냉장),Meat of geese (Not cut/fresh or chilled),미양허,미양허,미양허,14.4,미양허,0,0,0,0,5.6,18,0,2.4,14.4,7.2,3.6,3.6,5.4,3.6,3.6,7.2,0,0,미양허,10.8,9.6,12,12,미양허,12,12,12.5,16.2
132,0207.52.0000,거위 고기(미절단/냉동),Meat of geese (Not cut/frozen),미양허,미양허,미양허,14.4,미양허,0,0,0,0,5.6,18,18,5,14.4,7.2,6,미양허,미양허,미양허,미양허,미양허,0,0,미양허,18,9.6,12,12,미양허,12,12,12.5,18
133,0207.53.0000,거위 고기(신선 또는 냉장/지방간),Meat of geese (Fatty livers/fresh or chilled),미양허,미양허,미양허,0,미양허,0,0,0,0,7,22.5,0,3,0,9,4.5,4.5,6.7,4.5,4.5,9,0,0,0,13.5,0,15,15,미양허,15,15,0,20.2
134,0207.54.1000,거위 기타(신선 또는 냉장/절단육),Meat of geese (Cuts/fresh or chilled),미양허,미양허,미양허,14.4,미양허,0,0,0,0,5.6,18,0,2.4,14.4,7.2,3.6,3.6,5.4,3.6,3.6,7.2,0,0,미양허,10.8,9.6,12,12,미양허,12,12,12.5,16.2
135,0207.54.2010,거위 설육(신선 또는 냉장/간),Offal of geese (Liver/fresh or chilled),미양허,미양허,미양허,0,미양허,0,0,0,0,7,22.5,0,3,0,9,4.5,4.5,6.7,4.5,4.5,9,0,0,0,13.5,0,15,15,미양허,15,15,0,20.2
136,0207.54.2090,거위 설육(신선 또는 냉장/기타),Offal of geese (Other/fresh or chilled),미양허,미양허,미양허,0,미양허,0,0,0,0,8.4,27,0,3.6,0,10.8,5.4,5.4,8.1,5.4,5.4,10.8,0,0,0,16.2,0,18,18,미양허,18,18,0,24.3
137,0207.55.1000,거위 기타(냉동/절단육),Meat of geese (Cuts/frozen),미양허,미양허,미양허,미양허,미양허,0,0,0,0,1.5,18,18,5,18,7.2,6,미양허,미양허,미양허,미양허,미양허,0,0,미양허,10.8,12,13.5,13.5,미양허,13.5,13.5,미양허,16.2
138,0207.55.2010,거위 설육(냉동/간),Offal of geese (Liver/frozen),미양허,미양허,미양허,0,미양허,0,0,0,0,0,22.5,22.5,3,0,9,4.5,4.5,6.7,4.5,4.5,9,0,0,0,13.5,0,15,15,미양허,15,15,0,20.2
139,0207.55.2090,거위 설육(냉동/기타),Offal of geese (Other/frozen),미양허,미양허,미양허,0,미양허,0,0,0,0,8.4,27,27,3.6,0,10.8,5.4,5.4,8.1,5.4,5.4,10.8,0,0,0,16.2,0,18,18,미양허,18,18,0,24.3
140,0207.60.1000,기니아새 고기(미절단/신선 또는 냉장),Meat of guinea fowls (Not cut/fresh or chilled),미양허,미양허,미양허,14.4,미양허,0,0,0,0,5.6,18,0,2.4,14.4,7.2,3.6,3.6,5.4,3.6,3.6,7.2,0,0,미양허,10.8,9.6,12,12,미양허,12,12,12.5,16.2
141,0207.60.2000,기니아새 고기(미절단/냉동),Meat of guinea fowls (Not cut/frozen),미양허,미양허,미양허,14.4,미양허,0,0,0,0,5.6,18,18,5,14.4,7.2,6,미양허,미양허,미양허,미양허,미양허,0,0,미양허,18,9.6,12,12,미양허,12,12,12.5,18
142,0207.60.3100,기니아새 기타(신선 또는 냉장/절단육),Meat of guinea fowls (Cuts/fresh or chilled),미양허,미양허,미양허,14.4,미양허,0,0,0,0,5.6,18,0,2.4,14.4,7.2,3.6,3.6,5.4,3.6,3.6,7.2,0,0,미양허,10.8,9.6,12,12,미양허,12,12,12.5,16.2
143,0207.60.3210,기니아새 설육(신선 또는 냉장/간),Offal of guinea fowls (Liver/fresh or chilled),미양허,미양허,미양허,0,미양허,0,0,0,0,7,22.5,0,3,0,9,4.5,4.5,6.7,4.5,4.5,9,0,0,0,13.5,0,15,15,미양허,15,15,0,20.2
144,0207.60.3290,기니아새 설육(신선 또는 냉장/기타),Offal of guinea fowls (Other/fresh or chilled),미양허,미양허,미양허,0,미양허,0,0,0,0,8.4,27,0,3.6,0,10.8,5.4,5.4,8.1,5.4,5.4,10.8,0,0,0,16.2,0,18,18,미양허,18,18,0,24.3
145,0207.60.4100,기니아새 기타(냉동/절단육),Meat of guinea fowls (Cuts/frozen),미양허,미양허,미양허,미양허,미양허,0,0,0,0,1.5,18,18,5,18,7.2,6,미양허,미양허,미양허,미양허,미양허,0,0,미양허,10.8,12,13.5,13.5,미양허,13.5,13.5,미양허,16.2
146,0207.60.4210,기니아새 설육(냉동/간),Offal of guinea fowls (Liver/frozen),미양허,미양허,미양허,0,미양허,0,0,0,0,0,22.5,22.5,3,0,9,4.5,4.5,6.7,4.5,4.5,9,0,0,0,13.5,0,15,15,미양허,15,15,0,20.2
147,0207.60.4290,기니아새 설육(냉동/기타),Offal of guinea fowls (Other/frozen),미양허,미양허,미양허,0,미양허,0,0,0,0,8.4,27,27,3.6,0,10.8,5.4,5.4,8.1,5.4,5.4,10.8,0,0,0,16.2,0,18,18,미양허,18,18,0,24.3
148,0208.10.0000,토끼 고기(육과 식용설육/냉장냉동),Meat and offal of Rabbits or hares,0,0,미양허(IS 20.3),0,0,0,0,0,0,0,22.5,0,3,0,22.5,4.5,4.5,6.7,4.5,4.5,9,0,0,0,13.5,0,21.1,21.1,미양허,미양허,21.1,0,20.2
149,0208.30.0000,영장류의 것(육과 식용설육/냉장냉동),Meat and offal of Primates,미양허,0,미양허(IS 16.2),0,0,0,0,0,0,0,0,0,0,0,3.6,0,3.6,5.4,3.6,3.6,7.2,0,0,0,10.8,0,9,9,9,9,9,0,14.4
150,0208.50.0000,"파충류의 것-뱀, 거북 포함(육과 식용설육/냉장냉동)",Meat and offal of reptiles (Including snakes and turtles),미양허,0,미양허(IS 16.2),0,0,0,0,0,0,0,0,0,0,0,3.6,0,3.6,5.4,3.6,3.6,7.2,0,0,0,10.8,0,9,9,9,9,9,0,0
151,0208.60.0000,낙타 고기(육과 식용설육/냉장냉동),Meat and offal of camels and other camelids (Camelidae),미양허,0,미양허(IS 16.2),0,0,0,0,0,0,0,18,0,2.4,0,3.6,3.6,3.6,5.4,3.6,3.6,7.2,0,0,0,10.8,0,9,9,9,9,9,0,16.2
152,0208.90.1000,사슴고기(기타 육과 식용설육),Meat and offal of Deer,미양허,0,미양허(IS 24.3),0,0,0,0,0,0,0,0,0,0,0,27,0,5.4,8.1,5.4,5.4,10.8,0,0,0,16.2,0,25.3,25.3,미양허,미양허,25.3,0,24.3
153,0208.90.9090,육 식용 설육기타(해양동물의 것 제외),Meat and offal of Other,미양허,0,미양허(IS 16.2),0,0,0,0,0,0,0,18,0,2.4,0,3.6,3.6,3.6,5.4,3.6,3.6,7.2,0,0,0,10.8,0,9,9,9,9,9,0,16.2
154,0209.10.0000,돼지 비계,Pig fat,0,0,0(CH 미양허),0,0,0,0,0,0,0,0,0,0,0,0,0,0,0,0,0,0,0,0,0,0,0,0,0,0,0,0,0,0
155,0209.90.0000,기타,Other,0,0,0(CH 미양허),0,0,0,0,0,0,0,0,0,0,0,0,0,0,0,0,0,0,0,0,0,0,0,0,0,0,0,0,0,0
156,0210.11.0000,"돼지고기 식용설육(넓적다리살, 어깨살과 이들을 절단한 것/뼈있는 것)","Meat of swine (Hams, shoulders and cuts thereof/with bone in/salted, in brine, dried or smoked)",미양허,미양허,미양허,20,미양허,0,0,0,0,25,25,0,0,20,25,0,미양허,미양허,미양허,미양허,미양허,0,0,미양허,25,20,미양허,미양허,미양허,미양허,미양허,미양허,25
157,0210.12.0000,돼지고기 식용설육(복부살과 이를 절단한 것),"Meat of swine (Bellies-streaky-and cuts thereof/salted, in brine, dried or smoked)",0,미양허,미양허,24,미양허,0,0,0,0,30,NS,0,0,24,30,10,15,16.8,15,15,18.7,0,0,미양허,30,24,미양허,미양허,미양허,미양허,미양허,미양허,30
158,0210.19.0000,돼지고기 식용설육(기타),"Meat and offal of swine (Other/salted, in brine, dried or smoked)",미양허,미양허,미양허,20,미양허,0,0,0,0,25,25,0,0,20,25,8.3,12.5,14,12.5,12.5,15.6,0,0,미양허,25,20,미양허,미양허,미양허,미양허,미양허,미양허,25
159,0210.20.1000,쇠고기(육과 식용설육/건조/훈제),Meat of bovine (Dried and smoked),미양허,미양허,미양허,5,미양허,1.6,0,27,0,27,27,27,3.6,0,27,5.4,미양허,미양허,미양허,미양허,미양허,1.6,0,5,27,0,27,27,미양허,미양허,27,미양허,27
160,0210.20.9000,쇠고기(육과 식용설육/기타),Meat of bovine (Other),미양허,미양허,미양허,0,미양허,1.6,0,27,0,27,27,27,3.6,0,27,5.4,미양허,미양허,미양허,미양허,미양허,1.6,0,0,27,0,25.3,25.3,미양허,미양허,25.3,0,27
161,0210.91.0000,영장류의 것(육과 식용설육/염장훈제),Edible flours and meals of meat or meat offal of Primates,0,0,15.8(CH 미양허),0,0,0,0,0,0,0,0,0,0,0,4.5,0,4.5,6.7,4.5,4.5,9,0,0,0,13.5,0,11.3,11.3,11.3,11.3,11.3,0,20.2
162,0210.93.0000,파충류의 것(뱀과 거북을 포함한다)(육과 식용설육/염장훈제),Edible flours and meals of meat or meat offal of Reptiles,0,0,미양허(IS 15.8),0,0,0,0,0,0,0,0,0,0,0,0,0,4.5,6.7,4.5,4.5,9,0,0,0,13.5,0,11.3,11.3,11.3,11.3,11.3,0,20.2
163,0210.99.1010,소(육 또는 식용설육/분·조분),Edible flours and meals of meat or meat offal of Bovine animals,0,미양허,미양허,0,미양허,1.4,0,0,0,7,22.5,22.5,3,0,22.5,4.5,미양허,미양허,미양허,미양허,미양허,1.4,0,0,22.5,0,21.1,21.1,미양허,미양허,21.1,0,22.5
164,0210.99.1090,육 또는 식용설육(기타/분·조분/소의 것 제외),Edible flours and meals of meat or meat offal of Other,0,0,,,미양허,0,0,,0,,22.5,,,0,22.5,,,,,,,0,0,,,,,,미양허,미양허,,,
165,0210.99.9020,가금류(육 또는 식용설육/분·조분),Other of Poultry,0,미양허,미양허,0,11.3,0,0,0,0,0,22.5,0,0,0,22.5,4.5,7.5,9.3,7.5,7.5,11.2,0,0,0,13.5,0,21.1,21.1,미양허,미양허,21.1,0,20.2
166,0210.99.9090,기타 고기(육 또는 식용설육/분·조분/가금류의 것 제외),Other,0,0,15.8,0,0,0,0,0,0,0,22.5,0,0,0,,4.5,7.5,9.3,7.5,7.5,11.2,0,0,0,13.5,0,,,,,,0,
167,0401.10.0000,밀크와 크림(미농축/미첨가/지방분이 전중량의 100분의 1 이하),"Milk and cream (Not concentrated nor added sweet/a fat content, by weight, not exceeding 1%)",미양허,미양허,미양허,28.8,미양허,2.2,0,36,0,36,36,36,12.6,28.8,36,14.4,미양허,미양허,미양허,미양허,미양허,2.2,0,미양허,36,28.8,미양허,미양허,미양허,미양허,미양허,미양허,36
168,0401.20.0000,밀크와 크림(미농축/미첨가/지방분이 전중량의 100분의 1을 초과하고 100분의 6 이하),"Milk and cream (Not concentrated nor added sweet/a fat content, by weight, exceeding 1% but not exceeding 6%)",미양허,미양허,미양허,28.8,미양허,2.2,0,36,0,36,36,36,12.6,28.8,36,14.4,미양허,미양허,미양허,미양허,미양허,2.2,0,미양허,36,28.8,미양허,미양허,미양허,미양허,미양허,미양허,32.4
169,0401.40.1000,냉동크림(미농축/미첨가/지방분이 전중량의 100분의 6을 초과하고 100분의 10 이하),Frozen cream (Not concentrated nor added sweet/a fat content exceeding 6% but not exceeding 10%),미양허,미양허,미양허,28.8,미양허,0,0,0,0,11.2,36,36,0,28.8,36,2.7,미양허,미양허,미양허,미양허,미양허,0,0,미양허,36,28.8,미양허,미양허,미양허,미양허,미양허,미양허,36
170,0401.40.9000,기타(미농축/미첨가/지방분이 전중량의 100분의 6을 초과하고 100분의 10 이하),Other (Not concentrated nor added sweet/a fat content exceeding 6% but not exceeding 10%),미양허,미양허,미양허,28.8,미양허,0,0,0,0,11.2,36,36,8.4,28.8,36,10.5,미양허,미양허,미양허,미양허,미양허,0,0,미양허,36,28.8,미양허,미양허,미양허,미양허,미양허,미양허,36
171,0401.50.1000,냉동크림(미농축/미첨가/지방분이 전중량의 100분의 10을 초과),Frozen cream (Not concentrated nor added sweet/a fat content exceeding 10%),미양허,미양허,미양허,28.8,미양허,0,0,0,0,11.2,36,36,0,28.8,36,2.7,미양허,미양허,미양허,미양허,미양허,0,0,미양허,36,28.8,미양허,미양허,미양허,미양허,미양허,미양허,36
172,0401.50.9000,기타(미농축/미첨가/지방분이 전중량의 100분의 10을 초과),Other (Not concentrated nor added sweet/a fat content exceeding 10%),미양허,미양허,미양허,28.8,미양허,0,0,0,0,11.2,36,36,8.4,28.8,36,10.5,미양허,미양허,미양허,미양허,미양허,0,0,미양허,36,28.8,미양허,미양허,미양허,미양허,미양허,미양허,36
173,0402.10.1010,"탈지분유(설탕·감미료 미첨가, 지방분이 전중량의 1.5% 이하)",Skim milk powder (Not added sweet/a fat content not exceeding 1.5%),미양허,미양허,미양허,140.8,미양허,"0/176(*1,425M/T) TRQ","0/176(*1,468M/T) TRQ",176,"0/176(*7,343M/T ) TRQ",0/176(*100M/T) TRQ,176,176,176,140.8,176,"0/176(*1,957M/T) TRQ",미양허,미양허,미양허,미양허,미양허,176,176,미양허,176,140.8,미양허,미양허,미양허,미양허,미양허,미양허,176
174,0402.10.1090,"분유기타(설탕·감미료 미첨가, 지방분이 전중량의 1.5% 이하)",Other milk powder (Not added sweets/a fat content not exceeding 1.5%),미양허,미양허,미양허,140.8,미양허,"0/176(*1,425M/T) TRQ","0/176(*1,468M/T) TRQ",176,"0/176(*7,343M/T ) TRQ",0/176(*100M/T) TRQ,176,176,176,140.8,176,"0/176(*1,957M/T) TRQ",미양허,미양허,미양허,미양허,미양허,176,176,미양허,176,140.8,미양허,미양허,미양허,미양허,미양허,미양허,176
175,0402.10.9000,"분유기타(설탕·감미료 첨가, 지방분이 전중량의 1.5% 이하)",Other milk powder (Other/a fat content not exceeding 1.5%),미양허,미양허,미양허,140.8,미양허,"0/176(*1,425M/T) TRQ","0/176(*1,468M/T) TRQ",176,"0/176(*7,343M/T ) TRQ",0/176(*100M/T) TRQ,176,176,176,140.8,176,"0/176(*1,957M/T) TRQ",미양허,미양허,미양허,미양허,미양허,176,176,미양허,176,140.8,미양허,미양허,미양허,미양허,미양허,미양허,176
176,0402.21.1000,"전지분유(설탕·감미료 미첨가, 지방분이 전중량의 1.5% 초과)",Whole milk powder (Not added sweet/a fat content exceeding 1.5%),미양허,미양허,미양허,140.8,미양허,"0/176(*1,425M/T) TRQ","0/176(*1,468M/T) TRQ",176,"0/176(*7,343M/T ) TRQ",0/176(*100M/T) TRQ,176,176,176,140.8,176,"0/176(*1,957M/T) TRQ",미양허,미양허,미양허,미양허,미양허,176,176,미양허,176,140.8,미양허,미양허,미양허,미양허,미양허,미양허,176
177,0402.21.9000,"분유기타(설탕·감미료 미첨가, 지방분이 전중량의 1.5% 초과)",Other milk powder (Not added sweets/a fat content exceeding 1.5%),미양허,미양허,미양허,140.8,미양허,"0/176(*1,425M/T) TRQ","0/176(*1,468M/T) TRQ",176,"0/176(*7,343M/T ) TRQ",0/176(*100M/T) TRQ,176,176,176,140.8,176,"0/176(*1,957M/T) TRQ",미양허,미양허,미양허,미양허,미양허,176,176,미양허,176,140.8,미양허,미양허,미양허,미양허,미양허,미양허,176
178,0402.29.0000,"분유기타(설탕·감미료 첨가, 지방분이 전중량의 1.5% 초과)",Other milk powder (Other/a fat content exceeding 1.5%),미양허,미양허,미양허,140.8,미양허,"0/176(*1,425M/T) TRQ","0/176(*1,468M/T) TRQ",176,"0/176(*7,343M/T ) TRQ",176,176,176,176,140.8,176,"0/176(*1,957M/T) TRQ",미양허,미양허,미양허,미양허,미양허,176,176,미양허,176,140.8,미양허,미양허,미양허,미양허,미양허,미양허,176
179,0402.91.1000,무가당연유,Evaporated milk (Not added sweet),미양허,미양허,미양허,71.2,미양허,"0/89(*1,425M/T) TRQ","0/89(*1,468M/T) TRQ",0,"0/89(*7,343M/T ) TRQ",89,89,89,89,71.2,89,"0/89(*1,957M/T) TRQ",미양허,미양허,미양허,미양허,미양허,89,89,미양허,89,71.2,미양허,미양허,미양허,미양허,미양허,미양허,89
180,0402.91.9000,연유기타(설탕·감미료 미첨가),Other (Not added sweet),미양허,미양허,미양허,71.2,미양허,"0/89(*1,425M/T) TRQ","0/89(*1,468M/T) TRQ",0,"0/89(*7,343M/T ) TRQ",89,89,89,89,71.2,89,"0/89(*1,957M/T) TRQ",미양허,미양허,미양허,미양허,미양허,89,89,미양허,89,71.2,미양허,미양허,미양허,미양허,미양허,미양허,89
181,0402.99.1000,가당연유,sweetened evaporated milk,미양허,미양허,미양허,71.2,미양허,"0/89(*1,425M/T) TRQ","0/89(*1,468M/T) TRQ",89,"0/89(*7,343M/T ) TRQ",89,89,89,89,71.2,89,"0/89(*1,957M/T) TRQ",미양허,미양허,미양허,미양허,미양허,89,89,미양허,89,71.2,미양허,미양허,미양허,미양허,미양허,미양허,89
182,0402.99.9000,연유기타(설탕·감미료 첨가),Other (Added sweet),미양허,미양허,미양허,71.2,미양허,"0/89(*1,425M/T) TRQ","0/89(*1,468M/T) TRQ",89,"0/89(*7,343M/T ) TRQ",89,89,89,89,71.2,89,"0/89(*1,957M/T) TRQ",미양허,미양허,미양허,미양허,미양허,89,89,미양허,89,71.2,미양허,미양허,미양허,미양허,미양허,미양허,89
183,0403.20.1000,요구르트(액상),Fluid yogurt,0,미양허,,,미양허,0,0,,0,,,,,,,,,,,,,0,0,미양허,,,미양허,미양허,미양허,미양허,미양허,,
184,0403.20.2000,요구르트(냉동),Frozen yogurt,0,미양허,,,미양허,0,0,,0,,,,,,,,,,,,,0,0,미양허,,,미양허,미양허,미양허,미양허,미양허,,
185,0403.20.9000,요구르트(기타) ,Yogurt (Other),0,미양허,,,미양허,0,0,,0,,,,,,,,,,,,,0,0,미양허,,,미양허,미양허,미양허,미양허,미양허,,
186,0403.90.1000,버터밀크,Butter milk,미양허,미양허,미양허,71.2,미양허,"0/89(*1,425M/T) TRQ","0/89(*1,468M/T) TRQ",89,"0/89(*7,343M/T ) TRQ",89,89,89,89,71.2,89,"0/89(*1,957M/T) TRQ",미양허,미양허,미양허,미양허,미양허,89,89,미양허,89,71.2,미양허,미양허,미양허,미양허,미양허,미양허,89
187,0403.90.9000,기타 밀크와 크림,Other milk and cream,미양허,미양허,,,미양허,0,0,0,0,11.2,36,0,36,0,36,0,미양허,미양허,미양허,미양허,미양허,0,0,,36,,,,미양허,미양허,미양허,,36
188,0404.10.1011,유장분말(사료용),Whey powder (For feeding),"0(*1,000M/T) TRQ",미양허,미양허,5,미양허,0,0,0,0,0,49.5,49.5,0,5,19.8,0,미양허,미양허,미양허,미양허,미양허,0,0,3.6,33,3.3,33,33,미양허,33,33,4.3,44.5
189,0404.10.1019,유장분말(기타),Whey powder (Other),"0(*1,000M/T) TRQ",미양허,미양허,5,미양허,0,0,0,0,0,49.5,49.5,6.6,5,49.5,9.9,미양허,미양허,미양허,미양허,미양허,0,0,미양허,33,5,미양허,미양허,미양허,미양허,미양허,미양허,44.5
190,0404.10.1091,유장(기타/사료용),Whey (Other/for feeding),미양허,미양허,미양허,5,미양허,0,0,49.5,0,49.5,49.5,49.5,0,5,19.8,0,미양허,미양허,미양허,미양허,미양허,0,0,3.6,49.5,3.3,33,33,미양허,33,33,4.3,49.5
191,0404.10.1099,유장(기타),Whey (Other),미양허,미양허,미양허,5,미양허,0,0,49.5,0,49.5,49.5,49.5,6.6,5,49.5,9.9,미양허,미양허,미양허,미양허,미양허,0,0,미양허,49.5,5,미양허,미양허,미양허,미양허,미양허,미양허,49.5
192,0404.10.2111,변성유장(유당제거/사료용),Modified whey (Lactose removed/for feeding),미양허,미양허,미양허,5,미양허,0,0,49.5,0,49.5,49.5,49.5,0,5,19.8,0,미양허,미양허,미양허,미양허,미양허,0,0,3.6,49.5,3.3,33,33,미양허,33,33,4.3,49.5
193,0404.10.2119,변성유장(유당제거/기타),Modified whey (Lactose removed/other),미양허,미양허,미양허,5,미양허,0,0,49.5,0,49.5,49.5,49.5,6.6,5,49.5,9.9,미양허,미양허,미양허,미양허,미양허,0,0,미양허,49.5,5,미양허,미양허,미양허,미양허,미양허,미양허,49.5
194,0404.10.2121,변성유장(무기질제거/사료용),Modified whey (Demineralized/for feeding),"0(*1,000M/T) TRQ",미양허,미양허,5,미양허,0,0,0,0,0,49.5,49.5,0,5,19.8,0,미양허,미양허,미양허,미양허,미양허,0,0,3.6,33,3.3,33,33,미양허,33,33,4.3,44.5
195,0404.10.2129,변성유장(무기질제거/기타),Modified whey (Demineralized/other),"0(*1,000M/T) TRQ",미양허,미양허,5,미양허,0,0,0,0,0,49.5,49.5,6.6,5,49.5,9.9,미양허,미양허,미양허,미양허,미양허,0,0,미양허,33,5,미양허,미양허,미양허,미양허,미양허,미양허,44.5
196,0404.10.2131,변성유장(유장농축단백질/사료용),Modified whey (Whey protein concentrates/for feeding),"0(*1,000M/T) TRQ",미양허,미양허,5,미양허,0,0,0,0,0,49.5,49.5,0,5,19.8,0,미양허,미양허,미양허,미양허,미양허,0,0,3.6,33,3.3,33,33,미양허,33,33,4.3,44.5
197,0404.10.2139,변성유장(유장농축단백질/기타),Modified whey (Whey protein concentrates/other),"0(*1,000M/T) TRQ",미양허,미양허,5,미양허,0,0,0,0,0,49.5,49.5,6.6,5,49.5,9.9,미양허,미양허,미양허,미양허,미양허,0,0,미양허,33,5,미양허,미양허,미양허,미양허,미양허,미양허,44.5
198,0404.10.2191,변성유장(기타/유당·단백질 또는 무기질의 전부 또는 일부 제거/사료용),"Modified whey (Other/all or part of the lactose, proteins or minerals have been removed/for feeding)",미양허,미양허,미양허,5,미양허,0,0,0,0,15.4,49.5,49.5,0,5,19.8,0,미양허,미양허,미양허,미양허,미양허,0,0,3.6,49.5,3.3,33,33,미양허,33,33,4.3,49.5
199,0404.10.2199,변성유장(기타/유당·단백질 또는 무기질의 전부 또는 일부 제거/기타),"Modified whey (Other/all or part of the lactose, proteins or minerals have been removed/other)",미양허,미양허,미양허,5,미양허,0,0,0,0,15.4,49.5,49.5,6.6,5,49.5,9.9,미양허,미양허,미양허,미양허,미양허,0,0,미양허,49.5,5,미양허,미양허,미양허,미양허,미양허,미양허,49.5
200,0404.10.2910,변성유장(기타/사료용),Modified whey (Other/for feeding),미양허,미양허,미양허,5,미양허,0,0,0,0,15.4,49.5,49.5,0,5,19.8,0,미양허,미양허,미양허,미양허,미양허,0,0,3.6,49.5,3.3,33,33,미양허,33,33,4.3,49.5
201,0404.10.2990,변성유장(기타),Modified whey (Other),미양허,미양허,미양허,5,미양허,0,0,0,0,15.4,49.5,49.5,6.6,5,49.5,0,미양허,미양허,미양허,미양허,미양허,0,0,미양허,49.5,5,미양허,미양허,미양허,미양허,미양허,미양허,49.5
202,0404.90.1000,유장기타(지방분이 전중량의 100분의 1.5 이하인 것),"Whey powder (Other/of a fat content, by weight, not exceeding 1.5%)","0(*1,000M/T) TRQ",미양허,미양허,미양허,미양허,0,0,0,0,36,36,36,0,36,36,0,미양허,미양허,미양허,미양허,미양허,0,0,미양허,36,36,미양허,미양허,미양허,미양허,미양허,미양허,36
203,0404.90.2000,유장기타(지방분이 전중량의 100분의 1.5를 초과하는 것),"Whey powder (Other/of a fat content, by weight, exceeding 1.5%)","0(*1,000M/T) TRQ",미양허,미양허,미양허,미양허,0,0,0,0,36,36,36,4.8,36,36,0,미양허,미양허,미양허,미양허,미양허,0,0,미양허,36,36,미양허,미양허,미양허,미양허,미양허,미양허,36
204,0405.10.0000,버터,Butter,미양허,미양허,미양허,71.2,미양허,0,0,0,0,89,89,89,0/17.8(*141M/T) TRQ,71.2,89,0,미양허,미양허,미양허,미양허,미양허,0,0,미양허,89,71.2,미양허,미양허,미양허,미양허,미양허,미양허,89
205,0405.20.0000,데어리 스프레드,Dairy spreads,미양허,미양허,미양허,0,4,0,0,0,0,2.5,0,0,0,0,3.2,0,미양허,미양허,미양허,미양허,미양허,0,0,0,8,0,5.3,5.3,미양허,5.3,5.3,0,6.4
206,0405.90.0000,밀크에서 얻어진 기타 지와 유,Other fats and oils derived from milk,미양허,미양허,미양허,71.2,미양허,0,0,0,0,27.8,89,89,0/17.8(*141M/T) TRQ,71.2,89,0,미양허,미양허,미양허,미양허,미양허,0,0,미양허,89,71.2,미양허,미양허,미양허,미양허,미양허,미양허,80.1
207,0406.10.1010,치즈(신선/모차렐라 치즈),Mozzarella cheese (Fresh),미양허,미양허,미양허,36,미양허,"0/4.5(*6,501M/T) TRQ","0/2.2(*6,696M/T) TRQ",36,"0/2.4(*10,280M/T ) TRQ",11.2,36,36,"0/12(*6,409M/T) TRQ",36,36,"0/3(*6,380M/T) TRQ",미양허,미양허,미양허,18,미양허,2.2,0,미양허,36,18,18,18,미양허,미양허,미양허,미양허,36
208,0406.10.1020,치즈(신선/크림치즈),Cream cheese (Fresh),미양허,미양허,미양허,36,미양허,"0/4.5(*6,501M/T) TRQ","0/2.2(*6,696M/T) TRQ",0,"0/2.4(*10,280M/T ) TRQ",11.2,36,36,"0/12(*6,409M/T) TRQ",36,36,"0/9.6(*6,380M/T) TRQ",미양허,미양허,미양허,18,미양허,2.2,0,미양허,36,36,미양허,미양허,미양허,미양허,미양허,미양허,36
209,0406.10.1090,치즈(신선/기타),Other cheese (Fresh),미양허,미양허,미양허,36,미양허,"0/4.5(*6,501M/T) TRQ","0/2.2(*6,696M/T) TRQ",0,"0/2.4(*10,280M/T ) TRQ",11.2,36,36,"0/12(*6,409M/T) TRQ",36,36,"0/9.6(*6,380M/T) TRQ",미양허,미양허,미양허,18,미양허,2.2,0,미양허,36,36,미양허,미양허,미양허,미양허,미양허,미양허,36
210,0406.10.2000,커드,Curd,미양허,미양허,미양허,5,미양허,0,0,0,0,11.2,36,36,4.8,0,36,7.2,미양허,미양허,미양허,18,미양허,0,0,0,36,0,36,36,미양허,미양허,36,미양허,36
211,0406.20.0000,치즈(갈았거나 분상으로 한 모든 종류),Grated or powdered cheese,미양허,미양허,미양허,28.8,미양허,"0/4.5(*6,501M/T) TRQ","0/2.2(*6,696M/T) TRQ",36,"0/2.4(*10,280M/T ) TRQ",11.2,36,36,"0/14.4(*6,409M/T) TRQ",28.8,36,"0/9.6(*6,380M/T) TRQ",미양허,미양허,미양허,18,미양허,2.2,0,미양허,36,28.8,미양허,미양허,미양허,미양허,미양허,미양허,36
212,0406.30.0000,치즈(가공/갈았거나 분상의 것은 제외),Processed cheese (Not grated or powdered),미양허,미양허,미양허,28.8,미양허,"0/4.5(*6,501M/T) TRQ","0/2.2(*6,696M/T) TRQ",36,"0/2.4(*10,280M/T ) TRQ",11.2,36,36,"0/12(*6,409M/T) TRQ",28.8,36,"0/9.6(*6,380M/T) TRQ",미양허,미양허,미양허,18,미양허,2.2,0,미양허,36,28.8,미양허,미양허,미양허,미양허,미양허,미양허,36
213,0406.40.0000,블루바인 치즈와 페니실리움 로우크포티로 생산된 바인을 함유한 기타 치즈,Blue-veined cheese and other cheese containing veins produced by Penicillium roqueforti,미양허,미양허,미양허,5,미양허,0,0,0,0,11.2,36,36,4.8,0,36,7.2,미양허,미양허,미양허,미양허,미양허,0,0,0,36,0,36,36,미양허,미양허,36,미양허,36
214,0406.90.1000,치즈(기타/체더 치즈),Cheddar cheese,0,미양허,(CH 0(*60M/T )TRQ) (NO 21.6) (IS 미양허),36,미양허,0,0,0,0,11.2,36,36,"0/2.7 (*6,409M/T) TRQ",36,36,0,미양허,미양허,미양허,미양허,미양허,0,0,미양허,36,0,0,0,미양허,미양허,미양허,미양허,36
215,0406.90.2000,치즈(기타/하우다 치즈),Gouda cheese,0,미양허,(CH 0(*60M/T )TRQ) (NO 21.6) (IS 미양허),36,미양허,"0/4.5(*6,501M/T) TRQ","0/2.2(*6,696M/T) TRQ",0,"0/2.4 (*10,280M/T ) TRQ",0,36,36,"0/14.4(*6,409M/T) TRQ",36,36,"0/9.6 (*6,380M/T) TRQ",미양허,미양허,미양허,미양허,미양허,2.2,0,미양허,36,18,미양허,미양허,미양허,미양허,미양허,미양허,36
216,0406.90.3000,치즈(기타/카망베르 치즈),Camembert cheese,0,미양허,(CH 0(*60M/T )TRQ) (NO 21.6) (IS 미양허),36,미양허,"0/4.5(*6,501M/T) TRQ","0/2.2(*6,696M/T) TRQ",0,"0/2.4 (*10,280M/T ) TRQ",0,36,36,"0/14.4(*6,409M/T) TRQ",36,36,"0/9.6 (*6,380M/T) TRQ",미양허,미양허,미양허,미양허,미양허,2.2,0,미양허,36,18,미양허,미양허,미양허,미양허,미양허,미양허,36
217,0406.90.4000,치즈(기타/에멘탈 치즈),Emmental cheese,0,미양허,(CH 0(*60M/T )TRQ) (NO 21.6) (IS 미양허),36,미양허,"0/4.5(*6,501M/T) TRQ","0/2.2(*6,696M/T) TRQ",0,"0/2.4(*10,280M/T ) TRQ",11.2,36,36,"0/14.4(*6,409M/T) TRQ",36,36,"0/9.6 (*6,380M/T) TRQ",미양허,미양허,미양허,미양허,미양허,2.2,0,미양허,36,18,미양허,미양허,미양허,미양허,미양허,미양허,36
218,0406.90.9000,치즈(기타),Other cheese,0,미양허,(CH 0(*60M/T )TRQ) (NO 21.6) (IS 미양허),36,미양허,"0/4.5(*6,501M/T) TRQ","0/2.2(*6,696M/T) TRQ",0,"0/2.4(*10,280M/T ) TRQ",11.2,36,36,"0/14.4(*6,409M/T) TRQ",36,36,"0/9.6 (*6,380M/T) TRQ",미양허,미양허,미양허,미양허,미양허,2.2,0,미양허,36,18,미양허,미양허,미양허,미양허,미양허,미양허,36
219,0407.11.0000,조란(부화용 수정란/닭-갈루스 도메스티쿠스종에 한함),Fertilised eggs for incubation (Of fowls of the species Gallus domesticus),0,미양허,미양허,21.6,미양허,0,0,0,0,0,27,27,7.5,21.6,27,9,미양허,미양허,미양허,미양허,16.2,0,0,미양허,16.2,21.6,미양허,미양허,미양허,미양허,미양허,미양허,24.3
220,0407.19.0000,조란(부화용 수정란/기타),Fertilised eggs for incubation (Other),0,미양허,미양허,21.6,미양허,0,0,0,0,0,27,27,7.5,21.6,27,9,9,11.2,9,9,13.5,0,0,미양허,16.2,21.6,미양허,미양허,미양허,미양허,미양허,미양허,24.3
221,0407.21.0000,조란(기타 신선란/닭-갈루스 도메스티쿠스종에 한함),Other fresh eggs (Of fowls of the species Gallus domesticus),0,미양허,미양허,5,미양허,1.6,0,0,0,0,27,0,7.5,0,27,9,5.4,8.1,5.4,5.4,10.8,1.6,0,5,16.2,0,27,27,미양허,미양허,27,미양허,24.3
222,0407.29.0000,조란(기타 신선란/기타),Other fresh eggs (Other),0,미양허,미양허,5,미양허,1.6,0,0,0,0,27,0,7.5,0,27,9,5.4,8.1,5.4,5.4,10.8,1.6,0,5,16.2,0,27,27,미양허,미양허,27,미양허,24.3
223,0407.90.0000,기타(기타),Other (Other),0,미양허,미양허,5,미양허,0,0,0,0,0,27,0,3.6,0,27,5.4,5.4,8.1,5.4,5.4,10.8,0,0,5,16.2,0,27,27,미양허,미양허,27,미양허,24.3
224,0408.11.0000,난황(건조한 것),Egg yolks (Dried),미양허,미양허,미양허,0,미양허,0,0,0,0,2.7,27,27,3.6,0,27,5.4,미양허,미양허,미양허,미양허,미양허,0,0,0,27,0,25.3,25.3,미양허,미양허,25.3,0,27
225,0408.19.0000,난황(기타),Egg yolks (Other),미양허,미양허,미양허,0,미양허,0,0,0,0,2.7,27,27,3.6,0,27,5.4,미양허,미양허,미양허,미양허,미양허,0,0,0,27,0,25.3,25.3,미양허,미양허,25.3,0,27
226,0408.91.0000,조란(건조한 것),Other (Dried),0,미양허,미양허,5,미양허,0,0,0,0,0,27,27,3.6,0,27,5.4,5.4,8.1,5.4,5.4,10.8,0,0,5,16.2,0,27,27,미양허,미양허,27,미양허,24.3
227,0408.99.1000,조란(닭-갈루스 도메스티쿠스종의 것에 한함),Other (Other/of fowls of the species Gallus domesticus),미양허,미양허,미양허,33.2,미양허,2.6,0,0,0,4.1,41.6,41.6,5.5,33.2,41.6,8.3,미양허,미양허,미양허,미양허,미양허,2.6,0,미양허,41.6,33.2,미양허,미양허,미양허,미양허,미양허,미양허,41.6
228,0408.99.9000,기타 ,Other (Other/other),미양허,미양허,미양허,5,미양허,0,0,0,0,2.7,27,27,3.6,0,27,5.4,미양허,미양허,미양허,미양허,미양허,0,0,5,27,0,27,27,미양허,미양허,27,미양허,27
229,0409.00.0000,천연꿀,Natural honey,미양허,미양허,미양허,"194.4% or 1,491원/kg",미양허,"0/243% or 1,864원/kg (*71M/T) TRQ","0/243% or 1,864원/kg (*73M/T) TRQ",0/182.3(358M/T) ASG,"0/243% or 1,864원/kg(*294M/T)  TRQ","75.9% 또는 582원/kg, 양자중 고액(율)","243% or 1,864원/kg","0/243% or 1,864원/kg(*150M/T) TRQ )","243.0% or 1,864원/kg","48.6% 또는 372원/kg, 양자 중 고액(율)","243% or 1,864원/kg","243% or 1,864원/kg",미양허,"136.6% 또는 1,048원/Kg, 양자 중 고액(율)",미양허,"121.5% 또는 932원/Kg, 양자 중 고액(율)",미양허,"243% or 1,864원/kg ","243% or 1,864원/kg ",미양허,"191.8% 또는 1,471원/kg, 양자 중 고액(율)","194.4% or 1,491원/kg",미양허,미양허,미양허,미양허,미양허,미양허,"243.0% 또는 1,864원/kg, 양자 중 고액(율)"
230,0410.10.0000,곤충(식용),Insects,0,0,,0,0,0,0,0,0,,,0,,0,,,,,,,,0,0,0,,0,,,,,,0,
231,0410.90.1000,칼새둥지(식용) ,Edible-nest Swiftlet' nests,0,0,미양허(IS 6.4),0,0,0,0,0,0,0,0,0,0,0,0,0,0,0,0,0,0,0,0,0,1.6,0,0,0,0,0,0,0,0
232,0410.90.2000,로열젤리(식용) ,Royal jelly,0,미양허,미양허,0,미양허,0,0,0,0,0,NS,0,8,0,8,2.6,0,0,0,0,0,0,0,0,1.6,0,7,7,미양허,미양허,미양허,0,7.2
233,0410.90.9000,그 밖의 식용인 동물성 생산품(따로 분류되지 않은 것으로 한정한다) ,"Other edible products of animal origin, not elsewhere specified or included",0,0,,0,0,0,0,0,0,0,,0,0,0,0,0,0,0,0,0,0,0,0,0,1.6,0,0,0,4,4,0,0,0
234,0501.00.0000,"인모(가공하지 아니한 것에 한하며, 세척 세정 여부 불문)와 그 웨이스트","Human hair, unworked, whether or not washed or scoured; waste of human hair",0,0,0,0,0,0,0,0,0,0,0,0,0,0,0,0,0,0,0,0,0,0,0,0,0,0,0,0,0,0,0,0,0
235,0502.10.0000,돼지털·멧돼지털 및 그 웨이스트,"Pigs', hogs' or boars' bristles and hair and waste thereof",0,0,0,0,0,0,0,0,0,0,0,0,0,0,0,0,0,0,0,0,0,0,0,0,0,0,0,0,0,0,0,0,0
236,0502.90.0000,동물털 기타 ,Other animal hair,0,0,0,0,0,0,0,0,0,0,0,0,0,0,0,0,0,0,0,0,0,0,0,0,0,0,0,0,0,0,0,0,0
237,0504.00.1010,장(소의 것),Guts of bovine,0,0,미양허 (IS 24.3),0,미양허,1.6,0,0,0,0,27,0,3.6,0,27,5.4,미양허,미양허,미양허,미양허,미양허,1.6,0,0,16.2,0,25.3,25.3,미양허,미양허,25.3,0,24.3
238,0504.00.1021,소시지 케이싱용(돼지의 것),For sausage casing (Of swine) ,0,0,미양허 (IS 24.3),0,미양허,0,0,0,0,0,27,0,27,0,10.8,5.4,미양허,미양허,미양허,미양허,미양허,0,0,0,16.2,0,20.3,20.3,미양허,20.3,20.3,0,24.3
239,0504.00.1029,기타(돼지의 것),Other (Of swine) ,0,0,미양허 (IS 24.3),0,미양허,0,0,0,0,0,27,0,27,0,10.8,5.4,미양허,미양허,미양허,미양허,미양허,0,0,0,16.2,0,20.3,20.3,미양허,20.3,미양허,0,24.3
240,0504.00.1031,소시지 케이싱용(양의 것),For sausage casing (Of sheep or lamb),0,0,미양허 (IS 24.3),0,미양허,0,0,0,0,0,27,0,27,0,10.8,5.4,미양허,미양허,미양허,미양허,미양허,0,0,0,16.2,0,20.3,20.3,미양허,20.3,20.3,0,24.3
241,0504.00.1039,기타(양의 것),Other (Of sheep or lamb),0,0,미양허 (IS 24.3),0,미양허,0,0,0,0,0,27,0,27,0,10.8,5.4,미양허,미양허,미양허,미양허,미양허,0,0,0,16.2,0,20.3,20.3,미양허,20.3,미양허,0,24.3
242,0504.00.1090,장(기타 동물),Guts (Other),0,0,미양허 (IS 24.3),0,미양허,0,0,0,0,0,27,0,27,0,10.8,5.4,미양허,미양허,미양허,미양허,미양허,0,0,0,16.2,0,20.3,20.3,미양허,20.3,미양허,0,24.3
243,0504.00.2000,동물의 방광,Bladders,0,0,미양허 (IS 24.3),0,미양허,0,0,0,0,0,27,0,0,0,10.8,0,9,11.2,9,9,13.5,0,0,0,16.2,0,18,18,미양허,18,18,0,24.3
244,0504.00.3000,동물의 위,Stomachs,0,0,미양허 (IS 24.3),0,미양허,1.6,0,0,0,0,27,0,3.6,0,27,5.4,미양허,미양허,미양허,미양허,미양허,1.6,0,0,16.2,0,20.3,20.3,미양허,미양허,25.3,0,24.3
245,0505.10.0000,새의 솜털 및 충전재용 깃털,Feathers of a kind used for stuffing; down,0,0,0,0,0,0,0,0,0,0,0,0,0,0,0,0,0,0,0,0,0,0,0,0,0.6,0,1.5,1.5,1.5,1.5,1.5,0,2.4
246,0505.90.1000,새의 깃털가루,Powder of feathers,0,0,0,0,0,0,0,0,0,0,0,0,0,0,0,0,0,0,0,0,0,0,0,0,1,0,2.5,2.5,2.5,2.5,2.5,0,0
247,0505.90.9000,새의 털(기타),Feathers of bird (Other),0,0,4,0,0,0,0,0,0,0,0,0,0,0,0,0,0,0,0,0,0,0,0,0,1,0,2.5,2.5,2.5,2.5,2.5,0,4
248,0506.10.0000,골소와 뼈(산처리한 것),Ossein and bones treated with acid,0,0,0(CH 미양허),0,0,0,0,0,0,0,0,0,0,0,0,0,0,0,0,0,0,0,0,0,0,0,0,0,0,0,0,0,0
249,0506.90.1020,뼈(소의 것),Bones of bovine,0,0,7.2(CH 미양허),0,4.5,0,0,0,0,0,0,0,0,0,0,0,0,0,0,0,0,0,0,0,1.8,0,4.5,4.5,4.5,4.5,4.5,0,0
250,0506.90.1090,뼈(기타 동물의 것),Bones (Other),0,0,,0,0,0,0,0,0,0,0,0,0,0,0,0,0,0,0,0,0,0,0,0,0,0,0,0,0,0,0,0,0
251,0506.90.2000,골분,Powder of bones,미양허,0,미양허 (IS 23),5,미양허,0,0,0,0,8,25.6,0,0,0,5.1,0,11.9,13.6,11.9,11.9,15.3,0,0,0,18.7,0,22.4,22.4,미양허,25.6,22.4,미양허,23
252,0506.90.9000,뼈와 혼코어·분(기타),Other bones and powder of bones,0,0,0,0,0,0,0,0,0,0,0,0,0,0,0,0,0,0,0,0,0,0,0,0,0,0,0,0,0,0,0,0,0
253,0507.10.1000,상아(분과 웨이스트),"Ivory of elephant (Powder, waste)",0,0,6.4,0,0,0,0,0,0,0,0,0,0,0,0,0,0,0,0,0,0,0,0,0,1.6,0,0,0,0,0,0,0,0
254,0507.10.9000,기타 아이보리(분과 웨이스트),"Other (Powder, waste)",0,0,6.4,0,0,0,0,0,0,0,0,0,0,0,0,0,0,0,0,0,0,0,0,0,1.6,0,0,0,0,0,0,0,0
255,0507.90.1110,녹용(전지),Young antlers (In whole),미양허,미양허,미양허,16,미양허,1.2,0,0,0,6.2,NS,20,20,16,20,,미양허,미양허,미양허,미양허,미양허,1.2,0,미양허,20,16,,,미양허,,미양허,미양허,20
256,0507.90.1190,녹용(기타),Young antlers (Other),미양허,미양허,미양허,16,미양허,1.2,0,0,0,6.2,NS,20,20,16,20,4,미양허,미양허,미양허,미양허,미양허,1.2,0,미양허,20,10.6,미양허,15,미양허,15,미양허,미양허,20
257,0507.90.1200,녹각,Antlers,미양허,미양허,미양허,16,미양허,1.2,0,0,0,6.2,NS,4,20,16,20,20,미양허,미양허,미양허,미양허,미양허,1.2,0,미양허,20,10.6,미양허,15,미양허,15,미양허,미양허,20
258,0507.90.2010,귀갑과 귀판,Tortoise shells and plates,0,0,6.4,0,0,0,0,0,0,0,0,0,0,0,0,0,0,0,0,0,0,0,0,0,1.6,0,0,0,0,0,0,0,0
259,0507.90.2090,동물의 부리 털 발굽 기타 ,Other,0,0,6.4,0,0,0,0,0,0,0,0,0,0,0,0,0,0,0,0,0,0,0,0,0,1.6,0,0,0,0,0,0,0,0
260,0510.00.3000,사향,Musk,0,0,6.4,0,0,0,0,0,0,0,0,0,1,0,0,1.6,2.6,3.3,2.6,2.6,4,0,0,0,1.6,0,4,4,4,4,4,0,0
261,0510.00.4000,우황,Ox bezoar,0,0,6.4,0,0,0,0,0,0,0,0,0,0,0,0,0,2.6,3.3,2.6,2.6,4,0,0,0,1.6,0,0,0,0,0,0,0,0
262,0510.00.9000,동물성 생산품 기타 ,Other animal products,0,0,6.4,0,0,0,0,0,0,0,,0,0,0,0,0,,,,,,0,0,0,1.6,0,0,0,0,0,0,0,0
263,0511.10.0000,정액(소),Bovine semen,0,0,0,0,0,0,0,0,0,0,0,0,0,0,0,0,0,0,0,0,0,0,0,0,0,0,0,0,0,0,0,0,0
264,0511.99.1000,동물의 피,Animal blood,0,0,6.4,0,4,0,0,0,0,0,0,0,0,0,0,0,0,0,0,0,0,0,0,0,1.6,0,4,4,4,4,4,0,0
265,0511.99.2010,정액(돼지),Swine semen,0,0,0(CH 미양허),0,0,0,0,0,0,0,0,0,0,0,0,0,0,0,0,0,0,0,0,0,0,0,0,0,0,0,0,0,0
266,0511.99.2090,정액(기타 동물),Other animal semen,0,0,0,0,0,0,0,0,0,0,0,0,0,0,0,0,0,0,0,0,0,0,0,0,0,0,0,0,0,0,0,0,0
267,0511.99.3010,수정란(소의 것),Embryos of bovine,0,0,0(CH 미양허),0,0,0,0,0,0,0,0,0,2.4,0,0,3.6,0,0,0,0,0,0,0,0,0,0,9,9,9,9,9,0,0
268,0511.99.3020,수정란(돼지의 것),Embryos of swine,0,0,0(CH 미양허),0,0,0,0,0,0,0,0,0,2.4,0,0,3.6,0,0,0,0,0,0,0,0,0,0,9,9,9,9,9,0,0
269,0511.99.3090,수정란(기타),Other embryos,0,0,0,0,0,0,0,0,0,0,0,0,0,0,0,0,0,0,0,0,0,0,0,0,0,0,0,0,0,0,0,0,0
270,0511.99.4000,동물의 건과 근,sinews and tendons,0,0,미양허(IS 16.2),0,9,0,0,0,0,0,18,0,2.4,0,3.6,3.6,6,7.5,6,6,9,0,0,0,10.8,0,9,9,9,9,9,0,16.2
271,0511.99.5030,정돈한 말의 털,Horsehair (Dressed),0,0,0,0,0,0,0,0,0,0,0,0,0,0,0,0,0,0,0,0,0,0,0,0,0,0,0,0,0,0,0,0,0
272,0511.99.5090,마모 기타,Horsehair (Other),0,0,0,0,0,0,0,0,0,0,0,0,0,0,0,0,0,0,0,0,0,0,0,0,0,0,0,0,0,0,0,0,0
273,0511.99.9010,잠종,Silkworm eggs,미양허,0,미양허(IS 16.2),0,0,0,0,0,0,0,0,0,0,0,3.6,0,6,7.5,6,6,9,0,0,0,10.8,0,9,9,9,9,9,0,0
274,0511.99.9020,누에번데기,Chrysalis of silk worm,0,0,6.4(CH 미양허),0,0,0,0,0,0,0,0,0,0,0,0,0,0,0,0,0,0,0,0,0,1.6,0,4,4,4,4,4,0,0
275,0511.99.9030,동물의 사체(제3류 물품의 사체를 제외),Dead animals (Other than Chapter 3),0,0,6.4(CH 미양허),0,0,0,0,0,0,0,0,0,0,0,0,0,0,0,0,0,0,0,0,0,1.6,0,0,0,0,0,0,0,0
276,0511.99.9040,원피의 페어링 및 이와 유사한 웨이스트,Paring and similar waste of rawhide or skins,0,0,6.4(CH 미양허),0,0,0,0,0,0,0,0,0,0,0,0,0,0,0,0,0,0,0,0,0,1.6,0,4,4,4,4,4,0,0
277,0511.99.9090,동물의 사체(기타/비식용),Other,0,0,6.4(CH 미양허),0,0,0,0,0,0,0,0,0,0,0,0,0,0,0,0,0,0,0,0,0,1.6,0,0,0,4,4,0,0,0
278,0601.10.1000,튤립(휴면상태의 것),Tulips (Dormant),0,0,6.4(CH 미양허),0,4,0,0,0,0,0,0,0,0,0,3.2,0,2.6,3.3,2.6,2.6,4,0,0,0,3.4,0,5.3,5.3,미양허,5.3,5.3,0,0
279,0601.10.2000,백합(휴면상태의 것),Lilies (Dormant),0,0,6.4(CH 미양허),0,4,0,0,0,0,0,0,0,0,0,1.6,0,1.3,1.6,1.3,1.3,2,0,0,0,1.7,0,2.7,2.7,미양허,2.7,2.7,0,0
280,0601.10.4000,히아신스(휴면상태의 것),Hyacinthus (Dormant),0,0,6.4(CH 미양허),0,4,0,0,0,0,0,0,0,0,0,3.2,0,2.6,3.3,2.6,2.6,4,0,0,0,3.4,0,5.3,5.3,미양허,5.3,5.3,0,0
281,0601.10.5000,글라디올러스(휴면상태의 것),Gladiolus (Dormant),0,0,6.4(CH 미양허),0,4,0,0,0,0,0,NS,0,0,0,8,0,0,0,0,0,0,0,0,0,1.6,0,5.3,5.3,미양허,미양허,5.3,0,0
282,0601.10.6000,아이리스(휴면상태의 것),Iris (Dormant),0,0,6.4(CH 미양허),0,4,0,0,0,0,0,0,0,0,0,3.2,0,2.6,3.3,2.6,2.6,4,0,0,0,5.3,0,5.3,5.3,미양허,5.3,5.3,0,0
283,0601.10.7000,프리지어(휴면상태의 것),Freesias (Dormant),0,0,6.4(CH 미양허),0,4,0,0,0,0,0,0,0,0,0,3.2,0,2.6,3.3,2.6,2.6,4,0,0,0,5.3,0,5.3,5.3,미양허,5.3,5.3,0,0
284,0601.10.8000,수선화(휴면상태의 것),Narcissus (Dormant),0,0,6.4(CH 미양허),0,4,0,0,0,0,0,0,0,0,0,3.2,0,0,0,0,0,0,0,0,0,1.6,0,5.3,5.3,미양허,5.3,5.3,0,0
285,0601.10.9000,"인경, 괴경, 괴근 기타(휴면상태의 것)",Other (Dormant),0,0,6.4(CH 미양허),0,4,0,0,0,0,0,0,0,0,0,,0,,,,,,0,0,0,,0,,,,,,0,0
286,0601.20.1000,튤립(경엽 성장의 것),Tulips (In growth or in flower),0,0,6.4(CH 미양허),0,4,0,0,0,0,0,0,0,0,0,3.2,0,2.6,3.3,2.6,2.6,4,0,0,0,5.3,0,5.3,5.3,미양허,5.3,5.3,0,0
287,0601.20.2000,백합(경엽 성장의 것),Lilies (In growth or in flower),0,0,6.4(CH 미양허),0,4,0,0,0,0,0,0,0,0,0,3.2,0,1.6,2.4,1.6,1.6,3.2,0,0,0,4.8,0,5.3,5.3,미양허,5.3,5.3,0,0
288,0601.20.7000,아이리스(경엽 성장의 것),Iris (In growth or in flower),0,0,6.4(CH 미양허),0,4,0,0,0,0,0,0,0,0,0,3.2,0,2.6,3.3,2.6,2.6,4,0,0,0,5.3,0,5.3,5.3,5.3,5.3,5.3,0,0
289,0601.20.8000,프리지어(경엽 성장의 것),Freesias (In growth or in flower),0,0,6.4(CH 미양허),0,4,0,0,0,0,0,0,0,0,0,3.2,0,2.6,3.3,2.6,2.6,4,0,0,0,5.3,0,5.3,5.3,5.3,5.3,5.3,0,0
290,0601.20.9010,수선화(경엽 성장의 것),Narcissus (In growth or in flower),0,0,6.4(CH 미양허),0,4,0,0,0,0,0,0,0,0,0,3.2,0,0,0,0,0,0,0,0,0,1.6,0,5.3,5.3,5.3,5.3,5.3,0,0
291,0601.20.9090,"인경, 괴경, 괴근 기타(경엽 성장의 것)",Other (In growth or in flower),0,0,6.4(CH 미양허),0,,0,0,0,0,0,,0,0,0,,0,,,,,,0,0,0,,0,,,,,,0,0
292,0602.10.0000,뿌리가 없는 꺾꽂이용 가지와 접붙임용 가지 ,Unrooted cuttings and slips,0,0,6.4(CH 미양허),,4,0,0,0,0,,0,0,,0,,,,,,,,0,0,,,,,,,,,,
293,0602.20.1000,사과나무,Apple trees,0,0,미양허(IS 16.2),0,9,0,0,0,0,0,0,0,0,0,3.6,0,0,0,0,0,0,0,0,0,0,0,9,9,9,9,9,0,0
294,0602.20.2000,배나무,Pear trees,0,0,미양허(IS 16.2),0,9,0,0,0,0,0,18,0,0,0,3.6,0,0,0,0,0,0,0,0,0,0,0,9,9,9,9,9,0,0
295,0602.20.3000,복숭아나무,Peach trees,0,0,미양허(IS 16.2),0,9,0,0,0,0,0,0,0,0,0,3.6,0,0,0,0,0,0,0,0,0,0,0,9,9,9,9,9,0,0
296,0602.20.4000,포도나무,Grape vines,0,0,6.4(CH 미양허),0,0,0,0,0,0,0,0,0,0,0,0,0,0,0,0,0,0,0,0,0,0,0,0,0,0,0,0,0,0
297,0602.20.6000,귤나무,Citrus trees,0,0,미양허(IS 16.2),0,9,0,0,0,0,0,0,0,0,0,7.2,0,0,0,0,0,0,0,0,0,0,0,12,12,미양허,12,12,0,0
298,0602.20.9000,과수·유실수(기타),Other fruit trees,0,0,6.4(CH 미양허),0,0,0,0,0,0,,,0,,0,,,,,,,,0,0,0,,0,,,,,,0,
299,0602.30.0000,진달래 속의 식물 및 철쭉(접목 여부 불문),Rhododendrons and azaleas (Grafted or not),0,0,6.4(CH 미양허),0,0,0,0,0,0,0,0,0,0,0,0,0,1.6,2.4,1.6,1.6,3.2,0,0,0,4.8,0,4,4,4,4,4,0,6.4
300,0602.40.0000,장미(접목 여부 불문),Roses (Grafted or not),0,0,6.4(CH 미양허),0,0,0,0,0,0,0,0,0,0,0,8,0,3.7,4.2,3.7,3.7,4.8,0,0,0,4.8,0,7.5,7.5,미양허,미양허,7.5,0,0
301,0602.90.1010,난초,Orchids or orchises,0,0,6.4(CH 미양허),0,4,0,0,0,0,0,0,0,0,0,8,0,2.6,3.3,2.6,2.6,4,0,0,0,1.6,0,7.5,7.5,미양허,미양허,7.5,0,0
302,0602.90.1020,카네이션,Carnations,0,0,6.4(CH 미양허),0,4,0,0,0,0,0,0,0,0,0,8,0,4,4.5,4,4,5,0,0,0,5.3,0,7.5,7.5,미양허,미양허,7.5,0,0
303,0602.90.1030,구즈마니아,Guzmania,0,0,6.4(CH 미양허),0,4,0,0,0,0,0,5.6,0,0,0,8,0,0,0,0,0,0,0,0,0,1.6,0,7.5,7.5,미양허,미양허,7.5,0,0
304,0602.90.1040,안개초,Gypsophilas,0,0,6.4(CH 미양허),0,4,0,0,0,0,0,0,0,0,0,8,0,4,4.5,4,4,5,0,0,0,5.3,0,5.3,5.3,미양허,미양허,5.3,0,0
305,0602.90.1050,국화,Chrysanthemums,0,0,6.4(CH 미양허),0,4,0,0,0,0,0,5.6,0,0,0,8,0,4,4.5,4,4,5,0,0,0,5.3,0,7.5,7.5,미양허,미양허,7.5,0,0
306,0602.90.1060,선인장류,Cactus,0,0,6.4(CH 미양허),0,4,0,0,0,0,0,0,0,0,0,8,0,2.6,3.3,2.6,2.6,4,0,0,0,1.6,0,7.5,7.5,미양허,미양허,7.5,0,0
307,0602.90.1090,화훼류 기타 ,Other flowering plants,0,0,6.4(CH 미양허),5,4,0,0,0,0,0,NS,0,0,0,8,0,1.6,2.4,1.6,1.6,3.2,0,0,미양허,4.8,0,8,8,미양허,미양허,8,미양허,0
308,0602.90.2010,분재용 산림수,Forest plants (For bonsai),0,0,6.4(CH 미양허),0,4,0,0,0,0,0,,0,0,0,0,0,,,,,,0,0,0,4.8,0,,,,,,0,
309,0602.90.2021,단풍나무(조경용),Maple tree (For landscaping),0,0,6.4(CH 미양허),0,4,0,0,0,0,0,0,0,0,0,3.2,0,1.6,2.4,1.6,1.6,3.2,0,0,0,4.8,0,5.3,5.3,미양허,5.3,5.3,0,6.4
310,0602.90.2029,기타 산림수(조경용),Other forest plants (For landscaping),0,0,6.4(CH 미양허),0,4,0,0,0,0,0,,0,0,0,,0,,,,,,0,0,0,4.8,0,,,,,,0,6.4
311,0602.90.2090,기타 산림수,Other Forest plants,0,0,6.4(CH 미양허),0,4,0,0,0,0,0,,0,0,0,,0,,,,,,0,0,0,4.8,0,,,,,,0,6.4
312,0602.90.9010,목단,Peony trees,0,0,6.4(CH 미양허),0,4,0,0,0,0,0,0,0,0,0,3.2,0,2.6,3.3,2.6,2.6,4,0,0,0,4.8,0,5.3,5.3,미양허,5.3,5.3,0,6.4
313,0602.90.9030,뽕나무,Mulberry trees,0,0,미양허(IS 16.2),0,9,0,0,0,0,0,0,0,0,0,3.6,0,6,7.5,6,6,9,0,0,0,3.6,0,9,9,9,9,9,0,0
314,0602.90.9040,버섯의종균,Mushroom spawn,0,0,6.4(CH 미양허),0,4,0,0,0,0,0,0,0,0,0,3.2,0,2.6,3.3,2.6,2.6,4,0,0,0,8,0,5.3,5.3,미양허,5.3,5.3,0,0
315,0602.90.9050,잔디,Lawn grass,0,0,미양허,5,4,0,0,0,0,0,0,0,0,5,8,0,0,0,0,0,0,0,0,미양허,1.6,5,8,8,미양허,미양허,8,미양허,0
316,0602.90.9090,살아있는 식물(기타),Other live plant,0,0,,,4,0,0,0,0,,0,0,0,,,0,,,,,,0,0,,,,,,,,,,
317,0603.11.0000,장미(절화/신선),Roses (Cut/fresh),0,0,미양허,20,미양허,0,0,0,0,0,NS,0,6.9,0,25,8.3,11.6,13.3,11.6,11.6,15,0,0,미양허,15,20,미양허,미양허,미양허,미양허,미양허,미양허,20
318,0603.12.0000,카네이션(절화/신선),Carnations (Cut/fresh),0,0,미양허,20,미양허,0,0,0,0,0,NS,0,6.9,0,25,8.3,11.6,13.3,11.6,11.6,15,0,0,미양허,15,20,미양허,미양허,미양허,미양허,미양허,미양허,20
319,0603.13.1000,심비디움(절화/신선),Cymbidiums (Cut/fresh),0,미양허,미양허,20,미양허,0,0,0,0,0,NS,0,0,0,25,0,11.6,13.3,11.6,11.6,15,0,0,미양허,15,10,미양허,미양허,미양허,미양허,미양허,미양허,20
320,0603.13.2000,팔레놉시스(절화/신선),Phalaenopsis (Cut/fresh),0,0,미양허(IS 22.5),5,미양허,0,0,0,0,0,NS,0,3.3,5,25,0,11.6,13.3,11.6,11.6,15,0,0,미양허,15,5,25,25,미양허,미양허,25,미양허,20
321,0603.13.9000,난(기타/절화/신선),Other (Cut/fresh),0,0,미양허(IS 22.5),5,미양허,0,0,0,0,0,NS,0,3.3,5,25,5,11.6,13.3,11.6,11.6,15,0,0,미양허,18.3,5,25,25,미양허,미양허,25,미양허,20
322,0603.14.0000,국화(절화/신선),Chrysanthemums (Cut/fresh),0,미양허,미양허,20,미양허,0,0,0,0,0,NS,0,3.3,0,25,5,미양허,미양허,미양허,미양허,미양허,0,0,미양허,18.3,20,미양허,미양허,미양허,미양허,미양허,미양허,20
323,0603.15.0000,백합(절화/신선),Lilies (Cut/fresh),0,0,미양허,5,미양허,0,0,0,0,0,NS,0,6.9,5,25,5,12.5,14,12.5,12.5,15.6,0,0,미양허,18.3,5,25,25,미양허,미양허,25,미양허,20
324,0603.19.1000,튤립(절화/신선),Tulips (Cut/fresh),0,0,미양허(IS 22.5),0,미양허,0,0,0,0,0,NS,0,3.3,0,25,5,11.6,13.3,11.6,11.6,15,0,0,0,18.3,0,23.4,23.4,미양허,미양허,23.4,0,20
325,0603.19.9000,절화(기타/신선),Other (Cut/fresh),0,0,미양허(IS 22.5),,미양허,0,0,0,0,0,NS,0,,,25,5,,,,,,0,0,,18.3,,,,미양허,미양허,,,20
326,0603.90.0000,절화와 꽃(기타/신선 이외),Other,0,0,미양허(IS 22.5),5,미양허,0,0,0,0,0,NS,0,0,5,25,8.3,12.5,14,12.5,12.5,15.6,0,0,미양허,15,5,25,25,미양허,미양허,25,미양허,20
327,0604.20.1000,이끼와 지의(신선),Mosses and lichens (Fresh),0,0,6.4(CH 미양허),0,0,0,0,0,0,0,8,0,0,0,0,0,4,4.5,4,4,5,0,0,0,4.8,0,4,4,4,4,4,0,6.4
328,0604.20.2000,식물의 잎,Foliage of plants (Fresh),0,미양허,6.4(CH 미양허),0,4,0,0,0,0,0,8,0,0,0,,0,,,,,,0,0,0,4.8,0,,,,,,0,6.4
329,0604.20.9000,식물의 가지 및 기타 부분(기타/신선),Other leaves (Fresh),0,0,6.4(CH 미양허),0,4,0,0,0,0,0,0,0,0,0,3.2,0,0,0,0,0,0,0,0,0,1.6,0,5.3,5.3,5.3,5.3,5.3,0,6.4
330,0604.90.1000,이끼와 지의(신선이외),Other (Mosses and lichens),0,0,6.4(CH 미양허),0,0,0,0,0,0,0,8,0,0,0,3.2,0,4,4.5,4,4,5,0,0,0,4.8,0,5.3,5.3,5.3,5.3,5.3,0,6.4
331,0604.90.9000,이끼와 지의 이외(신선이외),Other (Other),0,0,6.4(CH 미양허),0,4,0,0,0,0,0,0,0,0,0,3.2,0,0,4.2,3.7,3.7,4.8,0,0,0,1.6,0,5.3,5.3,미양허,5.3,5.3,0,6.4
332,0701.10.0000,감자(종자용),Potatoes (For seed),미양허,미양허,미양허,243.2,미양허,0,0,304,0,304,304,0,0,243.2,304,0,미양허,미양허,미양허,미양허,미양허,0,0,243.2,304,243.2,미양허,미양허,미양허,미양허,미양허,미양허,304
333,0701.90.0000,감자(기타),Potatoes (Other),미양허,미양허,미양허,243.2,미양허,304,304,304,,304,304,,,243.2,304,,미양허,미양허,미양허,미양허,미양허,304,304,미양허,304,243.2,미양허,미양허,미양허,미양허,미양허,미양허,304
334,0702.00.1000,방울토마토(신선/냉장),Cherry tomatoes (Fresh or chilled),0,미양허,미양허,5,미양허,0,0,0,0,0,45,0,0,5,45,45,22.5,25.3,22.5,22.5,28.1,0,0,미양허,19.2,5,미양허,미양허,미양허,미양허,미양허,미양허,36
335,0702.00.9000,기타 토마토(신선/냉장),Other tomatoes (Fresh or chilled),0,미양허,미양허,5,미양허,0,0,0,0,0,45,0,0,5,45,45,22.5,25.3,22.5,22.5,28.1,0,0,미양허,19.2,5,미양허,미양허,미양허,미양허,미양허,미양허,36
336,0703.10.1010,양파(신선/냉장/탈피) ,Onions (Fresh or chilled/peeled),미양허,미양허,미양허,미양허,미양허,135% or 180원/kg,135% or 180원/kg,135% or 180원/kg,"9% or 12원/kg/135(5,808M/T) ASG",135% or 180원/kg,135% or 180원/kg,135% or 180원/kg,135.0% or 180원/kg,135% or 180원/kg,135% or 180원/kg,135% or 180원/kg,미양허,미양허,미양허,미양허,미양허,135% or 180원/kg ,135% or 180원/kg ,미양허,"135% 또는 180원/kg, 양자 중 고액(율)",135% or 180원/kg,미양허,미양허,미양허,미양허,미양허,미양허,"135.0% 또는 180원/kg, 양자 중 고액(율)"
337,0703.10.1090,기타 양파(신선/냉장),Other onions (Fresh or chilled),미양허,미양허,미양허,미양허,미양허,135% or 180원/kg,135% or 180원/kg,135% or 180원/kg,"9% or 12원/kg/135(5,808M/T) ASG",135% or 180원/kg,135% or 180원/kg,135% or 180원/kg,135.0% or 180원/kg,135% or 180원/kg,135% or 180원/kg,135% or 180원/kg,미양허,미양허,미양허,미양허,미양허,135% or 180원/kg ,135% or 180원/kg ,미양허,"135% 또는 180원/kg, 양자 중 고액(율)",135% or 180원/kg,미양허,미양허,미양허,미양허,미양허,미양허,"135.0% 또는 180원/kg, 양자 중 고액(율)"
338,0703.10.3000,샬롯(신선/냉장),Shallots (Fresh or chilled),0,미양허,미양허(IS 24.3),0,미양허,0,0,0,0,0,27,0,27,0,27,27,미양허,미양허,미양허,5.4,미양허,0,0,0,27,0,미양허,미양허,미양허,미양허,미양허,0,21.6
339,0703.20.1000,마늘(신선/냉장/탈피),Garlic (Fresh or chilled/peeled),미양허,미양허,미양허,미양허,미양허,"360% or 1,800원/kg","360% or 1,800원/kg","360% or 1,800원/kg","24% or 120원/kg/360(2,297M/T) ASG","360% or 1,800원/kg","360% or 1,800원/kg","360% or 1,800원/kg","360.0% or 1,800원/kg","360% or 1,800원/kg","360% or 1,800원/kg","360% or 1,800원/kg",미양허,미양허,미양허,미양허,미양허,"360% or 1,800원/kg ","360% or 1,800원/kg ",미양허,"360% 또는 1,800원/kg, 양자 중 고액(율)","360% or 1,800원/kg",미양허,미양허,미양허,미양허,미양허,미양허,"360.0% 또는 1,800원/kg, 양자 중 고액(율)"
340,0703.20.9000,마늘(신선/냉장/기타),Garlic (Fresh or chilled/other),미양허,미양허,미양허,미양허,미양허,"360% or 1,800원/kg","360% or 1,800원/kg","360% or 1,800원/kg","24% or 120원/kg/360(2,297M/T) ASG","360% or 1,800원/kg","360% or 1,800원/kg","360% or 1,800원/kg","360.0% or 1,800원/kg","360% or 1,800원/kg","360% or 1,800원/kg","360% or 1,800원/kg",미양허,미양허,미양허,미양허,미양허,"360% or 1,800원/kg ","360% or 1,800원/kg ",미양허,"360% 또는 1,800원/kg, 양자 중 고액(율)","360% or 1,800원/kg",미양허,미양허,미양허,미양허,미양허,미양허,"360.0% 또는 1,800원/kg, 양자 중 고액(율)"
341,0703.90.1000,리크(신선/냉장),Leeks (Fresh or chilled),0,0,미양허(IS 24.3),0,미양허,0,0,0,0,0,27,0,0,0,27,0,12.6,14.4,12.6,12.6,16.2,0,0,0,27,0,25.3,25.3,미양허,미양허,25.3,0,21.6
342,0703.90.2000,대파(신선/냉장),Welsh onions (Fresh or chilled),0,미양허,미양허,0,미양허,0,0,0,0,0,27,0,3.6,0,27,0,9,11.2,9,9,13.5,0,0,0,27,0,25.3,25.3,미양허,미양허,25.3,0,21.6
343,0703.90.3000,쪽파(신선/냉장),Green onions (Fresh or chilled),0,미양허,미양허,0,미양허,0,0,0,0,0,27,0,3.6,0,27,0,9,11.2,9,9,13.5,0,0,0,27,0,25.3,25.3,미양허,미양허,25.3,0,21.6
344,0703.90.9000,기타 파속 채소(신선/냉장),Other alliaceous vegetables (Fresh or chilled),0,미양허,미양허,0,미양허,0,0,0,0,0,27,0,3.6,0,27,0,9,11.2,9,9,13.5,0,0,0,27,0,25.3,25.3,미양허,미양허,25.3,0,21.6
345,0704.10.0000,꽃양배추·브로콜리(신선/냉장),Cauliflowers and broccoli (Fresh or chilled),0,0,미양허(IS 24.3),,,0,0,0,0,0,,0,,,27,,5.4,,,5.4,,0,0,,27,,,,미양허,미양허,,,21.6
346,0704.20.0000,방울다다기양배추(신선/냉장),Brussels sprouts (Fresh or chilled),0,0,미양허(IS 24.3),5,미양허,0,0,0,0,0,27,0,0,5,27,0,5.4,미양허,미양허,미양허,미양허,0,0,미양허,27,5,27,27,미양허,미양허,27,미양허,27
347,0704.90.1000,양배추(신선/냉장),Cabbages (Fresh or chilled),0,미양허,미양허(IS 24.3),0,미양허,0,0,0,0,0,27,0,0,0,27,0,5.4,미양허,미양허,5.4,미양허,0,0,0,27,0,25.3,25.3,미양허,미양허,25.3,0,21.6
348,0704.90.2000,배추(신선/냉장),Chinese cabbages (Fresh or chilled),0,0,미양허(IS 24.3),0,미양허,0,0,0,0,0,27,0,0,0,27,0,미양허,미양허,미양허,5.4,미양허,0,0,0,27,0,25.3,25.3,미양허,미양허,25.3,0,21.6
349,0704.90.9000,배추(기타/신선/냉장),Other (Fresh or chilled),0,0,미양허(IS 24.3),0,13.5,0,0,0,0,0,0,0,0,0,27,0,5.4,미양허,미양허,5.4,미양허,0,0,0,27,0,25.3,25.3,미양허,미양허,25.3,0,21.6
350,0705.11.0000,상추(결구/신선/냉장),Cabbage lettuce (Head lettuce/fresh or chilled),0,0,미양허,0,미양허,0,0,0,0,0,45,0,12.5,0,45,15,미양허,미양허,미양허,9,미양허,0,0,0,45,0,미양허,미양허,미양허,미양허,미양허,0,45
351,0705.19.0000,상추(기타/신선/냉장),Other lettuce (Fresh or chilled),0,미양허,미양허,0,미양허,0,0,0,0,0,45,0,12.5,0,45,15,21,24,21,9,27,0,0,0,45,0,미양허,미양허,미양허,미양허,미양허,0,45
352,0705.21.0000,위트루우프치커리(신선/냉장),Witloof chicory (Cichorium intybus var. foliosum/fresh or chilled),미양허,0,6.4,0,0,0,0,0,0,0,0,0,0,0,3.2,0,1.6,2.4,1.6,1.6,3.2,0,0,0,8,0,5.3,5.3,5.3,5.3,5.3,0,6.4
353,0705.29.0000,치커리(기타/신선/냉장),Other chicory (Fresh or chilled),0,0,6.4,0,0,0,0,0,0,0,0,0,0,0,3.2,0,2.6,3.3,2.6,2.6,4,0,0,0,8,0,5.3,5.3,5.3,5.3,5.3,0,6.4
354,0706.10.1000,당근(신선/냉장),Carrots (Fresh or chilled),0,미양허,미양허,0,미양허,0,0,0,0,0,NS,0,0,0,30% or 134원/kg,30% or 134원/kg,0,"16% 또는 71원/Kg, 양자 중 고액(율)","14% 또는 62원/Kg, 양자 중 고액(율)",0,"18% 또는 80원/Kg, 양자 중 고액(율)",0,0,0,"12.8% 또는 57원/kg, 양자 중 고액(율)",0,미양허,미양허,미양허,미양허,미양허,0,"24.0% 또는 107원/kg, 양자 중 고액(율)"
355,0706.10.2000,순무(신선/냉장),Turnips (Fresh or chilled),0,0,미양허(IS 24.3),0,13.5,0,0,0,0,0,0,0,0,0,27,0,미양허,미양허,미양허,5.4,미양허,0,0,0,27,0,25.3,25.3,미양허,미양허,25.3,0,21.6
356,0706.90.1000,무(신선/냉장),Radishes (Fresh or chilled),0,0,미양허,0,미양허,0,0,0,0,0,NS,0,4,0,30,6,6,16,14,6,18,0,0,0,30,0,28.1,28.1,미양허,미양허,28.1,0,30
357,0706.90.2000,고추냉이와 겨자무(신선/냉장),Wasabi and Horseradishes (Fresh or chilled),0,0,미양허(IS 24.3),0,미양허,0,0,0,0,0,27,0,0,0,10.8,0,9,11.2,9,9,13.5,0,0,0,27,0,18,18,미양허,18,18,0,0
358,0706.90.3000,더덕(신선/냉장),Codonopsis (Fresh or chilled),0,0,미양허(IS 24.3),0,미양허,0,0,0,0,8.4,27,0,27,0,27,27,미양허,미양허,미양허,미양허,미양허,0,0,0,27,0,미양허,미양허,미양허,미양허,미양허,0,27
359,0706.90.4000,도라지(신선/냉장),Platycodon grandiflorum (Fresh or chilled),0,0,미양허(IS 24.3),0,미양허,0,0,0,0,8.4,27,0,27,0,10.8,27,미양허,미양허,미양허,미양허,미양허,0,0,0,27,0,미양허,미양허,미양허,미양허,미양허,0,27
360,0706.90.9000,기타 식용뿌리(신선/냉장),Other edible roots (Fresh or chilled),0,0,미양허(IS 24.3),0,미양허,0,0,0,0,0,27,0,3.6,0,27,5.4,12.6,14.4,12.6,0,16.2,0,0,0,27,0,25.3,25.3,미양허,미양허,25.3,0,21.6
361,0707.00.0000,오이류(신선/냉장),Cucumbers and gherkins (Fresh or chilled),0,미양허,미양허,0,미양허,0,0,0,0,0,27,0,3.6,0,27,5.4,13.5,15.1,13.5,13.5,16.8,0,0,0,27,0,25.3,25.3,미양허,미양허,25.3,0,27
362,0708.10.0000,완두(신선/냉장),Peas (Pisum sativum/fresh or chilled),0,0,미양허(IS 24.3),0,미양허,0,0,0,0,0,27,0,0,0,27,0,12.6,14.4,12.6,12.6,16.2,0,0,0,16.2,0,25.3,25.3,미양허,미양허,25.3,0,21.6
363,0708.20.0000,콩(신선/냉장),"Beans (Vigna spp., Phaseolus spp./fresh or chilled)",0,0,미양허(IS 24.3),0,미양허,0,0,0,0,0,27,0,0,0,27,0,12.6,14.4,12.6,0,16.2,0,0,0,16.2,0,25.3,25.3,미양허,미양허,25.3,0,0
364,0708.90.0000,기타 채두류(신선/냉장),Other leguminous vegetables (Fresh or chilled),미양허,0,미양허(IS 24.3),0,13.5,0,0,0,0,8.4,27,0,0,0,5.4,0,13.5,15.1,13.5,13.5,16.8,0,0,0,27,0,13.5,13.5,13.5,13.5,13.5,0,21.6
365,0709.20.0000,아스파라거스(신선/냉장),Asparagus (Fresh or chilled),0,미양허,미양허(IS 24.3),5,미양허,0,0,0,0,0,27,0,0,5,27,0,미양허,미양허,미양허,미양허,미양허,0,0,미양허,27,5,27,27,미양허,미양허,27,미양허,27
366,0709.30.0000,가지(에그플랜트)(신선/냉장),Aubergines (Egg-plants/fresh or chilled),미양허,0,미양허(IS 24.3),0,미양허,0,0,0,0,0,27,0,0,0,27,0,5.4,8.1,5.4,5.4,10.8,0,0,0,18,0,25.3,25.3,미양허,미양허,25.3,0,21.6
367,0709.40.0000,셀러리<미나리과의속>(셀러리액은 제외),Celery (Other than celeriac/fresh or chilled),0,0,미양허(IS 24.3),0,미양허,0,0,0,0,0,27,0,0,0,10.8,0,12.6,14.4,12.6,5.4,16.2,0,0,0,27,0,18,18,미양허,18,18,0,21.6
368,0709.51.7000,양송이 버섯(신선/냉장),Cultivated mushrooms (Agaricus bisporus/fresh or chilled),0,미양허,미양허,5,미양허,0,0,0,0,0,NS,0,4,0,30,6,10,12.5,10,10,15,0,0,미양허,18,0,30,30,미양허,미양허,30,미양허,24
369,0709.51.9000,"기타(아가리쿠스속의 버섯, 신선/냉장)",Other (Of the genus Agaricus/fresh or chilled),0,미양허,미양허,0,미양허,0,0,0,0,0,NS,0,4,0,30,6,10,12.5,10,10,15,0,0,0,18,0,28.1,28.1,미양허,미양허,28.1,0,27
370,0709.52.0000,볼레투스(Boletus)속의 버섯(신선/냉장),Mushrooms of the genus Boletus (Fresh or chilled),0,0,미양허,0,미양허,0,0,0,0,0,NS,0,8.3,0,12,10,10,12.5,10,10,15,0,0,0,18,0,20,20,미양허,20,20,0,27
371,0709.53.0000,칸타렐루스(Cantharellus)속의 버섯(신선/냉장),Mushrooms of the genus Cantharellus (Fresh or chilled),0,0,미양허,0,미양허,0,0,0,0,0,NS,0,8.3,0,12,10,10,12.5,10,10,15,0,0,0,18,0,20,20,미양허,20,20,0,27
372,0709.54.0000,표고버섯(Lentinus edodes)(신선/냉장),Shiitake (Lentinus edodes) (Fresh or chilled),미양허,미양허,미양허,5,미양허,2.8% 또는 101원/kg 양자중 고액(율),0,0,0,"3.3% 또는 135원/kg, 양자중 고액(율)","40% or 1,625원/kg","40% or 1,625원/kg","40.0% or 1,625원/kg",5,"40% or 1,625원/kg","42% or 1,625원/kg",미양허,미양허,미양허,미양허,미양허,2.8% 또는 101원/kg 양자중 고액(율),0,5,"40% 또는 1,625원/kg, 양자 중 고액(율)",5,미양허,미양허,미양허,미양허,미양허,미양허,"40.0% 또는 1,625원/kg, 양자 중 고액(율)"
373,0709.55.0000,"송이버섯/Tricholoma matsutake, Tricholoma magnivelare, Tricholoma anatolicum, Tricholoma dulciolens, Tricholoma caligatum(신선/냉장)","Matsutake/Tricholoma matsutake, Tricholoma magnivelare, Tricholoma anatolicum, Tricholoma dulciolens, Tricholoma caligatum (Fresh or chilled)",0,미양허,미양허,0,미양허,0,0,0,0,9.3,30,30,4,0,30,6,미양허,미양허,미양허,미양허,미양허,0,0,0,30,0,28.1,28.1,미양허,미양허,28.1,0,30
374,0709.56.0000,송로버섯[튜버(Tuber) 속](신선/냉장),Truffles [Tuber spp.] (Fresh or chilled),미양허,미양허,미양허(IS 24.3),0,13.5,0,0,0,0,8.4,27,27,3.6,0,10.8,5.4,미양허,미양허,미양허,미양허,미양허,0,0,0,27,0,18,18,미양허,18,18,0,27
375,0709.59.3000,영지버섯(신선/냉장),Ling chiu mushrooms (Fresh or chilled),0,미양허,미양허,0,미양허,0,0,0,0,0,NS,0,8.3,0,30,10,10,12.5,10,10,15,0,0,0,18,0,28.1,28.1,미양허,미양허,28.1,0,24
376,0709.59.4010,큰느타리버섯(신선/냉장),Oyster mushrooms (King oyster mushrooms/fresh or chilled),0,미양허,미양허,0,미양허,0,0,0,0,0,NS,0,8.3,0,30,10,10,12.5,10,10,15,0,0,0,18,0,28.1,28.1,미양허,미양허,28.1,0,24
377,0709.59.4090,느타리버섯 기타(신선/냉장/큰느타리버섯 이외),Oyster mushrooms (Other/fresh or chilled),0,미양허,미양허,0,미양허,0,0,0,0,0,30,0,8.3,0,30,10,10,12.5,10,10,15,0,0,0,18,0,28.1,28.1,미양허,미양허,28.1,0,24
378,0709.59.5000,팽이버섯(신선/냉장),Winter mushrooms (Fresh or chilled),0,미양허,미양허,0,미양허,0,0,0,0,0,NS,0,8.3,0,30,10,10,12.5,10,10,15,0,0,0,18,0,28.1,28.1,미양허,미양허,28.1,0,24
379,0709.59.9000,기타 버섯(신선/냉장),Other mushrooms (Fresh or chilled),0,0,미양허,0,미양허,0,0,0,0,0,NS,0,8.3,0,12,10,10,12.5,10,10,15,0,0,0,18,0,20,20,미양허,20,20,0,27
380,0709.60.1000,고추류(단고추/벨타입/신선/냉장),Sweet peppers (Bell type/fresh or chilled),미양허,미양허,미양허,미양허,미양허,"270% or 6,210원/kg","270% or 6,210원/kg","270% or 6,210원/kg","18% or 414원/kg/270(1,655M/T) ASG","270% or 6,210원/kg","270% or 6,210원/kg","270% or 6,210원/kg","270.0% or 6,210원/kg","270% or 6,210원/kg","270% or 6,210원/kg","270% or 6,210원/kg",미양허,미양허,미양허,미양허,미양허,"270% or 6,210원/kg ","270% or 6,210원/kg ",미양허,"270% 또는 6,210원/kg, 양자 중 고액(율)","270% or 6,210원/kg",미양허,미양허,미양허,미양허,미양허,미양허,"270.0% 또는 6,210원/kg, 양자 중 고액(율)"
381,0709.60.9000,고추류(기타/신선/냉장)(캡시컴속 또는 피멘타속의 과실),Other (Fruits of the genus Capsicum or Pimenta/fresh or chilled),미양허,미양허,미양허,미양허,미양허,"270% or 6,210원/kg","270% or 6,210원/kg","270% or 6,210원/kg","18% or 414원/kg/270(1,655M/T) ASG","270% or 6,210원/kg","270% or 6,210원/kg","270% or 6,210원/kg","270.0% or 6,210원/kg","270% or 6,210원/kg","270% or 6,210원/kg","270% or 6,210원/kg",미양허,미양허,미양허,미양허,미양허,"270% or 6,210원/kg ","270% or 6,210원/kg ",미양허,"270% 또는 6,210원/kg, 양자 중 고액(율)","270% or 6,210원/kg",미양허,미양허,미양허,미양허,미양허,미양허,"270.0% 또는 6,210원/kg, 양자 중 고액(율)"
382,0709.70.0000,시금치류(신선/냉장),Spinach (Fresh or chilled),미양허,미양허,미양허(IS 24.3),0,미양허,0,0,0,0,0,27,0,0,0,27,0,12.6,14.4,12.6,5.4,16.2,0,0,0,16.2,0,25.3,25.3,미양허,미양허,25.3,0,21.6
383,0709.91.0000,글로브 아티초크(신선/냉장),Globe artichokes (Fresh or chilled),0,0,미양허(IS 24.3),0,13.5,0,0,0,0,0,27,0,3.6,0,5.4,5.4,5.4,8.1,5.4,5.4,10.8,0,0,0,16.2,0,13.5,13.5,13.5,13.5,13.5,0,24.3
384,0709.92.0000,올리브(신선/냉장),Olives (Fresh or chilled),0,미양허,미양허,0,미양허,0,0,0,0,0,27,0,3.6,0,10.8,5.4,9,11.2,9,9,13.5,0,0,0,16.2,0,18,18,미양허,18,18,0,24.3
385,0709.93.0000,호박류-쿠쿠르비타속(신선/냉장),"Pumkins, squash and gourds (Cucurbita spp./fresh or chilled)",0,0,미양허(IS 24.3),5,미양허,0,0,0,0,0,27,0,3.6,5,27,0(12월~5월)/27(6월~11월) SD,13.5,15.1,13.5,13.5,16.8,0,0,미양허,27,5,27,27,미양허,미양허,27,미양허,21.6
386,0709.99.1000,고사리(신선/냉장),Bracken (Fresh or chilled),미양허,미양허,미양허,0,미양허,0,0,0,0,9.3,30,0,4,0,30,6,미양허,미양허,미양허,미양허,미양허,0,0,0,30,0,28.1,28.1,미양허,미양허,28.1,0,30
387,0709.99.2000,고비(신선/냉장),Flowering ferns (Fresh or chilled),미양허,미양허,미양허(IS 24.3),0,미양허,0,0,0,0,8.4,27,0,3.6,0,27,5.4,미양허,미양허,미양허,미양허,미양허,0,0,0,27,0,25.3,25.3,미양허,미양허,25.3,0,27
388,0709.99.3000,깻잎(신선/냉장),Perilla leaves (Fresh or chilled),0,미양허,미양허,0,미양허,0,0,0,0,0,27,0,3.6,0,27,5.4,13.5,15.1,5.4,13.5,16.8,0,0,0,16.2,0,27,27,미양허,미양허,27,0,21.6
389,0709.99.9000,기타(신선/냉장),Other vegetables (Fresh or chilled),0,0,,,미양허,0,0,0,0,0,27,0,3.6,,27,,13.5,15.1,5.4,13.5,16.8,0,0,,16.2,,27,27,미양허,미양허,27,,21.6
390,0710.10.0000,감자(냉동),Potatoes (Frozen),0,0,미양허(IS 24.3),0,미양허,0,0,0,0,0,27,0,3.6,0,27,5.4,9,11.2,9,9,13.5,0,0,0,16.2,0,25.3,25.3,미양허,미양허,25.3,0,21.6
391,0710.21.0000,완두(냉동/피섬새티범),Peas (Frozen),0,0,미양허(IS 24.3),0,미양허,0,0,0,0,0,27,0,3.6,0,10.8,5.4,12.6,14.4,12.6,12.6,16.2,0,0,0,11.5,0,18,18,미양허,18,18,0,21.6
392,0710.22.0000,"콩(냉동/비그나속, 파세러스속)",Beans (Frozen),0,0,미양허(IS 24.3),0,미양허,0,0,0,0,0,27,0,3.6,0,27,5.4,12.6,14.4,12.6,12.6,16.2,0,0,0,11.5,0,25.3,25.3,미양허,미양허,25.3,0,21.6
393,0710.29.0000,기타 채두류(냉동),Other leguminous vegetables (Frozen),0,0,미양허(IS 24.3),0,미양허,0,0,0,0,0,27,0,3.6,0,10.8,5.4,0,0,0,0,3.8,0,0,0,11.5,0,18,18,미양허,18,18,0,21.6
394,0710.30.0000,시금치류(냉동),Spinach (Frozen),0,0,미양허(IS 24.3),0,미양허,0,0,0,0,0,27,0,3.6,0,27,5.4,5.4,8.1,5.4,5.4,10.8,0,0,0,16.2,0,25.3,25.3,미양허,미양허,25.3,0,0
395,0710.40.0000,스위트콘(냉동),Sweet corn (Frozen),0,0,27,0,미양허,0,0,0,0,0,NS,0,4,0,12,6,10,12.5,10,10,15,0,0,0,12.8,0,20,20,미양허,20,20,0,24
396,0710.80.1000,양파(냉동),Onions (Frozen),0,0,미양허(IS 24.3),5,미양허,0,0,0,0,8.4,27,0,3.6,5,27,5.4,미양허,미양허,미양허,미양허,미양허,0,0,미양허,27,5,27,27,미양허,미양허,27,미양허,27
397,0710.80.2000,마늘(냉동),Garlic (Frozen),미양허,0,미양허(IS 24.3),미양허,미양허,1.6,0,0,0,0,27,0,7.5,0,27,9,미양허,미양허,미양허,미양허,미양허,1.6,0,미양허,27,27,미양허,미양허,미양허,미양허,미양허,미양허,27
398,0710.80.4000,당근(냉동),Carrots (Frozen),0,0,미양허(IS 24.3),0,미양허,0,0,0,0,0,27,0,0,0,27,0,5.4,8.1,5.4,5.4,10.8,0,0,0,27,0,25.3,25.3,미양허,미양허,25.3,0,21.6
399,0710.80.5000,고사리(냉동),Bracken (Frozen),0,미양허,미양허,0,미양허,0,0,0,0,9.3,30,0,4,0,30,6,미양허,미양허,미양허,미양허,미양허,0,0,0,30,0,28.1,28.1,미양허,미양허,28.1,0,30
400,0710.80.6000,송이버섯(냉동),Pine mushrooms (Frozen),0,미양허,미양허(IS 24.3),0,미양허,0,0,0,0,8.4,27,27,7.5,0,24.3,5.4,미양허,미양허,미양허,미양허,미양허,0,0,0,27,0,미양허,미양허,미양허,미양허,미양허,0,27
401,0710.80.7000,고추류(냉동)(캡시컴속 또는 피멘타속의 과실),Fruits of the genus Capsicum or of the genus Pimenta (Frozen),미양허,0,미양허(IS 24.3),미양허,미양허,1.6,0,0,0,27,27,0,27,27,27,27,미양허,미양허,미양허,미양허,미양허,1.6,0,미양허,27,27,미양허,미양허,미양허,미양허,미양허,미양허,27
402,0710.80.8010,"취(참취, 개미취, 곰취, 미역취)","Aster (Aster Scaber Thunb., Aster Tataricus L. f., Ligularia Fischeri (Ledeb.) Turcz., Solidago Virgaurea Subsp. Asiatica Kitam. ex Hara var. Asiatica)",0,미양허,미양허,0,미양허,0,0,0,0,0,27,0,3.6,0,27,5.4,0,0,0,0,3.8,0,0,0,19.8,0,25.3,25.3,미양허,미양허,25.3,0,21.6
403,0710.80.8020,고려엉겅퀴(곤드레),Korean thistle (Cirsium Setidens (Dunn) Nakai),0,미양허,미양허,0,미양허,0,0,0,0,0,27,0,3.6,0,27,5.4,0,0,0,0,3.8,0,0,0,19.8,0,25.3,25.3,미양허,미양허,25.3,0,21.6
404,0710.80.9010,대파(냉동),Welsh onions (Frozen),0,미양허,미양허,0,미양허,0,0,0,0,0,27,0,3.6,0,27,5.4,5.4,0,5.4,5.4,10.8,0,0,0,27,0,25.3,25.3,미양허,미양허,25.3,0,21.6
405,0710.80.9090,기타 채소(냉동),Other (Frozen),0,미양허,,0,미양허,0,0,0,0,,27,,3.6,0,27,5.4,,,,,,0,0,0,27,0,25.3,25.3,미양허,미양허,25.3,0,
406,0710.90.0000,채소류의 혼합물(냉동),Mixtures of vegetables (Frozen),0,미양허,미양허,0,미양허,0,0,0,0,0,27,0,7.5,0,27,5.4,13.5,15.1,13.5,13.5,16.8,0,0,0,27,0,25.3,25.3,미양허,미양허,25.3,0,21.6
407,0711.20.0000,올리브(일시저장처리),Olives (Provisionally preserved),0,0,미양허(IS 24.3),0,13.5,0,0,0,0,0,27,0,7.5,0,5.4,0,0,0,0,0,0,0,0,0,5.4,0,13.5,13.5,13.5,13.5,13.5,0,0
408,0711.40.0000,오이류(일시저장처리),Cucumber and gherkins (Provisionally preserved),0,0,미양허,0,15,0,0,0,0,0,NS,0,4,0,30,6,미양허,미양허,미양허,미양허,미양허,0,0,0,30,0,28.1,28.1,미양허,미양허,28.1,0,30
409,0711.51.0000,아가리쿠스속의 버섯(일시저장처리),Mushrooms of the genus Agaricus (Provisionally preserved),0,0,미양허,0,미양허,0,0,0,0,0,NS,0,4,0,30,6,0,0,0,0,0,0,0,0,18,0,28.1,28.1,미양허,미양허,28.1,0,24
410,0711.59.1000,송로(일시저장처리),Truffles (Provisionally preserved),0,미양허,미양허(IS 24.3),0,미양허,0,0,0,0,8.4,27,0,3.6,0,10.8,5.4,미양허,미양허,미양허,미양허,미양허,0,0,0,27,0,18,18,미양허,18,18,0,27
411,0711.59.9000,버섯과 송로 기타(일시저장처리),Other (Provisionally preserved),0,0,미양허,0,미양허,0,0,0,0,0,NS,0,4,0,12,6,0,0,0,0,0,0,0,0,6,0,20,20,미양허,20,20,0,27
412,0711.90.1000,마늘(일시저장처리),Garlic (Provisionally preserved),미양허,미양허,미양허,미양허,미양허,"360% or 1,800원/kg","360% or 1,800원/kg","360% or 1,800원/kg","24% or 120원/kg/360(2,297M/T) ASG","360% or 1,800원/kg","360% or 1,800원/kg","360% or 1,800원/kg","360.0% or 1,800원/kg","360% or 1,800원/kg","360% or 1,800원/kg","360% or 1,800원/kg",미양허,미양허,미양허,미양허,미양허,"360% or 1,800원/kg ","360% or 1,800원/kg ",미양허,"360% 또는 1,800원/kg, 양자 중 고액(율)","360% or 1,800원/kg",미양허,미양허,미양허,미양허,미양허,미양허,"360.0% 또는 1,800원/kg, 양자 중 고액(율)"
413,0711.90.3000,죽순(일시저장처리),Bamboo shoots (Provisionally preserved),0,미양허,미양허(IS 24.3),0,미양허,0,0,0,0,8.4,27,0,3.6,0,10.8,5.4,미양허,미양허,미양허,미양허,미양허,0,0,0,27,0,18,18,미양허,18,18,0,27
414,0711.90.4000,당근(일시저장처리),Carrots (Provisionally preserved),0,0,미양허,0,미양허,0,0,0,0,0,NS,0,4,0,30,6,14,16,14,14,18,0,0,0,30,0,28.1,28.1,미양허,미양허,28.1,0,27
415,0711.90.5010,고사리(일시저장처리),Bracken (Provisionally preserved),0,미양허,미양허,0,미양허,0,0,0,0,9.3,30,0,4,0,30,6,미양허,미양허,미양허,미양허,미양허,0,0,0,30,0,28.1,28.1,미양허,미양허,28.1,0,27
416,0711.90.5020,고비(일시저장처리),Flowering ferns (Provisionally preserved),0,미양허,미양허(IS 24.3),0,미양허,0,0,0,0,8.4,27,0,3.6,0,27,5.4,미양허,미양허,미양허,미양허,미양허,0,0,0,27,0,25.3,25.3,미양허,미양허,25.3,0,27
417,0711.90.5091,고추류의 것(일시저장처리),Fruits of the genus Capsicum (Provisionally preserved),미양허,미양허,미양허,미양허,미양허,"270% or 6,210원/kg","270% or 6,210원/kg","270% or 6,210원/kg","18% or 414원/kg/270(1,655M/T)  ASG","270% or 6,210원/kg","270% or 6,210원/kg","270% or 6,210원/kg","270.0% or 6,210원/kg","270% or 6,210원/kg","270% or 6,210원/kg","270% or 6,210원/kg",미양허,미양허,미양허,미양허,미양허,"270% or 6,210원/kg ","270% or 6,210원/kg ",미양허,"270% 또는 6,210원/kg, 양자 중 고액(율)","270% or 6,210원/kg",미양허,미양허,미양허,미양허,미양허,미양허,"270.0% 또는 6,210원/kg, 양자 중 고액(율)"
418,0711.90.5099,기타 채소(일시저장처리),Other vegetables (Provisionally preserved),0,미양허,미양허,0,미양허,0,0,0,0,0,27,0,3.6,0,27,5.4,미양허,미양허,미양허,미양허,미양허,0,0,0,27,0,25.3,25.3,미양허,미양허,25.3,0,0
419,0711.90.9000,채소류의 혼합물,Mixtures of vegetables (Provisionally preserved),0,미양허,미양허,0,미양허,0,0,0,0,0,27,0,0,0,10.8,0,미양허,미양허,미양허,미양허,미양허,0,0,0,27,0,18,18,미양허,18,18,0,0
420,0712.20.0000,양파(건조),Onions (Dried),미양허,미양허,미양허,미양허,미양허,135% or 180원/kg,135% or 180원/kg,135% or 180원/kg,"9% or 12원/kg/135(5,808M/T) ASG",135% or 180원/kg,135% or 180원/kg,135% or 180원/kg,135.0% or 180원/kg,135% or 180원/kg,135% or 180원/kg,135% or 180원/kg,미양허,미양허,미양허,미양허,미양허,135% or 180원/kg ,135% or 180원/kg ,미양허,"135% 또는 180원/kg, 양자 중 고액(율)",135% or 180원/kg,미양허,미양허,미양허,미양허,미양허,미양허,"135.0% 또는 180원/kg, 양자 중 고액(율)"
421,0712.31.1000,양송이 버섯(아가리쿠스속의 버섯/건조),Cultivated mushrooms (Agaricus bisporus/dried),0,0,미양허(CH 27),0,미양허,0,0,0,0,0,NS,0,8.3,0,12,10,6,9,6,6,12,0,0,0,18,0,20,20,미양허,20,20,0,27
422,0712.31.9000,기타 버섯(아가리쿠스속의 버섯/건조),Other Agaricus bisporus (Dried),0,0,"미양허(CH 27% or 1,096원/kg)",0,미양허,0,0,0,0,0,NS,0,"8.3% 또는 338원/kg, 양자중 고액(율)",0,"6% 또는 243원/kg, 양자 중 고액(율)","10% 또는 406원/kg, 양자중고액(율)","6% 또는 243원/Kg, 양자 중 고액(율)","9% 또는 365원/Kg, 양자 중 고액(율)","6% 또는 243원/Kg, 양자 중 고액(율)","6% 또는 243원/Kg, 양자 중 고액(율)","12% 또는 487원/Kg, 양자 중 고액(율)",0,0,0,"18% 또는 730원/kg, 양자 중 고액(율)",0,"20.0% 또는 812원/kg, 양자 중 고액(율)","20.0% 또는 812원/kg, 양자 중 고액(율)",미양허,"20.0% 또는 812원/kg, 양자 중 고액(율)","20.0% 또는 812원/kg, 양자 중 고액(율)",0,"24.0% 또는 974원/kg, 양자 중 고액(율)"
423,0712.32.0000,목이버섯(아우리쿨라리아속/건조),Wood ears (Auriculari spp./dried),0,미양허,미양허,0,미양허,0,0,0,0,"9.3% 또는 380원/kg, 양자중 고액(율)","30% or 1,218원/kg",0,"4.0% 또는 162원/kg, 양자중 고액(율)",0,"12% 또는 487원/kg, 양자 중 고액(율)","10% 또는 406원/kg, 양자중고액(율)",미양허,미양허,미양허,미양허,미양허,0,0,0,"30% 또는 1,218원/kg, 양자 중 고액(율)",0,"20.0% 또는 812원/kg, 양자 중 고액(율)","20.0% 또는 812원/kg, 양자 중 고액(율)",미양허,"20.0% 또는 812원/kg, 양자 중 고액(율)","20.0% 또는 812원/kg, 양자 중 고액(율)",0,"30.0% 또는 1,218원/kg, 양자 중 고액(율)"
424,0712.33.0000,젤리균류 버섯(트레멜라속/건조),Jelly fungi (Tremella spp./dried),0,0,"미양허(CH 27% or 1,096원/kg)",0,미양허,0,0,0,0,0,NS,0,"8.3% 또는 338원/kg, 양자중 고액(율)",0,"6% 또는 243원/kg, 양자 중 고액(율)","10% 또는 406원/kg, 양자중고액(율)","6% 또는 243원/Kg, 양자 중 고액(율)","9% 또는 365원/Kg, 양자 중 고액(율)","6% 또는 243원/Kg, 양자 중 고액(율)","6% 또는 243원/Kg, 양자 중 고액(율)","12% 또는 487원/Kg, 양자 중 고액(율)",0,0,0,"18% 또는 730원/kg, 양자 중 고액(율)",0,"20.0% 또는 812원/kg, 양자 중 고액(율)","20.0% 또는 812원/kg, 양자 중 고액(율)",미양허,"20.0% 또는 812원/kg, 양자 중 고액(율)","20.0% 또는 812원/kg, 양자 중 고액(율)",0,"27.0% 또는 1,096원/kg, 양자 중 고액(율)"
425,0712.34.0000,표고버섯(Lentinus edodes)(건조),Shiitake (Lentinus edodes) (Dried),0,미양허,미양허,5,미양허,2.8% 또는 101원/kg 양자중 고액(율),0,0,0,"10.6% 또는 433원/kg, 양자중 고액(율)","40% or 1,625원/kg","40% or 1,625원/kg","40.0% or 1,625원/kg",0,"40% or 1,625원/kg","42% or 1,625원/kg",미양허,미양허,미양허,미양허,미양허,2.8% 또는 101원/kg 양자중 고액(율),0,미양허,"40% 또는 1,625원/kg, 양자 중 고액(율)",5,미양허,미양허,미양허,미양허,미양허,미양허,"40.0% 또는 1,625원/kg, 양자 중 고액(율)"
426,0712.39.1010,송이버섯(건조),Pine mushrooms (Dried),0,미양허,미양허,0,미양허,0,0,0,0,9.3,30,30,4,0,30,10,미양허,미양허,미양허,미양허,미양허,0,0,0,30,0,28.1,28.1,미양허,미양허,28.1,0,30
427,0712.39.1030,영지버섯(건조),Ling chiu mushrooms (Dried),0,0,미양허(CH 27% or 758원/kg),0,미양허,0,0,0,0,0,NS,0,"8.3% 또는 233원/kg, 양자중 고액(율)",0,30% or 842원/kg,"10% 또는 280원/kg, 양자중고액(율)","6% 또는 168원/Kg, 양자 중 고액(율)","9% 또는 252원/Kg, 양자 중 고액(율)","6% 또는 168원/Kg, 양자 중 고액(율)","6% 또는 168원/Kg, 양자 중 고액(율)","12% 또는 336원/Kg, 양자 중 고액(율)",0,0,0,"18% 또는 505원/kg, 양자 중 고액(율)",0,미양허,미양허,미양허,미양허,미양허,0,"27.0% 또는 757원/kg, 양자 중 고액(율)"
428,0712.39.1040,느타리버섯(건조),Oyster mushrooms (Dried),0,0,미양허(CH 27),0,미양허,0,0,0,0,0,NS,0,8.3,0,30,10,6,9,6,6,12,0,0,0,18,0,28.1,28.1,미양허,미양허,28.1,0,27
429,0712.39.1050,팽이버섯(건조),Winter mushrooms (Dried),0,0,미양허(CH 27),0,미양허,0,0,0,0,0,NS,0,8.3,0,12,10,6,9,6,6,12,0,0,0,18,0,20,20,미양허,20,20,0,27
430,0712.39.1090,기타 버섯(건조),Other mushrooms (Dried),0,0,미양허,0,미양허,0,0,0,0,0,NS,0,"8.3% 또는 338원/kg, 양자중 고액(율)",0,"12% 또는 487원/kg, 양자 중 고액(율)","10% 또는 406원/kg, 양자중고액(율)","6% 또는 243원/Kg, 양자 중 고액(율)","9% 또는 365원/Kg, 양자 중 고액(율)","6% 또는 243원/Kg, 양자 중 고액(율)","6% 또는 243원/Kg, 양자 중 고액(율)","12% 또는 487원/Kg, 양자 중 고액(율)",0,0,0,"18% 또는 730원/kg, 양자 중 고액(율)",0,"20.0% 또는 812원/kg, 양자 중 고액(율)","20.0% 또는 812원/kg, 양자 중 고액(율)",미양허,"20.0% 또는 812원/kg, 양자 중 고액(율)","20.0% 또는 812원/kg, 양자 중 고액(율)",0,"24.0% 또는 974원/kg, 양자 중 고액(율)"
431,0712.39.2000,송로(건조),Truffles (Dried),미양허,미양허,24.3(NO 미양허),0,미양허,0,0,0,0,8.4,27,27,3.6,0,10.8,5.4,미양허,미양허,미양허,미양허,미양허,0,0,0,27,0,18,18,미양허,18,18,0,27
432,0712.90.1000,마늘(건조),Garlic (Dried),미양허,미양허,미양허,미양허,미양허,"360% or 1,800원/kg","360% or 1,800원/kg","360% or 1,800원/kg","24% or 120원/kg/360(2,297M/T)  ASG","360% or 1,800원/kg","360% or 1,800원/kg","360% or 1,800원/kg","360.0% or 1,800원/kg",0,"360% or 1,800원/kg","360% or 1,800원/kg",미양허,미양허,미양허,미양허,미양허,"360% or 1,800원/kg ","360% or 1,800원/kg ",미양허,"360% 또는 1,800원/kg, 양자 중 고액(율)","360% or 1,800원/kg",미양허,미양허,미양허,미양허,미양허,미양허,"360.0% 또는 1,800원/kg, 양자 중 고액(율)"
433,0712.90.2010,고사리(건조),Bracken (Dried),미양허,미양허,미양허,"24% or 1,446원/kg",미양허,0,0,0,0,"9.3% 또는 564원/kg, 양자중 고액(율)","30% or 1,807원/kg",0,"4.0% 또는 240원/kg, 양자중 고액(율)","24% or 1,445원/kg ","27% or 1,626원/kg","6% 또는 361원/kg, 양자중고액(율)",미양허,미양허,미양허,미양허,미양허,0,0,미양허,"30% 또는 1,807원/kg, 양자 중 고액(율)","24% or 1,446원/kg",미양허,미양허,미양허,미양허,미양허,미양허,"30.0% 또는 1,807원/kg, 양자 중 고액(율)"
434,0712.90.2020,무(건조),Radishes (Dried),미양허,0,미양허(CH 24),0,미양허,0,0,0,0,9.3,NS,0,4,0,30,6,미양허,미양허,미양허,미양허,미양허,0,0,0,30,0,28.1,28.1,미양허,미양허,28.1,0,24
435,0712.90.2030,대파(건조),Welsh onions (Dried),미양허,0,미양허(CH 24% or 927원/kg),5,미양허,0,0,0,0,"9.3% 또는 362원/kg, 양자중 고액(율)",NS,0,"30.0% or 1,159원/kg",0,"30% or 1,159원/kg","30% or 1,159원/kg",미양허,미양허,미양허,미양허,미양허,0,0,미양허,"30% 또는 1,159원/kg, 양자 중 고액(율)",5,미양허,미양허,미양허,미양허,미양허,미양허,"24.0% 또는 927원/kg, 양자 중 고액(율)"
436,0712.90.2040,당근(건조),Carrots (Dried),0,0,미양허(CH 24% or 691원/kg),5,미양허,0,0,0,0,0,NS,0,"8.3% 또는 240원/kg, 양자중 고액(율)",5,30% or 864원/kg,"10% 또는 288원/kg, 양자중고액(율)","10% 또는 288원/Kg, 양자 중 고액(율)","12.5% 또는 360원/Kg, 양자 중 고액(율)","10% 또는 288원/Kg, 양자 중 고액(율)","10% 또는 288원/Kg, 양자 중 고액(율)","15% 또는 432원/Kg, 양자 중 고액(율)",0,0,미양허,"30% 또는 864원/kg, 양자 중 고액(율)",5,미양허,미양허,미양허,미양허,미양허,미양허,"30.0% 또는 864원/kg, 양자 중 고액(율)"
437,0712.90.2050,호박(건조),Pumpkins (Dried),미양허,미양허,미양허(CH 24),5,미양허,0,0,0,0,9.3,NS,0,4,0,30,6,미양허,미양허,미양허,미양허,미양허,0,0,1,30,0,30,30,미양허,미양허,30,미양허,30
438,0712.90.2060,양배추(건조),Cabbages (Dried),0,0,미양허(CH 24),0,미양허,0,0,0,0,0,NS,0,4,0,30,6,14,16,14,14,18,0,0,0,30,0,28.1,28.1,미양허,미양허,28.1,0,30
439,0712.90.2070,토란줄기(건조),Taro stems (Dried),0,0,미양허,5,미양허,0,0,0,0,0,NS,0,4,0,12,6,10,12.5,10,10,15,0,0,미양허,6,3.3,20,20,미양허,20,20,4.3,27
440,0712.90.2080,고구마줄기(건조),Sweet potato stems (Dried),0,0,미양허,0,미양허,0,0,0,0,0,NS,0,4,0,30,6,10,12.5,10,10,15,0,0,0,6,0,28.1,28.1,미양허,미양허,28.1,0,24
441,0712.90.2091,스위트콘(종자용),Sweet corn for seeds (Dried),미양허,미양허,미양허,296,미양허,0,0,0,0,115.6,370,0,49.3,296,370,74,미양허,미양허,미양허,미양허,미양허,0,0,미양허,370,296,미양허,미양허,미양허,미양허,미양허,미양허,370
442,0712.90.2092,스위트콘(기타/건조),Other sweet corn (Dried),미양허,미양허,미양허,296,미양허,0,0,0,0,115.6,370,0,49.3,296,130,74,미양허,미양허,미양허,미양허,미양허,0,0,미양허,370,296,미양허,미양허,미양허,미양허,미양허,미양허,370
443,0712.90.2093,감자(건조),Potatoes (Dried),0,0,24.3(NO 미양허),0,미양허,0,0,0,0,8.4,24.3,0,0,0,27,0,미양허,미양허,미양허,미양허,미양허,0,0,0,16.2,0,25.3,25.3,미양허,미양허,25.3,0,21.6
444,0712.90.2094,고비(건조),Flowering ferns (Dried),미양허,미양허,미양허,0,미양허,0,0,0,0,"9.3% 또는 451원/kg, 양자중 고액(율)","30% or 1,446원/kg",0,"4.0% 또는 192원/kg, 양자중 고액(율)",0,"30% or 1,446원/kg","6% 또는 289원/kg, 양자중고액(율)",미양허,미양허,미양허,미양허,미양허,0,0,0,"30% 또는 1,446원/kg, 양자 중 고액(율)",0,미양허,미양허,미양허,미양허,미양허,0,"30.0% 또는 1,446원/kg, 양자 중 고액(율)"
445,0712.90.2095,더덕(건조),Codonopsis (Dried),0(*100M/T) TRQ,미양허,미양허,0,미양허,0,0,0,0,9.3,30,0,30,0,30,30,미양허,미양허,미양허,미양허,미양허,0,0,0,30,0,미양허,미양허,미양허,미양허,미양허,0,30
446,0712.90.2096,"취(참취, 개미취, 곰취, 미역취)","Aster (Aster Scaber Thunb., Aster Tataricus L. f., Ligularia Fischeri (Ledeb.) Turcz., Solidago Virgaurea Subsp. Asiatica Kitam. ex Hara var. Asiatica)",0(*100M/T) TRQ,미양허,미양허,0,미양허,0,0,0,0,9.3,NS,0,4,0,30,6,미양허,미양허,미양허,미양허,미양허,0,0,0,30,0,28.1,28.1,미양허,미양허,28.1,0,30
447,0712.90.2097,고려엉겅퀴(곤드레),Korean thistle (Cirsium Setidens (Dunn) Nakai),0(*100M/T) TRQ,미양허,미양허,0,미양허,0,0,0,0,9.3,NS,0,4,0,30,6,미양허,미양허,미양허,미양허,미양허,0,0,0,30,0,28.1,28.1,미양허,미양허,28.1,0,30
448,0712.90.2099,기타 채소(건조),Other vegetables (Dried),0(*100M/T) TRQ,미양허,미양허,0,미양허,0,0,0,0,9.3,NS,0,4,0,30,6,미양허,미양허,미양허,미양허,미양허,0,0,0,0,0,28.1,28.1,미양허,미양허,28.1,0,27
449,0712.90.9000,채소류의 혼합물(건조),Mixtures of vegetables (Dried),0,0,미양허(IS 21.6),0,미양허,0,0,0,0,0,27,0,0,0,27,0,미양허,미양허,미양허,미양허,미양허,0,0,0,16.2,0,25.3,25.3,미양허,미양허,25.3,0,21.6
450,0713.10.1000,완두(건조/종자용),Peas (Pisum sativum/dried/for seed),0,0,미양허(IS 24.3),0,미양허,0,0,0,0,0,27,0,0,0,10.8,0,9,11.2,9,9,13.5,0,0,0,16.2,0,18,18,미양허,18,18,0,21.6
451,0713.10.2000,완두(건조/사료용),Peas (Pisum sativum/dried/for feeding),0,0,미양허,0,미양허,0,0,0,0,0,0,0,0,0,0,0,0,0,0,0,0,0,0,0,0,0,0,0,0,0,0,0,0
452,0713.10.9000,완두(건조/기타),Peas (Pisum sativum/dried/other),0,0,미양허,0,미양허,0,0,0,0,0,27,0,0,0,10.8,0,9,11.2,9,9,13.5,0,0,0,16.2,0,18,18,미양허,18,18,0,27
453,0713.20.0000,병아리콩(건조/가반조스),Chickpeas (Dried/garbanzos),0,0,미양허,0,미양허,0,0,0,0,0,27,0,0,0,5.4,0,미양허,미양허,미양허,미양허,미양허,0,0,0,27,0,18,18,미양허,18,18,0,24.3
454,0713.31.1000,녹두(건조/종자용),Bean for seed (Dried),미양허,미양허,미양허,486,미양허,0,0,0,0,607.5,607.5,0,0,486,607.5,607.5,미양허,미양허,미양허,미양허,미양허,0,0,미양허,607.5,486,미양허,미양허,미양허,미양허,미양허,미양허,607.5
455,0713.31.9000,녹두(건조/기타),Other bean (Dried),미양허,미양허,미양허,486,미양허,37.9,0,0,0/233(*714M/T)  TRQ/207(714M/T)  ASG,607.5,607.5,0,303.7,486,607.5,607.5,미양허,미양허,미양허,미양허,미양허,37.9,0,미양허,607.5,486,미양허,미양허,미양허,미양허,미양허,미양허,607.5
456,0713.32.1000,팥(건조/종자용),Small red bean for seed (Dried),미양허,미양허,미양허,336.6,미양허,0,0,0,0,420.8,420.8,0,56.1,336.6,420.8,0,미양허,미양허,미양허,미양허,미양허,0,0,미양허,252.4,336.6,미양허,미양허,미양허,미양허,미양허,미양허,378.7
457,0713.32.9000,팥(건조/기타),Other small red bean (Dried),미양허,미양허,미양허,336.6,미양허,26.3,0,0,0/162(*714M/T)  TRQ/143(714M/T)  ASG,420.8,420.8,0/199(*643M/T) TRQ 199(643M/T) ASG,56.1,84.1,"0/420.8(*3,000M/T) TRQ",420.8,미양허,미양허,미양허,미양허,미양허,26.3,0,미양허,420.8,336.6,미양허,미양허,미양허,미양허,미양허,미양허,420.8
458,0713.33.1000,강낭콩(건조/종자용),Kidney beans for seed (Dried),0,0,미양허,"0(*2,000M/T) TRQ",미양허,0,0,0,0,0,27,0,0,27,10.8,0,미양허,미양허,미양허,미양허,미양허,0,0,미양허,0,18,20.3,20.3,미양허,20.3,20.3,23.4,21.6
459,0713.33.9000,강낭콩(건조/기타),Other kidney bean (Dried),0,0,미양허,"0(*2,000M/T) TRQ",미양허,0,0,0,0,0,27,0,0,27,27,0,5.4,8.1,5.4,5.4,10.8,0,0,미양허,27,27,27,27,미양허,미양허,27,미양허,27
460,0713.34.0000,"밤바라콩-비그나 서브터라니아, 보안드제이아 서브터라니아(건조)",Bambara beans (Vigna subterranea or Voandzeia subterranea/dried),0,0,미양허,21.6,미양허,0,0,0,0,0,27,0,0,21.6,5.4,5.4,미양허,미양허,미양허,미양허,미양허,0,0,12.9,27,14.4,13.5,13.5,13.5,13.5,13.5,15.8,21.6
461,0713.35.0000,동부콩-비그나 운구이쿨라타(건조),Cow beans (Vigna unguiculata/dried),0,0,미양허,21.6,미양허,0,0,0,0,0,27,0,0,21.6,5.4,5.4,5.4,8.1,5.4,5.4,10.8,0,0,12.9,27,14.4,13.5,13.5,13.5,13.5,13.5,15.8,21.6
462,0713.39.0000,기타 콩(건조),Other beans (Dried),0,0,미양허,21.6,미양허,0,0,0,0,0,27,0,0,21.6,5.4,5.4,5.4,8.1,5.4,5.4,10.8,0,0,12.9,27,14.4,13.5,13.5,13.5,13.5,13.5,15.8,21.6
463,0713.40.0000,렌즈콩(건조),Lentils (Dried),0,0,미양허,5,미양허,0,0,0,0,0,0,0,0,0,5.4,0,9,11.2,9,9,13.5,0,0,3,27,2.5,13.5,13.5,13.5,13.5,13.5,3.7,24.3
464,0713.50.0000,잠두 및 말먹이용 잠두(건조),Broad beans and horse beans (Dried),0,0,미양허,0,미양허,0,0,0,0,0,27,0,0,0,5.4,0,9,11.2,9,9,13.5,0,0,0,16.2,0,18,18,미양허,18,18,0,21.6
465,0713.60.0000,비둘기콩-카자누스 카잔(건조),Pigeon peas (Cajanus cajan/dried),0,0,미양허,0,미양허,0,0,0,0,0,27,0,0,0,5.4,0,5.4,8.1,5.4,5.4,10.8,0,0,0,16.2,0,18,18,미양허,18,18,0,21.6
466,0713.90.0000,건채두류(기타),Other leguminous vegetables (Dried),0,0,미양허,0,미양허,0,0,0,0,0,27,0,0,0,5.4,0,0,0,0,0,0,0,0,0,5.4,0,18,18,미양허,18,18,0,21.6
467,0714.10.1000,매니옥(신선),Maniocs (Fresh),미양허,미양허,미양허,"20(*25,000M/T) TRQ",미양허,55.4,0,0,0,0,887.4,0,0,887.4,130,0,177.4,266.2,177.4,177.4,354.9,55.4,0,미양허,887.4,887.4,미양허,미양허,미양허,미양허,미양허,미양허,887.4
468,0714.10.2010,매니옥칩(건조),Manioc chips (Dried),미양허,미양허,미양허,"20(*25,000M/T) TRQ",미양허,0,0,0,0,0,887.4,0,118.3,887.4,130,177.4,177.4,473.2,414.1,414.1,354.9,0,0,미양허,887.4,887.4,미양허,미양허,미양허,미양허,미양허,미양허,887.4
469,0714.10.2020,매니옥펠릿(건조),Manioc pellets (Dried),미양허,미양허,미양허,709.9,미양허,0,0,0,0,0,887.4,887.4,118.3,709.9,130,177.4,177.4,499.1,443.7,443.7,354.9,0,0,미양허,887.4,709.9,미양허,미양허,미양허,미양허,미양허,미양허,887.4
470,0714.10.2090,매니옥(기타/건조),Other Maniocs (Dried),미양허,미양허,미양허,"20(*25,000M/T) TRQ",미양허,55.4,0,0,0,0,887.4,0,118.3,887.4,130,887.4,0,499.1,443.7,443.7,0,55.4,0,미양허,887.4,887.4,미양허,미양허,미양허,미양허,미양허,미양허,887.4
471,0714.10.3000,매니옥(냉장),Maniocs (Chilled),미양허,미양허,미양허,"20(*25,000M/T) TRQ",미양허,55.4,0,0,0,0,887.4,0,118.3,887.4,130,887.4,0,473.2,414.1,414.1,0,55.4,0,미양허,887.4,887.4,미양허,미양허,미양허,미양허,미양허,미양허,887.4
472,0714.10.4000,매니옥(냉동),Maniocs (Frozen),미양허,미양허,미양허,"20(*25,000M/T) TRQ",미양허,0,0,0,0,0,45,0,6,45,18,9,0,13.5,9,9,6.4,0,0,미양허,45,30,33.8,33.8,미양허,33.8,33.8,미양허,36
473,0714.20.1000,고구마(신선),Sweet potatoes (Fresh),미양허,미양허,미양허,308% or 270원/kg,미양허,0,0,0,0,"120.3% 또는 105원/kg, 양자중 고액(율)",385% or 338원/kg,0,"106.9% 또는 93원/kg, 양자중 고액(율)",308% or 270원/kg,385% or 338원/kg,385% or 338원/kg,"192.5% 또는 169원/Kg, 양자 중 고액(율)",미양허,"192.5% 또는 169원/Kg, 양자 중 고액(율)",미양허,미양허,0,0,미양허,"385% 또는 338원/kg, 양자 중 고액(율)",308% or 270원/kg,미양허,미양허,미양허,미양허,미양허,미양허,"385.0% 또는 338원/kg, 양자 중 고액(율)"
474,0714.20.2000,고구마(건조),Sweet potatoes (Dried),미양허,미양허,미양허,308,미양허,0,0,0,0,120.3,385,0,51.3,308,385,385,미양허,미양허,미양허,미양허,미양허,0,0,미양허,385,308,미양허,미양허,미양허,미양허,미양허,미양허,385
475,0714.20.3000,고구마(냉장),Sweet potatoes (Chilled),미양허,미양허,미양허,308,미양허,0,0,0,0,120.3,385,0,51.3,308,385,385,192.5,미양허,192.5,미양허,미양허,0,0,미양허,385,308,미양허,미양허,미양허,미양허,미양허,미양허,385
476,0714.20.4000,고구마(냉동),Sweet potatoes (Frozen),미양허,미양허,미양허,5,미양허,0,0,0,0,14,45,0,6,0,45,45,22.5,미양허,22.5,미양허,미양허,0,0,미양허,45,5,미양허,미양허,미양허,미양허,미양허,미양허,45
477,0714.30.1000,얌-디오스코레아속(냉동),Yam (Discorea spp./frozen),미양허,미양허,미양허,5,미양허,0,0,0,0,14,45,0,0,0,45,0,22.5,미양허,미양허,미양허,미양허,0,0,1,45,5,미양허,미양허,미양허,미양허,미양허,1,36
478,0714.30.9000,얌-디오스코레아속(기타),Yam (Discorea spp./other),미양허,미양허,미양허,192.5,미양허,0,0,0,0,120.3,385,0,385,192.5,130,385,192.5,미양허,미양허,미양허,240.6,0,0,192.5,385,192.5,미양허,미양허,미양허,미양허,미양허,미양허,385
479,0714.40.1000,토란-콜로카시아속(냉동),Taro (Colocasia spp./frozen),미양허,미양허,미양허,5,미양허,0,0,0,0,14,45,0,0,0,18,0,미양허,미양허,미양허,미양허,미양허,0,0,1,45,1.4,30,30,미양허,30,30,4.3,36
480,0714.40.9000,토란-콜로카시아속(기타),Taro (Colocasia spp./other),미양허,미양허,미양허,192.5,미양허,0,0,0,0,120.3,385,0,385,192.5,130,385,미양허,미양허,미양허,미양허,미양허,0,0,미양허,385,192.5,미양허,미양허,미양허,미양허,미양허,미양허,385
481,0714.50.1000,아메리카토란-크산토소마속(냉동),Yautia (Xanthosoma spp./frozen),미양허,미양허,미양허,5,미양허,0,0,0,0,14,45,0,0,0,18,0,22.5,미양허,22.5,22.5,미양허,0,0,1,45,1.4,30,30,미양허,30,30,4.3,36
482,0714.50.9000,아메리카토란-크산토소마속(기타),Yautia (Xanthosoma spp./other),미양허,미양허,미양허,192.5,미양허,0,0,0,0,120.3,385,0,385,192.5,130,385,192.5,미양허,192.5,192.5,미양허,0,0,192.5,385,192.5,미양허,미양허,미양허,미양허,미양허,미양허,385
483,0714.90.1010,칡뿌리(냉동),Arrowroots (Frozen),0,미양허,미양허,5,미양허,0,0,0,0,14,45,0,12.5,0,18,15,미양허,미양허,미양허,미양허,미양허,0,0,3,45,3.3,30,30,미양허,30,30,3.7,45
484,0714.90.1090,칡뿌리(기타),Arrowroots (Other),0,미양허,미양허,5,9,0,0,0,0,5.6,18,0,2.4,0,7.2,3.6,미양허,미양허,미양허,미양허,미양허,0,0,3,18,3.3,12,12,미양허,12,12,4.3,18
485,0714.90.9010,서류(기타/냉동),Other (Frozen),미양허,미양허,미양허,5,미양허,0,0,0,0,14,45,0,0,0,18,0,미양허,미양허,미양허,미양허,미양허,0,0,1,45,3.3,30,30,미양허,30,30,미양허,36
486,0714.90.9090,서류(기타),Other (Other),미양허,미양허,미양허,192.5,미양허,0,0,0,0,120.3,385,0,385,192.5,385,385,미양허,미양허,미양허,미양허,미양허,0,0,미양허,385,192.5,미양허,미양허,미양허,미양허,미양허,미양허,385
487,0801.11.0000,코코넛(말린것),Coconuts (Desiccated),미양허,미양허,미양허,0,미양허,0,0,0,0,9.3,NS,30,4,0,0,6,미양허,미양허,미양허,6,18,0,0,0,22,0,20,20,미양허,미양허,20,0,24
488,0801.12.0000,코코넛(미탈각/내과피),Coconuts (In the inner shell/endocarp),미양허,미양허,미양허,0,미양허,0,0,0,0,9.3,NS,30,4,0,0,6,14,16,14,6,12,0,0,0,22,0,20,20,미양허,미양허,20,0,24
489,0801.19.0000,코코넛(기타),Coconuts (Other),미양허,미양허,미양허,0,미양허,0,0,0,0,9.3,NS,30,4,0,0,6,14,16,14,6,12,0,0,0,22,0,20,20,미양허,미양허,20,0,24
490,0801.21.0000,브라질너트(미탈각),Brazil nuts (In shell),미양허,미양허,미양허,0,미양허,0,0,0,0,9.3,NS,30,4,0,6,6,14,16,14,14,18,0,0,0,22,0,20,20,미양허,20,20,0,24
491,0801.22.0000,브라질너트(탈각),Brazil nuts (shelled),미양허,미양허,미양허,0,미양허,0,0,0,0,9.3,NS,30,4,0,6,6,미양허,미양허,미양허,미양허,미양허,0,0,0,30,0,20,20,미양허,20,20,0,24
492,0801.31.0000,캐슈너트(미탈각),Cashew nuts (In shell),미양허,미양허,미양허,5,미양허,0,0,0,0,0,0,0,1,0,0,0,3.7,4.2,3.7,3.7,3.2,0,0,3,5.8,1.4,4,4,4,4,4,3,6.4
493,0801.32.0000,캐슈너트(탈각),Cashew nuts (Shelled),미양허,미양허,미양허,5,5,0,0,0,0,0,0,0,1,0,0,0,미양허,미양허,미양허,미양허,3.2,0,0,3,5.8,1.4,4,4,4,4,4,3,6.4
494,0802.11.0000,아몬드(미탈각),Almond (In shell),0,0,미양허(IS 6.4),0,0,0,0,0,0,0,8,0,0,0,0,0,3.7,4.2,3.7,3.7,4.8,0,0,0,4.8,0,4,4,4,4,4,0,6.4
495,0802.12.0000,아몬드(탈각),Almond (Shelled),0,0,미양허(IS 6.4),0,0,0,0,0,0,0,8,0,0,0,0,0,3.7,4.2,3.7,3.7,4.8,0,0,0,3.4,0,4,4,4,4,4,0,6.4
496,0802.21.0000,헤즐너트필버트(미탈각),Hazelnuts or filberts (In shell),0,0,6.4(CH 미양허),0,0,0,0,0,0,0,0,0,0,0,0,0,1.6,2.4,1.6,1.6,3.2,0,0,0,4.8,0,4,4,4,4,4,0,8
497,0802.22.0000,헤즐너트필버트(탈각),Hazelnuts or filberts (Shelled),0,0,6.4(CH 미양허),0,4,0,0,0,0,0,0,0,0,0,3.2,0,1.6,2.4,1.6,1.6,3.2,0,0,0,4.8,0,5.3,5.3,미양허,5.3,5.3,0,8
498,0802.31.0000,호두(미탈각),Walnuts (In shell),0,미양허,미양허,36,미양허,2.8,0,45,0,45,45,45,45,36,45,45,미양허,미양허,미양허,미양허,미양허,2.8,0,36,45,36,미양허,미양허,미양허,미양허,미양허,미양허,45
499,0802.32.0000,호두(탈각),Walnuts (Shelled),0,미양허,미양허,24,미양허,0,0,30,0,30,30,30,30,0,30,30,미양허,미양허,미양허,미양허,미양허,0,0,미양허,30,24,미양허,미양허,미양허,미양허,미양허,미양허,30
500,0802.41.0000,밤/카스타네아속(미탈각),Chestnuts (In shell),미양허,미양허,미양허,"175.5% or 1,176원/kg",미양허,13.7% 또는 91원/kg 양자중 고액(율),0,"219.4% or 1,470원/kg",0,"219.4% or 1,470원/kg","219.4% or 1,470원/kg","219.4% or 1,470원/kg","219.4% or 1,470원/kg","175.5% or 1,176원/kg","219.4% or 1,470원/kg","219.4% or 1,470원/kg",미양허,미양허,미양허,미양허,미양허,13.7% 또는 91원/kg 양자중 고액(율),0,"175.5% or 1,176원/kg","219.4% 또는 1,470원/kg, 양자 중 고액(율)","175.5% or 1,176원/kg",미양허,미양허,미양허,미양허,미양허,미양허,"219.4% 또는 1,470원/kg, 양자 중 고액(율)"
501,0802.42.0000,밤/카스타네아속(탈각),Chestnuts (Shelled),미양허,미양허,미양허,"175.5% or 1,176원/kg",미양허,13.7% 또는 91원/kg 양자중 고액(율),0,"219.4% or 1,470원/kg",0,"219.4% or 1,470원/kg","219.4% or 1,470원/kg","219.4% or 1,470원/kg","219.4% or 1,470원/kg","175.5% or 1,176원/kg","219.4% or 1,470원/kg","219.4% or 1,470원/kg",미양허,미양허,미양허,미양허,미양허,13.7% 또는 91원/kg 양자중 고액(율),0,"175.5% or 1,176원/kg","219.4% 또는 1,470원/kg, 양자 중 고액(율)","175.5% or 1,176원/kg",미양허,미양허,미양허,미양허,미양허,미양허,"219.4% 또는 1,470원/kg, 양자 중 고액(율)"
502,0802.51.0000,피스타치오(미탈각),Pistachios (In shell),미양허,미양허,미양허,0,미양허,0,0,0,0,0,0,0,8.3,0,6,10,10,12.5,10,10,15,0,0,0,20,0,15,15,15,15,15,0,24
503,0802.52.0000,피스타치오(탈각),Pistachios (Shelled),미양허,미양허,미양허,0,미양허,0,0,0,0,0,0,0,8.3,0,6,10,10,12.5,10,10,15,0,0,0,20,0,15,15,15,15,15,0,24
504,0802.61.0000,마카다미아 너트(미탈각),Macadamia nuts (In shell),미양허,미양허,미양허,0,미양허,0,0,0,0,0,NS,30,0,0,0,0,6,9,6,6,12,0,0,0,18,0,15,15,15,15,15,0,27
505,0802.62.0000,마카다미아 너트(탈각),Macadamia nuts (Shelled),미양허,미양허,미양허,0,미양허,0,0,0,0,0,NS,30,0,0,0,0,10,12.5,10,10,15,0,0,0,20,0,15,15,15,15,15,0,27
506,0802.70.0000,콜라 너트/콜라속,Kola nuts (Cola spp.),미양허,미양허,미양허,0,미양허,0,0,0,0,9.3,30,30,0,0,6,30,미양허,미양허,미양허,미양허,미양허,0,0,0,30,0,미양허,22.5,미양허,미양허,22.5,0,30
507,0802.80.0000,빈랑자,Areca nuts,미양허,미양허,미양허,0,미양허,0,0,0,0,9.3,30,30,0,0,6,30,10,12.5,10,10,15,0,0,0,22,0,미양허,22.5,미양허,미양허,22.5,0,30
508,0802.91.0000,잣(미탈각),Pine/nuts (In shell),미양허,미양허,미양허,"453.4% or 2,131원/kg",미양허,35.4% 또는 166원/kg 양자중 고액(율),0,0,0,"566.8% or 2,664원/kg","566.8% or 2,664원/kg","566.8% or 2,664원/kg","75.5% 또는 355원/kg, 양자중 고액(율)","453.4% or 2,131원/kg","566.8% or 2,664원/kg","113.3% 또는 532원/kg, 양자중고액(율)",미양허,미양허,미양허,미양허,미양허,35.4% 또는 166원/kg 양자중 고액(율),0,미양허,"566.8% 또는 2,664원/kg, 양자 중 고액(율)","453.4% or 2,131원/kg",미양허,미양허,미양허,미양허,미양허,미양허,"566.8% 또는 2,664원/kg, 양자 중 고액(율)"
509,0802.92.0000,잣(탈각),Pine/nuts (Shelled),미양허,미양허,미양허,"453.4% or 2,131원/kg",미양허,35.4% 또는 166원/kg 양자중 고액(율),0,0,0,"566.8% or 2,664원/kg","566.8% or 2,664원/kg","566.8% or 2,664원/kg","75.5% 또는 355원/kg, 양자중 고액(율)","453.4% or 2,131원/kg","566.8% or 2,664원/kg","113.3% 또는 532원/kg, 양자중고액(율)",미양허,미양허,미양허,미양허,미양허,35.4% 또는 166원/kg 양자중 고액(율),0,미양허,"566.8% 또는 2,664원/kg, 양자 중 고액(율)","453.4% or 2,131원/kg",미양허,미양허,미양허,미양허,미양허,미양허,"566.8% 또는 2,664원/kg, 양자 중 고액(율)"
510,0802.99.1010,은행(미탈각),Ging ko/nuts (In shell),미양허,미양허,미양허,0,미양허,0,0,0,0,"8.4% 또는 250원/kg, 양자중 고액(율)",27% or 803원/kg,27.0% or 803원/kg,0,0,27.0% or 803원/kg,"9% 또는 267원/kg, 양자중고액(율)",미양허,미양허,미양허,미양허,미양허,0,0,0,"27% 또는 803원/㎏, 양자 중 고액(율)",0,미양허,미양허,미양허,미양허,미양허,0,"27.0% 또는 803원/kg, 양자 중 고액(율)"
511,0802.99.1020,은행(탈각),Ging ko/nuts (Shelled),미양허,미양허,미양허,0,미양허,0,0,0,0,"8.4% 또는 250원/kg, 양자중 고액(율)",27% or 803원/kg,27.0% or 803원/kg,0,0,27.0% or 803원/kg,"9% 또는 267원/kg, 양자중고액(율)",미양허,미양허,미양허,미양허,미양허,0,0,0,"27% 또는 803원/㎏, 양자 중 고액(율)",0,25.3% 또는 753원/㎏ 양자 중 고액(율),25.3% 또는 753원/㎏ 양자 중 고액(율),미양허,미양허,25.3% 또는 753원/㎏ 양자 중 고액(율),0,"27.0% 또는 803원/kg, 양자 중 고액(율)"
512,0802.99.9000,기타 견과류,Other nuts,미양허,미양허,미양허,0,미양허,0,0,0,0,9.3,30,30,0,0,30,30,미양허,미양허,미양허,미양허,미양허,0,0,0,30,0,미양허,28.1,미양허,미양허,28.1,0,30
513,0803.10.0000,바나나(플랜틴),Bananas (Plantains),미양허,미양허,미양허,미양허,미양허,0,0,0,0,0,NS,0,4,30,6,6,14,16,0,0,0,0,0,22,22,20,미양허,미양허,미양허,미양허,미양허,18,24
514,0803.90.0000,바나나(기타),Bananas (Other),미양허,미양허,미양허,미양허,미양허,0,0,0,0,0,NS,0,4,0,6,6,0,16,0,0,0,0,0,미양허,22,30,미양허,미양허,미양허,미양허,미양허,"6/30(331,687M/T) ASG",24
515,0804.10.0000,대추야자(신선/건조),Dates,미양허,미양허,미양허,24,미양허,0,0,0,0,0,NS,0,4,24,6,6,14,16,14,14,18,0,0,14.4,18,12,15,15,15,15,15,17.6,0
516,0804.20.0000,무화과(신선/건조),Figs,0,0,미양허,0,미양허,0,0,0,0,0,0,0,4,0,30,6,10,12.5,10,10,15,0,0,0,18,0,28.1,28.1,미양허,미양허,28.1,0,24
517,0804.30.0000,파인애플(신선/건조),Pineapples,미양허,미양허,미양허,미양허,미양허,0,0,0,0,0,NS,0,4,0,6,6,0,0,0,0,4.2,0,0,미양허,22,30,미양허,미양허,미양허,미양허,미양허,미양허,27
518,0804.40.0000,아보카도(신선/건조),Avocados,0,미양허,미양허,0,미양허,0,0,0,0,0,NS,0,4,0,12,0,15,16.8,15,0,18.7,0,0,0,6,0,20,20,미양허,20,20,0,27
519,0804.50.1000,구아바(신선/건조),Guavas,미양허,미양허,미양허,24,미양허,0,0,0,0,0,NS,0,0,0,6,0,0,미양허,미양허,0,미양허,0,0,14.4,22,12,15,15,15,15,15,17.6,24
520,0804.50.2000,망고(신선/건조),Mangoes,미양허,미양허,미양허,24,15,0,0,0,0,0,NS,0,0,0,6,30,0,0,15,0,18.7,0,0,미양허,12.8,24,미양허,미양허,미양허,미양허,미양허,미양허,27
521,0804.50.3000,망고스틴(신선/건조),Mangosteens,미양허,미양허,미양허,24,미양허,0,0,0,0,0,NS,0,4,0,6,6,미양허,미양허,미양허,0,미양허,0,0,14.4,22,12,15,15,15,15,15,17.6,27
522,0805.10.0000,오렌지(신선/건조),Oranges,미양허,미양허,미양허,50,미양허,"0(1~2월, 9~12월)/50(1~2월, 9~12월)(*60M/T) TRQ / 0(3~8월) SD","0(1~2월, 9~12월)/50(1~2월, 9~12월)(*60M/T)TRQ / 0(3~8월) SD","0(5월~10월)/50(1월~4월, 11월~12월) SD","0(1월~2월, 9월~12월)/50(1월~2월, 9월~12월) (*3,672M/T) TRQ / 0(3월~8월) SD",50,50,50,0/50(10월~3월)/0(4월~9월)(*30M/T) TRQ SD,50,50,50,미양허,미양허,미양허,미양허,미양허,"50(1월~2월, 9월~12월)/0(3월~8월) SD","50(1월~2월, 9월~12월)/0(3월~8월) SD",미양허,50,50,미양허,미양허,미양허,미양허,미양허,미양허,50
523,0805.21.1000,감귤(신선/건조),Korean citrus,미양허,미양허,미양허,미양허,미양허,144,144,144,0,144,144,144,144,144,144,144,미양허,미양허,미양허,미양허,미양허,144,144,미양허,144,144,미양허,미양허,미양허,미양허,미양허,미양허,144
524,0805.21.9000,만다린(기타/신선/건조),Other mandarins,0.0 (연간 100메트릭톤 이하에 한한다),미양허,미양허,미양허,미양허,9,0,"0/108(9,475M/T) ASG",0,"45/108(8,804M/T) ASG",144,0,144(10월~3월)/48(4월~9월) SD,144,144,144,미양허,미양허,미양허,미양허,미양허,9,0,미양허,108,144,미양허,미양허,미양허,미양허,미양허,미양허,129.6
525,0805.22.0000,클레멘타인,Clementine,0(*100M/T) TRQ,미양허,미양허,미양허,미양허,9,0,"0/108(9,475M/T) ASG",0,"45/108(8,804M/T) ASG",144,0,144(10월~3월)/48(4월~9월) SD,144,144,144,미양허,미양허,미양허,미양허,미양허,9,0,미양허,108,144,미양허,미양허,미양허,미양허,미양허,미양허,144
526,0805.29.0000,감귤류잡종,similar citrus hybrids,0(*100M/T) TRQ,미양허,미양허,미양허,미양허,9,0,"0/108(9,475M/T) ASG",0,"45/108(8,804M/T) ASG",144,0,144(10월~3월)/48(4월~9월) SD,144,144,144,미양허,미양허,미양허,미양허,미양허,9,0,미양허,108,144,미양허,미양허,미양허,미양허,미양허,미양허,144
527,0805.40.0000,그레이프프루트와 포멜로우,Grapefruit and pomelos,미양허,미양허,미양허,0,미양허,0,0,0,0,0,30,0,4,0,30,6,14,16,14,14,18,0,0,0,12.8,0,28.1,28.1,미양허,미양허,28.1,0,24
528,0805.50.1000,레몬(시트러스리몬·시트러스리머늄),"Lemons (Citrus limon, Citrus limonum)",0,미양허,미양허,5,미양허,0,0,0,0,0,0,0,8.3,5,6,0,15,16.8,15,15,18.7,0,0,3,12.8,2.5,15,15,15,15,15,4.3,27
529,0805.50.2010,라임(시트러스 오란티폴리아),Limes (Citrus aurantifolia),0,미양허,미양허,0,미양허,0,0,0,0,0,30,0,4,0,6,6,미양허,미양허,미양허,미양허,미양허,0,0,0,30,0,15,15,15,15,15,0,27
530,0805.50.2020,라임(시트러스 라티폴리아),Limes (Citrus latifolia),미양허,미양허,미양허,0,미양허,0,0,0,0,0,144,0,19.2,0,57.6,28.8,미양허,미양허,미양허,미양허,미양허,0,0,0,144,0,96,96,미양허,96,96,0,129.6
531,0805.90.0000,감귤류(기타/신선/건조),Other citrus fruits ,미양허,미양허,미양허,미양허,미양허,144,144,144,0,144,144,0,144,144,144,144,미양허,미양허,미양허,미양허,미양허,144,144,미양허,144,144,미양허,미양허,미양허,미양허,미양허,미양허,144
532,0806.10.0000,포도(신선),Grapes (Fresh),"미양허(5월~10월)/0(1월~4월, 11월~12월) SD",미양허,미양허,36,미양허,"7.5 (5월 1일부터 10월 15일까지 수입되는 물품에 한한다)  0 (1월 1일부터 4월 30일, 10월 16일부터 12월 31일까지 수입되는 물품에 한한다)","5 (5월 1일부터 10월 15일까지 수입되는 물품에 한한다)  0 (1월 1일부터 4월 30일, 10월 16일부터 12월 31일까지 수입되는 물품에 한한다)","45(5월~10월)/0(1월~4월, 11월~12월) SD","5.2 (5월 1일부터 10월 15일까지 수입되는 물품에 한한다)  0 (1월 1일부터 4월 30일, 10월 16일부터 12월 31일까지 수입되는 물품에 한한다)","45(5월~10월)/16.8(1월~4월, 11월~12월) SD",45,45,45(5월~11월)/0(12월~4월) SD,36,45,45,미양허,미양허,미양허,미양허,미양허,"7.5 (5월 1일부터 10월 15일까지 수입되는 물품에 한한다)  0 (1월 1일부터 4월 30일, 10월 16일부터 12월 31일까지 수입되는 물품에 한한다)","5 (5월 1일부터 10월 15일까지 수입되는 물품에 한한다)  0 (1월 1일부터 4월 30일, 10월 16일부터 12월 31일까지 수입되는 물품에 한한다)",미양허,45,36,미양허,미양허,미양허,미양허,미양허,미양허,40.5
533,0806.20.0000,포도(건조),Grapes (Dried),0,0,미양허(IS 18.9),5,미양허,0,0,0,0,0,0,21,0,5,8.4,7,9.8,11.2,9.8,9.8,12.6,0,0,미양허,21,3.3,14,14,미양허,14,14,4.3,16.8
534,0807.11.0000,수박(신선),Watermelons (Fresh),미양허,미양허,미양허,0,미양허,0,0,0,0,0,45,0,45,0,45,45,9,25.3,9,21,18,0,0,0,45,0,미양허,미양허,미양허,미양허,미양허,0,45
535,0807.19.1000,참외(신선),Oriental melons (Fresh),0,0,미양허,5,미양허,0,0,0,0,0,45,0,12.5,5,45,15,9,13.5,5,9,18,0,0,미양허,45,5,미양허,미양허,미양허,미양허,미양허,미양허,45
536,0807.19.9000,멜론(기타/신선),Other melons (Fresh),0,0,미양허,5,미양허,0,0,0,0,0,45,0,12.5,5,45,15,9,13.5,5,9,18,0,0,미양허,45,5,미양허,미양허,미양허,미양허,미양허,미양허,45
537,0807.20.0000,포포(파파야/신선),Papaws (Papayas/fresh),미양허,미양허,미양허,24,미양허,0,0,0,0,0,NS,0,4,0,6,6,0,16,14,14,4.2,0,0,14.4,22,12,15,15,15,15,15,17.6,24
538,0808.10.0000,사과(신선),Apples (Fresh),미양허,미양허,미양허,45,미양허,,,45,,45,45,"0/9(10,496M/T) ASG",45,45,45,45,미양허,미양허,미양허,미양허,미양허,,,미양허,45,45,미양허,미양허,미양허,미양허,미양허,미양허,45
539,0808.30.0000,배(신선),Pears (Fresh),미양허,미양허,미양허,45,미양허,,,45,,45,45,"0/27(4,983M/T) ASG",45,45,45,45,미양허,미양허,미양허,미양허,미양허,,,미양허,45,45,미양허,미양허,미양허,미양허,미양허,미양허,45
540,0808.40.0000,마르멜로(신선),Quinces (Fresh),미양허,0,미양허,0,미양허,0,0,0,0,0,45,0,12.5,0,0,0,15,18.7,15,15,22.5,0,0,0,30,0,22.5,22.5,22.5,22.5,22.5,0,0
541,0809.10.0000,살구(신선),Apricots (Fresh),0,0,미양허,0,미양허,0,0,0,0,0,45,0,0,0,45,0,15,18.7,15,15,22.5,0,0,0,30,0,42.2,42.2,미양허,미양허,42.2,0,36
542,0809.21.0000,체리(신체리/프루너스 체라서스/신선),Cherries (Sour cherries/Prunus cerasus/fresh),0,0,(CH 미양허)(NO 14.4)(IS 21.6),5,미양허,0,0,0,0,0,24,0,0,5,4.8,0,11.2,12.8,11.2,11.2,14.4,0,0,3,17.6,2.5,12,12,미양허,미양허,12,3.7,19.2
543,0809.29.0000,체리(기타/신선),Cherries (Other/fresh),0,0,(CH 미양허)(NO 14.4)(IS 21.6),5,미양허,0,0,0,0,0,24,0,0,5,24,0,11.2,12.8,11.2,11.2,14.4,0,0,미양허,17.6,5,24,24,미양허,미양허,24,미양허,19.2
544,0809.30.0000,복숭아(넥터린포함/신선),Peaches including nectarines (Fresh),0,미양허,미양허,36,미양허,0,0,0,0,14,45,45,0,36,45,45,미양허,미양허,미양허,미양허,미양허,0,0,36,45,36,미양허,미양허,미양허,미양허,미양허,미양허,45
545,0809.40.1000,자두(신선),Plums (Fresh),0(*280M/T) TRQ,0,미양허,0,미양허,0,0,0,0,0,45,0,0,0,45,45,15,18.7,15,15,22.5,0,0,0,30,0,42.2,42.2,미양허,미양허,42.2,0,40.5
546,0809.40.2000,슬로우(신선),Sloes (Fresh),미양허,0,미양허,5,미양허,0,0,0,0,0,45,0,6,5,9,9,15,18.7,15,15,22.5,0,0,3,30,2.5,22.5,22.5,22.5,22.5,22.5,3.7,36
547,0810.10.0000,초본류딸기(신선),Strawberries (Fresh),미양허,0,미양허(NO 36),5,미양허,0,0,0,0,0,45,0,45,5,45,45,미양허,미양허,미양허,미양허,미양허,0,0,미양허,33,5,미양허,미양허,미양허,미양허,미양허,미양허,45
548,0810.20.0000,"나무딸기, 검은나무딸기, 오디, 로간베리(신선)","Raspberries, blackberries, mulberries and logan berries (Fresh)",0,0,미양허,0,미양허,0,0,0,0,0,45,0,6,0,45,9,21,24,21,21,27,0,0,0,30,0,42.2,42.2,미양허,미양허,42.2,0,0
549,0810.30.0000,"흑색, 백색 또는 적색의 커런트와 구즈베리(신선)","Black, white or red currants and gooseberries (Fresh)",0,0,미양허,0,미양허,0,0,0,0,0,45,0,45,0,45,45,15,18.7,15,15,22.5,0,0,0,30,0,미양허,42.2,미양허,미양허,미양허,0,0
550,0810.40.0000,"크렌베리, 빌베리와 기타 박시니엄종의 과실(신선)","Cranberries, bilberries and other fruits of the genus vaccinium (Fresh)",0,0,미양허,0,미양허,0,0,0,0,0,45,0,45,0,45,0,21,24,21,21,27,0,0,0,33,0,미양허,42.2,미양허,미양허,미양허,0,0
551,0810.50.0000,키위푸르트(신선),Kiwifruit (Fresh),0,0,미양허,5,미양허,2.8,0,0,0,0,45,0,45(11월~4월)/9(5월~10월) SD,5,45,0,15,18.7,15,15,22.5,2.8,0,미양허,33,0,0,0,미양허,미양허,미양허,미양허,45
552,0810.60.0000,두리안(신선),Durians (Fresh),0,미양허,미양허,36,미양허,0,0,0,0,0,45,0,6,0,9,9,21,24,21,21,27,0,0,21.6,33,18,22.5,22.5,22.5,22.5,22.5,26.4,36
553,0810.70.1000,감(단감/신선),Persimmons (Sweet persimmons/fresh),0,미양허,미양허,36,미양허,0,0,0,0,14,45,0,45,36,45,45,미양허,미양허,미양허,미양허,미양허,0,0,36,45,36,미양허,미양허,미양허,미양허,미양허,미양허,45
554,0810.70.9000,감(기타/신선),Persimmons (Other/fresh),0,미양허,미양허,5,미양허,0,0,0,0,4.1,50,0,50,5,50,50,미양허,미양허,미양허,미양허,미양허,0,0,5,42.5,5,미양허,미양허,미양허,미양허,미양허,미양허,50
555,0810.90.3000,대추(신선),Jujubes (Fresh),미양허,미양허,미양허,"489.2% or 4,640원/kg",미양허,38.2% 또는 362원/kg 양자중 고액(율),0,"611.5% or 5,800원/kg",0,"611.5% or 5,800원/kg","611.5% or 5,800원/kg","611.5% or 5,800원/kg","611.5% or 5,800원/kg","489.2% or 4,640원/kg","611.5% or 5,800원/kg","611.5% or 5,800원/kg",미양허,미양허,미양허,미양허,미양허,38.2% 또는 362원/kg 양자중 고액(율),0,"293.5% 또는 2,784원/kg, 양자 중 고액(율)","611.5% 또는 5,800원/kg, 양자 중 고액(율)","489.2% or 4,640원/kg ",미양허,미양허,미양허,미양허,미양허,미양허,"611.5% 또는 5,800원/kg, 양자 중 고액(율)"
556,0810.90.5000,매실(신선),Mumes (Fresh),미양허,0,미양허,5,미양허,0,0,0,0,50,NS,0,50,5,50,50,미양허,미양허,미양허,미양허,미양허,0,0,미양허,50,5,미양허,미양허,미양허,미양허,미양허,미양허,50
557,0810.90.9000,기타 과실(신선),Other fruits (Fresh),0,0,미양허,36,미양허,0,0,0,0,0,45,0,45,0,45,45,9,13.5,9,9,18,0,0,,38.2,24,미양허,미양허,미양허,미양허,미양허,미양허,45
558,0811.10.0000,초본류딸기(냉동),Strawberries (Frozen),0,0,미양허,5,미양허,0,0,0,0,9.3,30,0,30,5,30,30,미양허,미양허,미양허,미양허,미양허,0,0,미양허,30,5,미양허,미양허,미양허,미양허,미양허,미양허,24
559,0811.20.0000,"나무딸기, 검은나무딸기, 오디, 로간베리와 흑색, 백색 또는 적색의 커런트 및 구즈베리(냉동)","Raspberries, blackberries mulberries, loganberries black, white or red currants and gooseberries (Frozen)",0,0,미양허,0,미양허,0,0,0,0,0,NS,0,4,0,30,6,14,16,14,14,18,0,0,0,18,0,28.1,28.1,미양허,미양허,28.1,0,0
560,0811.90.1000,밤(냉동),Chestnuts (Frozen),0,미양허,미양허,24,미양허,1.8,0,0,0,30,30,0,8.3,24,30,10,미양허,미양허,미양허,미양허,미양허,1.8,0,19.2,30,24,미양허,미양허,미양허,미양허,미양허,17.6,30
561,0811.90.2000,대추(냉동),Jujubes (Frozen),0,미양허,미양허,24,미양허,0,0,30,0,30,30,0,4,24,30,30,미양허,미양허,미양허,미양허,미양허,0,0,14.4,30,24,미양허,미양허,미양허,미양허,미양허,미양허,30
562,0811.90.3000,잣(냉동),Pine-nuts (Frozen),0,미양허,미양허,24,미양허,1.8,0,30,0,10.7,30,0,4,24,30,6,미양허,미양허,미양허,미양허,미양허,1.8,0,미양허,30,24,미양허,미양허,미양허,미양허,미양허,미양허,30
563,0811.90.9000,기타 과실(냉동),Other fruits (Frozen),0,0,미양허(CH 27),24,미양허,0,0,0,0,0,NS,0,0,0,12,0,0,0,14,0,18,0,0,19.2,18,16,20,20,미양허,미양허,20,17.6,24
564,0812.10.0000,체리(일시저장처리),Cherries (Provisionally preserved),0,0,미양허,5,미양허,0,0,0,0,0,0,0,4,5,6,0,10,12.5,10,10,15,0,0,3,20,2.5,15,15,미양허,미양허,15,3.7,0
565,0812.90.1000,초본류 딸기(일시저장처리),Strawberries (Provisionally preserved),미양허,0,미양허,5,미양허,0,0,0,0,30,NS,0,4,5,30,0,미양허,미양허,미양허,미양허,미양허,0,0,미양허,30,5,30,30,미양허,미양허,30,미양허,30
566,0812.90.9000,기타 과일·견과류(일시저장처리),Other (Fruit and nuts/provisionally preserved),0,0,미양허,0,미양허,0,0,0,0,0,NS,0,4,0,30,6,14,16,14,14,18,0,0,0,22,0,28.1,28.1,미양허,미양허,28.1,0,24
567,0813.10.0000,살구(건조),Apricots (Dried),미양허,0,미양허,0,미양허,0,0,0,0,0,0,0,12.5,0,9,9,15,18.7,15,15,22.5,0,0,0,30,0,22.5,22.5,22.5,22.5,22.5,0,36
568,0813.20.0000,프룬(건조),Prunes (Dried),0,0,미양허(IS 16.2),0,9,0,0,0,0,0,0,0,5,0,3.6,6,6,7.5,6,6,9,0,0,0,10.8,0,12,12,미양허,12,12,0,0
569,0813.30.0000,사과(건조),Apples (Dried),0,0,미양허,36,미양허,0,0,0,0,14,45,45,45,36,45,45,미양허,미양허,미양허,미양허,미양허,0,0,미양허,45,36,미양허,미양허,미양허,미양허,미양허,미양허,45
570,0813.40.1000,감(건조),Persimmons (Dried),미양허,미양허,미양허,40,미양허,0,0,50,0,50,50,0,50,40,50,50,미양허,미양허,미양허,미양허,미양허,0,0,32,50,40,미양허,미양허,미양허,미양허,미양허,미양허,50
571,0813.40.2000,대추(건조),Jujubes (Dried),미양허,미양허,미양허,"489.2% or 4,640원/kg",미양허,38.2% 또는 362원/kg 양자중 고액(율),0,"611.5% or 5,800원/kg",0,"611.5% or 5,800원/kg","611.5% or 5,800원/kg","611.5% or 5,800원/kg","611.5% or 5,800원/kg","489.2% or 4,640원/kg","611.5% or 5,800원/kg","611.5% or 5,800원/kg",미양허,미양허,미양허,미양허,미양허,38.2% 또는 362원/kg 양자중 고액(율),0,"391.3% 또는 3,712원/kg, 양자 중 고액(율)","611.5% 또는 5,800원/kg, 양자 중 고액(율)","489.2% or 4,640원/kg",미양허,미양허,미양허,미양허,미양허,미양허,"611.5% 또는 5,800원/kg, 양자 중 고액(율)"
572,0813.40.9000,기타 과실(건조),Other fruits (Dried),0,0,미양허,36,미양허,0,0,0,0,0,45,0,12.5,0,18,15,미양허,미양허,미양허,미양허,미양허,0,0,28.8,45,36,30,30,미양허,30,30,31.2,36
573,0813.50.0000,과실 견과의 혼합물(제0813호의 것),Mixtures of nuts or dried fruits of this chapter,미양허,0,미양허,5,미양허,0,0,0,0,45,0,0,45,5,18,0,미양허,미양허,미양허,미양허,미양허,0,0,미양허,45,5,미양허,미양허,미양허,미양허,미양허,미양허,0
574,0814.00.1000,감귤류의 껍질,Peel of citrus fruit,0,0,미양허,5,미양허,0,0,0,0,0,NS,0,4,0,6,6,10,12.5,10,10,15,0,0,3,20,1.4,15,15,15,15,15,3.7,24
575,0814.00.2000,멜론의 껍질(수박포함),Peel of melons (Including watermelons),0,0,미양허,0,미양허,0,0,0,0,0,NS,0,4,0,6,6,10,12.5,10,10,15,0,0,0,6,0,15,15,15,15,15,0,24
576,0901.11.0000,커피(볶지 않은 것/카페인 미제거),Coffee (Not roasted/not decaffeinated),0,0,0,0,0,0,0,0,0,0,0,0,0,0,0,0,0,0,0,0,0,0,0,0,1.4,0,0,0,1,1,0,0,0
577,0901.12.0000,커피(볶지 않은 것/카페인 제거),Coffee (Not roasted/decaffeinated),0,0,0,0,0,0,0,0,0,0,0,0,0,0,0,0,0,0,0,0,0,0,0,0,1.2,0,0,0,0,0,0,0,0
578,0901.21.0000,커피(볶음/카페인 미제거),Coffee (Roasted/not decaffeinated),0,0,0,0,4,0,0,0,0,0,NS,0,0,0,0,0,0,0,0,0,0,0,0,0,5.3,0,4,4,4,4,4,4.8,6.4
579,0901.22.0000,커피(볶음/카페인 제거),Coffee (Roasted/decaffeinated),0,0,0,0,4,0,0,0,0,0,5.6,0,0,0,0,0,0,0,0,0,0,0,0,0,5.3,0,4,4,4,4,4,4.8,6.4
580,0901.90.1000,커피의 각과 피,Coffee husks and skins,0,0,0,0,0,0,0,0,0,0,0,0,0,0,0,0,0,0,0.6,0,0,0,0,0,1.8,0,0,0,0,0,0,1.8,0
581,0901.90.2000,커피를 함유한 커피대용물,Coffee substitutes containing coffee,0,0,6.4,0,4,0,0,0,0,0,5.6,0,0,0,0,0,0,0,2.6,2.6,0,0,0,0,5.3,0,4,4,4,4,4,4.8,6.4
582,0902.10.0000,녹차(발효하지 않은 것/3㎏ 이하 내용물에 직접 접하여 포장),Green tea (Not fermented/in immediate packings of a content not exceeding 3㎏),미양허,미양허,미양허,미양허,미양허,108.1,81,0,0/513.6(16.6M/T) ASG,160.5,513.6,513.6,513.6,513.6,513.6,513.6,미양허,미양허,미양허,미양허,미양허,108.1,81,미양허,513.6,513.6,미양허,미양허,미양허,미양허,미양허,미양허,462.2
583,0902.20.0000,녹차(기타/발효하지 않은 것),Other green tea (Not fermented),미양허,미양허,미양허,미양허,미양허,108.1,81,0,0/513.6(16.6M/T) ASG,160.5,513.6,513.6,513.6,513.6,513.6,513.6,미양허,미양허,미양허,미양허,미양허,108.1,81,미양허,513.6,513.6,미양허,미양허,미양허,미양허,미양허,미양허,462.2
584,0902.30.0000,홍차(발효차)와 부분발효차(3㎏ 이하 내용물에 직접 접하여 포장),Black tea (Fermented) and partly fermented tea (In immediate packings of a content not exceeding 3㎏),미양허,0,36,0,미양허,0,0,0,0,0,NS,0,11.1,0,40,13.3,8,12,8,8,16,0,0,0,24,0,37.5,37.5,미양허,미양허,37.5,0,0
585,0902.40.0000,홍차 기타(발효차)와 부분발효차 기타 ,Other black tea (Femented) and other partly fermented tea,미양허,0,36,0,미양허,0,0,0,0,0,NS,0,11.1,0,40,13.3,13.3,16.6,13.3,13.3,20,0,0,0,24,0,37.5,37.5,미양허,미양허,37.5,0,32
586,0903.00.0000,마테,Mate,미양허,0,미양허(IS 22.5),0,12.5,0,0,0,0,0,0,0,0,0,10,0,5,7.5,5,5,10,0,0,0,15,0,16.7,16.7,미양허,16.7,16.7,0,20
587,0904.11.0000,후추(파쇄하지 아니한 것으로서 분쇄도 하지 아니한 것),Pepper (Neither crushed nor ground),0,0,미양허(IS 6.4),0,4,0,0,0,0,0,0,0,0,0,1.6,0,0,0,0,0,0,0,0,0,0,0,4,4,4,4,4,0,6.4
588,0904.12.0000,후추(파쇄 또는 분쇄한 것),Pepper (Crushed or ground),0,0,미양허(IS 6.4),0,4,0,0,0,0,0,5.6,0,0,0,1.6,0,0,4.2,3.7,3.7,4.8,0,0,0,1.6,0,4,4,4,4,4,0,6.4
589,0904.21.0000,고추류(건조/미파쇄 및 미분쇄),Fruits of the genus Capsicum or Pimenta (Dried/neither crushed nor ground),미양허,미양허,미양허,미양허,미양허,"270% or 6,210원/kg","270% or 6,210원/kg","270% or 6,210원/kg","18% or 414원/kg/270(1,655M/T) ASG","270% or 6,210원/kg","270% or 6,210원/kg","270% or 6,210원/kg","270.0% or 6,210원/kg","270% or 6,210원/kg","270% or 6,210원/kg","270% or 6,210원/kg",미양허,미양허,미양허,미양허,미양허,"270% or 6,210원/kg ","270% or 6,210원/kg ",미양허,"270% 또는 6,210원/kg, 양자 중 고액(율)","270% or 6,210원/kg",미양허,미양허,미양허,미양허,미양허,미양허,"270.0% 또는 6,210원/kg, 양자 중 고액(율)"
590,0904.22.0000,고추류(파쇄 또는 분쇄),Fruits of the genus Capsicum or Pimenta (Crushed or ground),미양허,미양허,미양허,미양허,미양허,"270% or 6,210원/kg","270% or 6,210원/kg","270% or 6,210원/kg","18% or 414원/kg/270(1,655M/T) ASG","270% or 6,210원/kg","270% or 6,210원/kg","270% or 6,210원/kg","270.0% or 6,210원/kg","270% or 6,210원/kg","270% or 6,210원/kg","270% or 6,210원/kg",미양허,미양허,미양허,미양허,미양허,"270% or 6,210원/kg ","270% or 6,210원/kg ",미양허,"270% 또는 6,210원/kg, 양자 중 고액(율)","270% or 6,210원/kg",미양허,미양허,미양허,미양허,미양허,미양허,"270.0% 또는 6,210원/kg, 양자 중 고액(율)"
591,0905.10.0000,바닐라(미파쇄 및 미분쇄),Vanilla (Neither crushed nor ground),0,0,미양허(IS 6.4),0,4,0,0,0,0,0,5.6,0,1,0,0,1.6,0,0,0,0,0,0,0,0,1.6,0,4,4,4,4,4,0,6.4
592,0905.20.0000,바닐라(파쇄 또는 분쇄),Vanilla (Crushed or ground),0,0,미양허(IS 6.4),0,4,0,0,0,0,0,5.6,0,1,0,0,1.6,0,0,0,0,0,0,0,0,0,0,4,4,4,4,4,0,6.4
593,0906.11.0000,계피(신나모멈 제이나이쿰 블룸/미분쇄),Cinnamon (Cinnamomum zeylanicum Blume/neither crushed nor ground),0,0,미양허(IS 6.4),0,4,0,0,0,0,0,0,0,0,0,1.6,0,2.6,3.3,2.6,2.6,4,0,0,0,1.6,0,4,4,4,4,4,0,0
594,0906.19.0000,기타 계피(미분쇄),Other cinnamon (Other than Cinnamomum zeylanicum Blume/neither crushed nor ground),0,0,미양허(IS 6.4),0,,0,0,0,0,0,0,0,0,0,1.6,0,0,0,0,0,0,0,0,0,1.6,0,4,4,4,4,4,0,0
595,0906.20.0000,계피(파쇄 또는 분쇄),Cinnamon (Crushed or ground),0,0,미양허(IS 6.4),0,0,0,0,0,0,0,0,0,0,0,1.6,0,2.6,3.3,2.6,2.6,4,0,0,0,1.6,0,4,4,4,4,4,0,
596,0907.10.0000,"정향/과실, 꽃 및 화경에 한함(미파쇄 및 미분쇄)","Cloves (Whole fruit, cloves and stems/neither crushed nor ground)",0,0,미양허(IS 6.4),0,0,0,0,0,0,0,0,0,0,0,1.6,0,0,0,0,0,0,0,0,0,1.6,0,4,4,4,4,4,0,6.4
597,0907.20.0000,"정향/과실, 꽃 및 화경에 한함(파쇄 또는 분쇄)","Cloves (Whole fruit, cloves and stems/crushed or ground)",0,0,미양허(IS 6.4),0,0,0,0,0,0,0,0,0,0,0,1.6,0,0,0,0,0,0,0,0,0,1.6,0,4,4,4,4,4,0,6.4
598,0908.11.0000,육두구(미파쇄 및 미분쇄),Nutmeg (Neither crushed nor ground),0,0,미양허(IS 6.4),0,4,0,0,0,0,0,0,0,0,0,1.6,0,3.7,4.2,3.7,3.7,4.8,0,0,0,1.6,0,4,4,4,4,4,0,6.4
599,0908.12.0000,육두구(파쇄 또는 분쇄),Nutmeg (Crushed or ground),0,0,미양허(IS 6.4),0,4,0,0,0,0,0,0,0,0,0,1.6,0,3.7,4.2,3.7,3.7,4.8,0,0,0,1.6,0,4,4,4,4,4,0,6.4
600,0908.21.0000,메이스(미파쇄 및 미분쇄),Mace (Neither crushed nor ground),0,0,미양허(IS 6.4),0,0,0,0,0,0,0,0,0,0,0,0,0,0,0,0,0,0,0,0,0,1.6,0,4,4,4,4,4,0,6.4
601,0908.22.0000,메이스(파쇄 또는 분쇄),Mace (Crushed or ground),0,0,미양허(IS 6.4),0,0,0,0,0,0,0,0,0,0,0,0,0,0,0,0,0,0,0,0,0,0,0,4,4,4,4,4,0,6.4
602,0908.31.0000,소두구(미파쇄 및 미분쇄),Cardamoms (Neither crushed nor ground),0,0,미양허(IS 6.4),0,4,0,0,0,0,0,0,0,0,0,1.6,0,0,0,0,0,0,0,0,0,1.6,0,4,4,4,4,4,0,6.4
603,0908.32.0000,소두구(파쇄 또는 분쇄),Cardamoms (Crushed or ground),0,0,미양허(IS 6.4),0,4,0,0,0,0,0,0,0,0,0,1.6,0,0,0,0,0,0,0,0,0,0,0,4,4,4,4,4,0,6.4
604,0909.21.0000,코리앤더의 씨(미파쇄 및 미분쇄),Seeds of coriander (Neither crushed nor ground),0,0,미양허(IS 6.4),0,4,0,0,0,0,0,0,0,1,0,0,0,0,0,0,0,0,0,0,0,1.6,0,4,4,4,4,4,0,6.4
605,0909.22.0000,코리앤더의 씨(파쇄 또는 분쇄),Seeds of coriander (Crushed or ground),0,0,미양허(IS 6.4),0,4,0,0,0,0,0,0,0,1,0,0,0,0,0,0,0,0,0,0,0,0,0,4,4,4,4,4,0,6.4
606,0909.31.0000,커민의 씨(미파쇄 및 미분쇄),Seeds of cumin (Neither crushed nor ground),0,0,미양허(IS 6.4),0,4,0,0,0,0,0,0,0,1,0,1.6,0,0,0,0,0,0,0,0,0,1.6,0,4,4,4,4,4,0,6.4
607,0909.32.0000,커민의 씨(파쇄 또는 분쇄),Seeds of cumin (Crushed or ground),0,0,미양허(IS 6.4),0,4,0,0,0,0,0,0,0,1,0,1.6,0,0,0,0,0,0,0,0,0,0,0,4,4,4,4,4,0,6.4
608,0909.61.1000,아니스 또는 대회향의 씨(미파쇄 및 미분쇄),Seeds of anise or badian (Neither crushed nor ground),0,0,미양허(IS 6.4),0,0,0,0,0,0,0,0,0,0,0,0,0,0,0,0,0,0,0,0,0,1.6,0,4,4,4,4,4,0,6.4
609,0909.61.2000,캐러웨이의 씨(미파쇄 및 미분쇄),Seeds of caraway (Neither crushed nor ground),0,0,미양허(IS 6.4),0,0,0,0,0,0,0,0,0,0,0,1.6,0,0,0,0,0,0,0,0,0,1.6,0,4,4,4,4,4,0,6.4
610,0909.61.3000,회향의 씨와 주니퍼의 열매(미파쇄 및 미분쇄),"Seeds of fennel, juniper berries (Neither crushed nor ground)",0,0,미양허(IS 6.4),0,4,0,0,0,0,0,0,0,0,0,1.6,0,0,0,0,0,0,0,0,0,1.6,0,4,4,4,4,4,0,6.4
611,0909.62.1000,아니스 또는 대회향의 씨(파쇄 또는 분쇄),Seeds of anise or badian (Crushed or ground),0,0,미양허(IS 6.4),0,0,0,0,0,0,0,0,0,0,0,0,0,0,0,0,0,0,0,0,0,0,0,4,4,4,4,4,0,0
612,0909.62.2000,캐러웨이의 씨(파쇄 또는 분쇄),Seeds of caraway (Crushed or ground),0,0,미양허(IS 6.4),0,0,0,0,0,0,0,0,0,0,0,1.6,0,0,0,0,0,0,0,0,0,1.6,0,4,4,4,4,4,0,6.4
613,0909.62.3000,회향의 씨와 주니퍼의 열매(파쇄 또는 분쇄),"Seeds of fennel, juniper berries (Crushed or ground)",0,0,미양허(IS 6.4),0,4,0,0,0,0,0,0,0,0,0,1.6,0,0,0,0,0,0,0,0,0,1.6,0,4,4,4,4,4,0,6.4
614,0910.11.1000,생강(미파쇄 및 미분쇄/신선 또는 냉장),Ginger (Neither crushed nor ground/fresh or chilled),미양허,미양허,미양허,301.8% or 744원/kg,미양허,79.4% 또는 196원/kg 양자중 고액(율),59.5% 또는 147원/kg 양자중 고액(율),0,"25.1% or 62원/kg/377.3(1,147M/T)  ASG","117.9% 또는 290원/kg, 양자중 고액(율)",377.3% or 931원/kg,377.3% or 931원/kg,377.3% or 931원/kg,301.8% or 744원/kg,377.3% or 931원/kg,377.3% or 931원/kg,미양허,미양허,미양허,"188.6% 또는 465원/Kg, 양자 중 고액(율)",미양허,79.4% 또는 196원/kg 양자중 고액(율),59.5% 또는 147원/kg 양자중 고액(율),미양허,"377.3% 또는 931원/kg, 양자 중 고액(율)",301.8% or 744원/kg,미양허,미양허,미양허,미양허,미양허,미양허,"377.3% 또는 931원/kg, 양자 중 고액(율)"
615,0910.11.2000,생강(미파쇄 및 미분쇄/건조),Ginger (Neither crushed nor ground/dried),미양허,미양허,미양허,301.8% or 744원/kg,미양허,79.4% 또는 196원/kg 양자중 고액(율),59.5% 또는 147원/kg 양자중 고액(율),0,"25.1% or 62원/kg/377.3(1,147M/T)  ASG","117.9% 또는 290원/kg, 양자중 고액(율)",377.3% or 931원/kg,377.3% or 931원/kg,377.3% or 931원/kg,0,377.3% or 931원/kg,377.3% or 931원/kg,미양허,미양허,미양허,"75.4% 또는 186원/Kg, 양자 중 고액(율)",미양허,79.4% 또는 196원/kg 양자중 고액(율),59.5% 또는 147원/kg 양자중 고액(율),미양허,"377.3% 또는 931원/kg, 양자 중 고액(율)","150.9% 또는 372원/kg, 양자 중 고액(율)",미양허,미양허,미양허,미양허,미양허,미양허,"377.3% 또는 931원/kg, 양자 중 고액(율)"
616,0910.11.3000,생강(미파쇄 및 미분쇄/냉동),Ginger (Neither crushed nor ground/frozen),미양허,미양허,미양허,301.8% or 744원/kg,미양허,79.4% 또는 196원/kg 양자중 고액(율),59.5% 또는 147원/kg 양자중 고액(율),0,"25.1% or 62원/kg/377.3(1,147M/T)  ASG","117.9% 또는 290원/kg, 양자중 고액(율)",377.3% or 931원/kg,377.3% or 931원/kg,377.3% or 931원/kg,0,377.3% or 931원/kg,377.3% or 931원/kg,미양허,미양허,미양허,"188.6% 또는 465원/Kg, 양자 중 고액(율)",미양허,79.4% 또는 196원/kg 양자중 고액(율),59.5% 또는 147원/kg 양자중 고액(율),미양허,"377.3% 또는 931원/kg, 양자 중 고액(율)","150.9% 또는 372원/kg, 양자 중 고액(율)",미양허,미양허,미양허,미양허,미양허,301.8% or 744원/kg,"377.3% 또는 931원/kg, 양자 중 고액(율)"
617,0910.11.9000,생강(미파쇄 및 미분쇄/기타),Ginger (Neither crushed nor ground/other),미양허,미양허,미양허,301.8% or 744원/kg,미양허,79.4% 또는 196원/kg 양자중 고액(율),59.5% 또는 147원/kg 양자중 고액(율),0,"25.1% or 62원/kg/377.3(1,147M/T)  ASG","117.9% 또는 290원/kg, 양자중 고액(율)",377.3% or 931원/kg,377.3% or 931원/kg,377.3% or 931원/kg,0,377.3% or 931원/kg,377.3% or 931원/kg,미양허,미양허,미양허,"188.6% 또는 465원/Kg, 양자 중 고액(율)",미양허,79.4% 또는 196원/kg 양자중 고액(율),59.5% 또는 147원/kg 양자중 고액(율),미양허,"377.3% 또는 931원/kg, 양자 중 고액(율)","150.9% 또는 372원/kg, 양자 중 고액(율)",미양허,미양허,미양허,미양허,미양허,미양허,"377.3% 또는 931원/kg, 양자 중 고액(율)"
618,0910.12.1000,생강(파쇄 또는 분쇄/신선 또는 냉장),ginger (Crushed or ground/fresh or chilled),미양허,미양허,미양허,301.8% or 744원/kg,미양허,79.4% 또는 196원/kg 양자중 고액(율),59.5% 또는 147원/kg 양자중 고액(율),0,"25.1% or 62원/kg/377.3(1,147M/T)  ASG","117.9% 또는 290원/kg, 양자중 고액(율)",377.3% or 931원/kg,377.3% or 931원/kg,377.3% or 931원/kg,0,377.3% or 931원/kg,377.3% or 931원/kg,미양허,미양허,미양허,미양허,미양허,79.4% 또는 196원/kg 양자중 고액(율),59.5% 또는 147원/kg 양자중 고액(율),미양허,"377.3% 또는 931원/kg, 양자 중 고액(율)",301.8% or 744원/kg,미양허,미양허,미양허,미양허,미양허,미양허,"377.3% 또는 931원/kg, 양자 중 고액(율)"
619,0910.12.2000,생강(파쇄 또는 분쇄/건조),ginger (Crushed or ground/dried),미양허,미양허,미양허,301.8% or 744원/kg,미양허,79.4% 또는 196원/kg 양자중 고액(율),59.5% 또는 147원/kg 양자중 고액(율),0,"25.1% or 62원/kg/377.3(1,147M/T)  ASG","117.9% 또는 290원/kg, 양자중 고액(율)",377.3% or 931원/kg,377.3% or 931원/kg,377.3% or 931원/kg,0,377.3% or 931원/kg,377.3% or 931원/kg,"176% 또는 434원/Kg, 양자 중 고액(율)","201.2% 또는 496원/Kg, 양자 중 고액(율)","176% 또는 434원/Kg, 양자 중 고액(율)","176% 또는 434원/Kg, 양자 중 고액(율)","226.3% 또는 558원/Kg, 양자 중 고액(율)",79.4% 또는 196원/kg 양자중 고액(율),59.5% 또는 147원/kg 양자중 고액(율),미양허,"377.3% 또는 931원/kg, 양자 중 고액(율)","150.9% 또는 372원/kg, 양자 중 고액(율)",미양허,미양허,미양허,미양허,미양허,미양허,"377.3% 또는 931원/kg, 양자 중 고액(율)"
620,0910.12.3000,생강(파쇄 또는 분쇄/냉동),Ginger (Crushed or ground/frozen),미양허,미양허,미양허,301.8% or 744원/kg,미양허,79.4% 또는 196원/kg 양자중 고액(율),59.5% 또는 147원/kg 양자중 고액(율),0,"25.1% or 62원/kg/377.3(1,147M/T)  ASG","117.9% 또는 290원/kg, 양자중 고액(율)",377.3% or 931원/kg,377.3% or 931원/kg,377.3% or 931원/kg,0,377.3% or 931원/kg,377.3% or 931원/kg,미양허,미양허,미양허,미양허,미양허,79.4% 또는 196원/kg 양자중 고액(율),59.5% 또는 147원/kg 양자중 고액(율),미양허,"377.3% 또는 931원/kg, 양자 중 고액(율)","150.9% 또는 372원/kg, 양자 중 고액(율)",미양허,미양허,미양허,미양허,미양허,301.8% or 744원/kg,"377.3% 또는 931원/kg, 양자 중 고액(율)"
621,0910.12.9000,생강(파쇄 또는 분쇄/기타),Ginger (Crushed or ground/other),미양허,미양허,미양허,301.8% or 744원/kg,미양허,79.4% 또는 196원/kg 양자중 고액(율),59.5% 또는 147원/kg 양자중 고액(율),0,"25.1% or 62원/kg/377.3(1,147M/T)  ASG","117.9% 또는 290원/kg, 양자중 고액(율)",377.3% or 931원/kg,377.3% or 931원/kg,377.3% or 931원/kg,0,377.3% or 931원/kg,377.3% or 931원/kg,미양허,미양허,미양허,미양허,미양허,79.4% 또는 196원/kg 양자중 고액(율),59.5% 또는 147원/kg 양자중 고액(율),미양허,"377.3% 또는 931원/kg, 양자 중 고액(율)","150.9% 또는 372원/kg, 양자 중 고액(율)",미양허,미양허,미양허,미양허,미양허,미양허,"377.3% 또는 931원/kg, 양자 중 고액(율)"
622,0910.20.0000,사프란,Saffron,0,0,미양허,0,0,0,0,0,0,0,0,0,0,0,0,0,0,0,0,0,0,0,0,0,1.6,0,4,4,4,4,4,0,6.4
623,0910.30.0000,심황(강황),Turmeric (Curcuma),0,0,미양허(IS 6.4),0,5,0,0,0,0,0,0,0,0,0,0,0,2.6,3.3,2.6,2.6,4,0,0,0,1.6,0,5.3,5.3,미양허,미양허,5.3,0,6.4
624,0910.91.1000,카레,Curry (Mixtures referred to in Note 1(b) to this Chapter),0,0,미양허(IS 6.4),0,4,0,0,0,0,0,5.6,0,0,0,1.6,0,2.6,3.3,2.6,2.6,4,0,0,0,1.6,0,5.3,5.3,미양허,5.3,5.3,0,6.4
625,0910.91.9000,카레이외(혼합물/제9류의 주 제1호에 나목으로 한함),Other (Mixtures referred to in Note 1(b) to this Chapter),0,0,6.4(CH 미양허),0,4,0,0,0,0,0,0,0,0,0,1.6,0,2.6,3.3,2.6,2.6,4,0,0,0,1.6,0,5.3,5.3,미양허,5.3,5.3,0,6.4
626,0910.99.1000,타임 및 월계수의 잎,Thyme; bay leaves,0,0,6.4(CH 미양허),0,4,0,0,0,0,0,0,0,0,0,0,0,3.7,4.2,3.7,3.7,4.8,0,0,0,1.6,0,5.3,5.3,미양허,미양허,5.3,0,6.4
627,0910.99.9000,향신료 기타 ,Other spices,0,0,6.4(CH 미양허),0,미양허,0,0,0,0,0,0,0,0,0,1.6,0,2.6,3.3,2.6,2.6,4,0,0,0,1.6,0,5.3,5.3,미양허,5.3,5.3,0,6.4
628,1001.11.0000,듀럼종의 밀(종자),Durum wheat (Seed),0,0,2.4(CH 미양허),0,미양허,0,0,0,0,0,NS,0,0,0,0,0,0,0,0,0,0,0,0,0,0,0,0,0,0,0,0,0,0
629,1001.19.0000,듀럼종의 밀(기타),Durum wheat (Other),0,0,2.4(CH 미양허),0,미양허,0,0,0,0,0,NS,0,0,0,0,0,0,0,0,0,0,0,0,0,0,0,0,0,0,0,0,0,0
630,1001.91.1000,기타(종자/메슬린),Other (Seed/meslin),0,0,2.4(CH 미양허),0,미양허,0,0,0,0,0,2.7,0,0,0,0,0,0,0,0,0,0,0,0,0,0,0,0,0,0,0,0,0,0
631,1001.91.9000,기타(종자/기타),Other (Seed/other),0,0,0(CH 미양허),0,0,0,0,0,0,0,0,0,0,0,0,0,0,0,0,0,0,0,0,0,0,0,0,0,0,0,0,0,0
632,1001.99.1010,기타(기타/사료용/메슬린),Other (Other/for feeding/meslin),0,0,2.4(CH 미양허),0,미양허,0,0,0,0,0,2.7,0,0,0,0,0,0,0,0,0,0,0,0,0,0,0,0,0,0,0,0,0,0
633,1001.99.1090,기타(기타/사료용/기타),Other (Other/for feeding/other),0,0,0,0,0,0,0,0,0,0,0,0,0,0,0,0,0,0,0,0,0,0,0,0,0,0,0,0,0,0,0,0,0
634,1001.99.2010,기타(기타/제분용/메슬린),Other (Other/for milling/meslin),0,0,2.4(CH 미양허),0,미양허,0,0,0,0,0,2.7,0,0,0,0,0,0,0,0,0,0,0,0,0,0,0,0,0,0,0,0,0,0
635,1001.99.2090,기타(기타/제분용/기타),Other (Other/for milling/other),0,0,0,0,0,0,0,0,0,0,0,0,0,0,0,0,0,0,0,0,0,0,0,0,0,0,0.9,0.9,0.9,0.9,0.9,0,0
636,1001.99.9010,기타(기타/기타/메슬린),Other (Other/other/meslin),0,0,2.4(CH 미양허),0,미양허,0,0,0,0,0,2.7,0,0,0,0,0,0,0,0,0,0,0,0,0,0,0,0,0,0,0,0,0,0
637,1001.99.9090,기타(기타/기타/기타),Other (Other/other/other),0,0,0,0,0,0,0,0,0,0,0,0,0,0,0,0,0,0,0,0,0,0,0,0,0,0,0,0,0,0,0,0,0
638,1002.10.0000,호밀(종자),Rye (Seed),미양허,0,미양허,0,5,0,0,0,0,0,108.7,0,14.4,0,21.7,21.7,36.2,45.2,36.2,36.2,54.3,0,0,0,72.4,0,54.4,54.4,54.4,54.4,54.4,0,86.9
639,1002.90.0000,호밀(기타),Rye (Other),0,0,0,0,0,0,0,0,0,0,0,0,0,0,0,0,0,0,0,0,0,0,0,0,0,0,0,0,0,0,0,0,0
640,1003.10.1000,맥주보리(종자),Malting barley (Seed),미양허,미양허,미양허,256.5,미양허,"0/64.1(*16,179M/T) TRQ /221(17,755M/T) ASG","0/32(*16,664M/T) TRQ /174(18,472M/T) ASG",513,"0/34.2(*11,875M/T)  TRQ /174(11,875M/T) ASG",513,513,102.6,"0/102.6(*12,434M/T) TRQ /221(187,048M/T) ASG",256.5,513,513,미양허,미양허,미양허,미양허,미양허,"0/32 (1,816 *M/T) TRQ /197(1,966M/T) ASG","0/32 (1,816 *M/T) TRQ /174(2,005M/T) ASG",256.5,513,256.5,미양허,미양허,미양허,미양허,미양허,미양허,513
641,1003.10.2000,겉보리(종자),Unhulled barley (Seed),미양허,미양허,미양허,162% or 163원/kg,미양허,324% or 326원/kg,324% or 326원/kg,324% or 326원/kg,"0/21.6% or 21원/kg(*3,299M/T)  TRQ /110(3,299M/T) ASG",324% or 326원/kg,324% or 326원/kg,"0/194(*2,500M/T) TRQ / 194(2,500M/T) ASG",324.0% or 326원/kg,162% or 163원/kg,324% or 326원/kg,324% or 326원/kg,미양허,미양허,미양허,미양허,미양허,324% or 326원/kg ,324% or 326원/kg ,162% or 163원/kg,"324% 또는 326원/kg, 양자 중 고액(율)",162% or 163원/kg,미양허,미양허,미양허,미양허,미양허,미양허,"324.0% 또는 326원/kg, 양자 중 고액(율)"
642,1003.10.3000,쌀보리(종자),Naked barley (Seed),미양허,미양허,미양허,149.8% or 180원/kg,미양허,299.7% or 361원/kg,299.7% or 361원/kg,299.7% or 361원/kg,"0/19.9% or 24원/kg(*3,299M/T)  TRQ /102(3,299M/T) ASG",299.7% or 361원/kg,299.7% or 361원/kg,"0/179.7(*2,500M/T) TRQ 179.7(2,500M/T) ASG",299.7% or 361원/kg,149.8% or 180원/kg,299.7% or 361원/kg,299.7% or 361원/kg,미양허,미양허,미양허,미양허,미양허,299.7% or 361원/kg ,299.7% or 361원/kg ,149.8% or 180원/kg,"299.7% 또는 361원/kg, 양자 중 고액(율)",149.8% or 180원/kg,미양허,미양허,미양허,미양허,미양허,미양허,"299.7% 또는 361원/kg, 양자 중 고액(율)"
643,1003.10.9000,기타 보리(종자),Other barley (Seed),미양허,미양허,미양허,149.8,미양허,0,0,0,0,299.7,299.7,0,299.7,149.8,299.7,299.7,미양허,미양허,미양허,미양허,미양허,0,0,미양허,299.7,149.8,미양허,미양허,미양허,미양허,미양허,미양허,299.7
644,1003.90.1000,맥주보리(기타),Malting barley (Other),미양허,미양허,미양허,256.5,미양허,"0/64.1(*16,179M/T) TRQ /221(17,755M/T) ASG","0/32(*16,664M/T) TRQ /174(18,472M/T) ASG",513,"0/34.2(*11,875M/T)  TRQ /174(11,875M/T) ASG",513,513,102.6,"0/102.6(*12,434M/T) TRQ /221(187,048M/T) ASG",256.5,513,513,미양허,미양허,미양허,미양허,미양허,"0/32 (1,816 *M/T) TRQ /197(1,966M/T) ASG","0/32 (1,816 *M/T) TRQ /174(2,005M/T) ASG",미양허,513,256.5,미양허,미양허,미양허,미양허,미양허,미양허,513
645,1003.90.2000,겉보리(기타),Unhulled barley (Other),미양허,미양허,미양허,162% or 163원/kg,미양허,324% or 326원/kg,324% or 326원/kg,324% or 326원/kg,"0/21.6% or 21원/kg(*3,299M/T)  TRQ /110(3,299M/T) ASG",324% or 326원/kg,324% or 326원/kg,"0/194(*2,500M/T) TRQ / 194(2,500M/T) ASG",324.0% or 326원/kg,162% or 163원/kg,324% or 326원/kg,324% or 326원/kg,미양허,미양허,미양허,미양허,미양허,324% or 326원/kg ,324% or 326원/kg ,미양허,"324% 또는 326원/kg, 양자 중 고액(율)",162% or 163원/kg,미양허,미양허,미양허,미양허,미양허,미양허,"324.0% 또는 326원/kg, 양자 중 고액(율)"
646,1003.90.3000,쌀보리(기타),Naked barley (Other),미양허,미양허,미양허,149.8% or 180원/kg,미양허,299.7% or 361원/kg,299.7% or 361원/kg,299.7% or 361원/kg,"0/19.9% or 24원/kg(*3,299M/T)  TRQ /102(3,299M/T) ASG",299.7% or 361원/kg,299.7% or 361원/kg,"0/179.7(*2,500M/T) TRQ 179.7(2,500M/T) ASG",299.7% or 361원/kg,149.8% or 180원/kg,299.7% or 361원/kg,299.7% or 361원/kg,미양허,미양허,미양허,미양허,미양허,299.7% or 361원/kg ,299.7% or 361원/kg ,미양허,"299.7% 또는 361원/kg, 양자 중 고액(율)",149.8% or 180원/kg,미양허,미양허,미양허,미양허,미양허,미양허,"299.7% 또는 361원/kg, 양자 중 고액(율)"
647,1003.90.9000,보리기타(기타),Other barley (Other),미양허,미양허,미양허,149.8,미양허,0,0,0,0,299.7,299.7,0,299.7,149.8,299.7,299.7,미양허,미양허,미양허,미양허,미양허,0,0,미양허,299.7,149.8,미양허,미양허,미양허,미양허,미양허,미양허,299.7
648,1004.10.0000,귀리(종자),Oats (Seed),미양허,0,미양허,0,277.4,0,0,0,0,0,554.8,0,0,0,221.9,110.9,184.9,231.1,184.9,184.9,277.4,0,0,0,369.8,0,369.9,369.9,미양허,369.9,369.9,0,443.8
649,1004.90.0000,귀리(기타),Oats (Other),0,0,0,0,0,0,0,0,0,0,0,0,0,0,0,0,0,0,0,0,0,0,0,0,0,0,0,0,0,0,0,0,0
650,1005.10.0000,옥수수(종자용),Maize (For seed),0,0,미양허,0,164,0,0,0,0,102.5,0,0,91.1,0,130,164,미양허,미양허,미양허,미양허,미양허,0,0,0,328,0,미양허,미양허,미양허,미양허,미양허,0,328
651,1005.90.1000,옥수수(사료용),Maize (For feeding),미양허,0,미양허,0,164,0,0,0,0,0,328,0,91.1,0,328,164,109.3,136.6,109.3,109.3,164,0,0,0,218.6,0,미양허,미양허,미양허,미양허,미양허,0,295.2
652,1005.90.2000,옥수수(팝콘용),Maize (For popcorn),미양허,미양허,미양허,315,미양허,0,0,0,0,196.8,630,0,175,315,630,315,미양허,미양허,미양허,미양허,미양허,0,0,미양허,630,315,미양허,미양허,미양허,미양허,미양허,미양허,567
653,1005.90.9000,옥수수(기타),Maize (Other),미양허,미양허,미양허,164,미양허,0,0,,0,0,328,0,0,164,328,164,미양허,미양허,미양허,미양허,미양허,0,0,미양허,218.6,164,미양허,미양허,미양허,미양허,미양허,미양허,295.2
654,1006.10.0000,벼,Rice in the husk (Paddy or rough),미양허,미양허,미양허,미양허,미양허,미양허,미양허,미양허,미양허,미양허,미양허,미양허,미양허,미양허,미양허,미양허,미양허,미양허,미양허,미양허,미양허,미양허,미양허,미양허,미양허,513,미양허,미양허,미양허,미양허,미양허,미양허,513
655,1006.20.1000,메현미,Husked (Brown) rice (Nonglutinous),미양허,미양허,미양허,미양허,미양허,미양허,미양허,미양허,미양허,미양허,미양허,미양허,미양허,미양허,미양허,미양허,미양허,미양허,미양허,미양허,미양허,미양허,미양허,미양허,미양허,513,미양허,미양허,미양허,미양허,미양허,미양허,513
656,1006.20.2000,찰현미,Husked (Brown) rice (Glutinous),미양허,미양허,미양허,미양허,미양허,미양허,미양허,미양허,미양허,미양허,미양허,미양허,미양허,미양허,미양허,미양허,미양허,미양허,미양허,미양허,미양허,미양허,미양허,미양허,미양허,513,미양허,미양허,미양허,미양허,미양허,미양허,513
657,1006.30.1000,멥쌀,Semi-milled or wholly milled rice (Nonglutinous),미양허,미양허,미양허,미양허,미양허,미양허,미양허,미양허,미양허,미양허,미양허,미양허,미양허,미양허,미양허,미양허,미양허,미양허,미양허,미양허,미양허,미양허,미양허,미양허,미양허,513,미양허,미양허,미양허,미양허,미양허,미양허,513
658,1006.30.2000,찹쌀,Semi-milled or wholly milled rice (Glutinous),미양허,미양허,미양허,미양허,미양허,미양허,미양허,미양허,미양허,미양허,미양허,미양허,미양허,미양허,미양허,미양허,미양허,미양허,미양허,미양허,미양허,미양허,미양허,미양허,미양허,513,미양허,미양허,미양허,미양허,미양허,미양허,513
659,1006.40.0000,쇄미,Broken rice,미양허,미양허,미양허,미양허,미양허,미양허,미양허,미양허,미양허,미양허,미양허,미양허,미양허,미양허,미양허,미양허,미양허,미양허,미양허,미양허,미양허,미양허,미양허,미양허,미양허,513,미양허,미양허,미양허,미양허,미양허,미양허,513
660,1007.10.0000,수수(종자),Grain sorghum (Seed),미양허,0,미양허,0,389.7,0,0,0,0,243.5,779.4,0,779.4,0,311.7,779.4,미양허,미양허,미양허,미양허,미양허,0,0,0,779.4,0,미양허,584.6,미양허,584.6,미양허,0,779.4
661,1007.90.0000,수수(기타),Grain sorghum (Other),0,0,0(NO 미양허),0,0,0,0,0,0,0,0,0,0,0,0,0,0,0,0,0,0,0,0,0,0,0,0,0,0,0,0,0,0
662,1008.10.0000,메밀,Buckwheat,미양허,미양허,미양허,204.8,미양허,16,0,0,0/87.1(*750M/T) TRQ /87.1(750M/T) ASG,80,256.1,51.2,256.1,204.8,256.1,256.1,미양허,미양허,미양허,미양허,미양허,16,0,미양허,256.1,204.8,미양허,미양허,미양허,미양허,미양허,미양허,256.1
663,1008.21.1000,조(종자),Foxtail millet (Setalia italica/seed),미양허,0,미양허(IS 16.2),0,미양허,0,0,0,0,0,0,0,0,0,3.6,0,3.6,5.4,3.6,3.6,7.2,0,0,0,10.8,0,12,12,미양허,12,12,0,14.4
664,1008.21.9000,기타/조 이외(종자),Other millet (Seed),0,0,0(CH 미양허),0,0,0,0,0,0,0,0,0,0,0,0,0,0,0,0,0,0,0,0,0,0,0,0,0,0,0,0,0,0
665,1008.29.1000,조(기타 -종자 이외),Foxtail millet (Setalia italica/other),0,0,0(CH 미양허),0,0,0,0,0,0,0,0,0,0,0,0,0,0,0,0,0,0,0,0,0,0,0,1.5,1.5,1.5,1.5,1.5,0,0
666,1008.29.9000,기타(기타),Other millet (Other),0,0,0(CH 미양허),0,0,0,0,0,0,0,0,0,0,0,0,0,0,0,0,0,0,0,0,0,0,0,0,0,1.5,1.5,0,0,0
667,1008.30.0000,카나리시드,Canary seeds,0,0,0(CH 미양허),0,0,0,0,0,0,0,0,0,0,0,0,0,0,0,0,0,0,0,0,0,0,0,0,0,0,0,0,0,0
668,1008.40.0000,포니오(디지타리아속),Fonio (Digitaria spp.),미양허,미양허,미양허,400.1,미양허,50,0,0,0/272(*750M/T) TRQ /272(750M/T) ASG,250,800.3,0,800.3,400.1,800.3,800.3,미양허,미양허,미양허,미양허,미양허,50,0,미양허,800.3,400.1,미양허,미양허,미양허,미양허,미양허,미양허,800.3
669,1008.50.0000,퀴노아(체노포디움 퀴노아),Quinoa (Chenopodium quinoa),미양허,미양허,미양허,400.1,미양허,50,0,0,0/272(*750M/T) TRQ /272(750M/T) ASG,250,800.3,0,800.3,400.1,800.3,800.3,미양허,미양허,미양허,미양허,미양허,50,0,미양허,800.3,400.1,미양허,미양허,미양허,미양허,미양허,미양허,800.3
670,1008.60.0000,라이밀,Triticale,미양허,미양허,미양허,400.1,미양허,50,0,0,0/272(*750M/T) TRQ /272(750M/T) ASG,250,800.3,0,800.3,400.1,800.3,800.3,미양허,미양허,미양허,미양허,미양허,50,0,미양허,800.3,400.1,미양허,미양허,미양허,미양허,미양허,미양허,800.3
671,1008.90.0000,기타 곡물,Other cereals,미양허,미양허,미양허,400.1,미양허,50,0,0,0/272(*750M/T) TRQ /272(750M/T) ASG,250,800.3,0,800.3,400.1,800.3,800.3,미양허,미양허,미양허,미양허,미양허,50,0,미양허,800.3,400.1,미양허,미양허,미양허,미양허,미양허,미양허,800.3
672,1101.00.1000,밀가루,Flour of wheat,0,0,3.8,0,미양허,0,0,0,0,0,0,0,0,0,3,0,0,0,0,0,0,0,0,0,0,0,2.8,2.8,미양허,미양허,2.8,0,0
673,1101.00.2000,밀가루,Flour of meslin,0,0,4,0,미양허,0,0,0,0,0,0,0,0,0,0,0,0,0,0,0,0,0,0,0,0,0,3.3,3.3,미양허,미양허,3.3,0,4
674,1102.20.0000,옥수수가루,Maize flour,0,0,4.5,0,0,0,0,0,0,0,0,0,0,0,2,0,0,0,0,0,0,0,0,0,0,0,3.3,3.3,3.3,3.3,3.3,0,4
675,1102.90.1000,보리가루,Barley flour,미양허,미양허,미양허,130,미양허,0,0,0,0,81.2,260,0,260,130,260,260,미양허,미양허,미양허,미양허,미양허,0,0,미양허,260,130,미양허,미양허,미양허,미양허,미양허,미양허,260
676,1102.90.2000,쌀가루,Rice flour,미양허,미양허,미양허,미양허,미양허,미양허,미양허,미양허,미양허,미양허,미양허,미양허,미양허,미양허,미양허,미양허,미양허,미양허,미양허,미양허,미양허,미양허,미양허,미양허,미양허,513,미양허,미양허,미양허,미양허,미양허,미양허,513
677,1102.90.3000,호밀가루,Rye flour,0,0,4,0,0,0,0,0,0,0,0,0,0,0,0,0,0,0,0,0,0,0,0,0,0,0,3.3,3.3,3.3,3.3,3.3,0,4
678,1102.90.9000,기타 곡분,Other cereal flour,미양허,미양허,미양허,400.1,미양허,50,0,0,0/272(*299M/T) TRQ /272(299M/T) ASG,250,800.3,0,800.3,400.1,800.3,800.3,미양허,미양허,미양허,미양허,미양허,50,0,미양허,800.3,400.1,미양허,미양허,미양허,미양허,미양허,미양허,800.3
679,1103.11.0000,"분쇄물, 조분(밀의 것)",Groats and meal (Wheat),미양허,0,미양허,5,미양허,0,0,0,0,90,288.2,0,288.2,5,130,288.2,미양허,미양허,미양허,미양허,미양허,0,0,미양허,288.2,5,미양허,미양허,미양허,미양허,미양허,미양허,259.3
680,1103.13.0000,"분쇄물, 조분(옥수수의 것)",Groats and meal (Maize),미양허,미양허,미양허,130.3,미양허,0,0,0,0,50.9,162.9,0,162.9,130.3,162.9,162.9,미양허,미양허,미양허,미양허,미양허,0,0,미양허,162.9,130.3,미양허,미양허,미양허,미양허,미양허,미양허,162.9
681,1103.19.1000,"분쇄물, 조분(보리의 것)",Groats and meal (Barley),미양허,미양허,미양허,130,미양허,0,0,0,0,81.2,260,0,260,130,260,260,미양허,미양허,미양허,미양허,미양허,0,0,미양허,260,130,미양허,미양허,미양허,미양허,미양허,미양허,260
682,1103.19.2000,"분쇄물, 조분(귀리의 것)",Groats and meal (Oats),미양허,0,미양허,277.4,미양허,0,0,0,0,173.3,554.8,0,554.8,277.4,130,554.8,미양허,미양허,미양허,미양허,미양허,0,0,미양허,554.8,277.4,미양허,미양허,미양허,미양허,미양허,미양허,443.8
683,1103.19.3000,"분쇄물, 조분(쌀의 것)",Groats and meal (Rice),미양허,미양허,미양허,미양허,미양허,미양허,미양허,미양허,미양허,미양허,미양허,미양허,미양허,미양허,미양허,미양허,미양허,미양허,미양허,미양허,미양허,미양허,미양허,미양허,미양허,513,미양허,미양허,미양허,미양허,미양허,미양허,513
684,1103.19.9000,"분쇄물, 조분(기타 곡물)",Groats and meal (Other),미양허,미양허,미양허,400.1,미양허,0,0,0,0,250,800.3,0,106.7,400.1,800.3,800.3,미양허,미양허,미양허,미양허,미양허,0,0,미양허,800.3,400.1,미양허,미양허,미양허,미양허,미양허,미양허,640.2
685,1103.20.1000,펠릿(밀의 것),Pellets (Wheat),미양허,0,미양허,5,미양허,0,0,0,0,90,288.2,0,38.4,5,130,288.2,미양허,미양허,미양허,미양허,미양허,0,0,미양허,288.2,5,미양허,미양허,미양허,미양허,미양허,미양허,288.2
686,1103.20.2000,펠릿(쌀의 것),Pellets (Rice),미양허,미양허,미양허,미양허,미양허,미양허,미양허,미양허,미양허,미양허,미양허,미양허,미양허,미양허,미양허,미양허,미양허,미양허,미양허,미양허,미양허,미양허,미양허,미양허,미양허,513,미양허,미양허,미양허,미양허,미양허,미양허,513
687,1103.20.3000,펠릿(보리의 것),Pellets (Barley),미양허,미양허,미양허,5,미양허,0,0,0,0,81.2,260,0,34.6,5,260,260,미양허,미양허,미양허,미양허,미양허,0,0,미양허,260,5,미양허,미양허,미양허,미양허,미양허,미양허,260
688,1103.20.9000,펠릿(기타 곡물),Pellets (Other),미양허,미양허,미양허,5,미양허,50,0,0,0/272(*299M/T) TRQ /272(299M/T) ASG,250,800.3,0,800.3,5,800.3,800.3,미양허,미양허,미양허,미양허,미양허,50,0,미양허,800.3,5,미양허,미양허,미양허,미양허,미양허,미양허,800.3
689,1104.12.0000,압착플레이크(귀리의 것),Rolled of flaked (Oats),미양허,0,미양허,277.4,미양허,0,0,0,0,173.3,554.8,0,554.8,277.4,130,554.8,미양허,미양허,미양허,미양허,미양허,0,0,미양허,554.8,277.4,미양허,미양허,미양허,미양허,미양허,미양허,443.8
690,1104.19.1000,압착플레이크(쌀의 것),Rolled of flaked (Rice),미양허,미양허,미양허,미양허,미양허,미양허,미양허,미양허,미양허,미양허,미양허,미양허,미양허,미양허,미양허,미양허,미양허,미양허,미양허,미양허,미양허,미양허,미양허,미양허,미양허,513,미양허,미양허,미양허,미양허,미양허,미양허,513
691,1104.19.2000,압착플레이크(보리의 것),Rolled of flaked (Barley),미양허,미양허,미양허,116.5,미양허,0,0,0,0,72.8,233,0,233,116.5,233,233,미양허,미양허,미양허,미양허,미양허,0,0,미양허,233,116.5,미양허,미양허,미양허,미양허,미양허,미양허,233
692,1104.19.9000,압착플레이크(기타 곡물),Rolled of flaked (Other),미양허,미양허,미양허,400.1,미양허,50,0,0,0/272(*299M/T) TRQ /272(299M/T) ASG,800.3,800.3,0,800.3,400.1,800.3,800.3,미양허,미양허,미양허,미양허,미양허,50,0,미양허,800.3,400.1,미양허,미양허,미양허,미양허,미양허,미양허,800.3
693,1104.22.0000,가공곡물(귀리의 것),Other worked grains (Oats),미양허,0,미양허,277.4,미양허,0,0,0,0,173.3,554.8,0,554.8,277.4,130,184.9,미양허,미양허,미양허,미양허,미양허,0,0,미양허,554.8,277.4,미양허,미양허,미양허,미양허,미양허,미양허,443.8
694,1104.23.0000,가공곡물(옥수수의 것),Other worked grains (Maize/corn),미양허,미양허,미양허,133.6,미양허,0,0,0,0,52.1,167,0,0,133.6,167,167,미양허,미양허,미양허,미양허,미양허,0,0,미양허,167,133.6,미양허,미양허,미양허,미양허,미양허,미양허,167
695,1104.29.1000,가공곡물(율무의 것),Other worked grains (Coicis semen),미양허,0,미양허,400.1,미양허,50,0,0,0/272(*299M/T) TRQ /272(299M/T) ASG,250,800.3,0,800.3,400.1,800.3,800.3,미양허,미양허,미양허,미양허,미양허,50,0,미양허,800.3,400.1,미양허,미양허,미양허,미양허,미양허,미양허,800.3
696,1104.29.2000,가공곡물(보리의 것),Other worked grains (Barley),미양허,미양허,미양허,63,미양허,0,0,0,0,39.3,126,0,126,63,126,126,미양허,미양허,미양허,미양허,미양허,0,0,미양허,126,63,미양허,미양허,미양허,미양허,미양허,미양허,126
697,1104.29.9000,가공곡물(기타의 것),Other worked grains (Other),미양허,미양허,미양허,400.1,미양허,50,0,0,0/272(*299M/T) TRQ /272(299M/T) ASG,250,800.3,0,800.3,400.1,800.3,800.3,미양허,미양허,미양허,미양허,미양허,50,0,미양허,800.3,400.1,미양허,미양허,미양허,미양허,미양허,미양허,800.3
698,1104.30.1000,곡물배아(쌀의 것),Germ (Rice),미양허,미양허,미양허,5,미양허,0,0,5,0,5,5,5,5,0,5,5,미양허,미양허,미양허,미양허,미양허,0,0,0,5,0,미양허,미양허,미양허,미양허,미양허,미양허,5
699,1104.30.9000,곡물배아(기타),Germ (Other cereals),0,0,0(CH 미양허),0,0,0,0,0,0,1.5,0,0,0,0,0,0,미양허,미양허,미양허,미양허,미양허,0,0,0,5,0,2.5,2.5,2.5,2.5,2.5,0,0
700,1105.10.0000,감자분·조분과 분말,"Flour, meal and powder (Potatoes)",미양허,미양허,미양허,243.2,미양허,0,0,0,0,95,304,0,304,243.2,304,304,미양허,미양허,미양허,미양허,미양허,0,0,미양허,304,243.2,미양허,미양허,미양허,미양허,미양허,미양허,304
701,1105.20.0000,감자플레이크·알갱이 및 펠릿,"Flakes, granules and pellets (Potatoes)",미양허,미양허,미양허,243.2,미양허,0,0,0,0,95,304,0,304,243.2,304,304,미양허,미양허,미양허,미양허,미양허,0,0,미양허,304,243.2,미양허,미양허,미양허,미양허,미양허,미양허,304
702,1106.10.0000,건조한 채두류의 것(제0713호의 것),"Flour, meal and powder (The dried leguminous vegetables of heading 07.13)",0,0,6.4,0,0,0,0,0,0,0,0,0,0,0,3.2,0,2.6,3.3,2.6,2.6,4,0,0,0,1.6,0,5.3,5.3,5.3,5.3,5.3,0,6.4
703,1106.20.1000,"사고, 뿌리 괴경(칡뿌리의 것)","Flour, meal and powder (Sago or roots or tubers/arrow roots)",미양허,미양허,6.4(NO 미양허),5,4,0,0,0,0,0,8,8,0,0,3.2,0,2.6,3.3,2.6,2.6,4,0,0,3,4.8,3.3,5.3,5.3,미양허,5.3,5.3,4.3,6.4
704,1106.20.9000,"사고, 뿌리 괴경(기타)","Flour, meal and powder (Sago or roots or tubers/other)",미양허,미양허,미양허(IS 6.4),5,4,0,0,0,0,0,8,0,0,0,3.2,0,2.6,3.3,2.6,2.6,4,0,0,3,4.8,3.3,5.3,5.3,미양허,5.3,5.3,4.3,6.4
705,1106.30.0000,"분, 조분과 분말(제8류 물품)","Flour, meal and powder (The products of Chaper 8)",0,0,6.4(CH 미양허),5,4,0,0,0,0,0,0,0,0,0,1.6,0,2.6,3.3,2.6,2.6,4,0,0,미양허,4.8,3.3,5.3,5.3,미양허,미양허,5.3,3.7,6.4
706,1107.10.0000,맥아(볶지 않은 것),Malt (Not roasted),미양허,미양허,미양허,134.5,미양허,"0/33.6(*16,179M/T) TRQ /115(17,755M/T) ASG","0/16.8(*16,664M/T) TRQ /91.5(18,472M/T) ASG",269,"0/17.9(*11,875M/T) TRQ) /91.5(11,875M/T) ASG",269,269,"0/22.3(*25,000M/T) TRQ","0/53.8(*12,434M/T) TRQ) /115(187,048M/T) ASG",134.5,"0/269(*5,000M/T) TRQ",134.5,미양허,미양허,미양허,미양허,미양허,"0/16.8 (1,816 *M/T) TRQ /103(1,966M/T) ASG","0/16.8 (1,816 *M/T) TRQ /91.5(2,005M/T) ASG",미양허,269,134.5,미양허,미양허,미양허,미양허,미양허,미양허,269
707,1107.20.1000,맥아(훈연한 것),Malt (Roasted/smoked),미양허,미양허,미양허,134.5,미양허,0,0,269,0,269,269,0,134.5,134.5,269,89.6,미양허,미양허,미양허,미양허,미양허,0,0,미양허,269,134.5,미양허,미양허,미양허,미양허,미양허,미양허,269
708,1107.20.9000,맥아(기타/볶음),Malt (Roasted/other),0,0,미양허,0,미양허,0,0,0,0,0,27,0,3.6,0,27,5.4,9,11.2,9,9,13.5,0,0,0,16.2,0,25.3,25.3,미양허,미양허,25.3,0,21.6
709,1108.11.0000,전분(밀의 것),Wheat starch,미양허,0,미양허,40.7,미양허,0,0,0,0,15.9,50.9,0,0,40.7,50.9,50.9,미양허,미양허,미양허,미양허,미양허,0,0,29.8,50.9,40.7,미양허,미양허,미양허,미양허,미양허,미양허,50.9
710,1108.12.1000,전분(옥수수의 것/식품용),Maize starch (For food),미양허,미양허,미양허,180.8,미양허,14.1,0,0,"0/15(*15,126M/T) TRQ /76.8(15,126M/T) ASG",226,226,0,113,180.8,226,113,미양허,미양허,미양허,미양허,미양허,14.1,0,미양허,226,180.8,미양허,미양허,미양허,미양허,미양허,미양허,226
711,1108.12.9000,전분(옥수수의 것/기타),Maize starch (Other),미양허,미양허,미양허,180.8,미양허,14.1,0,0,"0/15(*15,126M/T) TRQ /76.8(15,126M/T) ASG",70.6,226,0,113,180.8,226,113,미양허,미양허,미양허,미양허,미양허,14.1,0,미양허,226,180.8,미양허,미양허,미양허,미양허,미양허,미양허,226
712,1108.13.0000,전분(감자의 것),Potato starch,미양허,미양허,미양허,364,미양허,"28.4/175(49,027M/T) ASG","0/155(50,008M/T) ASG",0,0/30.3(*7.5M/T) TRQ /155(717M/T) ASG,142.1,455,455,227.5,364,455,227.5,미양허,미양허,미양허,미양허,미양허,28.4/175(49M/T) ASG,0/155(50M/T) ASG,미양허,455,364,미양허,미양허,미양허,미양허,미양허,미양허,455
713,1108.14.1000,전분(매니옥(카사바)의 것/식품용),Manioc (Casava) starch (For food),미양허,미양허,미양허,"9(*9,600M/T) TRQ",미양허,28.4,0,0,"0/30.3(*7.5M/T) TRQ /155(1,299M/T) ASG",455,455,0,126.3,455,455,455,미양허,미양허,미양허,미양허,미양허,28.4,0,미양허,455,455,미양허,미양허,미양허,미양허,미양허,미양허,455
714,1108.14.9000,전분(매니옥(카사바)의 것/기타),Manioc (Casava) starch (Other),미양허,미양허,미양허,"9(*9,600M/T) TRQ",미양허,28.4,0,0,"0/30.3(*7.5M/T) TRQ /155(1,299M/T) ASG",455,455,0,227.5,455,455,455,미양허,미양허,미양허,미양허,미양허,28.4,0,미양허,455,455,미양허,미양허,미양허,미양허,미양허,미양허,455
715,1108.19.1000,전분(고구마의 것),Sweet potato starch,미양허,미양허,미양허,192.9,미양허,15,0,0,0/16(*7.5M/T) TRQ /82.0(606M/T) ASG,241.2,241.2,0,120.6,48.2,"0/241.2(*5,000M/T) TRQ",241.2,미양허,미양허,미양허,미양허,미양허,15,0,미양허,241.2,192.9,미양허,미양허,미양허,미양허,미양허,미양허,241.2
716,1108.19.9000,전분(기타의 것),Other starch,미양허,미양허,미양허,400.1,미양허,50,0,0,0/53.3(*7.5M/T) TRQ /272(159M/T) ASG,800.3,800.3,0,400.1,400.1,800.3,400.1,미양허,미양허,미양허,미양허,미양허,50,0,미양허,800.3,400.1,미양허,미양허,미양허,미양허,미양허,미양허,800.3
717,1108.20.0000,이눌린,Inulin,미양허,미양허,미양허,400.1,미양허,50,0,0,0,800.3,800.3,0,400.1,400.1,800.3,400.1,미양허,미양허,미양허,미양허,미양허,50,0,미양허,800.3,400.1,미양허,미양허,미양허,미양허,미양허,미양허,800.3
718,1109.00.0000,밀의 글루텐(건조한 것인지에 상관없다),Wheat gluten,0,0,7.2(CH 미양허),0,4,0,0,0,0,0,0,0,0,0,1.6,1.6,2.6,3.3,2.6,2.6,4,0,0,0,1.6,0,4,4,4,4,4,0,0
719,1201.10.1000,대두(종자/콩나물용),Soya beans (Seed/for bean sprouts),미양허,미양허,미양허,389.6% or 765원/kg,미양허,487% or 956원/kg,487% or 956원/kg,487% or 956원/kg,"0/487% or 956원/kg(*34,606M/T)  TRQ)",487% or 956원/kg,487% or 956원/kg,"0/487% or 956원/kg(*17,000M/T) TRQ","0/487% or 956원/kg(*1,000M/T) TRQ",389.6% or 764원/kg,487% or 956원/kg,487% or 956원/kg,미양허,미양허,미양허,미양허,미양허,487% or 956원/kg ,487% or 956원/kg ,389.6% or 765원/kg,"487% 또는 956원/kg, 양자 중 고액(율)",389.6% or 765원/kg,미양허,미양허,미양허,미양허,미양허,미양허,"487.0% 또는 956원/kg, 양자 중 고액(율)"
720,1201.10.9000,대두(종자/기타),Soya beans (Seed/other),미양허,미양허,미양허,389.6% or 765원/kg,미양허,487% or 956원/kg,487% or 956원/kg,487% or 956원/kg,,487% or 956원/kg,487% or 956원/kg,,"0/487% or 956원/kg(*1,000M/T) TRQ",389.6% or 764원/kg,487% or 956원/kg,487% or 956원/kg,미양허,미양허,미양허,미양허,미양허,487% or 956원/kg ,487% or 956원/kg ,미양허,"487% 또는 956원/kg, 양자 중 고액(율)",389.6% or 765원/kg,미양허,미양허,미양허,미양허,미양허,미양허,"487.0% 또는 956원/kg, 양자 중 고액(율)"
721,1201.90.1000,대두(기타/채유 및 탈지대두박용),Soya beans (Other/for soya bean oil and oil cake),미양허,0,미양허,0,243.5% or 478원/kg,0,0,0,0,"152.1% 또는 298원/kg, 양자중 고액(율)",487% or 956원/kg,0,243.5% or 478원/kg,0,487% or 956원/kg,243.5% or 478원/kg,미양허,미양허,미양허,미양허,미양허,0,0,0,"487% 또는 956원/kg, 양자 중 고액(율)",0,미양허,미양허,미양허,미양허,미양허,0,"487.0% 또는 956원/kg, 양자 중 고액(율)"
722,1201.90.2000,대두(기타/사료용),Soya beans (Other/for feeding),미양허,미양허,미양허,389.6% or 765원/kg,미양허,487% or 956원/kg,487% or 956원/kg,487% or 956원/kg,"0/487% or 956원/kg(*34,606M/T)  TRQ)",487% or 956원/kg,487% or 956원/kg,487% or 956원/kg,243.5% or 478원/kg,389.6% or 764원/kg,487% or 956원/kg,487% or 956원/kg,미양허,미양허,미양허,미양허,미양허,487% or 956원/kg ,487% or 956원/kg ,미양허,"487% 또는 956원/kg, 양자 중 고액(율)",389.6% or 765원/kg,미양허,미양허,미양허,미양허,미양허,미양허,"487.0% 또는 956원/kg, 양자 중 고액(율)"
723,1201.90.3000,대두(기타/콩나물용),Soya beans (Other/for bean sprouts),미양허,미양허,미양허,389.6% or 765원/kg,미양허,487% or 956원/kg,487% or 956원/kg,487% or 956원/kg,"0/487% or 956원/kg(*34,606M/T)  TRQ)",487% or 956원/kg,487% or 956원/kg,"0/487% or 956원/kg(*17,000M/T) TRQ","0/487% or 956원/kg(*1,000M/T) TRQ",389.6% or 764원/kg,"0/487% or 956원/kg(*3,000M/T) TRQ",487% or 956원/kg,미양허,미양허,미양허,미양허,미양허,487% or 956원/kg ,487% or 956원/kg ,미양허,"487% 또는 956원/kg, 양자 중 고액(율)",389.6% or 765원/kg,미양허,미양허,미양허,미양허,미양허,미양허,"487.0% 또는 956원/kg, 양자 중 고액(율)"
724,1201.90.9000,대두(기타/기타),Soya beans (Other/other),미양허,미양허,미양허,389.6% or 765원/kg,미양허,487% or 956원/kg,487% or 956원/kg,487% or 956원/kg,,487% or 956원/kg,487% or 956원/kg,,"0/487% or 956원/kg(*1,000M/T) TRQ",389.6% or 764원/kg,"0/487% or 956원/kg(*7,000M/T) TRQ",487% or 956원/kg,미양허,미양허,미양허,미양허,미양허,487% or 956원/kg ,487% or 956원/kg ,미양허,"487% 또는 956원/kg, 양자 중 고액(율)",389.6% or 765원/kg,미양허,미양허,미양허,미양허,미양허,미양허,"487.0% 또는 956원/kg, 양자 중 고액(율)"
725,1202.30.1000,땅콩(종자/미탈각),Ground-nuts (Seed/in shell),미양허,미양허,미양허,184.4,미양허,48.5,36.3,0,230.5/230.5(281M/T) ASG,230.5,230.5,230.5,230.5,184.4,230.5,230.5,미양허,미양허,미양허,미양허,미양허,48.5,36.3,미양허,230.5,184.4,미양허,미양허,미양허,미양허,미양허,미양허,230.5
726,1202.30.2000,땅콩(종자/탈각),Ground-nuts (Seed/shelled),미양허,미양허,미양허,184.4,미양허,48.5,36.3,0,230.5/230.5(281M/T) ASG,230.5,230.5,230.5,230.5,184.4,230.5,230.5,미양허,미양허,미양허,미양허,미양허,48.5,36.3,미양허,230.5,184.4,미양허,미양허,미양허,미양허,미양허,미양허,230.5
727,1202.41.0000,땅콩(기타/미탈각),Ground-nuts (Other/in shell),미양허,미양허,미양허,184.4,미양허,48.5,36.3,0,230.5/230.5(281M/T) ASG,230.5,230.5,230.5,230.5,184.4,230.5,230.5,미양허,미양허,미양허,115.2,미양허,48.5,36.3,미양허,230.5,184.4,미양허,미양허,미양허,미양허,미양허,미양허,230.5
728,1202.42.0000,땅콩(기타/탈각),Ground-nuts (Other/shelled),미양허,미양허,미양허,184.4,미양허,48.5,36.3,0,230.5/230.5(281M/T) ASG,230.5,230.5,230.5,230.5,184.4,230.5,230.5,미양허,미양허,미양허,115.2,미양허,48.5,36.3,미양허,230.5,184.4,미양허,미양허,미양허,미양허,미양허,미양허,230.5
729,1203.00.0000,코프라,Copra,0,0,0(CH 미양허),0,0,0,0,0,0,0,0,0,0,0,0,0,0,0,0,0,0,0,0,0,0,0,0,0,0,0,0,0,0
730,1204.00.0000,아마씨(파쇄 여부 불문),"Linseed, whether or not broken",0,0,미양허(IS 0),0,0,0,0,0,0,0,0,0,0,0,0,0,0,0,0,0,0,0,0,0,0,0,0,0,0,0,0,0,0
731,1205.10.1000,저에루크산 유채(레이프 또는 콜자)씨(사료작물 재배용 종자),Low erucic acid rape or colza seeds (Seeds for fodder planting),미양허,0,미양허(IS 9),0,5,0,0,0,0,0,0,0,0,0,0,0,0,0,0,0,0,0,0,0,0,0,0,0,0,0,0,0,0
732,1205.10.9000,저에루크산 유채(레이프 또는 콜자)씨(기타),Low erucic acid rape or colza seeds (Other),미양허,0,미양허(IS 9),0,5,0,0,0,0,0,0,0,0,0,2,0,2,3,2,2,4,0,0,0,6,0,5,5,5,5,5,0,0
733,1205.90.1000,유채(기타/사료작물 재배용 종자),Other rape or colza seeds (Seeds for fodder planting),미양허,0,미양허(IS 9),0,5,0,0,0,0,0,0,0,0,0,0,0,0,0,0,0,0,0,0,0,0,0,0,0,0,0,0,0,0
734,1205.90.9000,유채(기타),Other rape or colza seeds (Other),미양허,0,미양허(IS 9),0,5,0,0,0,0,0,0,0,0,0,4,0,2,3,2,2,4,0,0,0,6,0,6.7,6.7,미양허,6.7,6.7,0,0
735,1206.00.0000,해바라기씨(파쇄 여부 불문),"Sunflower seeds, whether or not broken",0,0,미양허(IS 22.5),0,미양허,0,0,0,0,0,NS,0,6.9,0,10,5,8.3,10.4,8.3,8.3,12.5,0,0,0,10.7,0,16.7,16.7,미양허,16.7,16.7,0,20
736,1207.10.0000,팜너트과 핵,Palm nuts and kernels,0,0,미양허(IS 0),0,0,0,0,0,0,0,0,0,0,0,0,0,0,0,0,0,0,0,0,0,0,0,0,0,0,0,0,0,0
737,1207.21.0000,면실(종자),Cotton seeds (Seed),0,0,미양허(IS 0),0,0,0,0,0,0,0,0,0,0,0,0,0,0,0,0,0,0,0,0,0,0,0,0,0,0,0,0,0,0
738,1207.29.1000,면실(기타/사료용),Cotton seeds (Other/for feeding),0,0,미양허(IS 0),0,0,0,0,0,0,0,0,0,0,0,0,0,0,0,0,0,0,0,0,0,0,0,0,0,0,0,0,0,0
739,1207.29.9000,면실(기타/기타),Cotton seeds (Other/other),0,0,미양허(IS 0),0,0,0,0,0,0,0,0,0,0,0,0,0,0,0,0,0,0,0,0,0,0,0,0,0,0,0,0,0,0
740,1207.30.0000,피마자,Castor oil seeds,0,0,미양허(IS 0),0,0,0,0,0,0,0,0,0,0,0,0,0,0,0,0,0,0,0,0,0,0,0,0,0,0,0,0,0,0
741,1207.40.0000,참깨,Sesamum seeds,미양허,미양허,미양허,"504% or 5,328원/kg",미양허,"132.6% 또는 1,402원/kg 양자중 고액(율)","99.4% 또는 1,051원/kg 양자중 고액(율)",0,"42% or 444원/kg/630(7,121M/T) ASG","630% or 6,660원/kg","630% or 6,660원/kg","630% or 6,660원/kg","630.0% or 6,660원/kg","504% or 5,328원/kg","0/630% or 6,660원/kg(*24,000M/T) TRQ","630% or 6,660원/kg",미양허,미양허,미양허,"315% 또는 3,330원/Kg, 양자 중 고액(율)",미양허,"132.6% 또는 1,402원/kg 양자중 고액(율)","99.4% 또는 1,051원/kg 양자중 고액(율)",미양허,"630% 또는 6,660원/kg, 양자 중 고액(율)","504% or 5,328원/kg",미양허,미양허,미양허,미양허,미양허,미양허,"630.0% 또는 6,660원/kg, 양자 중 고액(율)"
742,1207.50.0000,겨자씨,Mustard seeds,0,0,미양허(IS 0),0,0,0,0,0,0,0,0,0,0,0,0,0,0,0,0,0,0,0,0,0,0,0,0,0,0,0,0,0,0
743,1207.60.0000,잇꽃/카르타무스 틴크토리우스 씨,Safflower (Carthamus tinctorius) seeds,0,0,0(CH 미양허),0,0,0,0,0,0,0,0,0,0,0,0,0,0,0,0,0,0,0,0,0,0,0,0,0,1.5,1.5,0,0,0
744,1207.70.0000,멜론 종자,Melon seeds,0,0,0(CH 미양허),0,0,0,0,0,0,0,0,0,0,0,0,0,0,0,0,0,0,0,0,0,0,0,0,0,0,0,0,0,0
745,1207.91.0000,양귀비 씨,Poppy seeds,0,0,0(CH 미양허),0,0,0,0,0,0,0,0,0,0,0,0,0,0,0,0,0,0,0,0,0,0,0,0,0,0,0,0,0,0
746,1207.99.1000,들깨,Perilla seeds,미양허,0,미양허,5,미양허,0,0,0,0,40% or 410원/kg,NS,0,"5.3% 또는 54원/kg, 양자중 고액(율)",0,36% or 369원/kg,"8% 또는 82원/kg, 양자중고액(율)",미양허,미양허,미양허,"20% 또는 205원/Kg, 양자 중 고액(율)",미양허,0,0,미양허,"40% 또는 410원/kg, 양자 중 고액(율)",0,미양허,미양허,미양허,미양허,미양허,미양허,"40.0% 또는 410원/kg, 양자 중 고액(율)"
747,1207.99.2000,시어너트(캐리트너트),Shea nuts (Karite nuts),0,0,0(CH 미양허),0,0,0,0,0,0,0,0,0,0,0,0,0,0,0,0,0,0,0,0,0,0,0,0,0,0,0,0,0,0
748,1207.99.9000,기타 씨,Seeds (Other),0,0,0(CH 미양허),0,0,0,0,0,0,0,0,0,0,0,0,0,0,0,0,0,0,0,0,0,0,0,0,0,2,1.5,0,0,0
749,1208.10.0000,"종자 분, 조분(대두의 것)",Flours and meals (Soya bean),0,0,미양허(IS 0),0,0,0,0,0,0,0,0,0,0,0,0,0,0,0,0,0,0,0,0,0,0,0,0,0,0,0,0,0,0
750,1208.90.1000,고추ㆍ단고추류(Capsicum annuum)의 종자,Seeds of chili peppers or sweet peppers (Capsicum annuum),0,0,0(CH 미양허),0,0,0,0,0,0,0,0,0,0,0,0,0,0,0,0,0,0,0,0,0,0,0,0,0,0,0,0,0,0
751,1208.90.9000,"종자 분, 조분(기타)",Flours and meals (Other),0,0,0(CH 미양허),0,0,0,0,0,0,0,0,0,0,0,0,0,0,0,0,0,0,0,0,0,0,0,0,0,0,0,0,0,0
752,1209.10.0000,사탕무 종자,Sugar beet seeds,0,0,미양허(IS 0),0,0,0,0,0,0,0,0,0,0,0,0,0,0,0,0,0,0,0,0,0,0,0,0,0,0,0,0,0,0
753,1209.21.0000,루우산(알팔파) 종자,Lucerne (Alfalfa) seeds,0,0,0(CH 미양허),0,0,0,0,0,0,0,0,0,0,0,0,0,0,0,0,0,0,0,0,0,0,0,0,0,0,0,0,0,0
754,1209.22.0000,클로버(트리폴리엄속) 종자,Clover (Trifolium spp.) seeds,0,0,0(CH 미양허),0,0,0,0,0,0,0,0,0,0,0,0,0,0,0,0,0,0,0,0,0,0,0,0,0,0,0,0,0,0
755,1209.23.0000,페스큐 종자,Fescue seeds,0,0,0(CH 미양허),0,0,0,0,0,0,0,0,0,0,0,0,0,0,0,0,0,0,0,0,0,0,0,0,0,0,0,0,0,0
756,1209.24.0000,켄터키블루그래스(포아프래텐시스 엘) 종자,Kentucky blue grass (Poa pratensis L.) seeds,0,0,0(CH 미양허),0,0,0,0,0,0,0,0,0,0,0,0,0,0,0,0,0,0,0,0,0,0,0,0,0,0,0,0,0,0
757,1209.25.0000,라이그래스 종자,"Rye grass (Lolium multiflorum Lam., Lolium perenne L.) seeds",0,0,0(CH 미양허),0,0,0,0,0,0,0,0,0,0,0,0,0,0,0,0,0,0,0,0,0,0,0,0,0,0,0,0,0,0
758,1209.29.1000,루핀 종자,Lupine seeds,0,0,0(CH 미양허),0,0,0,0,0,0,0,0,0,0,0,0,0,0,0,0,0,0,0,0,0,0,0,0,0,0,0,0,0,0
759,1209.29.2000,수단그래스 종자,Sudan grass seeds,0,0,0(CH 미양허),0,0,0,0,0,0,0,0,0,0,0,0,0,0,0,0,0,0,0,0,0,0,0,0,0,0,0,0,0,0
760,1209.29.3000,오차드그래스 종자,Orchard grass seeds,0,0,0(CH 미양허),0,0,0,0,0,0,0,0,0,0,0,0,0,0,0,0,0,0,0,0,0,0,0,0,0,0,0,0,0,0
761,1209.29.4000,티모디그래스 종자,Timothy grass seeds,0,0,0(CH 미양허),0,0,0,0,0,0,0,0,0,0,0,0,0,0,0,0,0,0,0,0,0,0,0,0,0,0,0,0,0,0
762,1209.29.9000,사료용식물 종자 기타 ,Other,0,0,0(CH 미양허),0,0,0,0,0,0,0,0,0,0,0,0,0,0,0,0,0,0,0,0,0,0,0,0,0,0,0,0,0,0
763,1209.30.0000,화초용 초본식물의 종자,Seeds of herbaceous plants,0,0,0(CH 미양허),0,0,0,0,0,0,0,0,0,0,0,0,0,0,0,0,0,0,0,0,0,0,0,0,0,0,0,0,0,0
764,1209.91.1010,양파 종자,Onion seeds,0,0,0(CH 미양허),0,0,0,0,0,0,0,0,0,0,0,0,0,0,0,0,0,0,0,0,0,0,0,0,0,0,0,0,0,0
765,1209.91.1090,파속 종자(기타),Other alliaceous vegetable seeds,0,0,0(CH 미양허),0,0,0,0,0,0,0,0,0,0,0,0,0,0,0,0,0,0,0,0,0,0,0,0,0,0,0,0,0,0
766,1209.91.2000,무 종자,Radish seeds,0,0,0(CH 미양허),0,0,0,0,0,0,0,0,0,0,0,0,0,0,0,0,0,0,0,0,0,0,0,0,0,0,0,0,0,0
767,1209.91.3000,고추·단고추류의 종자,Seeds of Chili peppers or sweet peppers (Capsicum annuum),0,0,0(CH 미양허),0,0,0,0,0,0,0,0,0,0,0,0,0,0,0,0,0,0,0,0,0,0,0,0,0,0,0,0,0,0
768,1209.91.4000,양배추 종자,Cabbage seeds,0,0,0(CH 미양허),0,0,0,0,0,0,0,0,0,0,0,0,0,0,0,0,0,0,0,0,0,0,0,0,0,0,0,0,0,0
769,1209.91.5000,토마토 종자,Tomato seeds,0,0,0(CH 미양허),0,0,0,0,0,0,0,0,0,0,0,0,0,0,0,0,0,0,0,0,0,0,0,0,0,0,0,0,0,0
770,1209.91.9000,채소 종자(기타),Other vegetable seeds,0,0,0(CH 미양허),0,0,0,0,0,0,0,0,0,0,0,0,0,0,0,0,0,0,0,0,0,0,0,0,0,0,0,0,0,0
771,1209.99.1010,참나무 종자,Seeds of oak,0,0,0(CH 미양허),0,0,0,0,0,0,0,0,0,0,0,0,0,0,0,0,0,0,0,0,0,0,0,0,0,0,0,0,0,0
772,1209.99.1090,기타 산림수 종자,Other seeds of forest trees,0,0,0(CH 미양허),0,0,0,0,0,0,0,0,0,0,0,0,0,0,0,0,0,0,0,0,0,0,0,0,0,0,0,0,0,0
773,1209.99.2000,과수목의 종자,Seeds of fruit trees,0,0,0(CH 미양허),0,0,0,0,0,0,0,0,0,0,0,0,0,0,0,0,0,0,0,0,0,0,0,0,0,0,0,0,0,0
774,1209.99.3000,담배 종자,Tobacco seed,0,0,미양허(IS 0),0,0,0,0,0,0,0,0,0,0,0,0,0,0,0,0,0,0,0,0,0,0,0,0,0,0,0,0,0,0
775,1209.99.4000,잔디 종자,Lawn seed,0,0,0(CH 미양허),0,0,0,0,0,0,0,0,0,0,0,0,0,0,0,0,0,0,0,0,0,0,0,0,0,0,0,0,0,0
776,1209.99.9000,기타 종자,Other seeds,0,0,0(CH 미양허),0,0,0,0,0,0,0,0,0,0,0,0,0,0,0,0,0,0,0,0,0,0,0,0,0,0,0,0,0,0
777,1210.10.0000,"홉(hop)(분쇄한 것, 분상 또는 펠릿상의 것을 제외)",Hop cones (Neither ground nor powdered nor in the form of pellets),미양허,0,미양허,0,미양허,0,0,0,0,9.3,NS,0,4,0,6,6,미양허,미양허,미양허,미양허,미양허,0,0,0,30,0,15,15,15,15,15,0,30
778,1210.20.1000,홉(hop)(분쇄/분상/펠릿),"Hop cones (Ground, powdered or in the form of pellets)",미양허,0,미양허,0,미양허,0,0,0,0,9.3,NS,0,8.3,0,6,6,미양허,미양허,미양허,미양허,미양허,0,0,0,30,0,15,15,15,15,15,0,24
779,1210.20.2000,루플린(분쇄/분상/펠릿),"Lupulin (Ground, powdered or in the form of pellets)",미양허,0,미양허,0,미양허,0,0,0,0,9.3,NS,0,4,0,6,0,미양허,미양허,미양허,미양허,미양허,0,0,0,30,0,15,15,15,15,15,0,0
780,1211.20.1110,산양삼(山養蔘/수삼),Wild-simulated ginseng root,미양허,미양허,미양허,178.2,미양허,222.8,222.8,222.8,0/49.5(*8.4M/T) TRQ /222.8(95.8M/T) ASG,222.8,222.8,222.8,222.8,178.2,222.8,222.8,미양허,미양허,미양허,미양허,미양허,222.8,222.8,미양허,222.8,178.2,미양허,미양허,미양허,미양허,미양허,미양허,222.8
781,1211.20.1120,새싹삼(수삼),Ginseng sprout root,미양허,미양허,미양허,178.2,미양허,222.8,222.8,222.8,0/49.5(*8.4M/T) TRQ /222.8(95.8M/T) ASG,222.8,222.8,222.8,222.8,178.2,222.8,222.8,미양허,미양허,미양허,미양허,미양허,222.8,222.8,미양허,222.8,178.2,미양허,미양허,미양허,미양허,미양허,미양허,222.8
782,1211.20.1190,인삼류(인삼근/수삼/기타),Ginseng roots (Raw ginseng/other),미양허,미양허,미양허,178.2,미양허,222.8,222.8,222.8,0/49.5(*8.4M/T) TRQ /222.8(95.8M/T) ASG,222.8,222.8,222.8,222.8,178.2,222.8,222.8,미양허,미양허,미양허,미양허,미양허,222.8,222.8,미양허,222.8,178.2,미양허,미양허,미양허,미양허,미양허,미양허,222.8
783,1211.20.1211,본삼(백삼/산양삼),Major roots (White ginseng/Wild-cultivated ginseng),미양허,미양허,미양허,178.2,미양허,222.8,222.8,222.8,0/49.5(*8.4M/T) TRQ /222.8(95.8M/T) ASG,222.8,222.8,222.8,222.8,178.2,222.8,222.8,미양허,미양허,미양허,미양허,미양허,222.8,222.8,미양허,222.8,178.2,미양허,미양허,미양허,미양허,미양허,미양허,222.8
784,1211.20.1219,기타(백삼/산양삼),Other (White ginseng/Wild-cultivated ginseng),미양허,미양허,미양허,178.2,미양허,222.8,222.8,222.8,0/49.5(*8.4M/T) TRQ /222.8(95.8M/T) ASG,222.8,222.8,222.8,222.8,178.2,222.8,222.8,미양허,미양허,미양허,미양허,미양허,222.8,222.8,미양허,222.8,178.2,미양허,미양허,미양허,미양허,미양허,미양허,222.8
785,1211.20.1291,본삼(백삼/기타),Major roots (White ginseng/other),미양허,미양허,미양허,178.2,미양허,222.8,222.8,222.8,0/49.5(*8.4M/T) TRQ /222.8(95.8M/T) ASG,222.8,222.8,222.8,222.8,178.2,222.8,222.8,미양허,미양허,미양허,미양허,미양허,222.8,222.8,미양허,222.8,178.2,미양허,미양허,미양허,미양허,미양허,미양허,222.8
786,1211.20.1299,기타(백삼/기타),Other (White ginseng/other),미양허,미양허,미양허,178.2,미양허,222.8,222.8,222.8,0/49.5(*8.4M/T) TRQ /222.8(95.8M/T) ASG,222.8,222.8,222.8,222.8,178.2,222.8,222.8,미양허,미양허,미양허,미양허,미양허,222.8,222.8,미양허,222.8,178.2,미양허,미양허,미양허,미양허,미양허,미양허,222.8
787,1211.20.1311,본삼(홍삼/산양삼),Major roots (Red ginseng/Wild-cultivated ginseng) ,미양허,미양허,미양허,603.4,미양허,754.3,754.3,754.3,125.7/754.3(95.8M/T) ASG,754.3,754.3,754.3,754.3,603.4,754.3,754.3,미양허,미양허,미양허,미양허,미양허,754.3,754.3,미양허,754.3,603.4,미양허,미양허,미양허,미양허,미양허,미양허,754.3
788,1211.20.1319,기타(홍삼/산양삼),Other (Red ginseng/Wild-cultivated ginseng) ,미양허,미양허,미양허,603.4,미양허,754.3,754.3,754.3,125.7/754.3(95.8M/T) ASG,754.3,754.3,754.3,754.3,603.4,754.3,754.3,미양허,미양허,미양허,미양허,미양허,754.3,754.3,미양허,754.3,603.4,미양허,미양허,미양허,미양허,미양허,미양허,754.3
789,1211.20.1391,본삼(홍삼/기타),Major roots(Red ginseng/Other),미양허,미양허,미양허,603.4,미양허,754.3,754.3,754.3,125.7/754.3(95.8M/T) ASG,754.3,754.3,754.3,754.3,603.4,754.3,754.3,미양허,미양허,미양허,미양허,미양허,754.3,754.3,미양허,754.3,603.4,미양허,미양허,미양허,미양허,미양허,미양허,754.3
790,1211.20.1399,기타(홍삼/기타),Other (Red ginseng/other),미양허,미양허,미양허,603.4,미양허,754.3,754.3,754.3,125.7/754.3(95.8M/T) ASG,754.3,754.3,754.3,754.3,603.4,754.3,754.3,미양허,미양허,미양허,미양허,미양허,754.3,754.3,미양허,754.3,603.4,미양허,미양허,미양허,미양허,미양허,미양허,754.3
791,1211.20.2110,인삼분(백삼),Ginseng powder (White ginseng/powder),미양허,0,미양허(IS 16.2),0,미양허,1.1,0,18,0,18,18,0,18,0,18,18,미양허,미양허,미양허,미양허,미양허,1.1,0,0,18,0,미양허,미양허,미양허,미양허,미양허,0,18
792,1211.20.2120,인삼태블릿 또는 인삼캡슐,Ginseng powder (White ginseng/tablet or capsule),미양허,0,미양허(IS 16.2),5,미양허,0,0,0,0,18,18,0,18,5,18,18,미양허,미양허,미양허,미양허,미양허,0,0,미양허,18,5,미양허,미양허,미양허,미양허,미양허,미양허,18
793,1211.20.2190,인삼류(기타 백삼분말),Ginseng powder (White ginseng/other),미양허,0,미양허(IS 16.2),0,미양허,1.1,0,0,0,18,18,0,18,0,18,18,미양허,미양허,미양허,미양허,미양허,1.1,0,0,18,0,미양허,16.9,미양허,미양허,미양허,0,18
794,1211.20.2210,인삼류(홍삼분),Ginseng powder (Red ginseng/powder),미양허,미양허,미양허,603.4,미양허,47.1/754.3(388M/T) ASG,0/754.3(395M/T) ASG,754.3,0/754.3(95.8M/T) ASG,754.3,754.3,754.3,754.3,603.4,754.3,754.3,미양허,미양허,미양허,미양허,미양허,47.1/754.3(23M/T)  ASG,0/754.3(23M/T)  ASG,미양허,754.3,603.4,미양허,미양허,미양허,미양허,미양허,미양허,754.3
795,1211.20.2220,인삼류(홍삼태블릿/캡슐),Ginseng powder (Red ginseng/tablet or capsule),미양허,미양허,미양허,603.4,미양허,47.1/754.3(388M/T) ASG,0/754.3(395M/T) ASG,754.3,0/754.3(95.8M/T) ASG,754.3,754.3,754.3,754.3,603.4,754.3,754.3,미양허,미양허,미양허,미양허,미양허,47.1/754.3(23M/T)  ASG,0/754.3(23M/T)  ASG,미양허,754.3,603.4,미양허,미양허,미양허,미양허,미양허,미양허,754.3
796,1211.20.2290,인삼류(기타 홍삼분말),Ginseng powder (Red ginseng/other),미양허,미양허,미양허,603.4,미양허,47.1/754.3(388M/T) ASG,0/754.3(395M/T) ASG,754.3,0/754.3(95.8M/T) ASG,754.3,754.3,754.3,754.3,603.4,754.3,754.3,미양허,미양허,미양허,미양허,미양허,47.1/754.3(23M/T)  ASG,0/754.3(23M/T)  ASG,미양허,754.3,603.4,미양허,미양허,미양허,미양허,미양허,미양허,754.3
797,1211.20.3100,인삼잎 및 줄기,Leaves and stems of ginseng,미양허,미양허,미양허,603.4,미양허,47.1,0,754.3,0/754.3(95.8M/T) ASG,754.3,754.3,754.3,754.3,603.4,754.3,754.3,미양허,미양허,미양허,미양허,미양허,47.1,0,미양허,754.3,603.4,미양허,미양허,미양허,미양허,미양허,미양허,754.3
798,1211.20.3200,인삼종자,Ginseng seed,미양허,미양허,미양허,603.4,미양허,47.1,0,754.3,0/754.3(95.8M/T) ASG,754.3,754.3,754.3,754.3,603.4,754.3,754.3,미양허,미양허,미양허,미양허,미양허,47.1,0,미양허,754.3,603.4,미양허,미양허,미양허,미양허,미양허,미양허,754.3
799,1211.20.9300,인삼류(신선ㆍ냉장하거나 건조한 것),"Ginseng (Fresh, chilled or dried)",미양허,미양허,미양허,603.4,미양허,47.1,0,754.3,0/754.3(95.8M/T) ASG,754.3,754.3,754.3,754.3,603.4,754.3,754.3,미양허,미양허,미양허,미양허,미양허,47.1,0,미양허,754.3,603.4,미양허,미양허,미양허,미양허,미양허,미양허,754.3
800,1211.20.9900,인삼류(기타),Ginseng (Other),0,미양허,미양허,36,미양허,0,0,0,0,0,45,0,0,0,36,0,0,0,0,9,18,0,0,미양허,45,13.3,33.8,33.8,미양허,미양허,33.8,미양허,754.3
801,1211.30.1000,코카잎(신선/냉장/건조),"Coca leaf (Fresh, chilled or dried)",0,0,미양허(IS 6.4),0,0,0,0,0,0,0,0,0,0,0,0,0,0,0,0,0,0,0,0,0,1.6,0,0,0,4,4,0,0,0
802,1211.30.9000,코카잎(기타),Coca leaf (Other),0,미양허,0,0,0,0,0,0,0,0,0,0,0,0,0,0,1,1.2,1,1,1.5,0,0,0,1.8,0,0,0,0,0,0,0,2.4
803,1211.40.1000,양귀비줄기(신선/냉장/건조),"Poppy straw (Fresh, chilled or dried)",0,0,미양허(IS 6.4),0,0,0,0,0,0,0,0,0,0,0,0,0,0,0,0,0,0,0,0,0,1.6,0,0,0,4,4,0,0,0
804,1211.40.9000,양귀비줄기(기타),Poppy straw (Other),0,미양허,0,0,0,0,0,0,0,0,0,0,0,0,0,0,1,1.2,1,1,1.5,0,0,0,1.8,0,0,0,0,0,0,0,2.4
805,1211.50.1000,마황(신선/냉장/건조),"Ephedra (Fresh, chilled or dried)",0,0,6.4(CH 미양허),0,미양허,0,0,0,0,0,0,0,1,0,8,1.6,0,0,0,0,0,0,0,0,1.6,0,6,6,미양허,미양허,6,0,0
806,1211.50.9000,마황(기타),Ephedra (Other),0,미양허,0,0,0,0,0,0,0,0,0,0,0,0,0,0,1,1.2,1,1,1.5,0,0,0,1.8,0,0,0,0,0,0,0,2.4
807,1211.60.1000,아프리카 체리(Prunus africana)나무의 껍질(신선/냉장/건조),"Bark of African cherry (Prunus africana) (Fresh, chilled or dried)",0,0,6.4(CH 미양허),0,미양허,0,0,0,0,0,0,0,1,0,8,1.6,0,0,0,0,0,0,0,0,1.6,0,6,6,미양허,미양허,6,0,0
808,1211.60.9000,아프리카 체리(Prunus africana)나무의 껍질(기타),Other Bark of African cherry (Prunus africana) (Other),0,미양허,,,,0,0,0,0,0,,,,,,,,,,,,0,0,,,,,,,,,,
809,1211.90.1100,부자,Aconiti tuber,0,0,6.4(CH 미양허),0,5,0,0,0,0,0,0,0,0,0,1.6,0,2.6,3.3,2.6,2.6,4,0,0,0,1.6,0,4,4,4,4,4,0,0
810,1211.90.1200,황련,Coptidis rhizoma,0,0,6.4(CH 미양허),0,5,0,0,0,0,0,0,0,0,0,1.6,0,2.6,3.3,2.6,2.6,4,0,0,0,1.6,0,4,4,4,4,4,0,0
811,1211.90.1300,원지,Polygalae radix,0,0,6.4(CH 미양허),0,5,0,0,0,0,0,0,0,0,0,1.6,0,2.6,3.3,2.6,2.6,4,0,0,0,1.6,0,4,4,4,4,4,0,0
812,1211.90.1400,패모,Fritillariae roylei bulbus,0,0,6.4(CH 미양허),0,미양허,0,0,0,0,0,0,0,0,0,1.6,0,2.6,3.3,2.6,2.6,4,0,0,0,1.6,0,4,4,4,4,4,0,0
813,1211.90.1500,두충,Eucommiae cortex,0,0,6.4(CH 미양허),0,5,0,0,0,0,0,0,0,0,0,1.6,0,2.6,3.3,2.6,2.6,4,0,0,0,4.8,0,4,4,4,4,4,0,0
814,1211.90.1600,감초,Liquorice roots,0,0,6.4(CH 미양허),0,4,0,0,0,0,0,0,0,0,0,8,0,2.6,3.3,2.6,2.6,4,0,0,0,1.6,0,7.5,7.5,미양허,미양허,7.5,0,0
815,1211.90.1700,사인,Amomi semen,0,0,6.4(CH 미양허),0,미양허,0,0,0,0,0,0,0,0,0,1.6,0,2.6,3.3,2.6,2.6,4,0,0,0,1.6,0,4,4,4,4,4,0,0
816,1211.90.1800,산조인,Zizyphi semen,0,0,6.4(CH 미양허),0,5,0,0,0,0,0,0,0,0,0,1.6,0,2.6,3.3,2.6,2.6,4,0,0,0,1.6,0,4,4,4,4,4,0,0
817,1211.90.1910,용안육,Longanae arillus,0,0,6.4(CH 미양허),0,5,0,0,0,0,0,0,0,0,0,1.6,0,2.6,3.3,2.6,2.6,4,0,0,0,1.6,0,4,4,4,4,4,0,0
818,1211.90.1920,산사자,Crataegi fructus,0,0,6.4(CH 미양허),0,5,0,0,0,0,0,0,0,0,0,1.6,0,2.6,3.3,2.6,2.6,4,0,0,0,1.6,0,4,4,4,4,4,0,0
819,1211.90.1930,연자육,Nelumbo semen,0,0,6.4(CH 미양허),0,5,0,0,0,0,0,0,0,0,0,1.6,0,2.6,3.3,2.6,2.6,4,0,0,0,1.6,0,4,4,4,4,4,0,0
820,1211.90.1940,박하,Pepper mint,0,0,미양허(IS 6.4),0,5,0,0,0,0,0,0,0,0,0,1.6,0,2.6,3.3,2.6,2.6,4,0,0,0,1.6,0,4,4,4,4,4,0,0
821,1211.90.1950,초피,Japanese pepper,0,0,미양허(IS 6.4),0,5,0,0,0,0,0,8,0,0,0,1.6,0,2.6,3.3,2.6,2.6,4,0,0,0,4.8,0,4,4,4,4,4,0,6.4
822,1211.90.1960,건조한 도라지,Dried roots of balloon flower (Platycodon grandiflorum),0,0,6.4(CH 미양허),0,미양허,0,0,0,0,2.5,8,0,8,0,8,8,미양허,미양허,미양허,미양허,미양허,0,0,0,8,0,미양허,미양허,미양허,미양허,미양허,0,8
823,1211.90.1970,구기자,Barbary wolfberry fruit (Lycium chinese Mill),0,0,6.4(CH 미양허),0,미양허,0,0,0,0,0,0,0,1,0,8,1.6,2.6,3.3,2.6,2.6,4,0,0,0,1.6,0,7.5,7.5,미양허,미양허,7.5,0,0
824,1211.90.1980,오미자,Chinese magnolia fruit (Schisandra chinensis Baill),0,0,6.4(CH 미양허),0,미양허,0,0,0,0,0,0,0,1,0,8,1.6,2.6,3.3,2.6,2.6,4,0,0,0,1.6,0,7.5,7.5,미양허,미양허,7.5,0,0
825,1211.90.1991,사군자,Quisqualis fructus,0,0,6.4(CH 미양허),0,5,0,0,0,0,0,0,0,0,0,1.6,0,2.6,3.3,2.6,2.6,4,0,0,0,1.6,0,4,4,4,4,4,0,0
826,1211.90.1992,백수오,Wilford's swallow-wort,0,0,6.4(CH 미양허),0,미양허,0,0,0,0,0,0,0,1,0,8,1.6,0,0,0,0,0,0,0,0,1.6,0,6,6,미양허,미양허,6,0,0
827,1211.90.1993,하수오,Polygoni Multiflori Radix,0,0,6.4(CH 미양허),0,미양허,0,0,0,0,0,0,0,1,0,8,1.6,0,0,0,0,0,0,0,0,1.6,0,6,6,미양허,미양허,6,0,0
828,1211.90.1999,"기타 식물(향료, 의료용 등)","Other plants (Used in perfumery or pharmacy, insecticidal)",0,0,6.4(CH 미양허),0,미양허,0,0,0,0,0,0,0,1,0,8,1.6,0,0,0,0,0,0,0,0,1.6,0,6,6,미양허,미양허,6,0,0
829,1211.90.9010,기타(식용에 적합한 것),Other Edible,0,미양허,미양허,36,미양허,0,0,0,0,0,45,0,0,0,36,0,0,0,0,9,18,0,0,미양허,45,24,33.8,33.8,미양허,미양허,33.8,미양허,40.5
830,1211.90.9090,기타(비식용),Not Edible,0,미양허,0,0,0,0,0,0,0,0,0,0,0,0,0,0,1,1.2,1,1,1.5,0,0,0,1.8,0,0,0,0,0,0,0,2.4
831,1212.91.0000,사탕무,Sugar beet,0,0,0(CH 미양허),0,0,0,0,0,0,0,0,0,0,0,0,0,0.6,0.9,0.6,0.6,1.2,0,0,0,1.8,0,0,0,0,0,0,0,0
832,1212.92.0000,로커스트콩(캐롭),Locust beans (Carob),미양허,미양허,미양허,0,미양허,0,0,0,0,6.2,20,20,2.6,0,4,4,미양허,미양허,미양허,미양허,미양허,0,0,0,20,0,10,10,10,10,10,0,16
833,1212.93.0000,사탕수수,Sugar cane,0,0,미양허(IS 0),0,0,0,0,0,0,0,0,0,0,0,0,0,1,1.2,1,1,1.5,0,0,0,1.8,0,0,0,0,0,0,0,0
834,1212.94.0000,치커리 뿌리,Chicory roots,0,0,6.4(CH 미양허),0,,0,0,0,0,0,0,0,0,0,1.6,0,0,0,0,0,0,0,0,0,1.6,0,4,4,4,4,4,0,0
835,1212.99.2000,곤약,Konjac,0,0,6.4(CH 미양허),0,4,0,0,0,0,0,0,0,1,0,1.6,1.6,2.6,3.3,2.6,2.6,4,0,0,0,1.6,0,5.3,5.3,미양허,미양허,5.3,0,0
836,1212.99.3000,화분(꽃가루),Pollen,0,0,6.4(CH 미양허),0,0,0,0,0,0,0,5.6,0,1,0,3.2,1.6,2.6,3.3,2.6,2.6,4,0,0,0,1.6,0,5.3,5.3,5.3,5.3,5.3,0,0
837,1212.99.6000,"살구, 복숭아(넥터린 포함) 또는 자두의 핵","Apricot, peach (Including nectarine) or plum stones and kernels",0,0,6.4(CH 미양허),0,4,0,0,0,0,0,0,0,0,0,1.6,0,2.6,3.3,2.6,2.6,4,0,0,0,1.6,0,5.3,5.3,미양허,5.3,5.3,0,0
838,1212.99.9000,식물성 생산품 기타(식용),Other vegetable products for human consumption,0,0,6.4(CH 미양허),0,4,0,0,0,0,0,0,0,0,0,3.2,0,0,0,0,0,0,0,0,0,0,0,5.3,5.3,미양허,미양허,5.3,0,0
839,1213.00.0000,곡물의 짚과 껍질,Cereal straw and husks,0,0,6.4(CH 미양허),0,0,0,0,0,0,0,NS,0,0,0,1.6,0,2.6,3.3,2.6,2.6,4,0,0,0,1.6,0,4,4,4,4,4,0,6.4
840,1214.10.1000,루우산(알팔파)의 조분과 펠릿(사료용),Lucerne (Alfalfa) meal and pellets(For feeding),0,0,9(CH 미양허),0,0,0,0,0,0,0,0,0,0,0,0,0,0,0,0,0,0,0,0,0,0,0,0,0,0,0,0,0,0.8
841,1214.10.9000,루우산(알팔파)의 조분과 펠릿(기타),Lucerne (Alfalfa) meal and pellets (Other),0,0,9(CH 미양허),0,0,0,0,0,0,0,0,0,1.3,0,0,2,0,0,0,0,0,0,0,0,0,0,5,5,5,5,5,0,8
842,1214.90.1000,사료용 근채류(뿌리채소류),Fodder roots,미양허,0,미양허,5,미양허,6.2,0,0,0,31.4,100.5,0,50.2,5,100.5,50.2,미양허,미양허,미양허,미양허,미양허,6.2,0,미양허,100.5,5,미양허,미양허,미양허,미양허,미양허,미양허,100.5
843,1214.90.9011,루우산(알파파) 베일(사료용),Lucerne (Alfalfa) bale (For feeding),0,0,미양허(IS 16.2),0,0,0,0,0,0,0,0,0,0,0,0,0,0,0,0,0,0,0,0,0,0,0,0,0,0,0,0,0,0.8
844,1214.90.9019,루우산(알파파) 베일(기타),Lucerne (Alfalfa) bale (Other),0,0,미양허(IS 16.2),0,0,0,0,0,0,0,0,0,2.4,0,7.2,3.6,0,0,0,0,0,0,0,0,0,0,12,12,12,12,12,0,14.4
845,1214.90.9090,기타 사료용 식물류(기타) ,Other fodder roots,미양허,0,미양허,5,미양허,6.2,0,0,"0/6.7(*200,000M/T) TRQ",31.4,100.5,0,"0/20.1(*50,000M/T) TRQ",5,100.5,100.5,미양허,미양허,미양허,미양허,미양허,6.2,0,미양허,100.5,5,미양허,미양허,미양허,미양허,미양허,미양허,100.5
846,1301.20.0000,아라비아 검,Gum arabic,0,0,0,0,0,0,0,0,0,0,0,0,0,0,0,0,0,0,0,0,0,0,0,0,0,0,0,0,0,0,0,0,0
847,1301.90.1000,올레오레진,Oleoresins,0,미양허,0,0,0,0,0,0,0,0,0,0,0,0,0,0,1,1.2,1,1,1.5,0,0,0,0.6,0,1.5,1.5,1.5,1.5,1.5,0,3
848,1301.90.2010,쉘락,Shellac,0,0,0,0,0,0,0,0,0,0,0,0,0,0,0,0,0,0,0,0,0,0,0,0,0,0,0,0,0,0,0,0,0
849,1301.90.2090,기타 락,Other lac,0,0,0,0,0,0,0,0,0,0,0,0,0,0,0,0,0,0,0,0,0,0,0,0,0,0,0,0,0,0,0,0,0
850,1301.90.9000,락검 기타 ,"Other resins, gum-resins",0,미양허,0,3,0,0,0,0,0,0,0,0,0,0,0,0,0,0,0,0,0,0,0,1.8,0.6,1.5,1.5,1.5,1.5,1.5,1.5,2.2,3
851,1302.11.0000,아편(수액/추출물),Saps and extracts (Opium),0,0,6.4(CH 미양허),0,4,0,0,0,0,0,0,0,0,0,0,0,0,0,0,0,0,0,0,0,1.6,0,0,0,4,4,0,0,0
852,1302.12.0000,감초의 것(수액/추출물),Saps and extracts (Liquorice),0,0,6.4,0,0,0,0,0,0,0,0,0,0,0,8,0,0,0,0,0,0,0,0,0,1.6,0,7.5,7.5,미양허,미양허,7.5,0,0
853,1302.13.0000,홉의 것(수액/추출물),Saps and extracts (Hops),미양허,미양허,미양허,0,미양허,0,0,0,0,9.3,NS,30,8.3,0,6,10,미양허,미양허,미양허,미양허,미양허,0,0,0,30,0,15,15,15,15,15,0,24
854,1302.14.0000,마황의 것(수액/추출물),Saps and extracts (Ephedra),0,0,4.8,0,미양허,0,0,0,0,0,0,0,8,0,3.2,8,0,0,0,0,0,0,0,0,1.6,0,미양허,6,미양허,미양허,미양허,0,6.4
855,1302.19.1110,인삼 추출물(백삼),Saps and extracts (White ginseng/extract),미양허,0,18,5,미양허,0,0,0,0,6.2,20,0,2.6,5,20,20,미양허,미양허,미양허,미양허,미양허,0,0,미양허,20,5,미양허,미양허,미양허,미양허,미양허,미양허,20
856,1302.19.1120,인삼 추출물 가루(백삼),Saps and extracts (White ginseng/extract powder),미양허,0,18,0,미양허,0,0,0,0,6.2,20,0,2.6,0,20,20,미양허,미양허,미양허,미양허,미양허,0,0,0,20,0,미양허,18.8,미양허,미양허,18.8,0,20
857,1302.19.1190,"인삼액즙, 추출물 기타(백삼)",Saps and extracts (White ginseng/other),미양허,0,18,0,미양허,0,0,0,0,6.2,20,0,2.6,0,20,20,미양허,미양허,미양허,미양허,미양허,0,0,0,20,0,미양허,18.8,미양허,미양허,18.8,0,20
858,1302.19.1210,홍삼 추출물,Saps and extracts (Red ginseng/extract),미양허,미양허,미양허,603.4,미양허,47.1/754.3(388M/T) ASG,0/754.3(395M/T) ASG,754.3,0/754.3(95.8M/T) ASG,754.3,754.3,754.3,754.3,603.4,754.3,754.3,미양허,미양허,미양허,미양허,미양허,47.1/754.3(23M/T)  ASG,0/754.3(23M/T)  ASG,미양허,754.3,603.4,미양허,미양허,미양허,미양허,미양허,미양허,754.3
859,1302.19.1220,홍삼 추출물 가루,Saps and extracts (Red ginseng/extract powder),미양허,미양허,미양허,603.4,미양허,47.1/754.3(388M/T) ASG,0/754.3(395M/T) ASG,754.3,0/754.3(95.8M/T) ASG,754.3,754.3,754.3,754.3,603.4,754.3,754.3,미양허,미양허,미양허,미양허,미양허,47.1/754.3(23M/T)  ASG,0/754.3(23M/T)  ASG,미양허,754.3,603.4,미양허,미양허,미양허,미양허,미양허,미양허,754.3
860,1302.19.1290,"기타 홍삼액즙, 추출물",Saps and extracts (Red ginseng/other),미양허,미양허,미양허,603.4,미양허,47.1/754.3(388M/T) ASG,0/754.3(395M/T) ASG,754.3,0/754.3(95.8M/T) ASG,754.3,754.3,754.3,754.3,603.4,754.3,754.3,미양허,미양허,미양허,미양허,미양허,47.1/754.3(23M/T)  ASG,0/754.3(23M/T)  ASG,미양허,754.3,603.4,미양허,미양허,미양허,미양허,미양허,미양허,754.3
861,1302.19.1900,"기타 인삼액즙, 추출물",Saps and extracts (Other/other),미양허,0,18,16,미양허,0,0,0,0,6.2,NS,0,20,16,20,20,미양허,미양허,미양허,미양허,미양허,0,0,미양허,20,16,미양허,미양허,미양허,미양허,미양허,미양허,20
862,1302.19.2000,캐슈너트 쉘액,Cashew nut shell liquid,0,0,6.4,0,미양허,0,0,0,0,0,0,0,0,0,0,0,2.6,3.3,2.6,2.6,4,0,0,0,1.6,0,0,0,미양허,미양허,0,0,0
863,1302.19.3000,생칠,Natural lacquer,0,미양허,6.4,0,4,0,0,0,0,0,8,0,0,0,3.2,0,2.6,3.3,2.6,2.6,4,0,0,0,4.8,0,5.3,5.3,미양허,5.3,5.3,0,6.4
864,1302.19.9010,알로에 수액과 추출물,Saps and extracts (Aloes),0,0,6.4,0,4,0,0,0,0,0,0,0,0,0,0,0,0,0,0,0,0,0,0,0,4.8,0,4,4,4,4,4,0,0
865,1302.19.9020,콜라 추출물,Cola extract,0,0,6.4,0,4,0,0,0,0,0,0,0,0,0,0,0,2.6,3.3,2.6,2.6,4,0,0,0,1.6,0,0,0,4,4,0,0,0
866,1302.19.9031,당귀(當歸) 추출물,"Angelicae Gigantis Radix extract (Angelica gigas, Angelica acutiloba)",0,0,4.8,0,미양허,0,0,0,0,0,0,0,8,0,3.2,8,0,0,0,0,0,0,0,0,1.6,0,미양허,6,미양허,미양허,미양허,0,6.4
867,1302.19.9032,오미자(五味子) 추출물,Schisandrae Fructus extract (Schisandra chinensis),0,0,4.8,0,미양허,0,0,0,0,0,0,0,8,0,3.2,8,0,0,0,0,0,0,0,0,1.6,0,미양허,6,미양허,미양허,미양허,0,6.4
868,1302.19.9033,작약(芍藥) 추출물,"Paeoniae Radix Extract (Paeonia lactiflora, Paeonia japonica, Paeonia obovata)",0,0,4.8,0,미양허,0,0,0,0,0,0,0,8,0,3.2,8,0,0,0,0,0,0,0,0,1.6,0,미양허,6,미양허,미양허,미양허,0,6.4
869,1302.19.9034,천궁(川芎) 추출물,"Cnidii Rhizoma extract (Cnidium officinale, Ligusticum chuanxiong)",0,0,4.8,0,미양허,0,0,0,0,0,0,0,8,0,3.2,8,0,0,0,0,0,0,0,0,1.6,0,미양허,6,미양허,미양허,미양허,0,6.4
870,1302.19.9035,황기(黃&#33450;) 추출물,"Astragali Radix extract (Astragalus membranaceus, Astragalus mongholicus)",0,0,4.8,0,미양허,0,0,0,0,0,0,0,8,0,3.2,8,0,0,0,0,0,0,0,0,1.6,0,미양허,6,미양허,미양허,미양허,0,6.4
871,1302.19.9039,기타 ,Other,0,0,,0,,0,0,0,0,0,0,0,8,0,3.2,8,0,0,0,0,0,0,0,0,1.6,0,미양허,6,미양허,미양허,미양허,0,6.4
872,1302.19.9091,바닐라 올리오레진이나 바닐라 추출물,Vanilla oleoresin or vanilla extract,0,0,0,0,4,0,0,0,0,0,0,0,0,0,1.6,0,2.6,3.3,2.6,2.6,4,0,0,0,1.6,0,4,4,4,4,4,0,0
873,1302.19.9099,식물성액즙과 추출물(기타),Other vegetable saps and extracts,0,0,,0,,0,0,0,0,0,0,0,8,0,3.2,8,0,0,0,0,0,0,0,0,1.6,0,미양허,6,미양허,미양허,미양허,0,6.4
874,1302.20.0000,"펙틴질, 펙티닝산염 및 펙틴산염","Pectic substances, pectinates and pectates",0,0,0,0,0,0,0,0,0,0,0,0,1,0,3.2,1.6,2.6,3.3,2.6,2.6,4,0,0,0,1.6,0,5.3,5.3,5.3,5.3,5.3,0,0
875,1302.32.0000,로커스트콩/로커스트콩의 씨 또는 구아의 씨로부터 얻은 점질물과 시커너(변성 가공했는지에 상관없다),"Mucilages and thickeners (From locust beans, locust bean seeds or guar seeds)",0,0,0,0,미양허,0,0,0,0,0,0,0,1,0,1.6,1.6,0,0,0,0,0,0,0,0,1.6,0,5.3,5.3,미양허,5.3,5.3,0,0
876,1302.39.0000,식물성 점질물 기타 ,Other mucilages and thickeners (From vegetable products),0,0,4,0,4,0,0,0,0,0,0,0,1,0,3.2,1.6,2.6,3.3,2.6,2.6,4,0,0,0,1.6,0,5.3,5.3,미양허,미양허,5.3,0,0
877,1401.10.2000,대(청환죽),Bamboos (Raw bamboos),0,미양허,6.4,5,4,0,0,0,0,0,0,0,0,5,3.2,0,2.6,3.3,2.6,2.6,4,0,0,3,4.8,3.3,5.3,5.3,미양허,5.3,5.3,3.7,6.4
878,1401.10.9000,대(기타 죽),Bamboos (Other),0,미양허,6.4,5,4,0,0,0,0,0,0,0,0,,3.2,0,2.6,3.3,2.6,2.6,4,0,0,3,4.8,3.3,5.3,5.3,미양허,5.3,5.3,,6.4
879,1401.20.0000,등나무,Rattans,0,0,6.4,0,0,0,0,0,0,0,0,0,0,0,0,0,1.6,2.4,1.6,1.6,3.2,0,0,0,4.8,0,4,4,4,4,4,0,6.4
880,1401.90.0000,기타 편조물용 식물성 재료,Other vegetable materials for plaiting,0,0,6.4,0,0,0,0,0,0,0,0,0,0,0,0,0,2.6,3.3,2.6,2.6,4,0,0,0,4.8,0,4,4,4,4,4,0,6.4
881,1404.20.0000,면 린터,Cotton linters,0,0,0,0,0,0,0,0,0,0,0,0,0,0,0,0,0,0,0,0,0,0,0,0,0,0,0,0,0,0,0,0,0
882,1404.90.1000,"조각용으로 사용되는 종자, 껍질 및 너트","Hard seeds, pips, hulls and nuts for carving",0,미양허,0,0,0,0,0,0,0,0,0,0,0,0,0,0,1,1.2,1,1,1.5,0,0,0,0.6,0,0,0,0,0,0,0,3
883,1404.90.2010,닥나무나 꾸지나무 껍질,Bark (Paper mulberry),0,미양허,0,0,0,0,0,0,0,0,0,0,0,0,0,0,1,1.2,1,1,1.5,0,0,0,0.6,0,0,0,0,0,0,0,3
884,1404.90.2090,기타 나무껍질,Bark (Other),0,미양허,0,0,0,0,0,0,0,0,0,0,0,0,0,0,1,1.2,1,1,1.5,0,0,0,,0,0,0,0,0,0,0,3
885,1404.90.3010,식품포장용으로 사용되는 식물의 잎(떡갈잎),Leaves (Quercus dentata),0,미양허,4,0,0,0,0,0,0,0,0,0,0,0,0,0,1.6,2,1.6,1.6,2.5,0,0,0,3,0,2.5,2.5,2.5,2.5,2.5,0,4
886,1404.90.3020,식품포장용으로 사용되는 식물의 잎(청미래덩굴잎),Leaves (Smilax china),0,미양허,4,0,0,0,0,0,0,0,0,0,0,0,1,0,1.6,2,1.6,1.6,2.5,0,0,0,3,0,2.5,2.5,2.5,2.5,2.5,0,4
887,1404.90.3090,식품포장용으로 사용되는 식물의 잎(기타 식물),Leaves (Other),0,미양허,4,0,0,0,0,0,0,0,5,0,0,0,0,0,1.6,2,1.6,1.6,2.5,0,0,0,3,0,2.5,2.5,2.5,2.5,2.5,0,4
888,1404.90.4000,"충전용 식물성재료(케이폭, 식물성헤어 및 거머리말 등)",Vegetable materials (Stuffing or padding),0,0,0,0,0,0,0,0,0,0,0,0,0,0,0,0,1,1.2,1,1,1.5,0,0,0,0.6,0,0,0,0,0,0,0,2.4
889,1404.90.5000,"청소용 식물성 재료(수수류, 피아사바, 카우치 그라스 및 이스틸리 등)",Vegetable materials (Brooms or brushes),0,0,0,0,0,0,0,0,0,0,0,0,0,0,0,0,0,0,0,0,0,0,0,0,0,0,0,0,0,0,0,0,0
890,1404.90.6010,"오배자(염색, 유연용)",Raw vegetable materials (Dyeing or tanning/Gall nuts),0,미양허,0,0,0,0,0,0,0,0,0,0,0,0,0,0,1,1.2,1,1,1.5,0,0,0,0.6,0,0,0,0,0,0,0,2.4
891,1404.90.6020,"아몬드 껍질(염색, 유연용)",Raw vegetable materials (Dyeing or tanning/Amond hulls),0,0,0,0,0,0,0,0,0,0,0,0,0,0,0,0,1,1.2,1,1,1.5,0,0,0,0.6,0,0,0,0,0,0,0,2.4
892,1404.90.6090,"기타 염색, 유연용 식물성 원료",Raw vegetable materials (Dyeing or tanning/other),0,미양허,0,0,0,0,0,0,0,0,0,0,0,0,0,0,1,1.2,1,1,1.5,0,0,0,0.6,0,0,0,0,0,0,0,2.4
893,1404.90.9000,기타 식물성생산품,Other vegetable products,0,미양허,0,0,0,0,0,0,0,0,0,0,0,0,0,0,1,1.2,1,1,1.5,0,0,0,1.8,0,0,0,0,0,0,0,2.4
894,1501.10.1000,돈지(라드/산가 1이하인 것),Lard (Of a acid value not exceeding 1),0,0,0(CH 미양허),0,0,0,0,0,0,0,0,0,0,0,0,0,0,0,0,0,0,0,0,0,0,0,0,0,0,0,0,0,0
895,1501.10.9000,돈지(라드/기타),Lard (Other),0,0,0(CH 미양허),0,0,0,0,0,0,0,0,0,0,0,0,0,0,0,0,0,0,0,0,0,0,0,0,0,0,0,0,0,0
896,1501.20.0000,돈지(기타의 돈지/기타),Other pig fat (Other),0,0,0(CH 미양허),0,0,0,0,0,0,0,0,0,0,0,0,0,0,0,0,0,0,0,0,0,0,0,0,0,0,0,0,0,0
897,1501.90.0000,기타(돼지 및 가금의 지방/비계 및 라드유 등 이외),Poultry fat (Other than that of heading 02.09 or 15.03),0,0,0(CH 미양허),0,0,0,0,0,0,0,0,0,0,0,0,0,0,0,0,0,0,0,0,0,0,0,0,0,0,0,0,0,0
898,1502.10.1010,탤로우(소의 것/산가 2이하인 것),Beef tallow (Of a acid value not exceeding 2),0,0,0(CH 미양허),0,0,0,0,0,0,0,0,0,0,0,0,0,0,0,0,0,0,0,0,0,0,0,0,0,0,0,0,0,0
899,1502.10.1090,탤로우(소의 것/기타),Beef tallow (Other),0,0,0(CH 미양허),0,0,0,0,0,0,0,0,0,0,0,0,0,0,0,0,0,0,0,0,0,0,0,1,1,1,1,1,0,0
900,1502.10.9000,탤로우(기타),Other tallow,0,0,0(CH 미양허),0,0,0,0,0,0,0,0,0,0,0,0,0,0,0,0,0,0,0,0,0,0,0,0,0,0,0,0,0,0
901,1502.90.1000,기타(소의 것/기타),Other fat (Of bovine animals/other),0,0,0(CH 미양허),0,0,0,0,0,0,0,0,0,,0,0,,0,0,0,0,0,0,0,0,0,0,,,,,,0,0
902,1502.90.9000,기타(기타),Other fats of sheep or goats (Other than those of heading 15.03),0,0,0(CH 미양허),0,0,0,0,0,0,0,0,0,0,0,0,0,0,0,0,0,0,0,0,0,0,0,0,0,0,0,0,0,0
903,1503.00.2000,라드유,Lard-oil,0,0,0(CH 미양허),0,0,0,0,0,0,0,0,0,0,0,0,0,0,0,0,0,0,0,0,0,0,0,0,0,0,0,0,0,0
904,1503.00.9000,기타(라드유 이외),"Other oil (Lard stearin, oleostearin, oleo-oil, tallow oil/not emulsified or mixed or other wise prepared)",0,0,0(CH 미양허),0,0,0,0,0,0,0,0,0,0,0,0,0,0,0,0,0,0,0,0,0,0,0,0,0,0,0,0,0,0
905,1505.00.1000,가공하지 않은 울그리스(wool grease),Wool grease (Crude),0,0,0(CH 미양허),0,0,0,0,0,0,0,0,0,0,0,0,0,0,0,0,0,0,0,0,0,0,0,0,0,0,0,0,0,0
906,1505.00.9000,기타(울그리스 지방성물질),Other (Fatty substances derived wool grease/including lanolin),0,0,0(CH 미양허),0,0,0,0,0,0,0,0,0,0,0,0,0,0,0,0,0,0,0,0,0,0,0,0,0,1.5,0,0,0,0
907,1506.00.1000,우각유와 그 분획물,Neat's foot oil and its fractions,0,0,0(CH 미양허),0,0,0,0,0,0,0,0,0,0,0,0,0,0,0,0,0,0,0,0,0,0,0,0,0,0,0,0,0,0
908,1506.00.9000,기타 동물성유지,Other animal fats and oils,0,0,0(CH 미양허),0,0,0,0,0,0,0,0,0,0,0,0,0,0,0,0,0,0,0,0,0,0,0,0,0,1.5,0,0,0,0
909,1507.10.1000,대두유(조유/식품용),Soya-bean oil (Crude/for food),미양허,0,4.9(CH 미양허),0,미양허,0,0,0,0,0,0,0,0,0,5,0,1.6,2,1.6,1.6,2.5,0,0,0,3,0,4.7,4.7,미양허,미양허,4.7,0,4.5
910,1507.10.2000,대두유(조유/바이오디젤 제조용),Soya-bean oil (Crude/for manufacturing biodiesel),미양허,0,4.9(CH 미양허),0,미양허,0,0,0,0,0,0,0,0,0,0,0,1.6,2,1.6,1.6,2.5,0,0,0,3,0,2.5,2.5,2.5,2.5,2.5,0,4.5
911,1507.10.9000,대두유(조유/기타),Soya-bean oil (Crude/other),미양허,0,4.9(CH 미양허),0,미양허,0,0,0,0,0,3.8,0,0,0,0,0,2.3,2.6,2.3,1,3,0,0,0,3,0,2.5,2.5,2.5,2.5,2.5,0,4.5
912,1507.90.1010,대두유(정제유/식품용),Soya-bean oil (Refined/for food),미양허,0,4.9(CH 미양허),5,미양허,0,0,0,0,0,0,0,0,0,5,0,미양허,미양허,미양허,1,미양허,0,0,1,3,0,5,5,미양허,미양허,5,미양허,4.5
913,1507.90.1020,대두유(정제유/바이오디젤 제조용),Soya-bean oil (Refined/for manufacturing biodiesel),미양허,0,4.9(CH 미양허),5,미양허,0,0,0,0,0,0,0,0,5,0,0,1.6,2,1.6,1.6,2.5,0,0,1,3,2.5,2.5,2.5,2.5,2.5,2.5,3.7,4.5
914,1507.90.1090,대두유(정제유/기타),Soya-bean oil (Refined/other),미양허,0,4.9(CH 미양허),5,미양허,0,0,0,0,0,0,0,0,5,0,0,1.6,2,1.6,1.6,2.5,0,0,1,3,2.5,2.5,2.5,2.5,2.5,2.5,3.7,4.5
915,1507.90.9000,대두유(기타),Soya-bean oil (Other),미양허,0,7.2(CH 미양허),5,미양허,0,0,0,0,0,5.6,0,0,0,0,0,1.6,2,1.6,1.6,2.5,0,0,1,3,1.4,2.5,2.5,2.5,2.5,2.5,3.7,4.5
916,1508.10.0000,땅콩유(조유),Ground-nut oil (Crude),미양허,0,미양허,0,미양허,0,0,0,0,8.4,27,0,3.6,0,10.8,5.4,미양허,미양허,미양허,5.4,미양허,0,0,0,27,0,18,18,미양허,18,18,0,21.6
917,1508.90.1000,땅콩유(정제유),Ground-nut oil (Refined),미양허,0,미양허,0,미양허,0,0,0,0,8.4,27,0,3.6,0,10.8,5.4,미양허,미양허,미양허,5.4,미양허,0,0,0,27,0,18,18,미양허,18,18,0,21.6
918,1508.90.9000,땅콩유(기타),Ground-nut oil (Other),미양허,0,미양허,0,미양허,0,0,0,0,8.4,27,0,3.6,0,10.8,5.4,미양허,미양허,미양허,5.4,미양허,0,0,0,27,0,18,18,미양허,18,18,0,21.6
919,1509.20.0000,엑스트라 버진 올리브유,Extra virgin olive oil,0,0,7.2(CH 미양허),0,0,0,0,0,0,0,0,0,0,0,0,0,0,0,0,0,0,0,0,0,1,0,2.5,2.5,2.5,2.5,2.5,0,4
920,1509.30.0000,버진 올리브유,Virgin Olive oil,0,0,7.2(CH 미양허),0,0,0,0,0,0,0,0,0,0,0,0,0,0,0,0,0,0,0,0,0,1,0,2.5,2.5,2.5,2.5,2.5,0,4
921,1509.40.0000,그밖의 버진 올리브유,Other virgin olive oils,0,0,7.2(CH 미양허),0,0,0,0,0,0,0,0,0,0,0,0,0,0,0,0,0,0,0,0,0,1,0,2.5,2.5,2.5,2.5,2.5,0,4
922,1509.90.0000,"기타 올리브유와 그 분획물(엑스트라버진, 버진올리브유 이외)",Olive oil and their fractions (Other),0,0,6.4(CH 미양허),0,0,0,0,0,0,0,0,0,0,0,0,0,1.6,2,1.6,1.6,2.5,0,0,0,1,0,2.5,2.5,2.5,2.5,2.5,0,0
923,1510.10.0000,올리브 퍼미스 조유(粗油),Crude olive pomace oil,0,0,6.4(CH 미양허),0,4,0,0,0,0,0,0,0,0,0,0,0,1.6,2,1.6,1.6,2.5,0,0,0,1,0,2.5,2.5,2.5,2.5,2.5,0,4
924,1510.90.0000,올리브유와 그 분획물 기타,"Other olive oil and its fractions, obtained solely from olives",0,0,6.4(CH 미양허),0,4,0,0,0,0,0,0,0,0,0,0,0,1.6,2,1.6,1.6,2.5,0,0,0,1,0,2.5,2.5,2.5,2.5,2.5,0,4
925,1511.10.0000,팜유(조유),Palm oil (Crude),0,0,0(CH 미양허),0,0,0,0,0,0,0,0,0,0,0,0,0,0,0,0,0,0,0,0,0,0,0,0,0,0,0,0,0,0
926,1511.90.1000,팜올레인,Palm olein,0,0,0(CH 미양허),0,0,0,0,0,0,0,0,0,0,0,0,0,0,0,0,0,0,0,0,0,0,0,0,0,0,0,0,0,0
927,1511.90.2000,팜스테아린,Palm stearin,0,0,0(CH 미양허),0,0,0,0,0,0,0,0,0,0,0,0,0,0,0,0,0,0,0,0,0,0,0,0,0,0,0,0,0,0
928,1511.90.9000,팜유와 그 분획물 기타 ,Other palm oil and its fraction,0,0,0(CH 미양허),0,0,0,0,0,0,0,0,0,0,0,0,0,0,0,0,0,0,0,0,0,0,0,0,0,0,0,0,0,0
929,1512.11.1000,해바라기씨유(조유),Sunflower-seed oil (Crude),0,0,8(CH 미양허),0,5,0,0,0,0,0,0,0,0,0,0,0,1.6,2,1.6,1.6,2.5,0,0,0,1,0,2.5,2.5,2.5,2.5,2.5,0,4
930,1512.11.2000,잇꽃유(조유),Safflower oil (Crude),0,0,6.4(CH 미양허),0,0,0,0,0,0,0,5.6,0,0,0,0,0,1.6,2,1.6,1.6,2.5,0,0,0,1,0,0,0,0,0,0,0,4
931,1512.19.1010,해바라기씨유(정제유),Sunflower-seed oil (Refined),0,0,8,0,5,0,0,0,0,0,0,0,0,0,1,0,1.6,2,1.6,1.6,2.5,0,0,0,1,0,2.5,2.5,2.5,2.5,2.5,0,4
932,1512.19.1020,잇꽃유(정제유),Safflower oil (Refined),0,0,6.4(CH 미양허),0,0,0,0,0,0,0,0,0,0,0,0,0,1.6,2,1.6,1.6,2.5,0,0,0,1,0,0,0,0,0,0,0,0
933,1512.19.9010,해바라기씨유(기타),Sunflower-seed oil (Other),0,0,8,0,5,0,0,0,0,0,0,0,0,0,0,0,1.6,2,1.6,1.6,2.5,0,0,0,1,0,2.5,2.5,2.5,2.5,2.5,0,4
934,1512.19.9020,잇꽃유(기타),Safflower oil (Other),0,0,6.4(CH 미양허),0,0,0,0,0,0,0,0,0,0,0,0,0,1.6,2,1.6,1.6,2.5,0,0,0,1,0,0,0,0,0,0,0,4
935,1512.21.0000,면실유(조유),Cotton-seed oil (Crude),0,0,미양허(IS 4.9),0,0,0,0,0,0,0,0,0,0,0,0,0,0,0,0,0,0,0,0,0,1,0,0,0,0,0,0,0,4
936,1512.29.1000,면실유(정제유),Cotton-seed oil (Refined),0,0,미양허(IS 4.9),0,0,0,0,0,0,0,0,0,0,0,0,0,0,0,0,0,0,0,0,0,1,0,2.5,2.5,2.5,2.5,2.5,0,4
937,1512.29.9000,면실유(기타),Other cotton seed oil and its fractions,0,0,미양허(IS 7.2),0,4,0,0,0,0,0,0,0,0,0,0,0,0,0,0,0,0,0,0,0,1,0,0,0,0,0,0,0,4
938,1513.11.0000,야자유(조유),Coconut oil (Crude),0,0,미양허(IS 0),0,0,0,0,0,0,0,0,0,0,0,0,0,0,0,0,0,0,0,0,0,0,0,0,0,0,0,0,0,0
939,1513.19.1000,야자유(정제유),Coconut oil (Refined),0,0,미양허(IS 0),0,0,0,0,0,0,0,0,0,0,0,0,0,0,0,0,0,0,0,0,0,0,0,1.5,1.5,1.5,1.5,1.5,1.8,0
940,1513.19.9000,야자유 기타,Other coconut oil and its fractions,0,0,미양허(IS 0),0,0,0,0,0,0,0,0,0,0,0,0,0,0,0,0,0,0,0,0,0,0,0,0,0,0,0,0,1.8,0
941,1513.21.1000,팜핵유(조유),Palm kernel oil (Crude),0,0,4(CH 미양허),0,0,0,0,0,0,0,0,0,0,0,0,0,0,0,0,0,0,0,0,0,1,0,0,0,0,0,0,0,0
942,1513.21.2000,바바수유(조유),Babassu oil (Crude),0,0,6.4(CH 미양허),0,0,0,0,0,0,0,0,0,0,0,0,0,0,0,0,0,0,0,0,0,1.6,0,0,0,0,0,0,0,0
943,1513.29.1010,팜핵유(정제유),Palm kernel oil (Refined),0,0,4(CH 미양허),0,0,0,0,0,0,0,0,0,0,0,1,0,0,0,0,0,0,0,0,0,1,0,2.5,2.5,2.5,2.5,2.5,0,0
944,1513.29.1020,바바수유(정제유),Babassu oil (Refined),0,0,6.4(CH 미양허),0,0,0,0,0,0,0,0,0,0,0,0,0,0,0,0,0,0,0,0,0,1.6,0,0,0,0,0,0,0,0
945,1513.29.9000,"팜핵, 바바수유 기타","Other palm kernel oil, babassu oil and fractions",0,0,6.4(CH 미양허),0,0,0,0,0,0,0,0,0,0,0,0,0,0,0,0,0,0,0,0,0,1.6,0,0,0,0,0,0,0,0
946,1514.11.0000,유채유와 그 분획물(저에루크산/조유),Low erucic acid rape or colza oil and its fractions (Crude),미양허,0,9(CH 미양허),0,미양허,0,0,0,0,2.5,0,0,0,0,5,1.6,미양허,미양허,미양허,미양허,미양허,0,0,0,5,0,4.7,4.7,미양허,미양허,4.7,0,0
947,1514.19.1000,유채유와 그 분획물(저에루크산/정제유),Low erucic acid rape or colza oil and its fractions (Refined),미양허,0,미양허,5,미양허,0,0,0,0,3.1,0,0,0,5,5,2,미양허,미양허,미양허,미양허,미양허,0,0,1,5,0,5,5,미양허,미양허,5,미양허,0
948,1514.19.9000,유채유와 그 분획물(저에루크산/기타),Low erucic acid rape or colza oil and its fractions (Other),미양허,0,미양허,5,미양허,0,0,0,0,0,7,0,0,5,0,0,1.6,2,1.6,1.6,2.5,0,0,0,3,0,0,0,0,0,0,3,0
949,1514.91.1000,유채유(기타/레이프유 또는 콜자유/조유),Other rape or colza oil (Crude),미양허,미양허,9(CH 미양허),0,미양허,0,0,0,0,2.5,0,0,1,0,0,1.6,미양허,미양허,미양허,미양허,미양허,0,0,0,5,0,2.5,2.5,2.5,2.5,2.5,0,0
950,1514.91.2000,겨자유(조유),Mustard oil (Crude),미양허,0,미양허,0,미양허,0,0,0,0,0,30,0,4,0,0,6,1,1.5,1,1,2,0,0,0,3,0,2.5,2.5,2.5,2.5,2.5,0,0
951,1514.99.1010,유채유(기타/레이프유 또는 콜자유/정제유),Other Rape oil or colza oil (Refined),미양허,0,미양허(CH 27),5,미양허,0,0,0,0,0,0,0,1.3,5,0,2,1,1.5,1,1,2,0,0,1,3,2.5,2.5,2.5,2.5,2.5,2.5,3.7,0
952,1514.99.1020,겨자유(정제유),Mustard oil (Refined),미양허,0,미양허(CH 27),5,미양허,0,0,0,0,0,0,0,4,5,0,6,1,1.5,1,1,2,0,0,1,3,2.5,2.5,2.5,2.5,2.5,2.5,3.7,0
953,1514.99.9000,유채유 또는 겨자유와 그 분획물(기타),"Other rape, colza or mustrad oil and fractions",미양허,0,미양허(CH 27),5,미양허,0,0,0,0,0,0,10,1.3,5,0,2,1,1.5,1,1,2,0,0,1,3,2.5,2.5,2.5,2.5,2.5,2.5,3.7,0
954,1515.11.0000,아마씨유(조유),Linseed oil (Crude),0,0,6.4(CH 미양허),0,0,0,0,0,0,0,0,0,0,0,0,0,0,0,0,0,0,0,0,0,1,0,2.5,2.5,2.5,2.5,2.5,0,4
955,1515.19.0000,아마씨유(기타),Other linseed oil and its fractions,0,0,6.4(CH 미양허),0,4,0,0,0,0,0,0,0,0,0,0,0,0,0,0,0,0,0,0,0,1,0,2.5,2.5,2.5,2.5,2.5,0,4
956,1515.21.0000,옥수수유(조유),Maize oil (Crude),미양허,0,7.2(CH 미양허),0,미양허,0,0,0,0,0,0,0,0,0,0,0,1,1.5,1,1,2,0,0,0,3,0,2.5,2.5,2.5,2.5,2.5,0,4
957,1515.29.0000,옥수수유(기타),Other maize oil and its fractions,0,0,7.2(CH 미양허),0,4,0,0,0,0,0,0,0,0,0,0,0,1.6,2,1.6,1.6,2.5,0,0,0,1,0,2.5,2.5,2.5,2.5,2.5,0,4
958,1515.30.0000,피마자유와 그 분획물,Castor oil and its fractions,0,0,6.4(CH 미양허),0,미양허,0,0,0,0,0,0,0,0,0,0,0,0,0,0,0,0,0,0,0,1,0,2.5,2.5,2.5,2.5,2.5,0,4
959,1515.50.0000,참기름과 그 분획물,Sesame oil and its fractions,미양허,미양허,미양허,"504% or 9,648원/kg",미양허,"132.6% 또는 2,538원/kg 양자중 고액(율)","99.4% 또는 1,904원/kg 양자중 고액(율)",0,42% or 804원/kg/630(61.0M/T) ASG,"630% or 12,060원/kg","630% or 12,060원/kg","630% or 12,060원/kg","630.0% or 12,060원/kg","504% or 9,648원/kg","630% or 12,060원/kg","630% or 12,060원/kg",미양허,미양허,미양허,"315% 또는 6,030원/Kg, 양자 중 고액(율)",미양허,"132.6% 또는 2,538원/kg 양자중 고액(율)","99.4% 또는 1,904원/kg 양자중 고액(율)",미양허,"630% 또는 12,060원/kg, 양자 중 고액(율)","504% or 9,648원/kg",미양허,미양허,미양허,미양허,미양허,미양허,"630.0% 또는 12,060원/kg, 양자 중 고액(율)"
960,1515.60.0000,비휘발 미생물성 지방과 기름 및 이들의 분획물,Fixed microbial fats and oils and their fractions,0,0,6.4(CH 미양허),0,4,0,0,0,0,0,NS,0,0,0,0,0,0,0,0,0,0,0,0,0,1,0,2.5,2.5,2.5,2.5,2.5,0,4
961,1515.90.1000,들기름과 그 분획물,Perilla oil and its fractions,미양허,미양허,미양허,18,미양허,0,0,0,0,11.2,36,36,10,18,36,0,미양허,미양허,미양허,18,미양허,0,0,미양허,36,18,36,36,미양허,미양허,36,미양허,28.8
962,1515.90.9010,쌀겨기름과 그 분획물,Rice bran oil and its fractions,0,0,미양허(IS 6.4),5,미양허,0,0,0,0,0,NS,0,1,0,0,1.6,1.6,2,1.6,1.6,2.5,0,0,0,1,1.4,2.5,2.5,2.5,2.5,2.5,3.7,4
963,1515.90.9020,동백유와 그 분획물,Camellia oil and its fractions,0,0,6.4(CH 미양허),0,4,0,0,0,0,0,0,0,0,0,0,0,2.6,3.3,2.6,2.6,4,0,0,0,1.6,0,4,4,4,4,4,0,6.4
964,1515.90.9030,호호바유와 그 분획물,Jojoba oil and its fractions,0,0,6.4(CH 미양허),0,4,0,0,0,0,0,0,0,0,0,0,0,2.6,3.3,2.6,2.6,4,0,0,0,0,0,4,4,4,4,4,0,6.4
965,1515.90.9040,동유와 그 분획물,Tung oil and its fractions,0,0,6.4(CH 미양허),0,0,0,0,0,0,0,0,0,0,0,0,0,2.6,3.3,2.6,2.6,4,0,0,0,1.6,0,4,4,4,4,4,0,6.4
966,1515.90.9090,기타 비휘발성 식물성유지,Other fixed vegetable fats and oils,0,0,6.4(CH 미양허),0,4,0,0,0,0,0,NS,0,0,0,0,0,0,0,0,0,0,0,0,0,1,0,2.5,2.5,2.5,2.5,2.5,0,4
967,1516.10.1000,우지와 그 분획물,Beef tallow and its fractions,0,0,4(CH 미양허),0,0,0,0,0,0,0,0,0,0,0,0,0,2.6,3.3,2.6,2.6,4,0,0,0,1.6,0,0,0,4,4,0,0,0
968,1516.10.9000,기타 동물성 유지와 그 분획물,Other animal fats and oils and their fractions,0,0,,0,0,0,0,0,0,0,5.6,0,0,0,0,0,2.6,3.3,2.6,2.6,4,0,0,0,1.6,0,4,4,4,4,4,0,0
969,1516.20.1010,땅콩기름과 그 분획물,Peanut oil and its fraction,미양허,미양허,미양허,5,미양허,0,0,0,0,11.2,36,0,4.8,5,14.4,7.2,미양허,미양허,미양허,미양허,미양허,0,0,1,36,1.4,24,24,미양허,24,24,4.3,0
970,1516.20.1020,해바라기씨유와 그 분획물,Sunflower seed oil and its fraction,미양허,0,미양허,0,미양허,0,0,0,0,11.2,36,0,10,0,36,7.2,미양허,미양허,미양허,미양허,미양허,0,0,0,36,0,33.8,33.8,미양허,미양허,33.8,0,0
971,1516.20.1030,유채유(채종유 또는 콜자유)와 그 분획물,Rape or colza oil and its fraction,미양허,미양허,미양허,0,미양허,0,0,0,0,11.2,36,0,10,0,36,7.2,미양허,미양허,미양허,미양허,미양허,0,0,0,36,0,33.8,33.8,미양허,미양허,33.8,0,0
972,1516.20.1040,들기름과 그 분획물,Perilla oil and its fraction,미양허,미양허,미양허,28.8,미양허,0,0,0,0,11.2,36,36,4.8,28.8,36,7.2,미양허,미양허,미양허,미양허,미양허,0,0,미양허,36,28.8,미양허,미양허,미양허,미양허,미양허,미양허,28.8
973,1516.20.1050,참기름과 그 분획물,Sesame oil and its fraction,미양허,미양허,미양허,5,미양허,0,0,0,0,11.2,36,0,4.8,5,36,7.2,미양허,미양허,미양허,미양허,미양허,0,0,미양허,36,5,36,36,미양허,미양허,36,미양허,32.4
974,1516.20.2010,야자유와 그 분획물,Coconut oil and its fraction,0,0,미양허(IS 6.4),0,4,0,0,0,0,0,0,0,0,0,0,0,2.6,3.3,2.6,2.6,4,0,0,0,1.6,0,4,4,4,4,4,0,0
975,1516.20.2020,팜유와 그 분획물,Plam oil and its fraction,0,0,6.4(CH 미양허),0,4,0,0,0,0,0,0,0,0,0,0,0,2.6,3.3,2.6,2.6,4,0,0,0,1.6,0,4,4,4,4,4,0,0
976,1516.20.2030,옥수수유와 그 분획물,Maize oil and its fraction,0,0,6.4(CH 미양허),0,4,0,0,0,0,0,0,0,0,0,8,0,2.6,3.3,2.6,2.6,4,0,0,0,1.6,0,7.5,7.5,미양허,미양허,7.5,0,6.4
977,1516.20.2040,면실유와 그 분획물,Cotton seed oil and its fraction,0,0,미양허(IS 6.4),0,4,0,0,0,0,0,0,0,0,0,0,0,2.6,3.3,2.6,2.6,4,0,0,0,1.6,0,4,4,4,4,4,0,0
978,1516.20.2050,대두유와 그 분획물,Soya bean oil and its fraction,0,0,7.2(CH 미양허),0,4,0,0,0,0,0,0,0,0,0,0,0,2.6,3.3,2.6,2.6,4,0,0,0,1.6,0,4,4,4,4,4,0,6.4
979,1516.20.2090,기타 식물성 유지와 그 분획물,Other vegetable fats and oils and their fractions,0,0,,5,미양허,0,0,0,0,0,0,0,0,0,0,0,0,0,0,0,0,0,0,1,1.6,1.4,4,4,4,4,4,3,0
980,1516.30.0000,미생물성 지방과 기름 및 이들의 분획물,Microbial fats and oils and their fractions,0,0,미양허,5,미양허,0,0,0,0,0,0,0,0,0,0,0,0,0,0,0,0,0,0,1,1.6,1.4,4,4,4,4,4,3,0
981,1517.10.0000,마가린(액상마가린 제외),Margarine (Excluding liquid),0,0,,0,0,0,0,0,0,0,0,0,0,0,1.6,1.6,2.6,3.3,2.6,2.6,4,0,0,0,1.6,0,4,4,4,4,4,0,6.4
982,1517.90.1000,이미테이션 라드,Imitation lard,0,0,,0,0,0,0,0,0,0,0,0,0,0,0,0,2.6,3.3,2.6,2.6,4,0,0,0,1.6,0,4,4,4,4,4,0,0
983,1517.90.2000,쇼트닝,Shortening,0,0,,0,0,0,0,0,0,0,0,0,0,0,1.6,0,2.6,3.3,2.6,2.6,4,0,0,0,1.6,0,4,4,4,4,4,0,6.4
984,1517.90.9000,마가린류 유지 기타 ,Other edible mixtures or preparations of animal or vegetable fats or oils or fractions,0,0,,0,미양허,0,0,0,0,0,0,0,0,0,0,0,0,0,0,0,0,0,0,0,1.6,0,5.3,5.3,미양허,미양허,5.3,0,6.4
985,1518.00.1000,탈수피마자유,Dehydrated castor oil,0,0,6.4,0,4,0,0,0,0,0,0,0,0,0,0,0,2.6,3.3,2.6,2.6,4,0,0,0,1.6,0,4,4,4,4,4,0,0
986,1518.00.2000,에폭시화한 대두유,Epoxidised soya-bean oil,0,0,7.2,0,4,0,0,0,0,0,0,0,0,0,0,0,2.6,3.3,2.6,2.6,4,0,0,0,1.6,0,4,4,4,4,4,0,0
987,1518.00.9010,동물성·식물성ㆍ미생물성 유지 기타(사료용),"Other animal, vegetable or microbial fats and oils and fractions (For feeding)",0,0,,0,4,0,0,0,0,0,0,0,0,0,0,0,1.6,2,1.6,1.6,2.5,0,0,0,1,0,2.5,2.5,2.5,2.5,2.5,0,0
988,1518.00.9090,기타(기타),"Other animal, vegetable or microbial fats and oils and fractions (Other)",0,0,,0,4,0,0,0,0,0,0,0,0,0,0,0,2.6,3.3,2.6,2.6,4,0,0,0,1.6,0,5.3,5.3,미양허,미양허,5.3,0,0
989,1520.00.0000,"글리세롤(glycerol)(가공하지 않은 것으로 한정한다), 글리세롤 수(水), 글리세롤 폐액(廢液)","Glycerol, crude; glycerol waters and glycerol lyes",0,0,7.2,0,0,0,0,0,0,0,0,0,0,0,0,0,0,0,0,0,0,0,0,0,1.6,0,4,4,4,4,4,0,0
990,1521.10.1000,카나버왁스,Carnauba wax,0,0,0,0,0,0,0,0,0,0,0,0,0,0,1.6,0,0,0,0,0,0,0,0,0,1.6,0,4,4,4,4,4,0,0
991,1521.10.2000,팜왁스,Plam wax,0,0,0,0,0,0,0,0,0,0,0,0,0,0,0,0,0,0,0,0,0,0,0,0,1.6,0,4,4,4,4,4,0,0
992,1521.10.9000,기타 식물성왁스,Other vegetable waxes,0,0,0,0,0,0,0,0,0,0,0,0,0,0,1.6,0,0,0,0,0,0,0,0,0,1.6,0,4,4,4,4,4,0,0
993,1521.90.2000,밀랍,Beeswax,0,0,0,0,0,0,0,0,0,0,0,0,0,0,3.2,0,0,0,0,0,0,0,0,0,1.6,0,5.3,5.3,5.3,5.3,5.3,0,0
994,1521.90.9000,"기타(밀랍, 고래왁스 이외)",Other insect waxes,0,0,0,0,0,0,0,0,0,0,0,0,0,0,1.6,0,0,0,0,0,0,0,0,0,1.6,0,4,4,4,4,4,0,0
995,1522.00.0000,"데그라스(degras), 지방성 물질이나 동물성ㆍ식물성 왁스를 처리할 때 생기는 잔유물",Degras; residues resulting from the treatment of fatty substances or animal or vegetable waxes,0,0,,0,0,0,0,0,0,0,0,0,0,0,,0,2.6,3.3,2.6,2.6,4,0,0,0,1.6,0,4,4,4,4,4,0,0
996,1601.00.1000,소시지,Sausages,0,0,미양허,14.4,미양허,0,0,0,0,0,18,0,0,14.4,18,0,6,7.5,6,6,9,0,0,미양허,10.8,9.6,미양허,미양허,미양허,미양허,미양허,미양허,14.4
997,1601.00.9000,소시지(기타),Other (Similar to sausages),0,0,미양허,24,미양허,0,0,0,0,0,NS,0,0,24,6,0,미양허,미양허,미양허,미양허,미양허,0,0,14.4,20,12,15,15,15,15,15,17.6,27
998,1602.10.0000,"육, 설육, 피, 곤충(균질화 조제품)","Other prepared or preserved meat, meat offal,  blood or insects (Homogenised preparations)",미양허,미양허,미양허,24,미양허,1.8,0,0,0,30,NS,30,4,24,30,10,미양허,미양허,미양허,미양허,미양허,1.8,0,미양허,30,24,미양허,미양허,미양허,미양허,미양허,미양허,27
999,1602.20.1000,동물 간(밀폐용기에 넣은 것),"Other prepared or preserved meat, meat offal or blood (Liver of animal/In airtight containers)",0,0,미양허,0,15,0,0,0,0,0,NS,0,0,0,12,6,10,12.5,10,10,15,0,0,0,20,0,20,20,20,20,20,0,27
1000,1602.20.9000,동물 간(기타 조제저장),"Other prepared or preserved meat, meat offal or blood (Liver of animal/other)",0,0,미양허,0,15,0,0,0,0,0,NS,0,0,0,12,6,10,12.5,10,10,15,0,0,0,20,0,20,20,20,20,20,0,27
1001,1602.31.1000,칠면조로 만든 것(밀폐용기에 넣은 것),"Other prepared or preserved meat, meat offal or blood (Turkeys/In airtight containers)",0,0,미양허,0,15,0,0,0,0,0,NS,0,0,0,12,6,10,12.5,10,10,15,0,0,0,12.8,0,20,20,20,20,20,0,27
1002,1602.31.9000,칠면조로 만든 것(기타 조제),"Other prepared or preserved meat, meat offal or blood (Turkeys/other)",0,0,미양허,0,15,0,0,0,0,0,NS,0,0,0,12,6,10,12.5,10,10,15,0,0,0,12.8,0,20,20,미양허,20,20,0,24
1003,1602.32.1010,삼계탕(밀폐용기에 넣은 것)-갈루스 도메스티쿠스종에 한함,Samgetangⓚ (In airtight containers/the species Gallus domesticus),"0(*2,000M/T) TRQ",미양허,미양허,24,미양허,0,0,0,0,0,NS,30,0,24,30,10,미양허,미양허,미양허,미양허,미양허,0,0,미양허,30,24,미양허,미양허,미양허,미양허,미양허,미양허,30
1004,1602.32.1090,닭고기(기타 밀폐용기에 넣은 것)-갈루스 도메스티쿠스종에 한함,"Other prepared or preserved meat, meat offal or blood (Other fowls/in airtight containers)","0(*2,000M/T) TRQ",미양허,미양허,미양허,미양허,0,0,0,0,9.3,NS,30,30,30,30,30,미양허,미양허,미양허,미양허,18.7,0,0,미양허,30,30,미양허,미양허,미양허,미양허,미양허,미양허,30
1005,1602.32.9000,닭고기(기타 조제저장)-갈루스 도메스티쿠스종에 한함,"Other prepared or preserved meat, meat offal or blood (Other fowls/other)","0(*2,000M/T) TRQ",미양허,미양허,미양허,미양허,0,0,0,0,9.3,NS,30,0,30,30,30,미양허,미양허,미양허,미양허,18.7,0,0,미양허,30,30,미양허,미양허,미양허,미양허,미양허,미양허,30
1006,1602.39.1000,가금류의 것(밀폐용기에 넣은 것),"Other prepared or preserved meat, meat offal or blood (Other poultry/In airtight containers)",0,미양허,미양허,24,미양허,0,0,0,0,0,NS,30,0,24,30,30,미양허,미양허,미양허,미양허,미양허,0,0,미양허,0,24,미양허,미양허,미양허,미양허,미양허,미양허,24
1007,1602.39.9000,가금류의 것(기타 조제저장),"Other prepared or preserved meat, meat offal or blood (Other poultry/other)",0,미양허,미양허,24,미양허,0,0,0,0,0,NS,30,4,24,30,30,미양허,미양허,미양허,미양허,미양허,0,0,미양허,0,24,미양허,미양허,미양허,미양허,미양허,미양허,24
1008,1602.41.1000,돼지고기 넓적다리살과 그 절단육(밀폐용기에 넣은 것),Hams and cuts (Swine/in airtight containers),미양허,미양허,미양허,24,미양허,0,0,0,0,9.3,NS,30,0,24,30,30,미양허,미양허,미양허,미양허,미양허,0,0,미양허,30,16,미양허,미양허,미양허,미양허,미양허,미양허,30
1009,1602.41.9000,돼지고기 넓적다리살과 그 절단육(기타 조제저장),Hams and cuts (Swine/other),미양허,미양허,미양허,21.6,미양허,0,0,0,0,8.4,27,0,0,21.6,27,27,미양허,미양허,미양허,미양허,미양허,0,0,미양허,27,21.6,미양허,미양허,미양허,미양허,미양허,미양허,27
1010,1602.42.1000,돼지고기 어깨살과 그 절단육(밀폐용기에 넣은 것),Shoulders and cuts (Swine/in airtight containers),0,미양허,미양허,24,미양허,0,0,0,0,9.3,NS,30,0,24,30,30,미양허,미양허,미양허,미양허,미양허,0,0,미양허,30,16,미양허,미양허,미양허,미양허,미양허,미양허,30
1011,1602.42.9000,돼지고기 어깨살과 그 절단육(기타 조제저장),Shoulders and cuts (Swine/other),미양허,미양허,미양허,21.6,미양허,0,0,0,0,8.4,27,27,0,21.6,27,27,미양허,미양허,미양허,미양허,미양허,0,0,미양허,27,21.6,미양허,미양허,미양허,미양허,미양허,미양허,27
1012,1602.49.1000,돼지고기 기타 부위(혼합물 포함/밀폐용기에 넣은 것),"Other prepared or preserved meat, offal (Swine/in airtight containers)",0,미양허,미양허,미양허,미양허,0,0,0,0,9.3,NS,0,30,30,30,30,미양허,미양허,미양허,미양허,미양허,0,0,미양허,30,30,미양허,미양허,미양허,미양허,미양허,미양허,30
1013,1602.49.9000,돼지고기 기타(혼합물 포함/기타 조제저장),"Other prepared or preserved meat, offal (Swine/other)",미양허,미양허,미양허,미양허,미양허,0,0,0,0,8.4,27,0,27,27,27,27,미양허,미양허,미양허,미양허,미양허,0,0,미양허,27,27,미양허,미양허,미양허,미양허,미양허,미양허,27
1014,1602.50.1000,소의 것(밀폐용기에 넣은 것),Other prepared or preserved meat offal (Bovine/In airtight containers),미양허,미양허,미양허,57.6,미양허,4.5,0,72,0,72,72,"14.4/43.2(24,596M/T) ASG",9.6,57.6,72,14.4,미양허,미양허,미양허,미양허,미양허,4.5,0,미양허,72,57.6,미양허,미양허,미양허,미양허,미양허,미양허,72
1015,1602.50.9000,소의 것(기타 조제저장),Other prepared or preserved meat offal (Bovine/other),미양허,미양허,미양허,57.6,미양허,4.5,0,72,0,72,72,"14.4/43.2(24,596M/T) ASG",9.6,57.6,72,14.4,미양허,미양허,미양허,미양허,미양허,4.5,0,미양허,72,57.6,미양허,미양허,미양허,미양허,미양허,미양허,72
1016,1602.90.1000,조제육 설육(밀폐용기에 넣은 것),"Other prepared or preserved meat, offal (In airtight containers)",미양허,미양허,미양허,0,미양허,1.8,0,30,0,30,NS,9.9,4,0,30,6,미양허,미양허,미양허,미양허,미양허,1.8,0,0,30,0,28.1,28.1,미양허,미양허,28.1,0,30
1017,1602.90.9000,조제육 설육 (기타 조제저장),"Other prepared or preserved meat, offal (Other)",미양허,미양허,미양허,0,미양허,1.8,0,30,0,30,NS,30,4,0,30,6,미양허,미양허,미양허,미양허,미양허,1.8,0,0,30,0,28.1,28.1,미양허,미양허,28.1,0,30
1018,1603.00.1000,육 추출물,Meat extracts,미양허,미양허,미양허,24,미양허,0,0,0,0,9.3,NS,30,30,24,12,6,미양허,미양허,미양허,미양허,미양허,0,0,미양허,30,24,미양허,미양허,미양허,미양허,미양허,미양허,30
1019,1603.00.2000,육즙,Meat juices,미양허,미양허,미양허,24,미양허,1.8,0,0,0,9.3,NS,30,4,24,12,6,미양허,미양허,미양허,미양허,미양허,1.8,0,19.2,30,16,20,20,미양허,20,20,20.8,30
1020,1701.12.1000,사탕무당(편광도수 98.5도 이하),Beet sugar (Of polarimeter reading not exceeding 98.5°),0,0,0,0,0,0,0,0,0,0,0,0,0,0,0,0,0.6,0.9,0.6,0.6,1.2,0,0,0,1.8,0,0,0,0,0,0,0,0
1021,1701.12.2000,사탕무당(편광도수 98.5도 초과),Beet sugar (Of polarimeter reading exceeding 98.5°),0,0,0,0,0,0,0,0,0,0,0,0,0,0,0,0,0.6,0.9,0.6,0.6,1.2,0,0,0,1.8,0,0,0,0,0,0,0,0
1022,1701.13.0000,사탕수수당(이 류의 소호주 제2호에 규정된 것),Cane sugar (Secified in subheading Note 2 this Chapter),0,0,미양허(IS 0),0,0,0,0,0,0,0,0,0,0,0,0,0,0,0,0,0,0,0,0,0,1.8,0,0,0,0,0,0,0,0
1023,1701.14.1000,기타 사탕수수당(편광도수 98.5도 이하),Cane sugar (Other/of polarimeter reading not exceeding 98.5°),0,0,미양허(IS 0),0,0,0,0,0,0,0,0,0,0,0,0,0,0,0,0,1.4,1.8,0,0,0,1.8,0,0,0,0,0,0,0,0
1024,1701.14.2000,기타 사탕수수당(편광도수 98.5도 초과),Cane sugar (Other/of polarimeter reading exceeding 98.5°),0,0,미양허(IS 0),0,0,0,0,0,0,0,0,0,0,0,0,0,0,0,0,0,1.8,0,0,1.8,2.2,0,1.5,1.5,1.5,1.5,1.5,1.8,0
1025,1701.91.0000,"사탕수수당, 사탕무당, 자당(향미 또는 착색제가 첨가된 것)",Cane or beet sugar (Containing flavouring or coloring matter),미양허,미양허,미양허,40,미양허,40,40,0,"30/50(1,260M/T) ASG",35,NS,35,35,30,30,40,15,16.8,15,15,18.7,40,40,미양허,30,30,미양허,미양허,미양허,미양허,미양허,미양허,30
1026,1701.99.0000,"사탕수수, 사탕무당, 자당 기타 ",Other cane or beet sugar,미양허,미양허,미양허,40,미양허,30.6/50(284M/T) ASG,30/50(290M/T) ASG,0,"30/50(1,260M/T) ASG",10.9,NS,35,"9.7/35(1,200M/T)  ASG",30,30,13.3,15,16.8,15,15,18.7,30.6/50(5M/T) ASG,30/50(5M/T) ASG,미양허,30,30,미양허,미양허,미양허,미양허,미양허,미양허,30
1027,1702.11.1000,유당(함유유당 99% 이상),Lactose (Containing by weight 99% or more lactose),미양허,미양허,미양허,0,미양허,0,0,0,0,15.4,49.5,0,0,0,49.5,0,미양허,미양허,미양허,미양허,미양허,0,0,0,29.7,0,미양허,미양허,미양허,미양허,미양허,0,39.6
1028,1702.11.9000,유당시럽(함유유당 99% 이상),Lactose syrup (Containing by weight 99% or more lactose),미양허,미양허,미양허,0,10,0,0,0,0,6.2,20,0,2.6,0,20,4,미양허,미양허,미양허,미양허,미양허,0,0,0,12,0,18.8,18.8,미양허,미양허,18.8,0,18
1029,1702.19.1000,유당 기타,Lactose (Other),미양허,미양허,미양허,0,미양허,0,0,0,0,15.4,49.5,0,49.5,0,49.5,49.5,미양허,미양허,미양허,미양허,미양허,0,0,0,49.5,0,미양허,미양허,미양허,미양허,미양허,0,39.6
1030,1702.19.9000,유당시럽 기타 ,Lactose syrup (Other),미양허,미양허,미양허,0,10,0,0,0,0,6.2,20,0,20,0,20,0,미양허,미양허,미양허,미양허,미양허,0,0,0,20,0,18.8,18.8,미양허,미양허,미양허,0,20
1031,1702.20.1000,단풍당,Maple sugar,0,미양허,미양허,0,4,0,0,0,0,0,0,0,0,0,0,0,2.6,3.3,2.6,2.6,4,0,0,0,1.6,0,4,4,4,4,4,0,6.4
1032,1702.20.2000,단풍당시럽,Maple syrup,0,미양허,미양허,0,4,0,0,0,0,0,0,0,0,0,0,0,2.6,3.3,2.6,2.6,4,0,0,0,1.6,0,4,4,4,4,4,0,6.4
1033,1702.30.1000,포도당(과당 20% 미만),Glucose (In the dry state less than 20% by weight of fructose),미양허,미양허,미양허,5,미양허,0,0,0,0,0,0,0,1,0,8,1.6,1.6,2.4,1.6,1.6,3.2,0,0,1,4.8,0,8,8,미양허,미양허,8,미양허,0
1034,1702.30.2000,포도당시럽(과당 20% 미만),Glucose syrup (In the dry state less than 20% by weight of fructose),미양허,미양허,미양허,0,미양허,0,0,0,0,0,0,0,1,0,8,1.6,1.6,2.4,1.6,1.6,3.2,0,0,0,4.8,0,7.5,7.5,미양허,미양허,7.5,0,0
1035,1702.40.1000,포도당(과당20% 이상 50% 미만),Glucose (In the dry state at least 20% but less than 50% by weight of fructose),미양허,미양허,미양허,5,미양허,0,0,0,0,0,0,0,1,0,8,1.6,1.6,2.4,1.6,1.6,3.2,0,0,0,4.8,0,8,8,미양허,미양허,8,미양허,0
1036,1702.40.2000,포도당 시럽(과당 20% 이상 50% 미만),Glucose syrup (In the dry state at least 20% but less than 50% by weight of fructose),미양허,미양허,미양허,0,4,0,0,0,0,0,NS,0,1,0,8,1.6,1.6,2.4,1.6,1.6,3.2,0,0,0,4.8,0,7.5,7.5,미양허,미양허,7.5,0,0
1037,1702.50.0000,과당(화학적으로 순수),Chemically pure fructose,미양허,미양허,미양허,0,4,0,0,0,0,0,NS,0,1,0,8,1.6,1.6,2.4,1.6,1.6,3.2,0,0,0,2.6,0,7.5,7.5,미양허,미양허,7.5,0,6.4
1038,1702.60.1000,과당,Fructose (In the dry state more than 50% by weight of fructose),미양허,미양허,미양허,5,미양허,0,0,0,0,0,NS,0,1,0,8,1.6,1.6,2.4,1.6,1.6,3.2,0,0,1,4.8,0,8,8,미양허,미양허,8,미양허,6.4
1039,1702.60.2000,과당시럽,Fructose syrup (In the dry state more than 50% by weight of fructose),미양허,미양허,미양허,0,4,0,0,0,0,0,0,0,1,0,8,1.6,1.6,2.4,1.6,1.6,3.2,0,0,0,4.8,0,7.5,7.5,미양허,미양허,7.5,0,6.4
1040,1702.90.1000,인조꿀,Artificial honey,미양허,미양허,미양허,194.4,미양허,0,0,0,0,75.9,243,0,243,194.4,243,243,미양허,미양허,미양허,미양허,미양허,0,0,미양허,243,194.4,미양허,미양허,미양허,미양허,미양허,미양허,243
1041,1702.90.2000,캐러멜당,Caramel,0,0,7.2(CH 미양허),5,4,0,0,0,0,0,0,0,0,0,8,0,2.6,3.3,2.6,2.6,4,0,0,1,1.6,0,8,8,미양허,미양허,8,미양허,6.4
1042,1702.90.3000,맥아당,Maltose,0,0,,5,4,0,0,0,0,0,NS,0,0,0,8,1.6,2.6,3.3,2.6,2.6,4,0,0,0,1.6,0,8,8,미양허,미양허,8,0,6.4
1043,1702.90.9000,당류(기타),Other sugar (In the dry state 50% by weight of fructose),0,0,7.2(CH 미양허),5,4,0,0,0,0,0,0,0,1,0,7.2,1.6,0,0,0,0,0,0,0,1,1.6,0,미양허,미양허,미양허,미양허,미양허,3.7,6.4
1044,1703.10.1000,사탕수수당밀(주정제조용),Cane molasses (For use in manufacturing spirits),0,0,0(NO 미양허),0,0,0,0,0,0,0,0,0,0,0,0,0,0,0,0,0,0,0,0,0,0,0,0,0,0,0,0,0,0
1045,1703.10.9000,사탕수수당밀(기타),Cane molasses (Other),0,0,0(NO 미양허),0,0,0,0,0,0,0,0,0,0,0,0,0,0,0,0,0,0,0,0,0,0,0,0,0,0,0,0,0,0
1046,1703.90.1000,당밀(기타/주정제조용),Other molasses (For use in manufacturing spirits),0,0,0(NO 미양허),0,0,0,0,0,0,0,0,0,0,0,0,0,0,0,0,0,0,0,0,0,0,0,0,0,0,0,0,0,0
1047,1703.90.9000,당밀(기타),Other molasses (Other),0,0,0(NO 미양허),0,0,0,0,0,0,0,0,0,0,0,0,0,0,0,0,0,0,0,0,0,0,0,0,0,0,0,0,0,0
1048,1704.10.0000,추잉껌(당으로 도포하였는지의 여부 불문),Chewing gum,0,0,4,0,0,0,0,0,0,0,0,0,1,0,0,0,0,0,0,0,0,0,0,0,1.6,0,4,4,4,4,4,0,6.4
1049,1704.90.1000,감초 추출물(과자로 만들어진 것 제외),"Liquorice extract, not put up as confectionery",0,0,4.8,0,4,0,0,0,0,0,0,0,1,0,0,1.6,0,0,0,0,0,0,0,0,1.6,0,4,4,4,4,4,4.8,6.4
1050,1704.90.2010,드롭스,Drops,0,0,4.8,0,0,0,0,0,0,0,0,0,0,0,0,0,0,0,0,0,0,0,0,0,1.6,0,4,4,4,4,4,4.8,6.4
1051,1704.90.2020,캐러멜,Caramels,0,0,4.8,0,0,0,0,0,0,0,0,0,0,0,0,0,0,0,0,0,0,0,0,0,1.6,0,4,4,4,4,4,4.8,6.4
1052,1704.90.2090,캔디류 기타 ,Other candies,0,0,4.8,0,0,0,0,0,0,0,0,0,1,0,0,0,0,0,0,0,0,0,0,0,1.6,0,4,4,4,4,4,4.8,6.4
1053,1704.90.9000,설탕과자 기타 ,Other sugar confectionery,0,0,4.8,0,4,0,0,0,0,0,0,0,0,0,0,0,0,0,0,0,0,0,0,0,1.6,0,5.3,5.3,미양허,미양허,5.3,4.8,6.4
1054,1801.00.1000,코코아두(생 것),Cocoa beans (Raw),0,0,미양허(IS 0),0,0,0,0,0,0,0,0,0,0,0,0,0,0,0,0,0,0,0,0,0,0,0,0,0,0,0,0,0,0
1055,1801.00.2000,코코아두(볶은 것),Cocoa beans (Roasted),0,0,미양허(IS 0),0,0,0,0,0,0,0,0,0,0,0,0,0,0,0,0,0,0,0,0,0,1.6,0,0,0,0,0,0,0,0
1056,1802.00.1000,코코아의 껍데기와 껍질,"Cocoa shells, husks and skins",0,0,0(NO 미양허),0,0,0,0,0,0,0,0,0,0,0,0,0,0,0,0,0,0,0,0,0,1.6,0,0,0,0,0,0,0,0
1057,1802.00.9000,코코아 웨이스트 기타 ,Other cocoa waste,0,0,0(NO 미양허),0,0,0,0,0,0,0,0,0,0,0,0,0,0,0,0,0,0,0,0,0,1.6,0,0,0,0,0,0,0,0
1058,1803.10.0000,코코아 페이스트(탈지하지 않은 것),Cocoa paste (Not defatted),0,0,0,0,0,0,0,0,0,0,0,0,0,0,0,0,0,0,0,0,0,0,0,0,0,0,2.5,2.5,2.5,2.5,2.5,0,0
1059,1803.20.0000,코코아 페이스트(전부나 일부를 탈지한 것),Cocoa paste (Wholly or partly defeated),0,0,0,0,0,0,0,0,0,0,0,0,0,0,0,0,0,0,0,0,0,0,0,0,0,0,0,0,0,0,0,0,0
1060,1804.00.0000,"코코아 버터, 지방과 기름","Cocoa butter, fat and oil",0,0,0,0,0,0,0,0,0,0,NS,0,0,0,0,0,0,0,0,0,0,0,0,0,0,0,0,0,0,0,0,0,0
1061,1805.00.0000,코코아 가루(설탕이나 그 밖의 감미료를 첨가한 것은 제외),Cocoa powder (Not containing added sugar or other sweetening matter),0,0,0,0,0,0,0,0,0,0,0,0,0,0,0,0,0,0,0,0,0,0,0,0,0,0,2.5,2.5,2.5,2.5,2.5,0,4
1062,1806.10.0000,코코아 가루(설탕이나 그 밖의 감미료를 첨가한 것),Cocoa powder (Containing added sugar or other sweetening matter),0,0,0,0,4,0,0,0,0,0,5.6,0,1,0,0,0,0,0,0,0,0,0,0,0,0,0,4,4,4,4,4,0,6.4
1063,1806.20.1000,초콜릿과 초콜릿과자,Chocolate and chocolate confectionery,0,0,4.8,0,4,0,0,0,0,0,0,0,0,0,0,0,0,0,0,0,0,0,0,0,1.6,0,0,0,0,0,0,0,6.4
1064,1806.20.9010,코코아조제품(밀크분의 함유량이 전중량의 100분의 50이상의 것),Cocoa preparations (Containing 50% or more by weight of milk powder),0,0,4.8,0,4,0,0,0,0,0,0,0,0,0,0,0,0,0,0,0,0,0,0,0,1.6,0,0,0,0,0,0,0,6.4
1065,1806.20.9090,코코아 조제품 기타,Other preparations containing cocoa,0,0,4.8,0,4,0,0,0,0,0,0,0,0,0,0,0,0,0,0,0,0,0,0,0,1.6,0,0,0,0,0,0,0,6.4
1066,1806.31.1000,초콜릿과 초콜릿과자(블록 모양ㆍ슬래브 모양ㆍ막대(bar) 모양의 것/다른 것으로 속을 채운 것),"Chocolate and chocolate confectionery (In blocks, slabs or bars/filled)",0,0,4.8,0,0,0,0,0,0,0,0,0,0,0,0,0,0,0,0,0,0,0,0,0,0,0,0,0,4,0,0,0,6.4
1067,1806.31.9000,초콜릿과 초콜릿과자 기타(블록 모양ㆍ슬래브 모양ㆍ막대(bar) 모양의 것/다른 것으로 속을 채운 것),"Other chocolate (In blocks, slabs or bars/filled)",0,0,4.8,0,0,0,0,0,0,0,0,0,0,0,0,0,0,0,0,0,0,0,0,0,0,0,0,0,0,0,0,0,6.4
1068,1806.32.1000,초콜릿과 초콜릿과자(블록 모양ㆍ슬래브 모양ㆍ막대(bar) 모양의 것/속을 채우지 않은 것),"Chocolate and chocolate confectionery (In blocks, slabs or bars/not filled)",0,0,4.8,0,0,0,0,0,0,0,0,0,0,0,0,1.6,0,0,0,0,0,0,0,0,1.6,0,0,0,4,0,0,0,6.4
1069,1806.32.9000,'초콜릿과 초콜릿과자 기타(블록 모양ㆍ슬래브 모양ㆍ막대(bar) 모양의 것/속을 채우지 않은 것),"Other chocolate (In blocks, slabs or bars/not filled)",0,0,4.8,0,0,0,0,0,0,0,0,0,0,0,0,1.6,0,0,0,0,0,0,0,0,1.6,0,0,0,0,0,0,0,6.4
1070,1806.90.1000,기타 초콜릿과 초콜릿과자 ,Other Chocolate and chocolate confectionery,0,0,4.8,0,4,0,0,0,0,0,0,0,0,0,0,0,0,0,0,0,0,0,0,0,0,0,0,0,4,4,0,0,6.4
1071,1806.90.2111,"조제분유(코코아 가루 함유/영유아, 어린이용 조제식료품(소매용 한정)/제0401호 내지 제0404호에 해당 물품)",Prepared dry-milk (Containing cocoa/for infant/food preparations of goods of heading 04.01 to 04.04),0,미양허,미양허,0,미양허,0,0,0,0,0,36,0,8.4,0,14.4,10.5,18,10.8,18,18,22.5,0,0,0,21.6,0,24,24,미양허,24,24,0,32.4
1072,1806.90.2119,"영유아, 어린이용 조제식료품(코코아 가루 함유/소매용 한정/제0401호 내지 제0404호에 해당 물품)",Other (Containing cocoa/for infant/food preparations of goods of heading 04.01 to 04.04),0,미양허,미양허,0,미양허,0,0,0,0,0,40,0,9.4,0,40,11.7,20,12,20,20,25,0,0,0,24,0,37.5,37.5,미양허,미양허,37.5,0,36
1073,1806.90.2191,"영유아, 어린이용 조제식료품(코코아 가루 함유/소매용 한정/오트밀의 것)",Oatmeal (Containing cocoa/for infant/other),0,0,4,0,4,0,0,0,0,0,NS,0,0,0,0,1.6,2.6,0,2.6,2.6,4,0,0,0,1.6,0,0,0,0,0,0,0,0
1074,1806.90.2199,"영유아, 어린이용 조제식료품(코코아 가루 함유/소매용 한정/오트밀 이외의 것)",Other (Containing cocoa/for infant/other),0,0,4,0,4,0,0,0,0,0,0,0,0,0,0,0,2.6,0,2.6,2.6,4,0,0,0,1.6,0,0,0,0,0,0,0,0
1075,1806.90.2210,제1905호의 베이커리 제품 제조용 혼합물과 가루반죽(코코아 가루 함유/보릿가루의 것),"Barley flour (Containing cocoa/other/mixed, doughs for preparation of baker's wares of heading 19.05)",0,0,4.8,0,4,0,0,0,0,0,NS,0,0,0,0,0,2.6,0,2.6,2.6,4,0,0,0,1.6,0,0,0,0,0,0,0,6.4
1076,1806.90.2290,제1905호의 베이커리 제품 제조용 혼합물과 가루반죽(코코아 가루 함유/보릿가루 이외의 것),Other (Containing cocoa/other/mixed and doughs for preparation of baker's wares of heading 19.05),미양허,미양허,미양허,미양허,미양허,미양허,미양허,미양허,미양허,미양허,미양허,미양허,미양허,미양허,미양허,미양허,미양허,미양허,미양허,미양허,미양허,미양허,미양허,미양허,미양허,513,미양허,미양허,미양허,미양허,미양허,미양허,513
1077,1806.90.2910,기타 조제식료품(코코아 가루 함유/맥아 추출물의 것),Malt extract (Containing cocoa/other),0,0,15,5,미양허,0,0,0,0,0,NS,0,0,0,30,0,14,0,14,14,18,0,0,0,12.8,0,30,30,미양허,미양허,30,미양허,24
1078,1806.90.2920,제0401호 내지 제0404호에 해당하는 물품의 조제식료품(코코아가루 함유),Other (Containing cocoa/other/food preparations of goods of heading 04.01 to 04.04),0,미양허,미양허,0,미양허,0,0,0,0,0,32.4,0,0,0,36,12,18,10.8,18,18,22.5,0,0,0,21.6,0,33.8,33.8,미양허,미양허,33.8,0,32.4
1079,1806.90.2991,조제식료품(코코아 가루 함유/오트밀의 것),Oatmeal (Containing cocoa/other/other),0,0,6.4,0,4,0,0,0,0,0,0,0,0,0,0,0,2.6,0,2.6,2.6,4,0,0,0,1.6,0,0,0,0,0,0,0,0
1080,1806.90.2992,조제식료품(코코아 가루 함유/보릿가루의 것),Barley flour (Containing cocoa/other/other),0,0,6.4,0,4,0,0,0,0,0,0,0,0,0,0,0,2.6,0,2.6,2.6,4,0,0,0,1.6,0,0,0,0,0,0,0,6.4
1081,1806.90.2999,초콜릿과 코코아를 함유한 조제식료품(기타/기타/기타),Other (Containing cocoa/other/other),미양허,미양허,미양허,미양허,미양허,미양허,미양허,미양허,미양허,미양허,미양허,미양허,미양허,미양허,미양허,미양허,미양허,미양허,미양허,미양허,미양허,미양허,미양허,미양허,미양허,513,미양허,미양허,미양허,미양허,미양허,미양허,513
1082,1806.90.3010,곡물이나 곡물 가공품을 팽창시키거나 볶아서 얻은 조제식료품(초콜릿과 코코아를 함유),Prepared foods of cereals or cereal product (Containing cocoa),0,0,2.7,0,0,0,0,0,0,0,0,0,0,0,0,0,0,0,0,0,0.7,0,0,0,1,0,0,0,0,0,0,0,4.3
1083,1806.90.3091,곡물이나 곡물 가공품을 팽창시키거나 볶아서 얻은 조제식료품(초콜릿과 코코아를 함유/낱알모양의 쌀),Rice in grain form (Containing cocoa),미양허,미양허,미양허,6.4,미양허,0,0,8,0,8,NS,8,8,6.4,1.6,8,미양허,미양허,미양허,미양허,미양허,0,0,1.2,8,0,미양허,미양허,미양허,미양허,미양허,미양허,8
1084,1806.90.3099,곡물이나 곡물 가공품을 팽창시키거나 볶아서 얻은 조제식료품(초콜릿과 코코아를 함유/기타),"Other cereals form, pre-cooked or otherwise prepared other than maize in grain (Containing cocoa)",0,0,4,5,4,0,0,0,0,0,0,0,0,0,0,0,2.6,0,2.6,2.6,4,0,0,0,1.6,0,0,0,0,0,0,3,6.4
1085,1806.90.9010,코코아조제품(밀크분의 함유량이 100분의 50이상의 것),Cocoa preparation (Containing 50% or more by weight of milk powder),0,0,4,0,4,0,0,0,0,0,0,0,0,0,1.6,0,1.6,0,1.6,1.6,3.2,0,0,0,1.6,0,4,4,4,4,4,0,6.4
1086,1806.90.9090,초콜릿과 코코아를 함유한 조제식료품 기타(기타),Cocoa preparation (Other),0,0,4,0,4,0,0,0,0,0,0,0,0,0,1.6,0,1.6,0,1.6,1.6,3.2,0,0,0,1.6,0,4,4,4,4,4,0,6.4
1087,1901.10.1010,"조제분유(영유아, 어린이용 조제식료품(소매용 한정)/제0401호 내지 제0404호에 해당 물품)",Prepared dry milk (For infant/food preparations of goods of heading 04.01 to 04.04),0,미양허,28.8,28.8,미양허,0,0,0,0,0,36,36,0/2.7(*651M/T) TRQ,28.8,36,0/5.5(*280M/T) TRQ,미양허,미양허,미양허,미양허,미양허,0,0,미양허,24,28.8,미양허,미양허,미양허,미양허,미양허,미양허,32.4
1088,1901.10.1090,"영유아, 어린이용 조제식료품(소매용 한정/제0401호 내지 제0404호에 해당 물품/조제분유 이외)",Other food preparation (For infant/food preparations of goods of heading 04.01 to 04.04),0,미양허,32,32,미양허,0,0,0,0,0,NS,40,0/8(*651M/T) TRQ,32,40,0/10.6(*280M/T) TRQ,미양허,미양허,미양허,미양허,미양허,0,0,미양허,26.6,32,미양허,미양허,미양허,미양허,미양허,미양허,36
1089,1901.10.9010,"영유아, 어린이용 조제식료품(소매용 한정/오트밀의 것)",Oatmeal (For infant/other),0,0,6.4,0,4,0,0,0,0,0,0,0,0,0,0,0,2.6,3.3,2.6,2.6,4,0,0,0,1.6,0,0,0,0,0,0,0,6.4
1090,1901.10.9090,"영유아, 어린이용 조제식료품(소매용 한정/오트밀 이외)",Other (For infant/other),0,0,6.4,0,4,0,0,0,0,0,0,0,0,0,0,0,2.6,3.3,2.6,2.6,4,0,0,0,1.6,0,4,4,4,4,4,0,6.4
1091,1901.20.1000,제1905호의 베이커리제품 제조용 혼합물과 가루반죽(쌀가루의 것),Rice flour (Mixes and doughs for the preparation of baker's wares of heading 19.05),미양허,미양허,미양허,미양허,미양허,미양허,미양허,미양허,미양허,미양허,미양허,미양허,미양허,미양허,미양허,미양허,미양허,미양허,미양허,미양허,미양허,미양허,미양허,미양허,미양허,513,미양허,미양허,미양허,미양허,미양허,미양허,513
1092,1901.20.2000,제1905호의 베이커리제품 제조용 혼합물과 가루반죽(보릿가루의 것),Barley flour (Mixes and doughs for the preparation of baker's wares of heading 19.05),0,0,6.4,0,0,0,0,0,0,0,0,0,0,0,1.6,0,2.6,3.3,2.6,2.6,4,0,0,0,4.8,0,4,4,4,4,4,0,6.4
1093,1901.20.9000,"제1905호의 베이커리제품 제조용 혼합물과 가루반죽(쌀가루, 보릿가루 이외)",Other (Mixes and doughs for the preparation of baker's wares of heading 19.05),미양허,미양허,미양허,미양허,미양허,미양허,미양허,미양허,미양허,미양허,미양허,미양허,미양허,미양허,미양허,미양허,미양허,미양허,미양허,미양허,미양허,미양허,미양허,미양허,미양허,513,미양허,미양허,미양허,미양허,미양허,미양허,513
1094,1901.90.1000,맥아추출물,Malt extract,0,미양허,미양허,24,미양허,0,0,0,0,0,NS,0,30,24,12,6,10,12.5,10,10,15,0,0,14.4,20,24,미양허,미양허,미양허,미양허,미양허,미양허,24
1095,1901.90.2010,제0401호부터 제0404호까지에 해당하는 물품의 조제식료품(지방분이 전중량의 100분의 30 이하인 것),"Food preparations of goods (Of a fat content, by weight, not exceeding 30%/heading 04.01 to 04.04)",미양허,미양허,미양허,미양허,미양허,0,0,0,0,36,36,36,4.8,36,36,7.2,미양허,미양허,미양허,미양허,미양허,0,0,미양허,36,36,미양허,미양허,미양허,미양허,미양허,미양허,36
1096,1901.90.2020,제0401호부터 제0404호까지에 해당하는 물품의 조제식료품(지방분이 전중량의 100분의 30 초과하는 것),"Food preparations of goods (Of a fat content, by weight, exceeding 30%)",미양허,미양허,미양허,미양허,미양허,0,0,0,0,11.2,36,36,4.8,36,36,7.2,미양허,미양허,미양허,미양허,미양허,0,0,미양허,36,36,미양허,미양허,미양허,미양허,미양허,미양허,36
1097,1901.90.9010,조제식료품 기타(오트밀),Other food preparations of goods (Oatmeal),0,0,6.4,0,미양허,0,0,0,0,0,0,0,0,0,1.6,0,0,0,0,0,0,0,0,0,1.6,0,4,4,4,4,4,0,6.4
1098,1901.90.9091,조제식료품 기타(쌀가루),Other food preparations of goods (Rice flour),미양허,미양허,미양허,미양허,미양허,미양허,미양허,미양허,미양허,미양허,미양허,미양허,미양허,미양허,미양허,미양허,미양허,미양허,미양허,미양허,미양허,미양허,미양허,미양허,미양허,513,미양허,미양허,미양허,미양허,미양허,미양허,513
1099,1901.90.9092,조제식료품 기타(보리가루),Other food preparations of goods (Barley flour),0,0,6.4,0,4,0,0,0,0,0,0,0,0,0,1.6,0,2.6,3.3,2.6,2.6,4,0,0,0,4.8,0,5.3,5.3,미양허,5.3,5.3,0,6.4
1100,1901.90.9099,조제식료품 기타(기타),Other food preparations of goods (Other),미양허,미양허,미양허,미양허,미양허,미양허,미양허,미양허,미양허,미양허,미양허,미양허,미양허,미양허,미양허,미양허,미양허,미양허,미양허,미양허,미양허,미양허,미양허,미양허,미양허,513,미양허,미양허,미양허,미양허,미양허,미양허,513
1101,1902.11.1000,스파게티,Spaghetti (Containing eggs),0,0,6.4,0,4,0,0,0,0,0,0,0,1,0,0,0,1.6,2,1.6,1.6,2.5,0,0,0,1,0,2.5,2.5,2.5,2.5,2.5,0,4
1102,1902.11.2000,마카로니,Macaroni (Containing eggs),0,0,6.4,0,4,0,0,0,0,0,0,0,0,0,0,0,1.6,2,1.6,1.6,2.5,0,0,0,1,0,2.5,2.5,2.5,2.5,2.5,0,4
1103,1902.11.9000,파스타(기타) ,Other pasta (Containing eggs),0,0,6.4,0,4,0,0,0,0,0,0,0,0,0,0,0,1.6,2,1.6,1.6,2.5,0,0,0,1,0,2.5,2.5,2.5,2.5,2.5,0,4
1104,1902.19.1000,국수,Noodles (Other),0,0,6.4,5,4,0,0,0,0,0,0,0,1,0,0,0,1.6,2,1.6,1.6,2.5,0,0,1,1,0,3.3,3.3,미양허,미양허,3.3,3.7,4
1105,1902.19.2000,당면,Chinese vermicelli (Other),미양허,미양허,미양허,5,미양허,0,0,0,0,"10% 또는 79원/kg, 양자중 고액(율)",NS,0,"4.2% 또는 33원/kg, 양자중 고액(율)",0,25.2% or 199원/kg,"7.2% 또는 56원/kg, 양자중고액(율)",미양허,미양허,미양허,미양허,미양허,0,0,1,"26% 또는 206원/kg, 양자 중 고액(율)",0,미양허,미양허,미양허,미양허,미양허,1,"20.8% 또는 164원/kg, 양자 중 고액(율)"
1106,1902.19.3000,냉면,Naeng-myunⓚ (Other),0,0,6.4,0,4,0,0,0,0,0,0,0,0,0,0,0,1.6,2,1.6,1.6,2.5,0,0,0,1,0,2.5,2.5,2.5,2.5,2.5,0,4
1107,1902.19.9000,파스타(기타/조제 안한 것),Other pasta (Other),0,0,6.4,0,4,0,0,0,0,0,0,0,0,0,0,0,0,0,0,0,0,0,0,0,1,0,3.3,3.3,미양허,미양허,3.3,0,0
1108,1902.20.0000,파스타(속을 채움/조리 또는 조제한 것인지에 상관없다) ,"Stuffed pasta, whether or not cooked or otherwise prepared",0,0,,0,0,0,0,0,0,0,0,0,0,0,0,0,1.6,2,1.6,1.6,2.5,0,0,0,1,0,2.5,2.5,2.5,2.5,2.5,0,0
1109,1902.30.1010,라면,Ramenⓚ (Instant noodles),0,0,0,0,0,0,0,0,0,0,5.6,0,0,0,0,0,0,0,0,0,0,0,0,0,0,0,0,0,미양허,미양허,0,0,0
1110,1902.30.1090,인스턴트 면류(기타),Other instant noodles,0,0,6.4,0,0,0,0,0,0,0,0,0,0,0,0,0,1.6,2,1.6,1.6,2.5,0,0,0,1,0,0,0,2.5,0,0,0,0
1111,1902.30.9000,파스타(기타) ,Other pasta,0,0,6.4,0,0,0,0,0,0,0,0,0,0,0,0,0,1.6,2,1.6,1.6,2.5,0,0,0,1,0,2.5,2.5,2.5,2.5,2.5,0,0
1112,1902.40.0000,쿠스쿠스,Couscous,0,0,6.4,0,0,0,0,0,0,0,0,0,0,0,0,0,0,0,0,0,0,0,0,0,0,0,2.5,2.5,2.5,2.5,2.5,0,4
1113,1903.00.1000,타피오카,Tapioca,0,0,6.4,0,4,0,0,0,0,0,0,0,0,0,3.2,0,0,0,0,0,0,0,0,0,1.6,0,5.3,5.3,미양허,5.3,5.3,0,6.4
1114,1903.00.9000,타피오카 대용물(기타) ,Other tapioca substitutes,0,0,6.4,0,4,0,0,0,0,0,0,0,0,0,3.2,0,0,0,0,0,0,0,0,0,1.6,0,5.3,5.3,미양허,5.3,5.3,0,6.4
1115,1904.10.1000,콘 플레이크,Corn flakes,0,0,4.3,0,0,0,0,0,0,0,0,0,0,0,0,0,1,0,1,1,2.1,0,0,0,1,0,2.7,2.7,2.7,2.7,2.7,0,0
1116,1904.10.2000,콘 칩,Corn chip,0,0,4.3,0,0,0,0,0,0,0,3.8,0,0,0,0,0,1,0,1,1,2.1,0,0,0,1,0,2.7,2.7,2.7,2.7,2.7,0,0
1117,1904.10.3000,튀긴 쌀(퍼프드 라이스),Puffed rice,미양허,0,4.3,0,미양허,0,0,0,0,0,3.8,0,0,0,0,0,1,1.6,1,1,2.1,0,0,0,3.2,0,2.7,2.7,2.7,2.7,2.7,0,4.3
1118,1904.10.9000,곡물 조제 식료품(팽창시키거나 볶음/기타) ,Other prepared food of cereals,0,0,4.3,5,0,0,0,0,0,0,0,0,0,0,0,0,0,0,0,0,0,0,0,1,0,2.5,2.7,2.7,2.7,2.7,2.7,1,0
1119,1904.20.1000,무슬리 형태 조제 식료품,Prepared food of musli type,미양허,0,36,5,미양허,0,0,0,0,14,0,0,12.5,5,18,9,미양허,미양허,미양허,미양허,미양허,0,0,0,45,0,30,30,미양허,30,30,4.3,36
1120,1904.20.9000,곡물 조제 식료품(볶지 않은 곡물 플레이크 등 /기타) ,Other food preparation,미양허,0,4.3,5,미양허,0,0,0,0,0,0,0,0,0,0,0,1,1.6,1,1,2.1,0,0,1,3.2,2.5,2.7,2.7,2.7,2.7,2.7,3.7,0
1121,1904.30.0000,불거 밀(bulgur wheat),Bulgur wheat,0,0,6.4,0,0,0,0,0,0,0,0,0,0,0,1.6,0,1.6,2.4,1.6,1.6,3.2,0,0,0,4.8,0,4,4,4,4,4,0,0
1122,1904.90.1010,쌀 조제품(코코아 미함유/찌거나 삶은 쌀),Rice in grain form (Not containing cocoa/steamed or boiled rice),미양허,미양허,미양허,40,미양허,0,0,50,0,50,NS,50,50,40,50,50,미양허,미양허,미양허,미양허,미양허,0,0,미양허,50,40,미양허,미양허,미양허,미양허,미양허,미양허,50
1123,1904.90.1090,쌀 조제품(코코아 미함유/기타),Rice in grain form (Not containing cocoa/other),미양허,미양허,미양허,40,미양허,0,0,8,0,8,8,8,8,8,8,8,미양허,미양허,미양허,미양허,미양허,0,0,미양허,8,8,미양허,미양허,미양허,미양허,미양허,미양허,8
1124,1904.90.9000,곡물 조제품(기타) ,Other prepared food,0,0,6.4,5,4,0,0,0,0,0,0,0,0,0,1.6,0,1.6,2.4,1.6,1.6,3.2,0,0,3,4.8,2.5,4,4,4,4,4,3.7,0
1125,1905.10.0000,귀리빵,Crispbread,0,0,4,0,0,0,0,0,0,0,5.6,0,0,0,0,0,0,0,0,0,0,0,0,0,1.6,0,4,4,4,4,4,0,6.4
1126,1905.20.0000,생강과자와 이와 유사한 것,Gingerbread and the like,0,0,4,0,0,0,0,0,0,0,0,0,0,0,0,0,2.6,3.3,2.6,2.6,4,0,0,0,1.6,0,4,4,4,4,4,0,6.4
1127,1905.31.0000,스위트 비스킷,Sweet biscuits,0,0,4.8,0,4,0,0,0,0,0,0,0,1,0,0,0,1.6,0,1.6,1.6,3.2,0,0,0,3.4,0,5.3,5.3,미양허,미양허,5.3,0,0
1128,1905.32.0000,와플과 웨이퍼,Waffles and wafers,0,0,4.8,0,4,0,0,0,0,0,0,0,1,0,0,0,0,0,0,0,0,0,0,0,1.6,0,4,4,4,4,4,0,6.4
1129,1905.40.0000,"러스크, 토스트 빵과 기타 이와 유사한 토스트 물품","Rusks, toasted bread and similar toasted products",0,0,4,0,4,0,0,0,0,0,0,0,1,0,0,0,2.6,3.3,2.6,2.6,4,0,0,0,1.6,0,4,4,4,4,4,0,6.4
1130,1905.90.1010,빵,Bread,0,0,4,0,4,0,0,0,0,0,5.6,0,1,0,0,0,0,0,0,0,0,0,0,0,1.6,0,4,4,4,4,4,0,6.4
1131,1905.90.1020,건빵,Ship's biscuits,0,0,4.8,0,4,0,0,0,0,0,5.6,0,1,0,0,0,2.6,3.3,2.6,2.6,4,0,0,0,1.6,0,4,4,4,4,4,0,6.4
1132,1905.90.1030,페이스트리와 케이크,Pastries and cakes,0,0,4.8,0,0,0,0,0,0,0,0,0,1,0,0,1.6,0,0,0,0,0,0,0,0,1.6,0,4,4,4,4,4,0,6.4
1133,1905.90.1040,"비스킷, 쿠키 및 크래커","Biscuits, cookies and crackers",0,0,4.8,0,4,0,0,0,0,0,0,0,1,0,0,1.6,0,0,0,0,0,0,0,0,1,0,3.3,3.3,미양허,미양허,3.3,0,4
1134,1905.90.1050,쌀과자,Bakers' wares of rice,0,미양허,미양허,5,미양허,0,0,0,0,0,8,0,1,0,1.6,1.6,2.6,3.3,2.6,2.6,4,0,0,1,1.6,1.4,4,4,4,4,4,3.7,6.4
1135,1905.90.1090,베이커리 제품(기타) ,Other bakers wares,0,0,4.8,0,4,0,0,0,0,0,0,0,1,0,0,1.6,0,0,0,0,0,0,0,0,1.6,0,5.3,5.3,미양허,미양허,5.3,0,6.4
1136,1905.90.9010,제약용에 적합한 빈 캡슐,Empty cachets of a kind suitable for pharmaceutical use,0,0,4,0,4,0,0,0,0,0,NS,0,0,0,0,0,2.6,3.3,2.6,2.6,4,0,0,0,1.6,0,4,4,4,4,4,0,6.4
1137,1905.90.9020,라이스 페이퍼,Rice paper,0,0,4,5,미양허,0,0,0,0,0,0,0,0,0,1.6,0,2.6,3.3,2.6,2.6,4,0,0,0,1.6,0,4,4,4,4,4,3.7,6.4
1138,1905.90.9090,"베이커리 제품, 웨이퍼 등 기타 ",Other bakers wares,0,0,4.8,0,4,0,0,0,0,0,0,0,0,0,0,0,0,0,0,0,0,0,0,0,1.6,0,4,4,4,4,4,0,6.4
1139,2001.10.0000,오이류(조제저장처리),Cucumbers and gherkins (Prepared or preserved by vinegar or acetic acid),0,미양허,미양허,0,미양허,0,0,0,0,0,0,0,4,0,30,6,10,12.5,10,10,15,0,0,0,20,0,28.1,28.1,미양허,미양허,28.1,0,24
1140,2001.90.1000,과실과 견과류(조제저장처리),Fruit and nuts (Prepared or preserved by vinegar or acetic acid),0,0,미양허,24,미양허,0,0,0,0,0,NS,0,4,24,6,6,0,0,0,0,0,0,0,14.4,6,12,15,15,15,15,15,17.6,0
1141,2001.90.9010,쪽파(조제저장처리),Green onions (Prepared or preserved by vinegar or acetic acid),0,0,미양허,0,미양허,0,0,0,0,0,30,0,4,0,30,6,10,12.5,10,10,15,0,0,0,30,0,28.1,28.1,미양허,미양허,28.1,0,24
1142,2001.90.9020,토마토(조제저장처리),Tomatoes (Prepared or preserved by vinegar or acetic acid),0,미양허,미양허,0,미양허,0,0,0,0,0,NS,0,4,0,30,6,6,9,6,6,12,0,0,0,18,0,28.1,28.1,미양허,미양허,28.1,0,24
1143,2001.90.9030,꽃양배추(조제저장처리),Cauliflower (Prepared or preserved by vinegar or acetic acid),0,0,미양허,0,미양허,0,0,0,0,0,30,0,4,0,12,6,6,9,6,6,12,0,0,0,18,0,20,20,미양허,20,20,0,24
1144,2001.90.9040,스위트콘(조제저장처리),Sweet corn (Prepared or preserved by vinegar or acetic acid),0,0,27,5,미양허,0,0,0,0,0,NS,0,4,5,6,6,6,9,6,6,12,0,0,1,20,1.4,15,15,15,15,15,3.7,24
1145,2001.90.9050,염교(조제저장처리),Rakkyo (Prepared or preserved by vinegar or acetic acid),미양허,0,미양허,0,미양허,0,0,0,0,9.3,30,0,4,0,12,6,미양허,미양허,미양허,미양허,미양허,0,0,0,30,0,20,20,미양허,20,20,0,24
1146,2001.90.9060,마늘(조제저장처리),Garlic (Prepared or preserved by vinegar or acetic acid),미양허,0,미양허,24,미양허,0,0,0,0,30,NS,0,4,24,30,6,미양허,미양허,미양허,미양허,미양허,0,0,미양허,30,24,미양허,미양허,미양허,미양허,미양허,미양허,30
1147,2001.90.9070,양파(조제저장처리),Onions (Prepared or preserved by vinegar or acetic acid),미양허,0,미양허,24,미양허,0,0,0,0,30,NS,0,4,24,30,6,미양허,미양허,미양허,미양허,미양허,0,0,미양허,30,24,미양허,미양허,미양허,미양허,미양허,미양허,30
1148,2001.90.9090,식용식물 기타(조제저장처리),Other edible plants (Prepared or preserved by vinegar or acetic acid),0,0,,15,미양허,0,0,0,0,0,0,0,4,15,30,6,0,0,0,0,0,0,0,미양허,6,15,30,30,미양허,미양허,30,미양허,24
1149,2002.10.0000,토마토(전체 또는 조각/조제 저장처리),"Tomatoes, whole or in pieces (Prepared or preserved otherwise than by vinegar or acetic acid)",0,0,7.2(CH 미양허),0,0,0,0,0,0,0,0,0,1,0,3.2,1.6,2.6,3.3,2.6,2.6,4,0,0,0,4.8,0,5.3,5.3,5.3,5.3,5.3,0,0
1150,2002.90.1000,토마토 페이스트(paste)(브릭스(brix) 값이 100분의 24 이상인 것/조제저장처리),Tomato paste (Of a Brix value 24% or more/prepared or preserved otherwise than by vinegar or acetic acid),0,0,0,0,0,0,0,0,0,0,0,0,0,0,1,0,0,0,0,0,0,0,0,0,0,0,2.5,2.5,2.5,2.5,2.5,0,0
1151,2002.90.9000,토마토 기타(조제저장처리),Other tomatoes (Prepared or preserved otherwise than by vinegar or acetic acid),0,0,4,0,0,0,0,0,0,0,0,0,0,0,3.2,0,1.6,2.4,1.6,1.6,3.2,0,0,0,4.8,0,5.3,5.3,5.3,5.3,5.3,0,0
1152,2003.10.4000,양송이버섯(조제저장처리),Cultivated mushrooms (Agaricus bisporus/prepared or preserved otherwise than by vinegar or acetic acid),0,0,미양허(IS 18),0,미양허,0,0,0,0,0,16,0,2.6,0,8,4,6.6,8.3,6.6,6.6,10,0,0,0,4,0,13.3,13.3,미양허,미양허,13.3,0,16
1153,2003.10.9000,기타 아가리쿠스속의 버섯(조제저장처리),Other mushrooms (Agaricus bisporus/prepared or preserved otherwise than by vinegar or acetic acid),0,미양허,미양허(IS 18),0,미양허,0,0,0,0,0,16,0,2.6,0,8,4,6.6,8.3,6.6,6.6,10,0,0,0,4,0,13.3,13.3,미양허,13.3,13.3,0,16
1154,2003.90.1000,표고버섯(조제저장처리),Oak mushrooms (Prepared or preserved otherwise than by vinegar or acetic acid),0,미양허,미양허,0,미양허,1.2,0,0,0,20,20,0,20,0,20,20,미양허,미양허,미양허,미양허,미양허,1.2,0,0,20,0,미양허,미양허,미양허,미양허,미양허,0,20
1155,2003.90.2000,송이버섯(조제저장처리),Pine mushrooms (Prepared or preserved otherwise than by vinegar or acetic acid),0,미양허,미양허,0,10,1.2,0,0,0,6.2,20,0,2.6,0,20,4,미양허,미양허,미양허,미양허,미양허,1.2,0,0,20,0,18.8,18.8,미양허,미양허,18.8,0,20
1156,2003.90.3000,송로버섯(조제저장처리),Truffles (Prepared or preserved otherwise than by vinegar or acetic acid),미양허,미양허,미양허,0,10,0,0,0,0,1.6,20,0,2.6,0,4,4,미양허,미양허,미양허,미양허,미양허,0,0,0,20,0,10,10,10,10,10,0,20
1157,2003.90.9000,기타 버섯(조제저장처리),Other mushrooms (Prepared or preserved otherwise than by vinegar or acetic acid),0,0,미양허(IS 18),0,10,0,0,0,0,0,0,0,2.6,0,8,4,6.6,8.3,6.6,6.6,10,0,0,0,4,0,13.3,13.3,미양허,13.3,13.3,0,16
1158,2004.10.0000,감자(조제저장처리/냉동),Potatoes (Prepared or preserved otherwise than by vinegar or acetic acid/frozen),0,0,,5,9,0,0,0,0,18,18,0,0,0,18,0,미양허,미양허,미양허,미양허,미양허,0,0,미양허,18,5,18,18,미양허,미양허,18,미양허,0
1159,2004.90.1000,스위트콘(조제저장처리/냉동),Sweet corn (Prepared or preserved otherwise than by vinegar or acetic acid/frozen),0,0,27,0,미양허,0,0,0,0,0,NS,0,4,0,6,6,10,12.5,10,10,15,0,0,0,12.8,0,15,15,15,15,15,0,24
1160,2004.90.9000,그 밖의 채소와 채소의 혼합물(조제저장처리/냉동/기타),Other (Other vegetables and mixtures of vegetables) ,0,0,미양허,0,미양허,0,0,0,0,0,0,0,30,0,30,6,미양허,미양허,미양허,미양허,미양허,0,0,0,30,0,미양허,미양허,미양허,미양허,미양허,0,24
1161,2005.10.1000,균질화한 채소(유아용 퓨레콘/조제저장처리),Pureed corn for infant (Prepared or preserved otherwise than by vinegar or acetic acid/not frozen/homogenised vegetables),0,0,미양허(IS 18),0,10,0,0,0,0,0,0,0,0,0,8,0,6.6,8.3,6.6,6.6,10,0,0,0,8.5,0,13.3,13.3,미양허,13.3,13.3,0,16
1162,2005.10.9000,균질화한 채소(조제저장처리/기타),Other (Prepared or preserved otherwise than by vinegar or acetic acid/not frozen/homogenised vegetables),0,0,미양허(IS 18),0,10,0,0,0,0,0,0,0,0,0,8,0,6.6,8.3,6.6,6.6,10,0,0,0,8.5,0,13.3,13.3,미양허,13.3,13.3,0,16
1163,2005.20.1000,감자(플레이크로 만든 감자크로켓/조제저장처리),Potatoes (Prepared or preserved otherwise than by vinegar or acetic acid/not frozen/croquettes prepared from flakes),0,0,18,0,10,0,0,0,0,6.2,16,0,2.6,0,20,4,미양허,미양허,미양허,미양허,미양허,0,0,0,20,0,18.8,18.8,미양허,미양허,18.8,0,16
1164,2005.20.9000,감자(플레이크로 만든 감자크로켓 이외/조제저장처리),Potatoes (Prepared or preserved otherwise than by vinegar or acetic acid/not frozen/other),0,0,,0,미양허,0,0,0,0,6.2,0,0,2.6,0,20,4,미양허,미양허,미양허,미양허,미양허,0,0,0,20,0,18.8,18.8,미양허,미양허,18.8,0,16
1165,2005.40.0000,완두(피섬 새티범/조제저장처리),Peas (Pisum sativum/prepared or preserved otherwise than by vinegar or acetic acid/not frozen),0,0,미양허(IS 18),0,10,0,0,0,0,6.2,NS,0,2.6,0,8,4,미양허,미양허,미양허,미양허,미양허,0,0,0,20,0,13.3,13.3,미양허,13.3,13.3,0,16
1166,2005.51.1000,녹두(꼬투리를 벗긴 것/조제저장처리),Small green beans (Shelled/prepared or preserved otherwise than by vinegar or acetic acid/not frozen),미양허,0,미양허(IS 18),0,10,0,0,0,0,6.2,18,0,2.6,0,8,4,미양허,미양허,미양허,미양허,미양허,0,0,0,20,0,13.3,13.3,미양허,13.3,13.3,0,16
1167,2005.51.2000,팥(꼬투리를 벗긴 것/조제저장처리),Small red beans (Shelled/prepared or preserved otherwise than by vinegar or acetic acid/not frozen),미양허,0,미양허(IS 18),0,10,0,0,0,0,6.2,0,0,2.6,0,18,4,0,미양허,미양허,미양허,미양허,0,0,0,20,0,미양허,미양허,미양허,미양허,미양허,0,16
1168,2005.51.9000,"콩(비그나속, 파세러스속/꼬투리를 벗긴 것/조제저장처리/기타)",Other beans (Shelled/prepared or preserved otherwise than by vinegar or acetic acid/not frozen),미양허,0,미양허(IS 18),0,10,0,0,0,0,6.2,0,0,2.6,0,8,4,10,미양허,미양허,미양허,미양허,0,0,0,20,0,13.3,13.3,미양허,13.3,13.3,0,16
1169,2005.59.1000,녹두(기타/조제저장처리),Small green beans (Other/prepared or preserved otherwise than by vinegar or acetic acid/not frozen),미양허,0,미양허(IS 18),0,10,0,0,0,0,6.2,NS,0,2.6,0,8,4,미양허,미양허,미양허,미양허,미양허,0,0,0,20,0,13.3,13.3,미양허,13.3,13.3,0,16
1170,2005.59.2000,팥(기타/조제저장처리),Small red beans (Other/prepared or preserved otherwise than by vinegar or acetic acid/not frozen),미양허,0,미양허(IS 18),0,10,0,0,0,0,6.2,0,0,2.6,0,20,4,10,11.2,10,10,12.5,0,0,0,20,0,18.8,18.8,미양허,미양허,18.8,0,16
1171,2005.59.9000,"콩(비그나속, 파세러스속/기타/조제저장처리)",Other beans (Other/prepared or preserved otherwise than by vinegar or acetic acid/not frozen),미양허,0,미양허(IS 18),0,미양허,0,0,0,0,6.2,0,0,2.6,0,8,4,10,11.2,10,10,12.5,0,0,0,20,0,13.3,13.3,미양허,13.3,13.3,0,16
1172,2005.60.0000,아스파라거스(조제저장처리),Asparagus (Prepared or preserved otherwise than by vinegar or acetic acid/not frozen),0,0,미양허(IS 18),0,10,0,0,0,0,6.2,16,0,2.6,0,8,6.6,미양허,미양허,미양허,미양허,미양허,0,0,0,20,0,13.3,13.3,미양허,13.3,13.3,0,18
1173,2005.70.0000,올리브(조제저장처리),Olives (Prepared or preserved otherwise than by vinegar or acetic acid/not frozen),0,0,미양허(IS 16),0,10,0,0,0,0,0,0,0,2.6,0,4,4,6.6,8.3,6.6,6.6,10,0,0,0,12,0,10,10,10,10,10,0,16
1174,2005.80.0000,스위트콘(쟈메이스변종 사카라타/조제저장처리),Sweet corn (Zea mays var. saccharata/prepared or preserved otherwise than by vinegar or acetic acid/not frozen),0,0,13.5,5,7.5,0,0,0,0,0,0,0,2,0,3,3,5,6.2,5,5,7.5,0,0,3,9,2.5,7.5,7.5,7.5,7.5,7.5,3,12
1175,2005.91.0000,죽순(조제저장처리),Bamboo shoots (Prepared or preserved otherwise than by vinegar or acetic acid/not frozen),0,미양허,미양허,0,미양허,0,0,0,0,6.2,20,0,2.6,0,8,4,미양허,미양허,미양허,미양허,미양허,0,0,0,20,0,13.3,13.3,미양허,13.3,13.3,0,20
1176,2005.99.1000,김치,Kim-chi (Prepared or preserved otherwise than by vinegar or acetic acid/not frozen),0,미양허,미양허(IS 0),16,미양허,0,0,0,0,0,NS,0,2.6,16,19.8,4,6.6,8.3,6.6,6.6,10,0,0,미양허,4,16,미양허,미양허,미양허,미양허,미양허,미양허,18
1177,2005.99.2000,사우어크라우트,Sauerkraut (Prepared or preserved otherwise than by vinegar or acetic acid/not frozen),0,0,미양허(IS 18),0,10,0,0,0,0,6.2,NS,0,2.6,0,4,4,미양허,미양허,미양허,미양허,미양허,0,0,0,14.6,0,10,10,10,10,10,0,16
1178,2005.99.4000,고려엉겅퀴(곤드레)(조제저장처리),Korean thistle (Cirsium Setidens (Dunn) Nakai) (Prepared or preserved otherwise than by vinegar or acetic acid/not frozen),0,0,미양허(IS 18),0,미양허,0,0,0,0,6.2,16,0,2.6,0,18,4,미양허,미양허,미양허,미양허,미양허,0,0,0,20,0,미양허,미양허,미양허,미양허,미양허,0,16
1179,2005.99.9000,기타 채소(조제저장처리),Other vegetables and mixtures of vegetables (Prepared or preserved otherwise than by vinegar or acetic acid/not frozen),0,0,미양허(IS 18),0,미양허,0,0,0,0,6.2,16,0,2.6,0,18,4,,,,,,0,0,0,20,0,,,미양허,미양허,,0,16
1180,2006.00.1000,마롱 글라세(설탕저장처리),Marrons glaces (Preserved by sugar),0,미양허,미양허(CH 27),24,미양허,1.8,0,0,0,30,30,0,30,24,30,30,미양허,미양허,미양허,미양허,미양허,1.8,0,19.2,30,24,미양허,미양허,미양허,미양허,미양허,미양허,30
1181,2006.00.2000,파인애플(설탕저장처리),Pineapples (Preserved by sugar),미양허,미양허,미양허,24,미양허,0,0,0,0,9.3,NS,0,4,24,6,6,미양허,미양허,미양허,미양허,미양허,0,0,14.4,22,12,15,15,15,15,15,17.6,24
1182,2006.00.3000,생강(설탕저장처리),Ginger (Preserved by sugar),0,0,미양허(CH 24),15,미양허,0,0,0,0,0,NS,0,4,15,30,6,10,12.5,10,10,15,0,0,미양허,30,15,30,30,미양허,미양허,30,미양허,24
1183,2006.00.4000,연근(설탕저장처리),Lotus roots (Preserved by sugar),0,0,미양허(CH 24),0,미양허,0,0,0,0,0,NS,0,0,0,12,0,10,12.5,10,10,15,0,0,0,6,0,20,20,미양허,20,20,0,24
1184,2006.00.5000,완두(설탕저장처리),Peas (Pisum sativum/preserved by sugar),0,0,18(NO 미양허),0,10,0,0,0,0,0,0,0,0,0,8,0,9.3,10.6,9.3,9.3,12,0,0,0,4,0,13.3,13.3,미양허,13.3,13.3,0,16
1185,2006.00.6010,콩(코투리를 벗긴 것/설탕저장처리),Beans (Shelled/preserved by sugar),0,0,18(NO 미양허),0,10,0,0,0,0,0,16,0,0,0,8,0,6.6,8.3,6.6,6.6,10,0,0,0,4,0,13.3,13.3,미양허,13.3,13.3,0,16
1186,2006.00.6090,콩(기타/설탕저장처리),Beans (Other/preserved by sugar),0,0,18(NO 미양허),0,미양허,0,0,0,0,0,0,0,0,0,8,0,6.6,8.3,6.6,6.6,10,0,0,0,4,0,13.3,13.3,미양허,13.3,13.3,0,16
1187,2006.00.7000,아스파라거스(설탕저장처리),Asparagus (Preserved by sugar),0,0,16(NO 미양허),0,10,0,0,0,0,0,0,0,0,0,8,0,6.6,8.3,6.6,6.6,10,0,0,0,12,0,13.3,13.3,미양허,13.3,13.3,0,16
1188,2006.00.8000,올리브(설탕저장처리),Olive (Preserved by sugar),0,0,미양허(IS 16),0,10,0,0,0,0,0,0,0,0,0,4,0,6.6,8.3,6.6,6.6,10,0,0,0,4,0,10,10,10,10,10,0,16
1189,2006.00.9010,스위트콘(설탕저장처리),Sweet corn (Preserved by sugar),0,0,13.5,0,7.5,0,0,0,0,0,0,0,0,0,3,0,5,6.2,5,5,7.5,0,0,0,3,0,7.5,7.5,7.5,7.5,7.5,0,12
1190,2006.00.9020,죽순(설탕저장처리),Bamboo shoots (Preserved by sugar),0,미양허,미양허,0,미양허,0,0,0,0,6.2,20,0,2.6,0,20,4,미양허,미양허,미양허,미양허,미양허,0,0,0,20,0,18.8,18.8,미양허,미양허,18.8,0,20
1191,2006.00.9030,기타 채소의 것(설탕저장처리),Other vegetables (Preserved by sugar),0,0,16(NO 미양허),0,10,0,0,0,0,0,0,0,0,0,8,0,미양허,미양허,미양허,미양허,미양허,0,0,0,20,0,13.3,13.3,미양허,13.3,13.3,0,16
1192,2006.00.9090,기타 식물(설탕저장처리),"Other fruit, nuts, fruit-peel and other parts of plants (Preserved by sugar)",0,0,미양허(CH 24),0,미양허,0,0,0,0,0,NS,0,4,0,12,6,미양허,미양허,미양허,미양허,미양허,0,0,0,30,0,20,20,미양허,20,20,0,24
1193,2007.10.0000,"균질화 조제품(퓨레, 페이스트)",Homogenised preparations (Fruit or nut puree and fruit or nut paste/obtained by cooking),0,0,18,0,미양허,0,0,0,0,0,NS,0,4,0,12,6,0,0,0,0,4.2,0,0,0,12.8,0,20,20,미양허,20,20,0,24
1194,2007.91.1000,"잼, 과실젤리, 마멀레이드(감귤류) ","Citrus fruit (Jams, fruit jellies, marmalades)",0,0,24,5,미양허,0,0,0,0,0,NS,0,4,0,30,6,6,9,6,6,12,0,0,3.6,20,3.3,30,30,미양허,미양허,30,1,30
1195,2007.91.9000,과실조제품 기타(감귤류) ,Citrus fruits (Other),0,미양허,미양허,0,미양허,0,0,0,0,9.3,NS,0,4,0,30,6,15,미양허,미양허,미양허,미양허,0,0,0,30,0,28.1,28.1,미양허,미양허,28.1,0,24
1196,2007.99.1000,"잼, 과실젤리, 마멀레이드(기타) ","Other (Jams, fruit jellies, marmalades)",0,0,24,24,미양허,0,0,0,0,0,0,0,8.3,24,24,6,0,0,6,6,12,0,0,미양허,18,16,22.5,22.5,미양허,미양허,22.5,미양허,27
1197,2007.99.9000,기타 견과 과실(조제품),Other (Other),0,0,24,0,미양허,0,0,0,0,0,0,0,4,0,30,6,0,9,6,6,12,0,0,0,12.8,0,28.1,28.1,미양허,미양허,28.1,0,27
1198,2008.11.1000,피넛버터(조제저장처리),Peanut butter (Other prepared or preserved),미양허,미양허,미양허,0,미양허,0,0,0,0,15.6,50,0,0,0,20,10,미양허,미양허,미양허,25,미양허,0,0,0,50,0,33.3,33.3,미양허,33.3,33.3,0,50
1199,2008.11.9000,땅콩 기타(조제저장처리),Other ground-nuts (Other prepared or preserved),미양허,0,미양허,51.1,미양허,0,0,0,0,63.9,63.9,0,0,51.1,57.5,12.7,미양허,19.1,미양허,31.9,미양허,0,0,미양허,63.9,51.1,미양허,미양허,미양허,미양허,미양허,미양허,63.9
1200,2008.19.1000,밤(조제저장처리),Chestnuts (Other prepared or preserved),0,미양허,미양허,0,미양허,3.1,0,0,0,50,50,0,13.8,0,50,50,미양허,미양허,미양허,25,미양허,3.1,0,0,50,0,미양허,미양허,미양허,미양허,미양허,0,50
1201,2008.19.2000,코코넛(조제저장처리),Coconut (Other prepared or preserved),미양허,미양허,미양허(CH 22.5),0,미양허,0,0,0,0,45,45,0,0,0,9,9,미양허,미양허,미양허,0,미양허,0,0,0,45,0,30,30,미양허,30,30,0,36
1202,2008.19.3000,볶은 참깨가루,Roasted sesamum seeds (Other prepared or preserved),0,0,미양허(CH 27),0,미양허,0,0,0,0,0,0,0,0,0,18,9,9,13.5,9,0,18,0,0,0,19.2,0,30,30,미양허,미양허,30,0,40.5
1203,2008.19.9000,"견과류, 땅콩외 기타 씨류(조제저장처리)",Other (Other prepared or preserved),0,0,미양허(CH 27),0,미양허,0,0,0,0,0,0,,0,0,18,9,9,13.5,9,0,18,0,0,0,19.2,0,30,30,미양허,미양허,30,0,40.5
1204,2008.20.0000,파인애플(조제저장처리),Pineapples (Other prepared or preserved),미양허,0,미양허(CH 36),36,미양허,0,0,0,0,0,45,0,0,0,9,9,9,13.5,9,9,18,0,0,21.6,33,18,22.5,22.5,22.5,22.5,22.5,15.4,45
1205,2008.30.1000,유자(조제저장처리),Citrus junos (Other prepared or preserved),미양허,미양허,미양허,36,미양허,0,0,0,0,14,45,0,0,36,45,9,미양허,미양허,미양허,미양허,미양허,0,0,미양허,45,36,미양허,미양허,미양허,미양허,미양허,미양허,45
1206,2008.30.9000,기타 감귤류 과실(조제저장처리),Other citrus fruit (Other prepared or preserved),미양허,미양허,미양허,36,미양허,0,0,45,0,45,45,0,0,36,45,45,미양허,미양허,미양허,미양허,미양허,0,0,미양허,45,36,미양허,미양허,미양허,미양허,미양허,미양허,45
1207,2008.40.0000,배(조제저장처리),Pears (Other prepared or preserved),0,0,미양허,36,미양허,0,0,0,0,45,45,45,0,36,45,45,미양허,미양허,미양허,미양허,미양허,0,0,미양허,45,36,미양허,미양허,미양허,미양허,미양허,미양허,45
1208,2008.50.0000,살구(조제저장처리),Apricots (Other prepared or preserved),0,0,미양허,5,미양허,0,0,0,0,0,45,0,0,5,18,9,15,18.7,15,15,22.5,0,0,4,30,3.3,30,30,미양허,30,30,4.3,36
1209,2008.60.0000,체리(조제저장처리),Cherries (Other prepared or preserved),0,0,미양허,5,미양허,0,0,0,0,0,45,0,0,5,18,9,15,18.7,15,15,22.5,0,0,3.6,19.2,3.3,30,30,미양허,30,30,4.3,40.5
1210,2008.70.1000,복숭아(설탕첨가/밀폐용기에 넣은 것/넥터린 포함),"Peaches including nectarines (Other prepared or preserved/in airtight containers, added sugar)",0,0,미양허,0,미양허,0,0,0,0,15.6,NS,0,0,0,50,10,미양허,미양허,미양허,미양허,미양허,0,0,0,50,0,미양허,미양허,미양허,미양허,미양허,0,50
1211,2008.70.9000,복숭아(기타/조제저장처리/넥터린 포함),Peaches including nectarines (Other prepared or preserved/other),0,0,미양허,0,미양허,0,0,0,0,14,45,0,0,0,45,9,미양허,미양허,미양허,미양허,미양허,0,0,0,45,0,미양허,미양허,미양허,미양허,미양허,0,36
1212,2008.80.0000,초본류 딸기(조제저장처리),Strawberries (Other prepared or preserved),0,0,미양허,5,미양허,0,0,0,0,14,45,0,0,5,45,0,9,13.5,9,9,18,0,0,미양허,27,5,미양허,미양허,미양허,미양허,미양허,미양허,45
1213,2008.91.0000,팜하트(조제저장처리),Palm hearts (Other prepared or preserved),미양허,미양허,미양허,0,미양허,0,0,0,0,14,45,45,0,0,9,9,9,13.5,9,9,18,0,0,0,45,0,22.5,22.5,22.5,22.5,22.5,0,45
1214,2008.93.0000,"크랜베리바치니움 매크로카르폰, 바치니움 옥시코코스), 링곤베리(바치니움 비티스-이다에아)/조제저장처리","Cranberries (Vaccinium macrocarpon, Vaccinium oxycoccos, Vaccinium vitis-idaea); lingonberries (Vaccinium vitis-idaea)",0,미양허,미양허,36,미양허,0,0,0,0,0,45,0,0,36,18,0,9,13.5,9,9,18,0,0,28.8,27,24,30,30,미양허,30,30,31.2,40.5
1215,2008.97.1010,과실 칵테일(설탕을 첨가한 밀폐용기에 넣은 것),"Fruit cocktail (Other prepared or preserved/in airtight containers, added sugar)",0,미양허,미양허,40,미양허,0,0,0,0,0,0,0,0,0,50,50,미양허,미양허,미양허,미양허,미양허,0,0,미양허,33.3,20,미양허,미양허,미양허,미양허,미양허,미양허,40
1216,2008.97.1090,과실 칵테일(기타),Fruit cocktail (Other prepared or preserved/other),0,미양허,미양허,36,미양허,0,0,0,0,0,0,0,0,36,45,9,미양허,미양허,미양허,미양허,미양허,0,0,미양허,45,36,미양허,미양허,미양허,미양허,미양허,미양허,36
1217,2008.97.2000,과실 샐러드,Fruit salad (Other prepared or preserved),0,0,미양허,5,미양허,0,0,0,0,0,45,0,0,5,45,9,21,24,21,21,27,0,0,미양허,45,5,미양허,미양허,미양허,미양허,미양허,미양허,36
1218,2008.97.9000,과실 혼합물(기타),Other mixtures (Other prepared or preserved),0,0,미양허,36,미양허,0,0,0,0,0,40.5,0,0,0,45,9,9,13.5,9,9,18,0,0,미양허,45,18,미양허,미양허,미양허,미양허,미양허,미양허,36
1219,2008.99.1000,포도(조제저장처리),Grapes (Other prepared or preserved),0,0,미양허,36,미양허,0,0,0,0,0,45,0,0,36,45,0,21,24,21,21,27,0,0,미양허,45,36,미양허,미양허,미양허,미양허,미양허,미양허,36
1220,2008.99.2000,사과(조제저장처리),Apples (Other prepared or preserved),0,0,미양허,22.5,미양허,0,0,0,0,45,45,0,0,22.5,45,0,미양허,미양허,미양허,미양허,미양허,0,0,미양허,45,22.5,미양허,미양허,미양허,미양허,미양허,미양허,36
1221,2008.99.3000,팝콘(조제저장처리),Popcorn (Other prepared or preserved),0,0,미양허,36,미양허,0,0,0,0,0,45,0,0,36,9,9,15,18.7,15,15,22.5,0,0,21.6,30,18,22.5,22.5,22.5,22.5,22.5,26.4,36
1222,2008.99.4000,소금에 절인 초피(조제저장처리),Salted Japanese pepper (Other prepared or preserved),0,미양허,미양허,36,미양허,0,0,0,0,14,45,0,0,36,18,0,미양허,미양허,미양허,미양허,미양허,0,0,21.6,45,24,30,30,미양허,30,30,31.2,45
1223,2008.99.9000,"과실, 견과 기타(조제저장처리)",Other (Other prepared or preserved),0,미양허,미양허,36,미양허,0,0,0,0,0,45,0,0,0,36,0,0,0,0,9,18,0,0,미양허,45,36,33.8,33.8,미양허,미양허,33.8,31.2,45
1224,2009.11.0000,오렌지주스(냉동),Orange juice (Frozen),0,미양허,미양허,27,미양허,0,0,0,0,0,54,0,0,27,54,10.8,10.8,16.2,10.8,10.8,21.6,0,0,미양허,32.4,27,미양허,미양허,미양허,미양허,미양허,미양허,48.6
1225,2009.12.0000,오렌지주스(냉동하지 않은 것으로서 브릭스 값이 20 이하인 것),"Orange juice (Not frozen, of a Brix value not exceeding 20)",미양허,미양허,미양허,5,미양허,0,0,54,0,16.8,54,0,0,5,54,10.8,27,미양허,미양허,미양허,미양허,0,0,미양허,54,5,미양허,미양허,미양허,미양허,미양허,미양허,48.6
1226,2009.19.0000,오렌지주스(기타),Orange juice (Other),미양허,미양허,미양허,27,미양허,0,0,0,0,16.8,54,0,0,27,54,10.8,27,미양허,미양허,미양허,미양허,0,0,미양허,54,27,미양허,미양허,미양허,미양허,미양허,미양허,54
1227,2009.21.0000,"그레이프프루트, 포멜로 주스(브릭스 값이 20 이하인 것)",Grapefruit juice (Of a Brix value not exceeding 20),미양허,미양허,미양허,0,미양허,0,0,0,0,0,30,0,0,0,12,0,미양허,미양허,미양허,미양허,미양허,0,0,0,18,0,20,20,미양허,20,20,0,30
1228,2009.29.0000,"그레이프프루트, 포멜로 주스(기타)",Grapefruit juice (Other),미양허,미양허,미양허,0,미양허,0,0,0,0,8,30,0,0,0,12,6,미양허,미양허,미양허,미양허,미양허,0,0,0,15,0,20,20,미양허,20,20,0,27
1229,2009.31.1000,레몬주스(브릭스 값이 20 이하인 것),Lemon juice (Of a Brix value not exceeding 20),0,0,미양허(CH 30),5,미양허,0,0,0,0,0,NS,0,0,0,10,0,23.3,26.6,23.3,23.3,30,0,0,3,50,1.4,25,25,25,25,25,3.7,40
1230,2009.31.2000,라임주스(브릭스 값이 20 이하인 것),Lime juice (Of a Brix value not exceeding 20),0,0,미양허(CH 30),5,미양허,0,0,0,0,0,NS,0,0,5,10,0,23.3,26.6,23.3,23.3,30,0,0,3,50,2.5,25,25,25,25,25,3.7,40
1231,2009.31.9000,감귤류주스 기타(브릭스 값이 20 이하인 것),Other single citrus fruit juice (Of a Brix value not exceeding 20),0,0,미양허(CH 32.4),5,미양허,0,0,0,0,16.8,54,0,0,5,54,0,미양허,미양허,미양허,미양허,미양허,0,0,미양허,54,5,미양허,미양허,미양허,미양허,미양허,미양허,48.6
1232,2009.39.1000,레몬주스(기타),Lemon juice (Other),0,0,미양허(CH 30),0,25,0,0,0,0,0,0,0,0,0,10,0,미양허,미양허,미양허,미양허,미양허,0,0,0,30,0,25,25,25,25,25,0,40
1233,2009.39.2000,라임주스(기타),Lime juice (Other),0,0,미양허(CH 30),5,미양허,0,0,0,0,0,NS,0,0,5,10,0,23.3,26.6,23.3,23.3,30,0,0,3,30,2.5,25,25,25,25,25,3.7,0
1234,2009.39.9000,감귤류주스 기타(기타),Other (Other),0,0,미양허(CH 32.4),5,미양허,0,0,0,0,16.8,54,0,0,0,54,0,미양허,미양허,미양허,미양허,미양허,0,0,미양허,32.4,0,미양허,미양허,미양허,미양허,미양허,3.7,48.6
1235,2009.41.0000,파인애플주스(브릭스 값이 20 이하인 것),Pineapple juice (Of a Brix value not exceeding 20),미양허,미양허,미양허,40,미양허,0,0,0,0,0,NS,0,0,40,10,0,10,26.6,23.3,23.3,30,0,0,24,50,20,25,25,25,25,25,29.3,40
1236,2009.49.0000,파인애플주스(기타),Pineapple juice (Other),미양허,미양허,미양허,5,미양허,0,0,0,0,0,NS,0,0,0,10,0,10,26.6,23.3,23.3,30,0,0,3,30,2.5,25,25,25,25,25,3.7,45
1237,2009.50.0000,토마토주스,Tomato juice,0,미양허,미양허,0,미양허,0,0,0,0,0,30,0,0,0,30,0,미양허,미양허,미양허,미양허,미양허,0,0,0,30,0,28.1,28.1,미양허,미양허,28.1,0,24
1238,2009.61.0000,포도주스(브릭스 값이 30 이하인 것),Grape juice (Of a Brix value not exceeding 30),0,0,미양허,0,미양허,0,0,0,0,0,45,0,0,0,45,0,미양허,미양허,미양허,미양허,미양허,0,0,0,45,0,미양허,미양허,미양허,미양허,미양허,0,40.5
1239,2009.69.0000,포도주스(기타),Grape juice (Other),0,0,미양허,5,미양허,0,0,0,0,0,0,0,0,5,45,0,미양허,미양허,미양허,미양허,미양허,0,0,미양허,45,5,미양허,미양허,미양허,미양허,미양허,미양허,0
1240,2009.71.0000,사과주스(브릭스 값이 20 이하인 것),Apple juice (Of a Brix value not exceeding 20),0,0,미양허,5,미양허,0,0,0,0,14,45,0,0,5,45,0,미양허,미양허,미양허,미양허,미양허,0,0,미양허,45,5,미양허,미양허,미양허,미양허,미양허,미양허,40.5
1241,2009.79.0000,사과주스(기타),Apple juice (Other),0,0,미양허(CH 40.5),0,미양허,0,0,0,0,14,0,0,0,0,45,0,미양허,미양허,미양허,미양허,미양허,0,0,0,33,0,미양허,미양허,미양허,미양허,미양허,0,36
1242,2009.81.0000,"크랜베리(바치니움 매크로카르폰, 바치니움 옥시코코스) 주스, 링곤베리(바치니움 비티스-이다에아) 주스","Cranberry (Vaccinium macrocarpon, Vaccinium oxycoccos) juice; lingonberry (Vaccinium vitis-idaea) juice",0,0,미양허(CH 40),40,미양허,0,0,0,0,0,0,0,0,40,20,0,23.3,26.6,23.3,23.3,30,0,0,32,50,26.6,33.3,33.3,미양허,33.3,33.3,34.7,45
1243,2009.89.1010,복숭아주스,Peach juice,0,0,미양허(CH 45),40,미양허,0,0,0,0,0,45,0,0,40,50,0,25,28.1,25,25,31.2,0,0,미양허,36.6,40,미양허,미양허,미양허,미양허,미양허,미양허,45
1244,2009.89.1020,딸기주스,Strawberry juice,0,0,미양허(CH 30),0,미양허,0,0,0,0,0,45,0,0,0,50,10,23.3,26.6,23.3,23.3,30,0,0,0,50,0,미양허,미양허,미양허,미양허,미양허,0,45
1245,2009.89.1030,코코넛 주스(코코넛 워터 포함),"Coconut juice, including coconut water",0,0,미양허(CH 40),0,미양허,0,0,0,0,0,0,0,0,0,50,0,0,0,10,10,20,0,0,미양허,30,40,미양허,미양허,미양허,미양허,미양허,미양허,45
1246,2009.89.1090,기타 과실주스,Other single fruit juice,0,0,미양허(CH 40),40,미양허,0,0,0,0,0,0,,0,0,50,0,0,0,10,10,20,0,0,미양허,30,40,미양허,미양허,미양허,미양허,미양허,미양허,45
1247,2009.89.2000,채소주스,Juice of vegetables,0,미양허,미양허,0,미양허,0,0,0,0,0,0,0,0,0,30,0,10,12.5,10,10,15,0,0,0,20,0,28.1,28.1,미양허,미양허,28.1,0,27
1248,2009.90.1010,혼합주스(오렌지주스를 주요 재료로 만든 것),Mixtures of fruit juices (Chiefly on the basic of orange juice),미양허,미양허,미양허,0,미양허,0,0,0,0,15.6,50,0,0,0,50,10,미양허,미양허,미양허,미양허,미양허,0,0,0,36.6,0,미양허,미양허,미양허,미양허,미양허,0,45
1249,2009.90.1020,혼합주스(사과주스를 주요 재료로 만든 것),Mixtures of fruit juices (Chiefly on the basic of apple juice),0,미양허,미양허,0,미양허,0,0,0,0,0,0,0,0,0,50,0,23.3,26.6,23.3,23.3,30,0,0,0,36.6,0,미양허,미양허,미양허,미양허,미양허,0,45
1250,2009.90.1030,혼합주스(포도주스를 주요 재료로 만든 것),Mixtures of fruit juices (Chiefly on the basic of grape juice),0,미양허,미양허,0,미양허,0,0,0,0,0,50,0,0,0,50,10,16.6,20.8,16.6,16.6,25,0,0,0,33.3,0,미양허,미양허,미양허,미양허,미양허,0,45
1251,2009.90.1090,혼합주스(기타 과실을 주요 재료로 만든 것),Mixtures of fruit juices (Chiefly on the basic of other juice),0,미양허,미양허,0,미양허,0,0,0,0,0,NS,0,0,0,50,0,23.3,26.6,23.3,23.3,30,0,0,0,30,0,미양허,미양허,미양허,미양허,미양허,0,45
1252,2009.90.2000,혼합주스(채소로 만든 것),Mixtures of vegetable juices,0,미양허,미양허,0,미양허,0,0,0,0,0,NS,0,0,0,30,6,10,12.5,10,10,15,0,0,0,20,0,28.1,28.1,미양허,미양허,28.1,0,24
1253,2009.90.9000,혼합주스(기타),Other mixtures of juices,0,미양허,미양허,0,미양허,0,0,0,0,0,NS,0,0,0,50,0,10,20.8,16.6,16.6,25,0,0,0,33.3,0,미양허,미양허,미양허,미양허,미양허,0,45
1254,2101.11.1000,"커피추출물, 에센스와 농축물(인스턴트 커피)","Extracts, essences and concentrates of coffee (Instant coffee)",0,0,0,0,0,0,0,0,0,0,0,0,0,0,3.2,0,0,0,0,0,0,0,0,0,1.6,0,0,0,5.3,5.3,0,0,6.4
1255,2101.11.9000,"커피추출물, 에센스와 농축물(기타)","Extracts, essences and concentrates of coffee (Other)",0,0,0,0,0,0,0,0,0,0,0,0,0,0,0,0,0,0,0,0,0,0,0,0,1.6,0,0,0,0,0,0,0,6.4
1256,2101.12.1000,인스턴트 커피의 조제품,Preparations of instant coffee,0,0,0,0,4,0,0,0,0,0,0,0,0,0,1.6,0,0,0,0,0,0,0,0,0,1.6,0,4,4,4,4,4,4.8,6.4
1257,2101.12.9010,"밀크, 크림 또는 이들의 대용물을 함유한 조제품","Preparations of containing milk, cream or their substitutes",0,0,4.8,0,4,0,0,0,0,0,NS,0,0,0,1.6,0,0,0,0,0,0,0,0,0,1.6,0,0,0,4,4,0,4.8,6.4
1258,2101.12.9090,커피 조제품 기타 ,Other preparations of coffee,0,0,4.8,0,4,0,0,0,0,0,0,0,0,0,3.2,0,0,0,0,0,0,0,0,0,1.6,0,5.3,5.3,미양허,5.3,5.3,4.8,6.4
1259,2101.20.1000,"차, 마테 조제품(설탕, 레몬이나 이들의 대용물 함유)","Preparations of tea, mate (Of containing surar, lemon or their substitutes)",0,0,24,5,미양허,0,0,0,0,0,NS,0,5.3,0,40,0,미양허,미양허,미양허,미양허,미양허,0,0,1,40,0,40,40,미양허,미양허,40,미양허,32
1260,2101.20.9011,"차, 마테 등 조제품(곡물을 함유한 것/티백 포장의 것)","Preparations of tea, mate (Of containing cereals/packing with tea bag)",0,0,24,20,미양허,0,0,0,0,0,40,0,5.3,20,16,0,13.3,16.6,13.3,13.3,20,0,0,16,40,13.3,26.7,26.7,미양허,26.7,26.7,미양허,32
1261,2101.20.9019,"차, 마테 등 조제품(기타/티백 포장의 것)","Preparations of tea, mate (Of packing with tea bag)",0,0,24,20,미양허,0,0,0,0,0,40,0,5.3,20,16,0,미양허,미양허,미양허,미양허,미양허,0,0,14.6,40,13.3,26.7,26.7,미양허,26.7,26.7,17.3,32
1262,2101.20.9090,"차, 마테 등 조제품(기타)","Preparations of tea, mate (Other)",0,0,24,20,미양허,0,0,0,0,0,40,0,5.3,20,40,0,8,12,8,8,16,0,0,18,40,20,40,40,미양허,미양허,40,미양허,32
1263,2101.30.1000,"볶은 치커리, 커피 대용물(보리의 것)","Roasted chicory, other roasted coffee substitutes (Barley)",0,미양허,미양허,0,4,0,0,0,0,0,0,0,0,0,3.2,0,2.6,3.3,2.6,2.6,4,0,0,0,1.6,0,5.3,5.3,미양허,5.3,5.3,0,6.4
1264,2101.30.9000,"볶은 치커리, 커피 대용물(기타)","Roasted chicory, other roasted coffee substitutes (Other)",0,0,4.8,0,4,0,0,0,0,0,0,0,0,0,3.2,0,0,0,0,0,0,0,0,0,1.6,0,5.3,5.3,미양허,5.3,5.3,0,6.4
1265,2102.10.1000,양조효모,Brewery yeast,0,0,6.4,0,4,0,0,0,0,0,0,0,0,0,0,0,2.6,3.3,2.6,2.6,4,0,0,0,1.6,0,0,0,0,0,0,0,6.4
1266,2102.10.2000,증류효모,Distillery yeast,0,0,6.4,0,4,0,0,0,0,0,0,0,0,0,0,0,2.6,3.3,2.6,2.6,4,0,0,0,1.6,0,4,4,4,4,4,0,6.4
1267,2102.10.3000,제빵효모,Bakery yeast,0,0,6.4,0,4,0,0,0,0,0,0,0,0,0,0,0,2.6,3.3,2.6,2.6,4,0,0,0,1.6,0,4,4,4,4,4,0,6.4
1268,2102.10.4000,배양효모,Culture yeast,0,0,6.4,0,4,0,0,0,0,0,0,0,0,0,0,0,2.6,3.3,2.6,2.6,4,0,0,0,1.6,0,4,4,4,4,4,0,6.4
1269,2102.10.9000,활성효모 기타 ,Other active yeasts,0,0,6.4,0,4,0,0,0,0,0,0,0,0,0,0,0,2.6,3.3,2.6,2.6,4,0,0,0,1.6,0,4,4,4,4,4,0,6.4
1270,2102.20.1000,불활성효모,Inactive yeasts,0,0,6.4,0,4,0,0,0,0,0,0,0,0,0,0,0,2.6,3.3,2.6,2.6,4,0,0,0,1.6,0,0,0,0,0,0,0,6.4
1271,2102.20.2000,누룩,Nulookⓚ,0,0,6.4,0,4,0,0,0,0,0,5.6,0,0,0,1.6,0,2.6,3.3,2.6,2.6,4,0,0,0,1.6,0,4,4,4,4,4,0,6.4
1272,2102.20.3010,클로렐라(태블릿 모양의 것),Chlorella (Tablet),0,0,6.4,0,4,0,0,0,0,0,5.6,0,0,0,0,0,2.6,3.3,2.6,2.6,4,0,0,0,1.6,0,0,0,0,0,0,0,6.4
1273,2102.20.3090,클로렐라(기타),Chlorella (Other),0,0,6.4,0,4,0,0,0,0,0,0,0,0,0,0,0,2.6,3.3,2.6,2.6,4,0,0,0,1.6,0,0,0,0,0,0,0,6.4
1274,2102.20.4010,스피루리나(태블릿 모양의 것),Spinulina (Tablet),0,0,6.4,0,4,0,0,0,0,0,0,0,0,0,0,0,2.6,3.3,2.6,2.6,4,0,0,0,1.6,0,0,0,4,0,0,0,6.4
1275,2102.20.4090,스피루리나(기타),Spinulina (Other),0,0,6.4,0,4,0,0,0,0,0,0,0,0,0,0,0,2.6,3.3,2.6,2.6,4,0,0,0,1.6,0,0,0,0,0,0,0,6.4
1276,2102.20.9000,"불활성효모, 미생물 기타 ",Other inactive yeasts,0,0,6.4,0,4,0,0,0,0,0,0,0,0,0,0,0,2.6,3.3,2.6,2.6,4,0,0,0,1.6,0,4,4,4,4,4,0,6.4
1277,2102.30.0000,조제한 베이킹파우더,Prepared baking powders,0,0,6.4,0,4,0,0,0,0,0,0,0,0,0,0,0,2.6,3.3,2.6,2.6,4,0,0,0,1.6,0,4,4,4,4,4,0,6.4
1278,2103.10.0000,간장,Soya sauce,미양허,미양허,0,5,미양허,0,0,0,0,2.5,0,0,0,0,8,0,미양허,미양허,미양허,미양허,미양허,0,0,2.1,0,1.4,8,8,미양허,미양허,8,미양허,0
1279,2103.20.1000,토마토 케첩,Tomato ketchup,0,0,4.8,0,4,0,0,0,0,0,0,0,0,0,3.2,0,15,18.7,15,15,18,0,0,0,5.3,0,30,30,미양허,30,30,0,6.4
1280,2103.20.2000,그 밖의 토마토 소스,Other tomato sauces,0,미양허,미양허,0,미양허,0,0,0,0,0,0,0,6,0,18,0,15,18.7,15,15,18,0,0,0,5.3,0,30,30,미양허,30,30,0,6.4
1281,2103.30.1000,겨자의 고운 가루ㆍ거친 가루,Mustard flour and meal,0,0,4.8,0,0,0,0,0,0,0,0,0,0,0,1.6,0,2.6,3.3,2.6,2.6,4,0,0,0,1.6,0,4,4,4,4,4,0,0
1282,2103.30.2000,조제한 겨자 ,Prepared mustard,0,0,4.8,0,0,0,0,0,0,0,0,0,0,0,1.6,0,2.6,3.3,2.6,2.6,4,0,0,0,1.6,0,4,4,4,4,4,0,0
1283,2103.90.1010,된장,Bean paste,0,미양허,0,5,미양허,0,0,0,0,0,5.6,8,0,5,8,0,15,18.7,15,15,22.5,0,0,3.6,0,3.3,8,8,미양허,미양허,8,미양허,0
1284,2103.90.1020,춘장,Chinese bean paste,0,미양허,0,5,미양허,0,0,0,0,0,5.6,8,0,0,3.2,0,15,18.7,15,15,22.5,0,0,1,9,1.4,5.3,5.3,미양허,5.3,5.3,4.3,0
1285,2103.90.1030,고추장,Gochujangⓚ,미양허,미양허,미양허,5,미양허,0,0,0,0,0,NS,45,0,5,45,0,11.6,14.5,11.6,11.6,17.5,0,0,1,0,5,미양허,미양허,미양허,미양허,미양허,미양허,0
1286,2103.90.1090,기타 장류,Other bean paste,미양허,0,0,0,미양허,0,0,0,0,14,NS,0,0,0,45,0,22.5,25.3,22.5,22.5,18,0,0,0,45,0,7.5,7.5,미양허,미양허,7.5,0,36
1287,2103.90.9010,마요네스,Mayonnaise,0,0,4.8,0,4,0,0,0,0,0,0,0,0,0,0,0,21,0,21,21,27,0,0,0,9,0,4,4,4,4,4,0,6.4
1288,2103.90.9020,인스턴트 카레,Instant curry,0,0,,0,미양허,0,0,0,0,0,NS,0,0,0,18,0,15,18.7,15,15,22.5,0,0,0,9,0,5.3,5.3,미양허,5.3,5.3,0,36
1289,2103.90.9030,혼합조미료,Mixed seasonings,0,미양허,미양허,36,미양허,2.8,0,0,,0,40.5,,,36,44.5,9,미양허,미양허,미양허,미양허,미양허,2.8,0,미양허,30,36,미양허,미양허,미양허,미양허,미양허,미양허,36
1290,2103.90.9040,메주,Mejooⓚ,미양허,미양허,미양허,5,미양허,0,0,0,0,4.3,NS,0,0,5% or 20원/kg,13% or 52원/kg,0,미양허,미양허,미양허,미양허,미양허,0,0,미양허,8,5,미양허,미양허,미양허,미양허,미양허,미양허,7.2
1291,2103.90.9050,고추다진양념,Seasoned red-pepper sauce,0,0,,36,미양허,2.8,0,0,,0,40.5,,6,36,44.5,9,9,13.5,15,15,22.5,2.8,0,미양허,30,36,미양허,미양허,미양허,미양허,미양허,36,36
1292,2103.90.9090,"혼합 조미, 조제품기타 ",Other,0,0,,36,미양허,2.8,0,0,,0,40.5,,6,36,44.5,9,9,13.5,15,15,22.5,2.8,0,미양허,30,36,미양허,미양허,미양허,미양허,미양허,미양허,36
1293,2104.10.1000,"수프, 브로드, 조제품(육류의 것)",Soups and broth preparations (Of meat),0,0,10.8,0,미양허,0,0,0,0,0,18,0,18,0,7.2,3.6,0,0,0,0,2.5,0,0,0,7.7,0,13.5,13.5,미양허,13.5,미양허,0,14.4
1294,2104.10.3000,"수프, 브로드, 조제품(야채의 것)",Soups and broth preparations (Of vegetable),0,0,10.8,0,9,0,0,0,0,0,0,0,2.4,0,7.2,3.6,0,0,0,0,2.5,0,0,0,7.7,0,12,12,미양허,12,12,0,14.4
1295,2104.10.9000,"수프, 브로드, 조제품(기타)",Soups and broth preparations (Other),0,미양허,16.2,0,9,0,0,0,0,0,0,0,2.4,0,7.2,3.6,0,0,0,0,2.5,0,0,0,7.7,0,12,12,미양허,12,12,0,14.4
1296,2104.20.0000,균질화한 혼합조제식료품,Homogenised composite food preparations,0,0,18,24,미양허,0,0,0,0,0,NS,0,0,24,12,0,10,12.5,10,10,15,0,0,17.6,12.8,16,20,20,미양허,20,20,20.8,24
1297,2105.00.1010,아이스크림(코코아 미함유),Ice cream (Not containing cocoa),0,0,6.4,0,4,0,0,0,0,0,NS,0,0,0,1.6,0,3.7,4.2,3.7,3.7,4.8,0,0,0,1.6,0,4,4,4,4,4,0,6.4
1298,2105.00.1090,아이스크림(기타),Ice cream (Other),0,0,6.4,0,4,0,0,0,0,0,NS,0,0,0,1.6,0,3.7,4.2,3.7,3.7,4.8,0,0,0,1.6,0,4,4,4,4,4,0,6.4
1299,2105.00.9010,기타 빙과류(코코아 미함유),Other edible ice (Not containing cocoa),0,0,6.4,0,4,0,0,0,0,0,5.6,0,0,0,1.6,0,3.7,4.2,3.7,3.7,4.8,0,0,0,1.6,0,4,4,4,4,4,0,6.4
1300,2105.00.9090,기타 빙과류(기타),Other edible ice (Other),0,0,6.4,0,4,0,0,0,0,0,0,0,0,0,1.6,0,3.7,4.2,3.7,3.7,4.8,0,0,0,1.6,0,4,4,4,4,4,0,6.4
1301,2106.10.1000,두부,Bean-curd,0,0,6.4,5,4,0,0,0,0,0,NS,0,0,0,3.2,0,2.6,3.3,2.6,2.6,4,0,0,3,1.6,3.3,5.3,5.3,미양허,5.3,5.3,4.3,6.4
1302,2106.10.9020,단백질 농축물,Protein concentrates,0,0,6.4,0,4,0,0,0,0,0,5.6,0,0,0,0,0,2.6,3.3,2.6,2.6,4,0,0,0,1.6,0,5.3,5.3,미양허,미양허,5.3,0,6.4
1303,2106.10.9030,텍스처화한 단백질계 물질,Textured protein substances,0,0,6.4,0,4,0,0,0,0,0,0,0,0,0,0,0,2.6,3.3,2.6,2.6,4,0,0,0,1.6,0,5.3,5.3,미양허,미양허,5.3,0,6.4
1304,2106.90.1010,콜라베이스,Cola base,0,0,,0,4,0,0,0,0,0,0,0,0,0,0,0,0,0,0,0,0,0,0,0,0,0,0,0,0,0,0,0,0
1305,2106.90.1020,과일향의 음료베이스,Beverage base of perfumed fruits,0,0,,0,4,0,0,0,0,0,0,0,0,0,1.6,0,0,0,0,0,0,0,0,0,1.6,0,4,4,4,4,4,0,6.4
1306,2106.90.1090,기타 음료베이스(알코올 미함유),"Other bases for beverage, nonalcoholic",0,0,,0,4,0,0,0,0,0,0,0,1,0,1.6,0,0,0,0,0,0,0,0,0,1.6,0,4,4,4,4,4,0,6.4
1307,2106.90.2000,"당시럽(향료, 착색제 첨가)","Sugar syrups, containing added flavouring or colouring matter",0,0,6.4(CH 미양허),0,4,0,0,0,0,0,0,0,0,0,0,0,1.6,2.4,1.6,1.6,3.2,0,0,0,1.6,0,0,0,0,0,0,0,6.4
1308,2106.90.3011,인삼차,White ginseng tea,미양허,미양허,미양허,0,미양허,0,0,0,0,2.5,NS,8,0,0,3.2,0,미양허,미양허,미양허,미양허,미양허,0,0,0,8,0,5.3,5.3,5.3,5.3,5.3,0,7.2
1309,2106.90.3019,인삼류(기타 백삼제품류),Other products of white ginseng,미양허,미양허,미양허,0,미양허,0,0,0,0,2.5,NS,0,0,0,3.2,0,미양허,미양허,미양허,미양허,미양허,0,0,0,8,0,5.3,5.3,미양허,5.3,5.3,0,0
1310,2106.90.3021,홍삼차,Red ginseng tea,미양허,미양허,미양허,603.4,미양허,0,0,754.3,0,754.3,754.3,754.3,754.3,603.4,754.3,754.3,미양허,미양허,미양허,미양허,미양허,0,0,미양허,754.3,603.4,미양허,미양허,미양허,미양허,미양허,미양허,678.8
1311,2106.90.3029,인삼류(기타 홍삼제품류),Other products of red ginseng,미양허,미양허,미양허,603.4,미양허,0,0,754.3,0,754.3,754.3,754.3,754.3,603.4,754.3,754.3,미양허,미양허,미양허,미양허,미양허,0,0,미양허,754.3,603.4,미양허,미양허,미양허,미양허,미양허,미양허,678.8
1312,2106.90.9010,커피크리머,Coffee creamer,0,0,,0,4,0,0,0,0,0,0,0,0,0,1.6,0,2.6,3.3,2.6,2.6,4,0,0,0,1.6,0,4,4,4,4,4,0,6.4
1313,2106.90.9021,버터를 기본 재료로 한 조제품(버터 함량이 전중량의 100분의 30 이하인 것),"Preparations with a basis of butter (Of a butter content, by weight, not exceeding 30%)",0,0,미양허,5,미양허,0,0,0,0,0,0,0,0,5,3.2,0,2.6,3.3,2.6,2.6,4,0,0,4,4.8,3.3,5.3,5.3,5.3,5.3,5.3,4.3,6.4
1314,2106.90.9022,버터를 기본 재료로 한 조제품(버터 함량이 전중량의 100분의 30을 초과하고 100분의 70 이하인 것),"Preparations with a basis of butter (Of a butter content, by weight, exceeding 30% but not exceeding 70%)",0,0,미양허,5,미양허,0,0,0,0,0,0,0,0,5,3.2,0,2.6,3.3,2.6,2.6,4,0,0,4,4.8,3.3,5.3,5.3,5.3,5.3,5.3,4.3,6.4
1315,2106.90.9023,버터를 기본 재료로 한 조제품(버터 함량이 전중량의 100분의 70을 초과하는 것),"Preparations with a basis of butter (Of a butter content, by weight, exceeding 70%)",0,0,미양허,5,미양허,0,0,0,0,0,0,0,0,5,3.2,0,2.6,3.3,2.6,2.6,4,0,0,4,4.8,3.3,5.3,5.3,5.3,5.3,5.3,4.3,6.4
1316,2106.90.9030,아이스크림 제조용 조제품,Preparations for manufacturing ice cream,0,0,,0,4,0,0,0,0,0,0,0,0,0,1.6,0,2.6,3.3,2.6,2.6,4,0,0,0,1.6,0,4,4,4,4,4,0,6.4
1317,2106.90.9040,자기소화효모 및 기타 효모 추출물,Autolyzed yeast and other yeast extracts,0,0,,0,4,0,0,0,0,0,0,0,0,0,0,0,2.6,3.3,2.6,2.6,4,0,0,0,1.6,0,4,4,4,4,4,0,6.4
1318,2106.90.9050,향미용 조제품,Flavors in preparations,0,0,,5,미양허,0,0,0,0,0,0,0,0,0,0,0,0,0,0,0,0,0,0,1,1.6,1.4,4,4,4,4,4,1,6.4
1319,2106.90.9060,도토리 가루,Acorn flour,0,미양허,,0,4,0,0,0,0,0,8,0,0,0,3.2,0,2.6,3.3,2.6,2.6,4,0,0,0,4.8,0,5.3,5.3,미양허,5.3,5.3,0,6.4
1320,2106.90.9070,알로에를 기본 재료로 한 조제품,Preparations with a basis aloe,0,0,,0,4,0,0,0,0,0,0,0,0,0,0,0,2.6,3.3,2.6,2.6,4,0,0,0,1.6,0,0,0,4,4,0,0,6.4
1321,2106.90.9080,"음료조제용 조제품(방향성 물질을 기본 재료로 한것 제외, 알코올 용량 0.5% 초과한 것)",Of preparations (Other than those based on odoriferous substances) of types used in the manufacture of beverages with an alcoholic strength by volume exceeding 0.5% vol,0,0,,0,미양허,0,0,0,0,0,0,0,0,0,12,0,6,9,6,6,12,0,0,0,12.8,0,20,20,미양허,20,20,0,24
1322,2106.90.9091,"로열젤리, 벌꿀 조제품",Preparations for royaljelly and honey,0,미양허,미양허,0,미양허,0,0,0,0,0,8,0,8,0,8,0,1.6,2.4,1.6,1.6,3.2,0,0,0,4.8,0,7,7,미양허,미양허,미양허,0,7.2
1323,2106.90.9099,조제식료품 기타 ,Other food preparations,0,0,,0,미양허,0,0,0,0,0,0,0,0,0,0,0,0,0,0,0,0,0,0,0,1.6,0,5.3,5.3,미양허,미양허,5.3,0,6.4
1324,2201.10.0000,광천수와 탄산수,Mineral water and aerated water,0,0,0,0,4,0,0,0,0,0,5.6,0,0,0,0,0,0,0,0,0,0,0,0,0,1.6,0,0,0,0,0,0,0,6.4
1325,2201.90.1000,얼음과 눈,Ice and snow,0,0,0,0,4,0,0,0,0,0,NS,0,0,0,0,0,2.6,3.3,2.6,2.6,4,0,0,0,1.6,0,0,0,0,0,0,0,6.4
1326,2201.90.9000,물(기타),Other water (Not containing added sugar or other sweetening matter or flavoured),0,0,0,0,4,0,0,0,0,0,0,0,0,0,0,0,0,0,0,0,0,0,0,0,1.6,0,4,4,4,4,4,0,6.4
1327,2202.10.1000,물(설탕이나 감미료 또는 맛이나 향을 첨가/착색),Colored water (Containing added sugar or other sweetening matter or flavoured),0,0,0,0,4,0,0,0,0,0,0,0,0,0,0,0,0,0,0,0,0,0,0,0,1.6,0,4,4,4,4,4,0,0
1328,2202.10.9000,물(설탕이나 감미료 또는 맛이나 향을 첨가/기타),Other water (Containing added sugar or other sweetening matter or flavoured),0,0,0,0,4,0,0,0,0,0,0,0,0,0,0,0,0,0,0,0,0,0,0,0,1.6,0,4,4,4,4,4,0,0
1329,2202.91.0000,맥주(무알콜),Beer (Non alcoholic),0,0,4,0,4,0,0,0,0,0,0,0,0,0,0,0,0,0,0,0,0,0,0,0,0,0,4,4,4,4,4,0,6.4
1330,2202.99.1000,인삼음료,Beverage based on ginseng,미양허,미양허,미양허,5,4,0,0,0,0,2.5,NS,0,0,0,3.2,0,미양허,미양허,미양허,미양허,미양허,0,0,4,8,3.3,5.3,5.3,5.3,5.3,5.3,미양허,6.4
1331,2202.99.2000,과실주스음료,Beverage of fruit juice,0,0,5.4,5,4.5,0,0,0,0,0,0,0,0,0,0,0,0,0,0,0,1.2,0,0,1,3.8,1.4,4.5,4.5,미양허,미양허,4.5,3,8.1
1332,2202.99.3000,식혜,Sikhyeⓚ,0,0,4,0,4,0,0,0,0,0,0,0,0,0,0,0,2.6,3.3,2.6,2.6,4,0,0,0,1.6,0,4,4,4,4,4,0,6.4
1333,2202.99.9000,기타 음료,Other beverage (Non alcoholic),0,0,4,0,4,0,0,0,0,0,0,0,0,0,0,0,0,0,0,0,0,0,0,0,0,0,4,4,4,4,4,0,6.4
1334,2203.00.0000,맥주,Beer made from malt,0,0,0,15,미양허,0,0,0,0,0,0,0,0,0,12,0,0,0,0,0,4.2,0,0,3,18,4.2,20,20,22.5,미양허,20,11,30
1335,2204.10.0000,발포성 포도주,Sparkling wine,0,미양허,미양허,0,0,0,0,0,0,4.6,0,0,0,0,0,0,7,8,7,7,9,0,0,0,0,0,7.5,7.5,7.5,7.5,7.5,0,12
1336,2204.21.1000,붉은 포도주(2리터 이하 용기),Red wine (In containers holding 2L or less),0,0,미양허(CH 0),0,7.5,0,0,0,0,4.6,0,0,0,0,0,0,미양허,미양허,미양허,미양허,미양허,0,0,0,0,0,10,10,10,10,10,0,12
1337,2204.21.2000,흰 포도주(2리터 이하 용기),White wine (In containers holding 2L or less),0,0,미양허,0,7.5,0,0,0,0,4.6,0,0,0,0,0,0,미양허,미양허,미양허,미양허,미양허,0,0,0,0,0,7.5,7.5,7.5,7.5,7.5,0,12
1338,2204.21.9000,기타 포도주(2리터 이하 용기),Other wine (In containers holding 2L or less),0,0,미양허(CH 0),0,7.5,0,0,0,0,4.6,0,0,0,0,0,0,7,8,7,7,9,0,0,0,0,0,7.5,7.5,7.5,7.5,7.5,0,12
1339,2204.22.1000,붉은 포도주(2리터 초과 10리터 이하 용기),Red wine (In containers holding more than 2L but not more than 10L),0,0,미양허(CH 0),0,0,0,0,0,0,4.6,0,0,0,0,0,0,7,8,7,7,9,0,0,0,0,0,7.5,7.5,7.5,7.5,7.5,0,12
1340,2204.22.2000,흰 포도주(2리터 초과 10리터 이하 용기),White wine (In containers holding more than 2L but not more than 10L),0,0,미양허(CH 0),0,0,0,0,0,0,4.6,0,0,0,0,0,0,7,8,7,7,9,0,0,0,0,0,7.5,7.5,7.5,7.5,7.5,0,12
1341,2204.22.9000,기타 포도주(2리터 초과 10리터 이하 용기),Other wine (In containers holding more than 2L but not more than 10L),0,0,미양허(CH 0),0,0,0,0,0,0,4.6,0,0,0,0,0,0,7,8,7,7,9,0,0,0,0,0,7.5,7.5,7.5,7.5,7.5,0,12
1342,2204.29.1000,붉은 포도주(기타),Red wine (Other),0,0,미양허(CH 0),0,0,0,0,0,0,4.6,0,0,0,0,0,0,7,8,7,7,9,0,0,0,0,0,7.5,7.5,7.5,7.5,7.5,0,12
1343,2204.29.2000,흰 포도주(기타),White wine (Other),0,0,미양허(CH 0),0,0,0,0,0,0,4.6,0,0,0,0,0,0,7,8,7,7,9,0,0,0,0,0,7.5,7.5,7.5,7.5,7.5,0,12
1344,2204.29.9000,기타 포도주(기타),Other wine (Other),0,0,미양허(CH 0),0,0,0,0,0,0,4.6,0,0,0,0,0,0,7,8,7,7,9,0,0,0,0,0,7.5,7.5,7.5,7.5,7.5,0,12
1345,2204.30.0000,기타 포도즙,Other grape must,0,0,미양허,0,미양허,0,0,0,0,0,30,0,0,0,30,0,10,12.5,10,10,15,0,0,0,20,0,28.1,28.1,미양허,미양허,28.1,0,24
1346,2205.10.0000,베르무트와 이와 유사한 포도주(2리터 이하의 용기의 것),Vermouth and other wine (In containers holding 2L or less),0,0,0,0,7.5,0,0,0,0,4.6,10.5,0,0,0,0,3,미양허,미양허,미양허,미양허,미양허,0,0,0,15,0,7.5,7.5,7.5,7.5,7.5,0,15
1347,2205.90.0000,베르무트와 이와 유사한 포도주(기타),Vermouth and other wine (Other),미양허,미양허,0,0,7.5,0,0,0,0,4.6,10.5,0,0,0,0,3,미양허,미양허,미양허,미양허,미양허,0,0,0,15,0,7.5,7.5,7.5,7.5,7.5,0,15
1348,2206.00.1010,사과술,Cider (Fermented beverage from fruits),0,미양허,미양허(CH 0),0,7.5,0,0,0,0,0,0,0,0,0,3,0,5,6.2,5,5,7.5,0,0,0,9,0,7.5,7.5,7.5,7.5,7.5,0,0
1349,2206.00.1020,배술,Perry (Fermented beverage from fruits),0,미양허,미양허,0,7.5,0,0,0,0,0,0,0,0,0,3,0,5,6.2,5,5,7.5,0,0,0,9,0,7.5,7.5,7.5,7.5,7.5,0,0
1350,2206.00.1090,과실 발효주 기타 ,Other fermented beverage prepared from fruits,0,미양허,미양허(CH 0),0,7.5,0,0,0,0,0,0,0,0,0,0,0,5,6.2,5,5,7.5,0,0,0,9,0,0,0,0,0,0,0,0
1351,2206.00.2010,청주,Sake (Fermented beverage from cereals),0,미양허,미양허,0,7.5,0,0,0,0,0,0,0,0,0,0,0,5,6.2,5,5,7.5,0,0,0,3,0,10,10,10,10,10,0,0
1352,2206.00.2020,약주,Yakjuⓚ (Fermented beverage from cereals),0,0,미양허,0,7.5,0,0,0,0,0,0,0,0,0,0,0,5,6.2,5,5,7.5,0,0,0,3,0,7.5,7.5,7.5,7.5,7.5,0,0
1353,2206.00.2030,탁주,Takjuⓚ (Fermented beverage from cereals),0,0,미양허,0,7.5,0,0,0,0,0,0,0,0,0,0,0,5,6.2,5,5,7.5,0,0,0,3,0,7.5,7.5,7.5,7.5,7.5,0,0
1354,2206.00.2090,곡물 발효주 기타 ,Other fermented beverage prepared from cereals,0,0,미양허(CH 0),5,7.5,0,0,0,0,0,0,0,2,0,3,3,5,6.2,5,5,7.5,0,0,1,9,1.4,7.5,7.5,7.5,7.5,7.5,3.7,0
1355,2206.00.9010,"와인쿨러(제2009호 또는 제2202호의 물품을 첨가한 것에 한하며, 포도를 원료로 한 것을 포함)","Wine cooler (Added the product of heading 20.09 or 22.02, including being made of grapes)",0,0,미양허(CH 0),0,0,0,0,0,0,0,0,0,0,0,0,0,5,6.2,5,5,7.5,0,0,0,3,0,7.5,7.5,7.5,7.5,7.5,0,0
1356,2206.00.9090,발효주 기타 ,Other fermented beverages,0,0,미양허(CH 0),0,7.5,0,0,0,0,0,0,0,0,0,3,0,5,6.2,5,5,7.5,0,0,0,3,0,7.5,7.5,7.5,7.5,7.5,0,0
1357,2207.10.1000,조주정,Roughly distilled alcohol for beverages,0,0,미양허,5,미양허,0.6,0,0,0,0,NS,0,10,0,4,10,4.6,0,4.6,4.6,6,0.6,0,1,10,5,미양허,미양허,미양허,미양허,미양허,미양허,10
1358,2207.10.9010,주류 제조용 발효주정,Fermented alcohol for manufacture of liquors,미양허,미양허,미양허,216,미양허,16.8/104(122M/T) ASG,0/91.8(125M/T) ASG,0,0/91.8(*708M/T)  TRQ /91.8(708M/T) ASG,96.4,270,270,270,216,270,270,126,144,126,126,162,16.8/104(7M/T) ASG,0/91.8(7M/T) ASG,미양허,270,216,미양허,미양허,미양허,미양허,미양허,미양허,270
1359,2207.10.9090,기타 변성하지 않은 에틸알콜,Other undenatured ethyl alcohol,0,0,미양허(CH 0),0,미양허,0,0,0,0,0,NS,0,0,0,12,0,6,9,6,6,12,0,0,0,18,0,20,20,미양허,20,20,0,30
1360,2207.20.0000,변성 에틸알콜 및 기타 변성 주정(알코올 용량 불문),"Ethyl alcohol and other spirits, denatured, of any strength",0,0,0,0,4,0,0,0,0,0,0,0,1,0,1.6,1.6,0,0,0,0,0,0,0,1.6,1.6,0,5.3,5.3,미양허,미양허,5.3,0,6.4
1361,2208.20.1000,꼬냑,Cognac,0,미양허,미양허,5,7.5,0,0,0,0,0,0,0,0,0,0,0,0,0,0,0,0,0,0,1,9,1.4,7.5,7.5,7.5,7.5,7.5,3.7,12
1362,2208.20.9000,포도주나 포도즙을 짜낸 찌꺼기에서 얻은 증류주(기타),Other spirits (By distilling grape wine or grape marc),0,0,0,5,7.5,0,0,0,0,0,0,0,0,0,0,3,0,0,0,0,0,0,0,1,9,1.4,7.5,7.5,7.5,7.5,7.5,3,12
1363,2208.30.1000,스카치 위스키,Scotch whisky,0,0,미양허,5,0,0,0,0,0,0,0,0,2.6,0,0,4,6.6,8.3,6.6,6.6,10,0,0,1,12,1.4,13.3,13.3,13.3,13.3,13.3,4.3,16
1364,2208.30.2000,버본 위스키,Bourbon whisky,0,0,0,0,0,0,0,0,0,0,0,0,0,0,0,0,6.6,8.3,6.6,6.6,10,0,0,0,4,0,10,10,10,10,10,0,16
1365,2208.30.3000,라이 위스키,Rye whisky,0,0,0,0,0,0,0,0,0,0,16,0,0,0,0,0,6.6,8.3,6.6,6.6,10,0,0,0,4,0,13.3,13.3,13.3,13.3,13.3,0,16
1366,2208.30.9000,위스키(기타),Other whisky,0,0,18,5,0,0,0,0,0,0,0,0,0,0,8,0,0,0,0,0,0,0,0,1,12,1.4,13.3,13.3,13.3,13.3,13.3,3,16
1367,2208.40.0000,럼 및 발효된 사탕수수제품을 증류하여 얻은 기타 증류주,Rum and other spirits obtained by distilling fermented sugarcane products,0,0,0,5,10,0,0,0,0,0,0,0,0,0,0,0,0,0,0,0,0,0,0,1,12,1.4,10,10,10,10,10,3,16
1368,2208.50.0000,진과 제네바,Gin and geneva,0,0,0,5,0,0,0,0,0,0,0,0,0,0,0,0,6.6,8.3,6.6,6.6,10,0,0,1,12,1.4,10,10,10,10,10,3,16
1369,2208.60.0000,보드카,Vodka,0,0,0,5,0,0,0,0,0,0,16,0,0,0,0,0,6.6,8.3,6.6,6.6,10,0,0,1,12,1.4,10,10,10,10,10,3,16
1370,2208.70.1000,인삼주,Ginseng wine,0,0,미양허,0,10,0,0,0,0,0,0,0,0,0,20,0,6.6,8.3,6.6,6.6,10,0,0,0,4,0,18.8,18.8,미양허,미양허,18.8,0,16
1371,2208.70.2000,오가피주,Ogarpiⓚ wine,0,미양허,미양허,0,10,0,0,0,0,6.2,20,0,2.6,0,8,4,미양허,미양허,미양허,미양허,미양허,0,0,0,20,0,13.3,13.3,미양허,13.3,13.3,0,20
1372,2208.70.9000,리큐르류 및 코디얼(기타),Other liqueurs and cordials,0,0,18,5,10,0,0,0,0,0,0,0,0,0,4,0,6.6,8.3,6.6,6.6,10,0,0,1,12,1.4,13.3,13.3,13.3,13.3,13.3,4.3,16
1373,2208.90.1000,브랜디류(제2208.20호 제외),Brandies other than that of subheading 2208.20,0,0,0,5,10,0,0,0,0,0,0,0,2.6,0,0,0,6.6,8.3,6.6,6.6,10,0,0,1,12,1.4,10,10,10,10,10,1,20
1374,2208.90.4000,소주,Sojuⓚ,0,미양허,0,0,미양허,0,0,0,0,0,0,0,0,0,12,0,0,0,0,0,0,0,0,0,0,0,20,20,22.5,20,20,0,0
1375,2208.90.6000,고량주,Kaoliang wine,0,0,미양허,0,미양허,0,0,0,0,0,30,0,0,0,12,0,10,12.5,10,10,15,0,0,0,6,0,20,20,20,20,20,0,24
1376,2208.90.7000,데낄라,Tequila,0,0,0,0,0,0,0,0,0,0,0,0,0,0,0,0,6.6,8.3,6.6,6.6,10,0,0,0,4,0,0,0,10,10,0,0,16
1377,2208.90.9000,주정음료(기타),Other spirituous beverages,0,0,,5,미양허,0,0,0,0,0,0,0,0,0,12,0,0,0,0,0,0,0,0,1,18,1.4,20,20,미양허,20,20,3,24
1378,2209.00.1000,양조식초,Brewery vinegar,0,0,4,0,0,0,0,0,0,0,0,0,0,0,0,0,2.6,3.3,2.6,2.6,4,0,0,0,1.6,0,0,0,0,0,0,0,6.4
1379,2209.00.9000,식초 대용물(기타),Vinegar substitutes,0,0,4.8,0,0,0,0,0,0,0,0,0,0,0,0,0,0,0,0,0,0,0,0,0,1.6,0,4,4,4,4,4,0,6.4
1380,2301.10.1000,"육아나 설육의 고운 가루, 거친가루, 펠릿","Flours, meals and pellets (Of meat or meat offal)",미양허,0,8.1(CH 미양허),0,미양허,0,0,0,0,2.8,0,0,9,0,3.6,0,미양허,미양허,미양허,미양허,미양허,0,0,0,9,0,6.8,6.8,미양허,6.8,미양허,0,7.2
1381,2301.10.2000,수지박,Greaves,0,0,0(CH 미양허),0,0,0,0,0,0,0,0,0,0,0,0,0,0,0,0,0,0,0,0,0,0,0,0,0,0,0,0,0,0
1382,2302.10.0000,박류(옥수수의 것),"Bran, sharps, residues (Of maize)",0,0,0(CH 미양허),0,0,0,0,0,0,0,0,0,0,0,0,0,0,0,0,0,0,0,0,0,0,0,0,0,0,0,0,0,0
1383,2302.30.0000,박류(밀의 것),"Bran, sharps, residues (Of wheat)",0,0,0(CH 미양허),0,0,0,0,0,0,0,0,0,0,0,0,0,0,0,0,0,0,0,0,0,0,0,0,0,1,0,0,0,0
1384,2302.40.1000,박류(쌀의 것),"Bran, sharps, residues (Of rice)",0,0,0(CH 미양허),0,0,0,0,0,0,0,0,0,0,0,0,0,0,0,0,0,0,0,0,0,0,0,0,0,0,0,0,0,4
1385,2302.40.9000,박류(기타 곡물의 것),"Bran, sharps, residues (Of other cereals)",0,0,0(CH 미양허),0,0,0,0,0,0,0,0,0,0,0,0,0,0,0,0,0,0,0,0,0,0,0,0,0,0,0,0,0,0
1386,2302.50.0000,박류(채두류의 것),"Bran, sharps, residues (Of leguminous plants)",0,0,0(CH 미양허),0,0,0,0,0,0,0,0,0,0,0,0,0,0,0,0,0,0,0,0,0,0,0,0,0,0,0,0,0,0
1387,2303.10.0000,전분박과 이와 유사한 박류,Residues of starch manufacture and similar residues,0,0,0(CH 미양허),0,0,0,0,0,0,0,0,0,0,0,0,0,0,0,0,0,0,0,0,0,0,0,0,0,0,0,0,0,0
1388,2303.20.0000,"비트펄프, 버개스, 기타 설탕 제조시에 생기는 웨이스트","Beet-pulp, bagasse and other waste of sugar manufacture",0,0,0(CH 미양허),0,0,0,0,0,0,0,3.5,0,0,0,0,0,0,0,0,0,0,0,0,0,0,0,0,0,2.5,2.5,0,0,0
1389,2303.30.1000,양조 또는 증류할 때 생기는 박과 웨이스트(사료용),Brewing or distilling dregs and waste (For feeding),0,0,0(CH 미양허),0,0,0,0,0,0,0,0,0,0,0,0,0,0,0,0,0,0,0,0,0,0,0,0,0,0,0,0,0,0
1390,2303.30.9000,양조 또는 증류할 때 생기는 박과 웨이스트(기타),Brewing or distilling dregs and waste (Other),0,0,0(CH 미양허),0,0,0,0,0,0,0,0,0,0,0,0,0,0,0,0,0,0,0,0,0,0,0,0,0,0,0,0,0,0
1391,2304.00.0000,대두유를 추출시 얻어지는 오일케이크 및 고형의 유박,Oil-cake and other solid residues (From the extraction of soyabean oil),0,0,0(CH 미양허),0,0,0,0,0,0,0,0,0,0,0,0,0,0,0,0,0,0,0,0,0,0,0,0,0,0,0,0,0,0
1392,2305.00.0000,땅콩유를 추출시 얻어지는 오일케이크 및 고형의 유박,Oil-cake and other solid residues (From the extraction of Ground-nut oil),0,0,0(CH 미양허),0,0,0,0,0,0,0,0,0,0,0,0,0,0,0,0,0,0,0,0,0,0,0,0,0,0,0,0,0,0
1393,2306.10.0000,오일케이크 및 유박(목화씨에서 나온 것),Oil-cake and other solid residues (Of cotton seeds),0,0,0(CH 미양허),0,0,0,0,0,0,0,0,0,0,0,0,0,0,0,0,0,0,0,0,0,0,0,0,0,0,0,0,0,0
1394,2306.20.0000,오일케이크 및 유박(아마씨에서 나온 것),Oil-cake and other solid residues (Of linseed),0,0,0(CH 미양허),0,0,0,0,0,0,0,0,0,0,0,0,0,0,0,0,0,0,0,0,0,0,0,0,0,0,0,0,0,0
1395,2306.30.0000,오일케이크 및 유박(해바라기씨에서 나온 것),Oil-cake and other solid residues (Of sunflower seeds),0,0,0(CH 미양허),0,0,0,0,0,0,0,3.5,0,0,0,0,0,0,0,0,0,0,0,0,0,0,0,0,0,0,0,0,0,0
1396,2306.41.0000,오일케이크 및 유박(저에루크산 유채씨에서 나온 것),Oil-cake and other solid residues (Of low erucic acid rape or colza seeds),0,0,0(CH 미양허),0,0,0,0,0,0,0,0,0,0,0,0,0,0,0,0,0,0,0,0,0,0,0,0,0,0,0,0,0,0
1397,2306.49.0000,오일케이크 및 유박(기타 유채에서 나온것),Oil-cake and other solid residues (Other),0,0,0(CH 미양허),0,0,0,0,0,0,0,0,0,0,0,0,0,0,0,0,0,0,0,0,0,0,0,0,0,0,0,0,0,0
1398,2306.50.0000,오일케이크 및 유박(야자 또는 코프라에서 나온 것),Oil-cake and other solid residues (Of coconut or copra),0,0,0(CH 미양허),0,0,0,0,0,0,0,0,0,0,0,0,0,0,0,0,0,0,0,0,0,0,0,0,0,0,0,0,0,0
1399,2306.60.0000,오일케이크 및 유박(팜 너트나 핵에서 나온 것),Oil-cake and other solid residues (Of palm nut or kernels),0,0,0(CH 미양허),0,0,0,0,0,0,0,0,0,0,0,0,0,0,0,0,0,0,0,0,0,0,0,0,0,0,0,0,0,0
1400,2306.90.1000,오일케이크 및 유박(참깨에서 나온 것),Oil-cake and other solid residues (Of sesamum seeds),미양허,0,미양허,0,31.5% or 36원/kg,0,0,0,0,63% or 72원/kg,63% or 72원/kg,0,0,0,"25.2% 또는 28원/kg, 양자 중 고액(율)",0,미양허,미양허,미양허,미양허,미양허,0,0,0,"63% 또는 72원/kg, 양자 중 고액(율)",0,42.0% 또는 48원/kg 양자 중 고액(율),42.0% 또는 48원/kg 양자 중 고액(율),미양허,"42.0% 또는 48원/kg, 양자 중 고액(율)",42.0% 또는 48원/kg 양자 중 고액(율),0,"63.0% 또는 72원/kg, 양자 중 고액(율)"
1401,2306.90.2000,오일케이크 및 유박(들깨에서 나온 것),Oil-cake and other solid residues (Of perilla seeds),0,0,0,0,0,0,0,0,0,0,0,0,0,0,0,0,0,0,0,0,0,0,0,0,0,0,0,0,0,0,0,0,0
1402,2306.90.3000,오일케이크 및 유박(옥수수 씨눈에서 나온 것),Oil-cake and other solid residues (Of Maize germ),0,0,0,0,0,0,0,0,0,0,0,0,0,0,0,0,0,0,0,0,0,0,0,0,0,0,0,0,2.5,2.5,0,0,0
1403,2306.90.9000,오일케이크 및 유박(기타),Oil-cake and other solid residues (Other),0,0,0,0,0,0,0,0,0,0,0,0,0,0,0,0,0,0,0,0,0,0,0,0,0,0,0,0,0,0,0,0,0
1404,2307.00.0000,와인리스와 생주석,Wine less; argol,0,0,0(CH 미양허),0,0,0,0,0,0,0,0,0,0,0,0,0,0,0,0,0,0,0,0,0,0,0,0,0,0,0,0,0,0
1405,2308.00.1000,"도토리(사료용, 식물성 웨이스트 등)","Acorns (Vegetable materials and vegetable waste, residues and by-products)",0,미양허,4,0,0,0,0,0,0,0,0,0,0,0,2,0,1.6,2,1.6,1.6,2.5,0,0,0,3,0,3.3,3.3,3.3,3.3,3.3,0,5
1406,2308.00.2000,"마로니에열매(사료용, 식물성 웨이스트용)","Horse-chestnuts (Vegetable materials and vegetable waste, residues and by-products)",0,미양허,4,0,0,0,0,0,0,0,0,0,0,0,0,0,1.6,2,1.6,1.6,2.5,0,0,0,3,0,2.5,2.5,2.5,2.5,2.5,0,5
1407,2308.00.3000,"목화씨 껍질(사료용, 식물성 웨이스트용)","Cotton seed hulls (Vegetable materials and vegetable waste, residues and by-products)",0,0,0,0,0,0,0,0,0,0,0,0,0,0,0,0,0,0,0,0,0,0,0,0,0,0,2.5,2.5,2.5,2.5,2.5,0,0
1408,2308.00.9000,사료용 식물성 부산물(기타) ,"Other vegetable materials and vegetable waste, residues and by-products",미양허,0,미양허,5,미양허,0,0,0,0,14.5,46.4,0,0,0,"0/46.4(*38,000M/T) TRQ",0,미양허,미양허,미양허,미양허,미양허,0,0,미양허,46.4,5,미양허,미양허,미양허,미양허,미양허,미양허,46.4
1409,2309.10.1000,개 사료,Dog food (For retail sale),0,0,0,0,0,0,0,0,0,0,0,0,0,0,1,0,0,0,0,0,0,0,0,0,0,0,2.5,2.5,2.5,2.5,2.5,0,0
1410,2309.10.2000,고양이 사료,Cat food (For retail sale),0,0,0,0,0,0,0,0,0,0,0,0,0,0,1,0,0,0,0,0,0,0,0,0,0,0,2.5,2.5,2.5,2.5,2.5,0,0
1411,2309.90.1010,배합사료(양돈용),Assorted feeds of 「The Enforcement Rules for the Control of livestock and fish feed Act」 for pigs (For retail sale),0,0,0,0,0,0,0,0,0,0,0,0,0,0,0.8,0,0,0,0,0,0,0,0,0,0,0,2.1,2.1,2.1,2.1,2.1,0,0
1412,2309.90.1020,배합사료(양계용),Assorted feeds of 「The Enforcement Rules for the Control of livestock and fish feed Act」 for fowls (For retail sale),0,0,0,0,0,0,0,0,0,0,0,0,0,0,0.8,0,0,0,0,0,0,0,0,0,0,0,2.1,2.1,2.1,2.1,2.1,0,0
1413,2309.90.1030,배합사료(어류용),Assorted feeds of 「The Enforcement Rules for the Control of livestock and fish feed Act」 for fish (For retail sale),0,0,0,0,0,0,0,0,0,0,0,0,0,0,1,0,0,0,0,0,0,0,0,0,0,0,2.5,2.5,2.5,2.5,2.5,0,0
1414,2309.90.1040,배합사료(축우용),Assorted feeds of 「The Enforcement Rules for the Control of livestock and fish feed Act」 for bovine (For retail sale),0,0,0,0,0,0,0,0,0,0,0,0,0,0,0.8,0,0,0,0,0,0,0,0,0,0,0,2.1,2.1,2.1,2.1,2.1,0,0
1415,2309.90.1091,배합사료(대용유),Assorted feeds of 「The Enforcement Rules for the Control of livestock and fish feed Act」 of milk replacer (For retail sale),미양허,0,미양허(CH 56.8),0,35.5,0,0,0,0,22.1,71,0,9.4,0,28.4,14.2,미양허,미양허,미양허,미양허,미양허,0,0,0,71,0,47.3,47.3,미양허,47.3,47.3,0,63.9
1416,2309.90.1099,배합사료(기타) ,Other assorted feeds of「The Enforcement Rules for the Control of livestock and fish feed Act」 (For retail sale),0,0,0,0,0,0,0,0,0,0,0,0,0,0,1,0,0,0,0,0,0,0,0,0,0,0,2.5,2.5,2.5,2.5,2.5,0,0
1417,2309.90.2010,보조사료(무기물 혹은 광물질을 주로 한 것),Supplementary feeds of  「The Enforcement Rules for the Control of livestock and fish feed Act」 (Chiefly on the basis of inorganic substances or minerals),미양허,0,미양허(CH 40.5),40.4,미양허,0,0,0,0,15.8,45.5,0,6.7,40.4,20.2,10.1,미양허,미양허,미양허,미양허,미양허,0,0,29.6,50.6,26.9,33.7,33.7,미양허,33.7,33.7,35,45.5
1418,2309.90.2020,보조사료(향미제를 주로 한 것),Supplementary feeds of  「The Enforcement Rules for the Control of livestock and fish feed Act」 (Chiefly on the basis of flavourings),미양허,0,미양허(CH 40.5),40.4,미양허,0,0,0,0,15.8,45.5,0,6.7,40.4,20.2,10.1,미양허,미양허,미양허,미양허,미양허,0,0,29.6,50.6,26.9,33.7,33.7,미양허,33.7,33.7,35,45.5
1419,2309.90.2030,보조사료(비타민을 주로 한 것),Supplementary feeds of  「The Enforcement Rules for the Control of livestock and fish feed Act」 (Chiefly on the basis of vitamins),미양허,0,미양허(CH 40.5),40.4,미양허,0,0,0,0,15.8,45.5,0,6.7,0,20.2,10.1,미양허,미양허,미양허,미양허,미양허,0,0,29.6,50.6,26.9,33.7,33.7,미양허,33.7,33.7,35,45.5
1420,2309.90.2099,보조사료(기타),Other supplementary feeds,미양허,0,미양허(CH 40.5),40.4,미양허,0,0,0,0,15.8,45.5,0,6.7,0,20.2,10.1,미양허,미양허,미양허,미양허,미양허,0,0,29.6,50.6,26.9,33.7,33.7,미양허,33.7,33.7,29.6,
1421,2309.90.3010,사료첨가제(항생물질을 주로 한 것),"Feed additives of 「The Enforcement Rules for the Control of Veterinary Drugs, Etc」 (Chiefly on the basis of antibiotics)",0,0,0,0,0,0,0,0,0,0,0,0,0,0,0,0,0,0,0,0,0,0,0,0,0,0,2.5,2.5,2.5,2.5,2.5,0,0
1422,2309.90.3020,사료첨가제(비타민을 주로 한 것),"Feed additives of 「The Enforcement Rules for the Control of Veterinary Drugs, Etc」 (Chiefly on the basis of vitamins)",0,0,0,0,0,0,0,0,0,0,0,0,0,0,0,0,0,0,0,0,0,0,0,0,0,0,0,0,0,0,0,0,0
1423,2309.90.3030,사료첨가제(미량 광물질을 주로 한 것),"Feed additives of 「The Enforcement Rules for the Control of Veterinary Drugs, Etc」 (Chiefly on the basis of micro minerals)",0,0,0,0,0,0,0,0,0,0,0,0,0,0,0,0,0,0,0,0,0,0,0,0,0,0,0,0,0,0,0,0,0
1424,2309.90.3090,사료첨가제(기타),"Feed additives of 「The Enforcement Rules for the Control of Veterinary Drugs, Etc」 (Other)",0,0,0,0,0,0,0,0,0,0,0,0,0,0,0,0,0,0,0,0,0,0,0,0,0,0,0,0,0,0,0,0,0
1425,2309.90.9010,낚시용 떡밥,Bait for fishing,미양허,0,미양허(CH 40.5),40.4,미양허,0,0,0,0,15.8,45.5,0,6.7,40.4,20.2,10.1,미양허,미양허,미양허,미양허,미양허,0,0,4,5,3.3,3.3,3.3,미양허,미양허,3.3,4.3,4.5
1426,2309.90.9090,사료용 조제품(기타(「사료관리법」에 따른 단미사료 포함),Other (including Single-compound feed of 「The Enforcement Rules for the Control of livestock and fish feed Act」),미양허,0,미양허(CH 40.5),40.4,미양허,0,0,0,0,15.8,45.5,0,6.7,40.4,20.2,10.1,미양허,미양허,미양허,미양허,미양허,0,0,29.6,50.6,26.9,33.7,33.7,미양허,미양허,33.7,29.6,45.5
1427,2401.10.1000,잎담배(황색종),Tobacco (Not stemmed/flue-cured),미양허,미양허,미양허,0,미양허,0,0,0,0,0,NS,20,0,0,4,0,9.3,10.6,9.3,9.3,12,0,0,0,20,0,13.3,13.3,미양허,13.3,13.3,0,16
1428,2401.10.2000,잎담배(버어리종),Tobacco (Not stemmed/burley),미양허,미양허,미양허,0,미양허,0,0,0,0,0,NS,20,0,0,4,0,9.3,10.6,9.3,9.3,12,0,0,0,20,0,13.3,13.3,미양허,13.3,13.3,0,16
1429,2401.10.3000,잎담배(오리엔트종),Tobacco (Not stemmed/oriental),미양허,0,미양허(IS 18),0,10,0,0,0,0,6.2,0,0,0,0,4,0,미양허,미양허,미양허,미양허,미양허,0,0,0,20,0,10,10,미양허,미양허,10,0,0
1430,2401.10.9000,잎담배(기타),Tobacco (Not stemmed/other),미양허,0,미양허(IS 18),0,10,0,0,0,0,0,NS,0,0,0,4,0,9.3,10.6,9.3,9.3,12,0,0,0,20,0,13.3,13.3,미양허,13.3,13.3,0,16
1431,2401.20.1000,잎담배(황색종/주맥제거),Tobacco (Stemmed/flue-cured),미양허,미양허,미양허,0,미양허,0,0,0,0,0,NS,20,0,0,8,0,9.3,10.6,9.3,9.3,12,0,0,0,20,0,13.3,13.3,미양허,미양허,13.3,0,16
1432,2401.20.2000,잎담배(버어리종/주맥제거),Tobacco (Stemmed/burley),미양허,미양허,미양허,0,미양허,0,0,0,0,0,NS,20,0,0,4,0,9.3,10.6,9.3,9.3,12,0,0,0,20,0,10,10,미양허,미양허,10,0,16
1433,2401.20.3000,잎담배(오리엔트종/주맥제거),Tobacco (Stemmed/oriental),0,미양허,미양허,0,10,0,0,0,0,0,0,20,0,0,8,0,9.3,10.6,9.3,9.3,12,0,0,0,20,0,13.3,13.3,미양허,13.3,13.3,0,0
1434,2401.20.9000,잎담배(기타/주맥제거),Tobacco (Stemmed/other),0,미양허,미양허,0,10,0,0,0,0,0,NS,20,0,0,4,0,9.3,10.6,9.3,9.3,12,0,0,0,20,0,10,10,미양허,미양허,10,0,16
1435,2401.30.1000,잎의 주맥,Tobacco refuse (Stems),미양허,미양허,미양허,0,미양허,0,0,0,0,0,NS,20,0,0,8,0,9.3,10.6,9.3,9.3,12,0,0,0,20,0,13.3,13.3,미양허,13.3,13.3,0,16
1436,2401.30.2000,잎 부스러기,Tobacco refuse (Scraps),미양허,미양허,미양허,0,10,0,0,0,0,0,NS,20,0,0,4,0,9.3,10.6,9.3,9.3,12,0,0,0,20,0,10,10,미양허,미양허,10,0,16
1437,2401.30.9000,담배부산물 기타 ,Other tobacco refuse,미양허,미양허,미양허,0,5,0,0,0,0,0,NS,20,0,0,4,0,9.3,10.6,9.3,9.3,12,0,0,0,20,0,10,10,미양허,미양허,10,0,16
1438,2402.10.1000,시가,Cigar,미양허,미양허,미양허,0,5,0,0,0,0,0,NS,40,5.3,0,8,8,8,12,8,8,16,0,0,0,40,0,20,20,미양허,미양허,20,0,0
1439,2402.10.2000,셔루트,Cheroot,미양허,미양허,미양허,0,5,0,0,0,0,0,NS,40,5.3,0,8,8,8,12,8,8,16,0,0,0,40,0,20,20,미양허,미양허,20,0,0
1440,2402.10.3000,시가릴로,Cigarillos,미양허,미양허,미양허,0,5,0,0,0,0,0,NS,40,5.3,0,8,8,18.6,21.3,0,18.6,24,0,0,0,40,0,20,20,미양허,미양허,20,0,0
1441,2402.20.1000,필터담배,Filter tip cigarettes,미양허,미양허,미양허,0,미양허,2.5,0,0,0,10.6,40,40,5.3,0,16,8,미양허,미양허,미양허,미양허,미양허,2.5,0,0,40,0,26.7,26.7,미양허,26.7,26.7,0,0
1442,2402.20.9000,궐련(기타),Other cigarettes,0,0,미양허(CH 36),0,20,2.5,0,0,0,10.6,NS,0,5.3,0,16,8,미양허,미양허,미양허,미양허,미양허,2.5,0,0,40,0,26.7,26.7,미양허,26.7,26.7,0,0
1443,2402.90.0000,"시가, 궐련 기타 ",Other tobacco substitutes,미양허,미양허,미양허,0,5,0,0,0,0,0,NS,40,5.3,0,8,8,18.6,21.3,18.6,18.6,24,0,0,0,40,0,20,20,미양허,미양허,20,0,0
1444,2403.11.0000,흡연용 담배(이 류의 소호주 제1호에 규정된 워터파이프담배),Smoking tobacco (Water pipe tobacco in subheading Note 1 to this Chapter),0,0,미양허,0,5,0,0,0,0,0,0,0,5.3,0,8,8,13.3,16.6,13.3,13.3,20,0,0,0,40,0,20,20,미양허,미양허,20,0,0
1445,2403.19.1000,흡연용 담배 기타(파이프 담배),Smoking tobacco (Pipe tobacco),미양허,미양허,미양허,0,20,0,0,0,0,12.5,NS,40,5.3,0,8,8,미양허,미양허,미양허,미양허,미양허,0,0,0,40,0,20,20,미양허,미양허,20,0,0
1446,2403.19.9000,흡연용 담배 기타(기타),Other smoking tobacco,0,0,미양허,0,5,0,0,0,0,0,0,0,5.3,0,8,8,13.3,16.6,13.3,13.3,20,0,0,0,40,0,20,20,미양허,미양허,20,0,0
1447,2403.91.1000,판상엽,Tobacco sheets,미양허,미양허,미양허,0,0,0,0,0,0,10.2,32.8,32.8,4.3,0,6.5,6.5,15.3,17.4,15.3,15.3,19.6,0,0,0,32.8,0,16.4,16.4,미양허,미양허,16.4,0,0
1448,2403.91.9000,"균질화, 재구성한 담배(기타) ",Other homogenised or reconstituted tobacco,미양허,미양허,미양허,0,0,0,0,0,0,12.5,NS,40,5.3,0,8,8,18.6,21.3,18.6,18.6,24,0,0,0,40,0,20,20,미양허,미양허,20,0,0
1449,2403.99.1000,씹는 담배,Chewing tobacco,미양허,미양허,미양허,0,5,0,0,0,0,12.5,NS,40,5.3,0,8,8,18.6,21.3,18.6,18.6,24,0,0,0,40,0,26.7,26.7,미양허,26.7,26.7,0,0
1450,2403.99.2000,코 담배,Snuff,미양허,미양허,미양허,0,5,0,0,0,0,12.5,NS,40,5.3,0,8,8,18.6,21.3,18.6,18.6,24,0,0,0,40,0,26.7,26.7,미양허,26.7,26.7,0,0
1451,2403.99.3000,담배의 추출물과 에센스,Tobacco extracts and essences,미양허,미양허,미양허,0,5,0,0,0,0,12.5,NS,40,5.3,0,8,8,18.6,21.3,18.6,18.6,24,0,0,0,40,0,26.7,26.7,미양허,26.7,26.7,0,0
1452,2403.99.4000,입안에 머금는 담배(예: 스누스),"Tobacco holding in one's mouth (For example, Snus)",미양허,미양허,미양허,0,5,0,0,0,0,12.5,NS,40,5.3,0,8,8,18.6,21.3,18.6,18.6,24,0,0,0,40,0,26.7,26.7,미양허,26.7,26.7,0,0
1453,2403.99.9000,기타 담배,Other tobacco,미양허,미양허,미양허,0,5,0,0,0,0,12.5,NS,40,5.3,0,8,8,18.6,21.3,18.6,18.6,24,0,0,0,40,0,20,20,미양허,미양허,20,0,0
1454,2404.11.0000,"담배, 재구성한 담배를 함유한 것(무연소 흡입)",Containing tobacco or reconstituted tobacco (Products intended for inhalation without combustion),미양허,미양허,미양허,0,,0,0,0,0,12.5,NS,40,5.3,0,8,8,18.6,21.3,18.6,18.6,24,0,0,0,40,0,20,20,미양허,미양허,20,0,0
1455,2404.19.1000,담배대용물을 함유한 것,Containing tobacco substitutes,미양허,미양허,미양허,0,5,0,0,0,0,12.5,NS,40,5.3,0,8,8,18.6,21.3,18.6,18.6,24,0,0,0,40,0,20,20,미양허,미양허,20,0,0
1456,2404.19.9090,기타 담배 대용물을 함유한 것,Other Containing tobacco substitutes,미양허,미양허,미양허,0,5,0,0,0,0,12.5,NS,40,5.3,0,8,8,18.6,21.3,18.6,18.6,24,0,0,0,40,0,20,20,미양허,미양허,20,0,0
1457,2404.91.0000,경구(經口)용 담배,For oral application tobacco,0,0,4.8,0,미양허,0,0,0,0,0,0,0,0,0,0,0,0,0,0,0,0,0,0,0,1.6,0,5.3,5.3,미양허,미양허,5.3,0,6.4
1458,2825.50.2010,수산화구리[농약원제(農藥原劑)(「농약관리법」에 따라 등록된 것으로 한정한다)],Copper hydroxides [Material for manufacturing agricultural chemicals (registered material under the Agricultural Chemicals Management Act)],0,0,0,0,0,0,0,0,0,0,0,0,0,0,0,0,0,0,0,0,0,0,0,0,0,0,0,0,0,0,0,0,0
1459,2827.41.2010,수산화염화구리[농약원제(農藥原劑)(「농약관리법」에 따라 등록된 것으로 한정한다)],Of copper [Material for manufacturing agricultural chemicals (registered material under the Agricultural Chemicals Management Act)],0,0,0,0,0,0,0,0,0,0,0,0,0,0,0,0,0,0,0,0,0,0,0,0,0,0,0,0,1,0,0,0,0
1460,2833.25.1000,황산구리[농약원제(農藥原劑)(「농약관리법」에 따라 등록된 것으로 한정한다)],Of copper [Material for manufacturing agricultural chemicals (registered material under the Agricultural Chemicals Management Act)],0,0,0,0,0,0,0,0,0,0,0,0,0,0,0,0,0,0,0,0,0,0,0,0,0,0,0,0,1,0,0,0,0
1461,2852.90.3000,소호 제3501.90호의 카세인산염과 그 밖의 카세인 유도체의 것(커피크리머 제조용은 제외한다),Of caseinates and other casein derivatives of subheading 3501.90 (Excluding those for manufacturing coffee creamer),0,0,미양허,0,10,0,0,0,0,0,,0,0,0,4,0,4,6,4,4,8,0,0,0,12,0,10,10,10,10,10,0,16
1462,2852.90.9000,"기타 카세인산염과 카세인 유도체의 것(소호 제3502.90호, 제3504.00호의 것)",Other caseinates and other casein derivatives (Of subheading 3502.90 or 3504.00),0,0,,,0,0,0,0,0,0,,0,,0,,,0,,,,,0,0,0,,0,,,,,,0,0
1463,2905.43.0000,만니톨,Mannitol,0,0,미양허,5,0,0,0,0,0,0,0,0,0,5,3.2,0,2.6,3.3,2.6,2.6,4,0,0,3,4.8,3.3,5.3,5.3,미양허,5.3,5.3,3,7.2
1464,2905.44.0000,디-글루시톨(소르비톨),D-glucitol (Sorbitol),0,0,미양허,5,4,0,0,0,0,0,0,0,0,5,8,0,2.6,3.3,2.6,2.6,4,0,0,3.6,1.6,3.3,미양허,미양허,미양허,미양허,미양허,미양허,0
1465,2909.30.9010,방향족(芳香族)에테르와 이들의 할로겐화유도체·술폰화유도체·니트로화유도체·니트로소화유도체[농약원제(農藥原劑)(「농약관리법」에 따라 등록된 것으로 한정한다)],"Aromatic ethers and their halogenated, sulphonated, nitrated or nitrosated derivatives [Material for manufacturing agricultural chemicals (registered material under the Agricultural Chemicals Management Act)]",0,0,0,0,0,0,0,0,0,0,0,0,0,0,0,0,0,0,0,0,0,0,0,0,0,0,0,0,1,0,0,0,0
1466,2909.50.0000,"에테르페놀, 에테르알코올페놀과 이들의 할로겐화유도체·술폰화유도체·니트로화유도체·니트로소화유도체","Ether-phenols, ether-alcohol-phenols and their halogenated, sulphonated, nitrated or nitrosated derivatives",0,0,0,0,0,0,0,0,0,0,0,0,0,0,,0,0,0,0,0,0,0,0,0,0,0,,,,,,0,0
1467,2914.79.1000,케톤·퀴논(그 밖의 산소관능 결합을 한 것인지에 상관없다)과 이들의 할로겐화유도체·술폰화유도체·니트로화유도체·니트로소화유도체[농약원제(農藥原劑)(「농약관리법」에 따라 등록된 것으로 한정한다)],"Ketones and quinones, whether or not with other oxygen function, and their halogenated, sulphonated, nitrated or nitrosated derivatives [Material for manufacturing agricultural chemicals (registered material under the Agricultural Chemicals Management Act)]",0,0,0,0,0,0,0,0,0,0,0,0,0,0,0,0,0,0,0,0,0,0,0,0,0,0,0,0,0,0,0,0,0
1468,2915.39.9000,"초산에틸, 초산비닐, 초산노르말부틸, 초산디노셉, 초산아밀, 초산이소아밀, 초산메틸, 초산이소부틸, 초산2-에톡시에틸은 제외한 기타 초산에스테르","Other Esters of acetic acid [excluding Ethyl acetate, Vinyl acetate, n-Butyl acetate, Dinoseb (ISO) acetate, Amyl acetate, Isoamyl acetate, Methyl acetate, Isobutyl acetate, 2-Ethoxyethyl acetate]",0,0,0,0,0,0,0,0,0,0,0,0,0,0,0,0,0,0,0,0,0,0,0,0,0,0,3.7,3.7,3.7,3.7,3.7,0,0
1469,2916.19.0000,"아크릴산과 그 염, 아크릴산의 에스테르, 메타아크릴산과 그염, 메타아크릴산의 에스테르, 올레산·리놀레산·리놀렌산, 이들의 염과 에스테르, 비나파크릴(ISO)을 제외한 기타  불포화비환식모노카르복시산, 이들의 무수물(無水物)·할로겐화물·과산화물·과산화산, 이들의 유도체","Other Unsaturated acylic monocarboxylic acids, their anhydrides, halides, peroxides, peroxyacids and their derivatives (excluding  subheading 2916.11 to 2916.16)",0,0,0,0,0,0,0,0,0,0,0,0,0,0,0,0,0,0,0,0,0,0,0,0,1.3,0,4.3,4.3,4.3,4.3,4.3,0,5.2
1470,2916.20.3000,"포화지환식ㆍ불포화지환식ㆍ시클로테르펜모노카르복시산, 이들의 무수물(無水物)ㆍ할로겐화물ㆍ과산화물ㆍ과산화산, 이들의 유도체[농약원제(農藥原劑)(&#65378;농약관리법&#65379;에 따라 등록된 것으로 한정한다)]","Cyclanic, cyclenic or cycloterpenic monocarboxylic acids, their anhydrides, halides, peroxides, peroxyacids and their derivatives [Material for manufacturing agricultural chemicals (registered material under the Agricultural Chemicals Management Act)]",0,0,0,0,0,0,0,0,0,0,0,0,0,0,0,0,0,0,0,0,0,0,0,0,0,0,0,0,0,0,0,0,0
1471,2916.31.9010,"벤조산, 그 염과 에스테르[농약원제(農藥原劑)(「농약관리법」에 따라 등록된 것으로 한정한다)]","Benzoic acid, its salts and esters [Material for manufacturing agricultural chemicals (registered material under the Agricultural Chemicals Management Act)]",0,0,0,0,0,0,0,0,0,0,0,0,0,0,0,0,0,0,0,0,0,0,0,0,0,0,0,0,0,0,0,0,1.6
1472,2916.39.9010,"불포화비환식모노카르복시산·환식모노카르복시산과 이들의 무수물(無水物)·할로겐화물·과산화물·과산화산, 이들의 할로겐화유도체·술폰화유도체·니트로화유도체·니트로소화유도체[농약원제(農藥原劑)(「농약관리법」에 따라 등록된 것으로 한정한다)]","Unsaturated acyclic monocarboxylic acids, cyclic monocarboxylic acids, their anhydrides, halides, peroxides and peroxyacids; their halogenated, sulphonated, nitrated or nitrosated derivatives [Material for manufacturing agricultural chemicals (registered material under the Agricultural Chemicals Management Act)]",0,0,0,0,0,0,0,0,0,0,0,0,0,0,0,0,0,0,0,0,0,0,0,0,0,0,1,1,1,1,1,0,1.6
1473,2918.30.1000,"알데히드·케톤관능기의 카르복시산(그 밖의 산소관능을 가지지 않은 것으로 한정한다), 이들의 무수물(無水物)·할로겐화물·과산화물·과산화산, 이들의 유도체[농약원제(農藥原劑)(「농약관리법」에 따라 등록된 것으로 한정한다)]","Carboxylic acids with aldehyde or ketone function but without other oxygen function, their anhydrides, halides, peroxides, peroxyacids and their derivatives [Material for manufacturing agricultural chemicals (registered material under the Agricultural Chemicals Management Act)]",0,0,0,0,0,0,0,0,0,0,0,0,0,0,0,0,0,0,0,0,0,0,0,0,0,0,0,0,0,0,0,0,0
1474,2918.99.1000,"추가 산소관능을 갖는 카르복시산과 이들의 무수물(無水物)·할로겐화물·과산화물·과산화산, 이들의 할로겐유도체·술폰화유도체·니트로화유도체·니트로소화유도체[농약원제(農藥原劑)(「농약관리법」에 따라 등록된 것으로 한정한다)]","Carboxylic acids with additional oxygen function and their anhydrides, halides, peroxides and peroxyacids; their halogenated, sulphonated, nitrated or nitrosated derivatives [Material for manufacturing agricultural chemicals (registered material under the Agricultural Chemicals Management Act)]",0,0,0,0,0,0,0,0,0,0,0,0,0,0,0,0,0,0,0,0,0,0,0,0,0,0,0,0,0,0,0,0,0
1475,2919.90.1010,인산에스테르[농약원제(農藥原劑)(「농약관리법」에 따라 등록된 것으로 한정한다)],Phosphoric esters [Material for manufacturing agricultural chemicals (registered material under the Agricultural Chemicals Management Act)],0,0,0,0,0,0,0,0,0,0,0,0,0,0,0,0,0,0,0,0,0,0,0,0,0,0,0,0,0,0,0,0,0
1476,2920.11.1000,파라티온(ISO)과 파라티온-메틸(ISO)(메틸-파라티온)[농약원제(農藥原劑)(「농약관리법」에 따라 등록된 것으로 한정한다)],Parathion (ISO) and parathion-methyl (ISO) (Methyl-parathion) [Material for manufacturing agricultural chemicals (registered material under the Agricultural Chemicals Management Act)],0,0,0,0,0,0,0,0,0,0,0,0,0,0,0,0,0,0,0,0,0,0,0,0,0,0,0,0,0,0,0,0,0
1477,2920.19.1000,"그 밖의 비(非)금속 무기산의 에스테르(할로겐화수소의 에스테르는 제외한다)와 이들의 염, 이들의 할로겐화유도체·술폰화유도체·니트로화유도체·니트로소화유도체[농약원제(農藥原劑)(「농약관리법」에 따라 등록된 것으로 한정한다)]","Esters of other inorganic acids of non-metals (Excluding esters of hydrogen halides) and their salts; their halogenated, sulphonated, nitrated or nitrosated derivatives [Material for manufacturing agricultural chemicals (registered material under the Agricultural Chemicals Management Act)]",0,0,0,0,0,0,0,0,0,0,0,0,0,0,0,0,0,0,0,0,0,0,0,0,0,0,0,0,1,0,0,0,0
1478,2920.29.0000,"디메틸 포스파이트, 디에틸 포스파이트, 트리메틸 포스파이트, 트리에틸 포스파이트를 제외한 기타 아인산 에스테르와 그 염, 그들의 할로겐화유도체·술폰화유도체·니트로화유도체·니트로소화유도체","Other phosphite esters and their salts; their halogenated, sulphonated, nitrated or nitrosated derivatives (Excluding Dimethyl phosphite, Diethyl phosphite, Trimethyl phosphite, Triethyl phosphite)",0,0,0,0,0,0,0,0,0,0,0,0,0,0,0,0,0,0,0,0,0,0,0,0,0,0,3.3,3.3,3.3,3.3,3.3,0,5.8
1479,2920.30.1000,엔도설판(ISO)[농약원제(農藥原劑)(「농약관리법」에 따라 등록된 것으로 한정한다)],Endosulfan (ISO) [Material for manufacturing agricultural chemicals (registered material under the Agricultural Chemicals Management Act)],0,0,0,0,0,0,0,0,0,0,0,0,0,0,0,0,0,0,0,0,0,0,0,0,0,0,0,0,0,0,0,0,1.6
1480,2920.90.4000,"그 밖의 비(非)금속 무기산의 에스테르(할로겐화수소의 에스테르는 제외한다)와 이들의 염, 이들의 할로겐화유도체·술폰화유도체·니트로화유도체·니트로소화유도체[농약원제(農藥原劑)(「농약관리법」에 따라 등록된 것으로 한정한다)]","Esters of other inorganic acids of non-metals (excluding esters of hydrogen halides) and their salts; their halogenated, sulphonated, nitrated or nitrosated derivatives [Material for manufacturing agricultural chemicals (registered material under the Agricultural Chemicals Management Act)]",0,0,0,0,0,0,0,0,0,0,0,0,0,0,0,0,0,0,0,0,0,0,0,0,0,0,0,0,0,0,0,0,0
1481,2921.42.3000,아닐린유도체와 이들의 염[농약원제(農藥原劑)(「농약관리법」에 따라 등록된 것으로 한정한다)],Aniline derivatives and their salts [Material for manufacturing agricultural chemicals (registered material under the Agricultural Chemicals Management Act)],0,0,0,0,0,0,0,0,0,0,0,0,0,0,0,0,0,0,0,0,0,0,0,0,0,0,0,0,0,0,0,0,0
1482,2921.43.4000,"톨루이딘과 이들의 유도체, 이들의 염[농약원제(農藥原劑)(「농약관리법」에 따라 등록된 것으로 한정한다)]",Toluidines and their derivatives; salts thereof [Material for manufacturing agricultural chemicals (registered material under the Agricultural Chemicals Management Act)],0,0,0,0,0,0,0,0,0,0,0,0,0,0,0,0,0,0,0,0,0,0,0,0,0,0,0,0,0,0,0,0,0
1483,2921.49.1000,아민관능화합물[농약원제(農藥原劑)(「농약관리법」에 따라 등록된 것으로 한정한다)],Amine-function compounds [Material for manufacturing agricultural chemicals (registered material under the Agricultural Chemicals Management Act)],0,0,0,0,0,0,0,0,0,0,0,0,0,0,0,0,0,0,0,0,0,0,0,0,0,0,0,0,0,0,0,0,0
1484,2922.50.5000,아미노-알코올페놀·아미노산페놀과 그 밖의 산소관능아미노화합물[농약원제(農藥原劑)(「농약관리법」에 따라 등록된 것으로 한정한다)],"Amino-alcohol-phenols, amino-acid-phenols and other amino-compounds with oxygen function [Material for manufacturing agricultural chemicals (registered material under the Agricultural Chemicals Management Act)]",0,0,0,0,0,0,0,0,0,0,0,0,0,0,0,0,0,0,0,0,0,0,0,0,0,0,0,0,1,0,0,0,0
1485,2924.12.0000,"플루오로아세트아미드(ISO), 모노크로토포스(ISO), 포스파미돈(ISO)","Fluoroacetamide (ISO), monocrotophos (ISO) and phosphamidon (ISO)",0,0,0,0,0,0,0,0,0,0,0,0,0,0,0,0,0,0,0,0,0,0,0,0,0,0,0,0,0,0,0,0,0
1486,2924.19.9010,"카르복시 아미드관능화합물, 탄산의 아미드관능화합물[농약원제(農藥原劑)(「농약관리법」에 따라 등록된 것으로 한정한다)]",Carboxyamide-function compounds; amide-function compounds of carbonic acid [Material for manufacturing agricultural chemicals (registered material under the Agricultural Chemicals Management Act)],0,0,0,0,0,0,0,0,0,0,0,0,0,0,0,0,0,0,0,0,0,0,0,0,0,0,0,0,1,0,0,0,0
1487,2924.21.1000,"우레인과 이들의 유도체, 이들의 염[농약원제(農藥原劑)(「농약관리법」에 따라 등록된 것으로 한정한다)]",Ureines and their derivatives; salts thereof [Material for manufacturing agricultural chemicals (registered material under the Agricultural Chemicals Management Act)],0,0,0,0,0,0,0,0,0,0,0,0,0,0,0,0,0,0,0,0,0,0,0,0,0,0,0,0,0,0,0,0,1.6
1488,2924.25.1000,알라클로르(ISO)[농약원제(農藥原劑)(「농약관리법」에 따라 등록된 것으로 한정한다)],Alachlor (ISO) [Material for manufacturing agricultural chemicals (registered material under the Agricultural Chemicals Management Act)],0,0,0,0,0,0,0,0,0,0,0,0,0,0,0,0,0,0,0,0,0,0,0,0,0,0,0,0,1,0,0,0,1.6
1489,2924.29.9092,"카르복시 아미드관능화합물, 탄산의 아미드관능화합물[농약원제(農藥原劑)(「농약관리법」에 따라 등록된 것으로 한정한다)]",Carboxyamide-function compounds; amide-function compounds of carbonic acid [Material for manufacturing agricultural chemicals (registered material under the Agricultural Chemicals Management Act)],0,0,0,0,0,0,0,0,0,0,0,0,0,0,0,0,0,0,0,0,0,0,0,0,0,0,0,0,1,0,0,0,1.6
1490,2925.19.9010,카르복시이미드 관능화합물(사카린과 그 염을 포함한다)과 이민관능화합물[농약원제(農藥原劑)(「농약관리법」에 따라 등록된 것으로 한정한다)],Carboxyimide-function compounds (Including saccharin and its salts) and imine-function compounds [Material for manufacturing agricultural chemicals (registered material under the Agricultural Chemicals Management Act)],0,0,0,0,0,0,0,0,0,0,0,0,0,0,0,0,0,0,0,0,0,0,0,0,0,0,0,0,1,0,0,0,0
1491,2925.29.9010,카르복시이미드 관능화합물(사카린과 그 염을 포함한다)과 이민관능화합물[농약원제(農藥原劑)(「농약관리법」에 따라 등록된 것으로 한정한다)],Carboxyimide-function compounds (Including saccharin and its salts) and imine-function compounds [Material for manufacturing agricultural chemicals (registered material under the Agricultural Chemicals Management Act)],0,0,0,0,0,0,0,0,0,0,0,0,0,0,0,0,0,0,0,0,0,0,0,0,0,0,0,0,1,0,0,0,0
1492,2926.90.3000,니트릴관능화합물[농약원제(農藥原劑)(「농약관리법」에 따라 등록된 것으로 한정한다)],Nitrile-function compounds [Material for manufacturing agricultural chemicals (registered material under the Agricultural Chemicals Management Act)],0,0,0,0,0,0,0,0,0,0,0,0,0,0,0,0,0,0,0,0,0,0,0,0,0,0,0,0,1,0,0,0,1.6
1493,2928.00.2000,히드라진·히드록실아민의 유기 유도체[농약원제(農藥原劑)(「농약관리법」에 따라 등록된 것으로 한정한다)],Organic derivatives of hydrazine or of hydroxylamine [Material for manufacturing agricultural chemicals (registered material under the Agricultural Chemicals Management Act)],0,0,0,0,0,0,0,0,0,0,0,0,0,0,0,0,0,0,0,0,0,0,0,0,0,0,0,0,0,0,0,0,0
1494,2930.20.1010,티오카르바메이트[농약원제(農藥原劑)(「농약관리법」에 따라 등록된 것으로 한정한다)],Thiocarbamates [Material for manufacturing agricultural chemicals (registered material under the Agricultural Chemicals Management Act)],0,0,0,0,0,0,0,0,0,0,0,0,0,0,0,0,0,0,0,0,0,0,0,0,0,0,0,0,1,0,0,0,0
1495,2930.20.2010,디티오카르바메이트[농약원제(農藥原劑)(「농약관리법」에 따라 등록된 것으로 한정한다)],Dithiocarbamates [Material for manufacturing agricultural chemicals (registered material under the Agricultural Chemicals Management Act)],0,0,0,0,0,0,0,0,0,0,0,0,0,0,0,0,0,0,0,0,0,0,0,0,0,0,0,0,1,1,0,0,0
1496,2930.30.1000,티우람모노술파이드,Thiuram mono-sulphides,0,0,0,0,0,0,0,0,0,0,0,0,0,0,0,0,0,0,0,0,0,0,0,0,0,0,0,0,0,0,0,0,0
1497,2930.30.2000,티우람디술파이드,Thiuram di-sulphides,0,0,0,0,0,0,0,0,0,0,0,0,0,0,0,0,0,0,0,0,0,0,0,0,0,0,0,0,0,0,0,0,0
1498,2930.30.3000,티우람테트라술파이드,Thiuram tetra-sulphides,0,0,0,0,0,0,0,0,0,0,0,0,0,0,0,0,0,0,0,0,0,0,0,0,0,0,0,0,3.3,0,0,0,0
1499,2930.90.2010,"유기-황 화합물[농약원제(農藥原劑)(「농약관리법」에 따라 등록된 것으로 한정한다)], 포레이트(ISO)",Organo-sulphur compounds [Material for manufacturing agricultural chemicals (registered material under the Agricultural Chemicals Management Act)]/Phorate (ISO),0,0,0,0,0,0,0,0,0,0,0,0,0,0,0,0,0,0,0,0,0,0,0,0,0,0,0,0,1,0,0,0,0
1500,2930.90.2090,"유기-황 화합물[농약원제(農藥原劑)(「농약관리법」에 따라 등록된 것으로 한정한다)], 기타 ",Organo-sulphur compounds [Material for manufacturing agricultural chemicals (registered material under the Agricultural Chemicals Management Act)]/Other ,0,0,0,0,0,0,0,0,0,0,0,0,0,0,0,0,0,0,0,0,0,0,0,0,0,0,0,0,1,0,0,0,
1501,2931.49.0000,기타 비할로겐화 유기인 유도체(다만 제 2931.41호부터 2931.48호까지의 비할로겐 유기인 유도체는 제외한다),Other Non-halogenated organo-phosphorous derivatives (excluding  subheading 2931.41 to 2931.48),0,0,0,0,0,0,0,0,0,0,0,0,0,0,0,0,0,0,0,0,0,0,0,0,0,0,3.3,3.3,3.3,3.3,3.3,0,0
1502,2931.54.0000,트리클로르폰(ISO),Trichlorfon (ISO),0,0,0,0,0,0,0,0,0,0,0,0,0,0,0,0,0,0,0,0,0,0,0,0,0,0,3.3,3.3,3.3,3.3,3.3,0,0
1503,2931.59.0000,기타 할로겐화 유기인 유도체(다만 제 2931.51호부터 2931.54호까지의 할로겐 유기인 유도체는 제외한다),Other Halogenated organo-phosphorous derivatives  (excluding  subheading 2931.51 to 2931.54),0,0,0,0,0,0,0,0,0,0,0,0,0,0,0,0,0,0,0,0,0,0,0,0,0,0,3.3,3.3,3.3,3.3,3.3,0,0
1504,2931.90.1000,그 밖의 유기-무기화합물[농약원제(農藥原劑)(「농약관리법」에 따라 등록된 것으로 한정한다)],Other organo-inorganic compounds [Material for manufacturing agricultural chemicals (registered material under the Agricultural Chemicals Management Act)],0,0,0,0,0,0,0,0,0,0,0,0,0,0,0,0,0,0,0,0,0,0,0,0,0,0,,,,,,0,0
1505,2932.19.1000,산소 원자만을 함유한 헤테로고리 화합물[농약원제(農藥原劑)(「농약관리법」에 따라 등록된 것으로 한정한다)],Heterocyclic compounds with oxygen hetero-atom(s) only [Material for manufacturing agricultural chemicals (registered material under the Agricultural Chemicals Management Act)],0,0,0,0,0,0,0,0,0,0,0,0,0,0,0,0,0,0,0,0,0,0,0,0,0,0,0,0,1,0,0,0,0
1506,2932.20.9091,락톤[농약원제(農藥原劑)(「농약관리법」에 따라 등록된 것으로 한정한다)],Lactones [Material for manufacturing agricultural chemicals (registered material under the Agricultural Chemicals Management Act)],0,0,0,0,0,0,0,0,0,0,0,0,0,0,0,0,0,0,0,0,0,0,0,0,0,0,0,0,0,0,0,0,0
1507,2932.99.9010,산소 원자만을 함유한 헤테로고리 화합물[농약원제(農藥原劑)(「농약관리법」에 따라 등록된 것으로 한정한다)],Heterocyclic compounds with oxygen hetero-atom(s) only [Material for manufacturing agricultural chemicals (registered material under the Agricultural Chemicals Management Act)],0,0,0,0,0,0,0,0,0,0,0,0,0,0,0,0,0,0,0,0,0,0,0,0,0,0,0,0,1,0,0,0,0
1508,2933.11.2000,페나존(안티피린)과 그 유도체[농약원제(農藥原劑)(「농약관리법」에 따라 등록된 것으로 한정한다)],Phenazone (Antipyrin) and its derivatives [Material for manufacturing agricultural chemicals (registered material under the Agricultural Chemicals Management Act)],0,0,0,0,0,0,0,0,0,0,0,0,0,0,0,0,0,0,0,0,0,0,0,0,0,0,0,0,1,0,0,0,0
1509,2933.19.2000,기타 페나존(안티피린)과 그 유도체[농약원제(農藥原劑)(「농약관리법」에 따라 등록된 것으로 한정한다)],Other Phenazone (antipyrin) and its derivatives [Material for manufacturing agricultural chemicals (registered material under the Agricultural Chemicals Management Act)],0,0,0,0,0,0,0,0,0,0,0,0,0,0,0,0,0,0,0,0,0,0,0,0,0,0,0,0,1,0,0,0,1.6
1510,2933.29.9010,붙지 않은 이미다졸고리(수소를 첨가하였는지에 상관없다) 구조를 가지는 화합물[농약원제(農藥原劑)(「농약관리법」에 따라 등록된 것으로 한정한다)],Compounds containing an unfused imidazole ring (whether or not hydrogenated) in the structure [Material for manufacturing agricultural chemicals (registered material under the Agricultural Chemicals Management Act)],0,0,0,0,0,0,0,0,0,0,0,0,0,0,0,0,0,0,0,0,0,0,0,0,0,0,0,0,1,0,0,0,1.6
1511,2933.39.2000,붙지 않은 피리딘고리(수소를 첨가하였는지에 상관없다) 구조를 가지는 화합물[농약원제(農藥原劑)(「농약관리법」에 따라 등록된 것으로 한정한다)],Compounds containing an unfused pyridine ring (whether or not hydrogenated) in the structure [Material for manufacturing agricultural chemicals (registered material under the Agricultural Chemicals Management Act)],0,0,0,0,0,0,0,0,0,0,0,0,0,0,0,0,0,0,0,0,0,0,0,0,0,0,0,0,1,0,0,0,0
1512,2933.49.9010,퀴놀린고리나 이소퀴놀린고리의 구조를 가지는 화합물(수소를 첨가하였는지에 상관없으며 고리가 더 이상 붙지 않은 것으로 한정한다)[농약원제(農藥原劑)(「농약관리법」에 따라 등록된 것으로 한정한다)],"Compounds containing in the structure a quinoline or isoquinoline ring-system (whether or not hydrogenated), not further fused [Material for manufacturing agricultural chemicals (registered material under the Agricultural Chemicals Management Act)]",0,0,0,0,0,0,0,0,0,0,0,0,0,0,0,0,0,0,0,0,0,0,0,0,0,0,0,0,0,0,0,0,0
1513,2933.59.1000,피리미딘고리(수소를 첨가하였는지에 상관없다)나 피페라진고리 구조를 가지는 화합물[농약원제(農藥原劑)(「농약관리법」에 따라 등록된 것으로 한정한다)],Compounds containing a pyrimidine ring (whether or not hydrogented) or piperazine ring in the structure [Material for manufacturing agricultural chemicals (registered material under the Agricultural Chemicals Management Act)],0,0,0,0,0,0,0,0,0,0,0,0,0,0,0,0,0,0,0,0,0,0,0,0,0,0,0,0,1,0,0,0,0
1514,2933.69.9091,붙지 않은 트리아진고리(수소를 첨가하였는지에 상관없다) 구조를 가지는 화합물[농약원제(農藥原劑)(「농약관리법」에 따라 등록된 것으로 한정한다)],Compounds containing an unfused triazine ring (whether or not hydrogenated) in the structure [Material for manufacturing agricultural chemicals (registered material under the Agricultural Chemicals Management Act)],0,0,0,0,0,0,0,0,0,0,0,0,0,0,0,0,0,0,0,0,0,0,0,0,0,0,0,0,0,0,0,0,0
1515,2933.79.9000,1-비닐-2-피롤리돈을 제외한 그 밖의 락탐,Other lactams (Excluding 1-vinyl-2-pyrrolidone),0,0,0,0,0,0,0,0,0,0,0,0,0,0,,0,0,0,0,0,0,0,0,0,,0,,,,,,0,
1516,2933.92.1000,아진포스-메틸(ISO)[농약원제(農藥原劑)(「농약관리법」에 따라 등록된 것으로 한정한다)],Azinphos-methyl (ISO) [Material for manufacturing agricultural chemicals (registered material under the Agricultural Chemicals Management Act)],0,0,0,0,0,0,0,0,0,0,0,0,0,0,0,0,0,0,0,0,0,0,0,0,0,0,0,0,1,0,0,0,0
1517,2933.99.9010,질소 원자만을 함유한 헤테로고리 화합물[농약원제(農藥原劑)(「농약관리법」에 따라 등록된 것으로 한정한다)],Heterocyclic compounds with nitrogen hetero-atom(s) only [Material for manufacturing agricultural chemicals (registered material under the Agricultural Chemicals Management Act)],0,0,0,0,0,0,0,0,0,0,0,0,0,0,0,0,0,0,0,0,0,0,0,0,0,0,0,0,1,0,0,0,0
1518,2934.10.9010,붙지 않은 티아졸고리(수소를 첨가하였는지에 상관없다) 구조를 가지는 화합물[농약원제(農藥原劑)(「농약관리법」에 따라 등록된 것으로 한정한다)],Compounds containing an unfused thiazole ring (whether or not hydrogenated) in the structure [Material for manufacturing agricultural chemicals (registered material under the Agricultural Chemicals Management Act)],0,0,0,0,0,0,0,0,0,0,0,0,0,0,0,0,0,0,0,0,0,0,0,0,0,0,0,0,1,0,0,0,0
1519,2934.20.4000,벤조티아졸고리의 구조를 가지는 화합물(수소를 첨가하였는지에 상관없으며 고리가 더 이상 붙지 않은 것으로 한정한다)[농약원제(農藥原劑)(「농약관리법」에 따라 등록된 것으로 한정한다)],"Compounds containing in the structure a benzothiazole ring-system (whether or not hydrogenated), not further fused [Material for manufacturing agricultural chemicals (registered material under the Agricultural Chemicals Management Act)]",0,0,0,0,0,0,0,0,0,0,0,0,0,0,0,0,0,0,0,0,0,0,0,0,0,0,0,0,0,0,0,0,0
1520,2934.99.4000,"핵산과 이들의 염(화학적으로 단일한 것인지에 상관없다), 그 밖의 헤테로고리 화합물[농약원제(農藥原劑)(「농약관리법」에 따라 등록된 것으로 한정한다)]","Nucleic acids and their salts, whether or not chemically defined; other heterocyclic compounds [Material for manufacturing agricultural chemicals (registered material under the Agricultural Chemicals Management Act)]",0,0,0,5,0,0,0,0,0,0,0,0,0,0,0,0,0,0,0,0,0,0,0,0,0,1,0,0,1,0,0,0,0
1521,2935.90.4000,술폰아미드[농약원제(農藥原劑)(「농약관리법」에 따라 등록된 것으로 한정한다)],Sulphonamides [Material for manufacturing agricultural chemicals (registered material under the Agricultural Chemicals Management Act)],0,0,0,0,0,0,0,0,0,0,0,0,0,0,0,0,0,0,0,0,0,0,0,0,0,0,0,0,1,0,0,0,1.6
1522,2939.80.1010,비리디카틴ㆍ루구로바신 에이ㆍ스포리데스민 에이ㆍ사이토칼라신 비ㆍ테올로시딘 비4ㆍ페니트렘 디ㆍ로퀘포르틴ㆍ사만다린ㆍ에파비티딘ㆍ카스토라민ㆍ무스코피리딘ㆍ코시넬린ㆍ피라진ㆍ다나이돈ㆍ글로메린ㆍ에필라크네네ㆍ서브코시넬라 24-푼크타타ㆍ바라신ㆍ만자민ㆍ콘볼루타민 디ㆍ유디스토민ㆍ프로시아닌[농약원제(農藥原劑)(「농약관리법」에 따라 등록된 것으로 한정한다)],"Viridicatin, rugulovasine A, sporidesmin A, cytochalasin b, teolocidin B4, penitrem D, roquefortine, samandarine, epabitidine, castoramine, muscopyridine, coccinelline, pyrazine, danaidone, glomerine, epilachnene, subcoccinella 24-punctata, varacin, manzamine, convolutamine D, eudistomin, and procyanine  [Material for manufacturing agricultural chemicals (registered material under the Agricultural Chemicals Management Act)]",0,0,0,,0,0,0,0,0,0,0,0,0,0,0,0,0,0,0,0,0,0,0,0,0,0,0,0,1,0,0,0,0
1523,2941.20.1000,"스트렙토마이신과 이들의 유도체, 이들의 염[농약원제(農藥原劑)(「농약관리법」에 따라 등록된 것으로 한정한다)]",Streptomycins and their derivatives; salts thereof [Material for manufacturing agricultural chemicals (registered material under the Agricultural Chemicals Management Act)],0,0,0,0,0,0,0,0,0,0,0,0,0,0,0,0,0,0,0,0,0,0,0,0,0,0,0,0,0,0,0,0,0
1524,2941.30.9000,"클로로 테트라사이클린, 염산 옥시 테트라사이클린, 염산 클로로 테트라사이클린을 제외한 기타 테트라사이클린과 이들의 유도체, 이들의 염","Other Tetracyclines and their derivatives; salts thereof (excluding Chlorotetracycline, Oxy-tetracycline hydrochloride, Chlorotetracycline hydrochloride)",0,0,0,0,0,0,0,0,0,0,0,0,0,0,0,0,0,0,0,0,0,0,0,0,1.3,0,4.3,4.3,4.3,4.3,4.3,0,5.2
1525,2941.90.1000,항생물질[농약원제(農藥原劑)(「농약관리법」에 따라 등록된 것으로 한정한다)],Antibiotics [Material for manufacturing agricultural chemicals (registered material under the Agricultural Chemicals Management Act)],0,0,0,0,0,0,0,0,0,0,0,0,0,0,0,0,0,0,0,0,0,0,0,0,0,0,0,0,1,0,0,0,0
1526,3101.00.1000,동물성 비료,Animal fertilisers,0,0,0,0,0,0,0,0,0,0,0,0,0,0,0,0,0,0,0,0,0,0,0,0,0,0,0,0,,0,0,0,0
1527,3101.00.2000,식물성 비료,Vegetable fertilisers,0,0,0,0,0,0,0,0,0,0,0,0,0,0,0,0,0,0,0,0,0,0,0,0,0,0,0,0,3.3,0,0,0,0
1528,3101.00.3000,동물성·식물성 물품을 혼합하거나 화학적으로 처리한 비료,Fertilisers produced by the mixing or chemical treatment of animal or vegetable products,0,0,0,0,0,0,0,0,0,0,0,0,0,0,0,0,0,0,0,0,0,0,0,0,0,0,0,0,0,0,0,0,0
1529,3102.10.1000,요소(수용액의 것인지에 상관없다)[비료나 비료제조용],"Urea, whether or not in aqueous solution [Agricultural fertilizers or for manufacturing agricultural fertilizers]",0,0,0,5,0,0,0,0,0,0,0,0,0,0,0,0,0,0,0,0,0,0,0,0,0,0,1.3,1.3,1.3,1.3,1.3,0,0
1530,3102.10.9000,요소(수용액의 것인지에 상관없다)[기타],"Urea, whether or not in aqueous solution [Other]",0,0,0,5,0,0,0,0,0,0,0,0,0,0,0,0,0,0,0,0,0,0,0,0,0,0,4.3,4.3,4.3,4.3,4.3,0,5.2
1531,3102.21.0000,질소비료(광물성 비료나 화학비료로 한정한다)[황산암모늄],"Mineral or chemical fertilisers, nitrogenous [Ammonium sulphate]",0,0,0,0,0,0,0,0,0,0,0,0,0,0,0,0,3,3.4,3,3,3.9,0,0,0,0,0,3.3,3.3,3.3,3.3,3.3,0,5.8
1532,3102.29.1000,질소비료(광물성 비료나 화학비료로 한정한다)[황산암모늄과 질산암모늄의 겹염],"Mineral or chemical fertilisers, nitrogenous [Double salts of ammonium sulphate and ammonium nitrate]",0,0,0,0,0,0,0,0,0,0,0,0,0,0,0,0,0,0,0,0,0,0,0,0,0,0,3.3,3.3,3.3,3.3,3.3,0,5.2
1533,3102.29.2000,질소비료(광물성 비료나 화학비료로 한정한다)[황산암모늄과 질산암모늄의 혼합물],"Mineral or chemical fertilisers, nitrogenous [Mixtures of ammonium sulphate and ammonium nitrate]",0,0,0,0,0,0,0,0,0,0,0,0,0,0,0,0,0,0,0,0,0,0,0,0,0,0,3.3,3.3,3.3,3.3,3.3,0,5.8
1534,3102.30.0000,질소비료(광물성 비료나 화학비료로 한정한다)[질산암모늄(수용액의 것인지에 상관없다)],"Mineral or chemical fertilisers, nitrogenous [Ammonium nitrate, whether or not in aqueous solution]",0,0,0,0,0,0,0,0,0,0,0,0,0,0,0,0,0,0,0,0,0,0,0,0,0,0,3.3,3.3,3.3,3.3,3.3,0,0
1535,3102.40.0000,질소비료(광물성 비료나 화학비료로 한정한다)[질산암모늄의 혼합물(탄산칼슘이나 그 밖의 비료성분이 아닌 무기물을 첨가한 것으로 한정한다)],"Mineral or chemical fertilisers, nitrogenous [Mixtures of ammonium nitrate with calcium carbonate or other inorganic non-fertilising substances]",0,0,0,0,0,0,0,0,0,0,0,0,0,0,0,0,0,0,0,0,0,0,0,0,0,0,3.3,3.3,3.3,3.3,3.3,0,0
1536,3102.50.1000,질산나트륨[천연의 것],Sodium nitrate [Natural],0,0,0,0,0,0,0,0,0,0,0,0,0,0,0,0,0,0,0,0,0,0,0,0,0,0,3.3,3.3,3.3,3.3,3.3,0,0
1537,3102.50.9000,질산나트륨[기타],Sodium nitrate [Other],0,0,0,0,0,0,0,0,0,0,0,0,0,0,0,0,0,0,0,0,0,0,0,0,0,0,3.3,3.3,3.3,3.3,3.3,0,0
1538,3102.60.0000,질소비료(광물성 비료나 화학비료로 한정한다)[질산칼슘·질산암모늄의 겹염과 혼합물],"Mineral or chemical fertilisers, nitrogenous [Double salts and mixtures of calcium nitrate and ammonium nitrate]",0,0,0,0,0,0,0,0,0,0,0,0,0,0,0,0,0,0,0,0,0,0,0,0,0,0,3.3,3.3,3.3,3.3,3.3,0,0
1539,3102.80.0000,질소비료(광물성 비료나 화학비료로 한정한다)[요소·질산암모늄의 혼합물(수용액이나 암모니아용액을 혼합한 것으로 한정한다)],"Mineral or chemical fertilisers, nitrogenous [Mixtures of urea and ammonium nitrate in aqueous or ammoniacal solution]",0,0,0,0,0,0,0,0,0,0,0,0,0,0,0,0,0,0,0,0,0,0,0,0,0,0,3.3,3.3,3.3,3.3,3.3,0,0
1540,3102.90.1000,질소비료(광물성 비료나 화학비료로 한정한다)[질산칼슘과 질산마그네슘의 겹염],"Mineral or chemical fertilisers, nitrogenous [Double salts of calcium nitrate and magnesium nitrate]",0,0,0,0,0,0,0,0,0,0,0,0,0,0,0,0,0,0,0,0,0,0,0,0,0,0,3.3,3.3,3.3,3.3,3.3,0,0
1541,3102.90.9000,질소비료(광물성 비료나 화학비료로 한정한다)[기타],"Mineral or chemical fertilisers, nitrogenous [Other]",0,0,0,0,0,0,0,0,0,0,0,0,0,0,0,0,0,0,0,0,0,0,0,0,0,0,3.3,3.3,3.3,3.3,3.3,0,0
1542,3103.11.0000,인산비료(광물성 비료나 화학비료로 한정한다)[오산화인(P2O5)의 함유량이 전 중량의 100분의 35 이상인 것],"Mineral or chemical fertilisers, phosphatic [Containing by weight 35% or more of diphosphorus pentaoxide (P2O5)]",0,0,0,0,0,0,0,0,0,0,0,0,0,0,0,0,0,0,0,0,0,0,0,0,0,0,3.3,3.3,3.3,3.3,3.3,0,0
1543,3103.19.0000,인산비료(광물성 비료나 화학비료로 한정한다)[기타],"Mineral or chemical fertilisers, phosphatic [Other]",0,0,0,0,0,0,0,0,0,0,0,0,0,0,0,0,0,0,0,0,0,0,0,0,0,0,3.3,3.3,3.3,3.3,3.3,0,0
1544,3103.90.0000,기타 인산비료(광물성 비료나 화학비료로 한정한다),"Other mineral or chemical fertilisers, phosphatic",0,0,0,0,0,0,0,0,0,0,0,0,0,0,0,0,0,0,0,0,0,0,0,0,0,0,3.3,3.3,3.3,3.3,3.3,0,0
1545,3104.20.0000,칼륨비료(광물성 비료나 화학비료로 한정한다)[염화칼륨],"Mineral or chemical fertilisers, potassic [Potassium chloride]",0,0,0,0,0,0,0,0,0,0,0,0,0,0,0,0,0,0,0,0,0,0,0,0,0,0,0,0,0,0,0,0,0
1546,3104.30.1000,황산칼륨[산화칼륨으로 계산한 칼륨분의 함유량이 전 중량의 100분의 52 이하인 것],Potassium sulphate [Not more than 52% by weight of K2O],0,0,0,0,0,0,0,0,0,0,0,0,0,0,0,0,0,0,0,0,0,0,0,0,0,0,0.5,0.5,0.5,0.5,0.5,0,0
1547,3104.30.9000,황산칼륨[기타],Potassium sulphate [Other],0,0,0,0,0,0,0,0,0,0,0,0,0,0,0,0,0,0,0,0,0,0,0,0,0,0,3.3,3.3,3.3,3.3,3.3,0,0
1548,3104.90.1010,황산마그네슘칼륨[산화칼륨으로 계산한 칼륨분의 함유량이 전 중량의 100분의 30 이하인 것],Magnesium potassium sulphate [Not more than 30% by weight of K2O],0,0,0,0,0,0,0,0,0,0,0,0,0,0,0,0,0,0,0,0,0,0,0,0,0,0,0.5,0.5,0.5,0.5,0.5,0,0
1549,3104.90.1090,황산마그네슘칼륨[기타],Magnesium potassium sulphate [Other],0,0,0,0,0,0,0,0,0,0,0,0,0,0,0,0,0,0,0,0,0,0,0,0,0,0,3.3,3.3,3.3,3.3,3.3,0,0
1550,3104.90.9000,칼륨비료(광물성 비료나 화학비료로 한정한다)[기타],"Mineral or chemical fertilisers, potassic [Other]",0,0,0,0,0,0,0,0,0,0,0,0,0,0,0,0,0,0,0,0,0,0,0,0,0,0,0.5,0.5,0.5,0.5,0.5,0,0
1551,3105.10.0000,"광물성 비료나 화학비료(비료의 필수요소인 질소·인·칼륨 중 두 가지나 세 가지를 함유하는 것으로 한정한다), 그 밖의 비료, 이 류에 열거한 물품을 태블릿(tablet) 모양이나 이와 유사한 모양으로 한 것이거나 용기를 포함한 한 개의 총중량이 10킬로그램 이하로 포장한 것[이 류에 열거한 물품을 태블릿(tablet) 모양이나 이와 유사한 모양으로 한 것이거나 용기를 포함한 한 개의 총중량이 10킬로그램 이하로 포장한 것]","Mineral or chemical fertilisers containing two or three of the fertilising elements nitrogen, phosphorus and potassium; other fertilisers; goods of this Chapter in tablets or similar forms or in packages of a gross weight not exceeding 10㎏ [Goods of this Chapter in tablets or similar forms or in packages of a gross weight not exceeding 10㎏]",0,0,0,0,0,0,0,0,0,0,0,0,0,0,1.3,0,0,0,0,0,0,0,0,0,0,0,3.3,3.3,3.3,3.3,3.3,0,5.8
1552,3105.20.0000,"광물성 비료나 화학비료(비료의 필수요소인 질소·인·칼륨 중 두 가지나 세 가지를 함유하는 것으로 한정한다), 그 밖의 비료, 이 류에 열거한 물품을 태블릿(tablet) 모양이나 이와 유사한 모양으로 한 것이거나 용기를 포함한 한 개의 총중량이 10킬로그램 이하로 포장한 것[질소·인·칼륨을 함유한 광물성 비료나 화학비료]","Mineral or chemical fertilisers containing two or three of the fertilising elements nitrogen, phosphorus and potassium; other fertilisers; goods of this Chapter in tablets or similar forms or in packages of a gross weight not exceeding 10㎏ [Mineral or chemical fertilisers containing the three fertilising elements nitrogen, phosphorus and potassium]",0,0,0,0,0,0,0,0,0,0,0,0,0,0,1.3,0,0,0,0,0,0,0,0,0,1.3,0,3.3,3.3,3.3,3.3,3.3,0,5.8
1553,3105.30.0000,"광물성 비료나 화학비료(비료의 필수요소인 질소·인·칼륨 중 두 가지나 세 가지를 함유하는 것으로 한정한다), 그 밖의 비료, 이 류에 열거한 물품을 태블릿(tablet) 모양이나 이와 유사한 모양으로 한 것이거나 용기를 포함한 한 개의 총중량이 10킬로그램 이하로 포장한 것[오르토인산수소 이암모늄(인산이암모늄)]","Mineral or chemical fertilisers containing two or three of the fertilising elements nitrogen, phosphorus and potassium; other fertilisers; goods of this Chapter in tablets or similar forms or in packages of a gross weight not exceeding 10㎏ [Diammonium hydrogenorthophosphate (diammonium phosphate)]",0,0,0,0,0,0,0,0,0,0,0,0,0,0,1.3,0,0,0,0,0,0,0,0,0,0,0,3.3,3.3,3.3,3.3,3.3,0,5.8
1554,3105.40.0000,"광물성 비료나 화학비료(비료의 필수요소인 질소·인·칼륨 중 두 가지나 세 가지를 함유하는 것으로 한정한다), 그 밖의 비료, 이 류에 열거한 물품을 태블릿(tablet) 모양이나 이와 유사한 모양으로 한 것이거나 용기를 포함한 한 개의 총중량이 10킬로그램 이하로 포장한 것[오르토인산이수소암모늄(인산일암모늄), 이것과 오르토인산수소이암모늄(인산이암모늄)의 혼합물]","Mineral or chemical fertilisers containing two or three of the fertilising elements nitrogen, phosphorus and potassium; other fertilisers; goods of this Chapter in tablets or similar forms or in packages of a gross weight not exceeding 10㎏ [Ammonium dihydrogenorthophosphate (monoammonium phosphate) and mixtures thereof with diammonium hydrogenorthophosphate (diammonium phosphate)]",0,0,0,0,0,0,0,0,0,0,0,0,0,0,1.3,0,0,0,0,0,0,0,0,0,0,0,3.3,3.3,3.3,3.3,3.3,0,5.8
1555,3105.51.0000,"광물성 비료나 화학비료(비료의 필수요소인 질소·인·칼륨 중 두 가지나 세 가지를 함유하는 것으로 한정한다), 그 밖의 비료, 이 류에 열거한 물품을 태블릿(tablet) 모양이나 이와 유사한 모양으로 한 것이거나 용기를 포함한 한 개의 총중량이 10킬로그램 이하로 포장한 것[질산염과 인산염을 함유한 비료]","Mineral or chemical fertilisers containing two or three of the fertilising elements nitrogen, phosphorus and potassium; other fertilisers; goods of this Chapter in tablets or similar forms or in packages of a gross weight not exceeding 10㎏ [Containing nitrates and phosphates]",0,0,0,0,0,0,0,0,0,0,0,0,0,0,1.3,0,0,0,0,0,0,0,0,0,0,0,3.3,3.3,3.3,3.3,3.3,0,5.8
1556,3105.59.0000,질소와 인을 함유한 그 밖의 광물성 비료나 화학비료 [기타],Other mineral or chemical fertilisers containing the two fertilising elements nitrogen and phosphorus [Other],0,0,0,0,0,0,0,0,0,0,0,0,0,0,1.3,0,0,0,0,0,0,0,0,0,0,0,3.3,3.3,3.3,3.3,3.3,0,5.8
1557,3105.60.0000,"광물성 비료나 화학비료(비료의 필수요소인 질소·인·칼륨 중 두 가지나 세 가지를 함유하는 것으로 한정한다), 그 밖의 비료, 이 류에 열거한 물품을 태블릿(tablet) 모양이나 이와 유사한 모양으로 한 것이거나 용기를 포함한 한 개의 총중량이 10킬로그램 이하로 포장한 것[인과 칼륨을 함유한 광물성 비료나 화학비료]","Mineral or chemical fertilisers containing two or three of the fertilising elements nitrogen, phosphorus and potassium; other fertilisers; goods of this Chapter in tablets or similar forms or in packages of a gross weight not exceeding 10㎏ [Mineral or chemical fertilisers containing the two fertilising elements phosphorus and potassium]",0,0,0,0,0,0,0,0,0,0,0,0,0,0,1.3,0,0,0,0,0,0,0,0,0,1.3,0,3.3,3.3,3.3,3.3,3.3,0,5.8
1558,3105.90.1000,"광물성 비료나 화학비료(비료의 필수요소인 질소·인·칼륨 중 두 가지나 세 가지를 함유하는 것으로 한정한다), 그 밖의 비료, 이 류에 열거한 물품을 태블릿(tablet) 모양이나 이와 유사한 모양으로 한 것이거나 용기를 포함한 한 개의 총중량이 10킬로그램 이하로 포장한 것[질소와 칼륨을 함유한 비료]","Mineral or chemical fertilisers containing two or three of the fertilising elements nitrogen, phosphorus and potassium; other fertilisers; goods of this Chapter in tablets or similar forms or in packages of a gross weight not exceeding 10㎏ [Fertilisers containing nitrogen and potassium]",0,0,0,0,0,0,0,0,0,0,0,0,0,0,1.3,0,0,0,0,0,0,0,0,0,0,0,3.3,3.3,3.3,3.3,3.3,0,5.8
1559,3105.90.9000,"광물성 비료나 화학비료(비료의 필수요소인 질소·인·칼륨 중 두 가지나 세 가지를 함유하는 것으로 한정한다), 그 밖의 비료, 이 류에 열거한 물품을 태블릿(tablet) 모양이나 이와 유사한 모양으로 한 것이거나 용기를 포함한 한 개의 총중량이 10킬로그램 이하로 포장한 것[기타]","Mineral or chemical fertilisers containing two or three of the fertilising elements nitrogen, phosphorus and potassium; other fertilisers; goods of this Chapter in tablets or similar forms or in packages of a gross weight not exceeding 10㎏ [Other]",0,미양허,0,0,0,0,0,0,0,0,0,0,0,0,1.3,0,0,0,0,0,0,0,0,0,0,0,3.3,3.3,3.3,3.3,3.3,0,5.8
1560,3301.12.0000,오렌지유,Essential oil of orange,0,0,0,0,0,0,0,0,0,0,0,0,0,0,0,0,0,0,0,0,0,0,0,0,0,0,0,0,2.5,0,0,0,0
1561,3301.13.0000,레몬유,Essential oil of lemon,0,0,0,0,0,0,0,0,0,0,0,0,0,0,0,0,0,0,0,0,0,0,0,0,0,0,0,0,2.5,0,0,0,0
1562,3301.19.0000,기타 정유(감귤류의 것),Other essential oils of citrus fruit,0,0,0,0,0,0,0,0,0,0,0,0,0,0,0,0,0,0,0,0,0,0,0,0,0,0,0,0,2.5,0,0,0,0
1563,3301.24.0000,박하유(멘타 피페리타),Essential oil of peppermint (Mentha piperita),0,0,0,0,0,0,0,0,0,0,0,0,0,0,0,0,0,0,0,0,0,0,0,0,0,0,0,0,2.5,0,0,0,0
1564,3301.25.0000,박하유(기타 민트류로 만든 것),Essential oil of other mint,0,0,0,0,0,0,0,0,0,0,0,0,0,0,0,0,0,0,0,0,0,0,0,0,0,0,0,0,2.5,0,0,0,0
1565,3301.29.0000,"기타 정유(감귤류, 박하유 이외)",Other essential oils (Other than those of citrus fruit),0,0,0,0,0,0,0,0,0,0,,0,0,0,0,0,0,0,0,0,0,0,0,0,0,0,0,0,2.5,0,0,0,0
1566,3301.30.0000,레지노이드,Resinoids,0,0,0,0,4,0,0,0,0,0,5.6,0,0,0,0,0,0,0,0,0,0,0,0,0,1.6,0,5.3,5.3,미양허,미양허,5.3,0,0
1567,3301.90.1000,정유에서 테르펜을 제거할 때 생기는 테르펜계 부산물,Terpenic by-products of the deterpenation of essential oils,0,0,0,0,5,0,0,0,0,0,0,0,0,0,0,0,2.6,3.3,2.6,2.6,4,0,0,0,1.6,0,5.3,5.3,5.3,5.3,5.3,0,0
1568,3301.90.2000,정유의 농축물,Concentrates of essential oils,0,0,0,0,5,0,0,0,0,0,0,0,0,0,0,0,2.6,3.3,2.6,2.6,4,0,0,0,1.6,0,5.3,5.3,5.3,5.3,5.3,0,0
1569,3301.90.3000,정유의 애큐어스 디스틸레이트와 애큐어스 솔루션,Aqueous distillates and aqueous solutions of essential oils,0,0,0,0,미양허,0,0,0,0,0,0,0,0,0,0,0,2.6,3.3,2.6,2.6,4,0,0,0,1.6,0,5.3,5.3,5.3,5.3,5.3,0,0
1570,3301.90.4100,추출한 올레오레진(아편),Oleoresin extract of opium,0,0,0,0,5,0,0,0,0,0,NS,0,0,0,0,0,2.6,3.3,2.6,2.6,4,0,0,0,1.6,0,4,4,미양허,미양허,4,0,0
1571,3301.90.4200,추출한 올레오레진(감초),Oleoresin extract of liguorice,0,0,0,0,5,0,0,0,0,0,0,0,0,0,3.2,0,2.6,3.3,2.6,2.6,4,0,0,0,1.6,0,7,7,미양허,미양허,7,0,0
1572,3301.90.4300,추출한 올레오레진(홉),Oleoresin extract of hops,0,0,0,0,미양허,0,0,0,0,0,0,0,0,0,6,0,10,12.5,10,10,15,0,0,0,20,0,26.3,26.3,미양허,30,26.3,0,0
1573,3301.90.4400,추출한 올레오레진(제충국),Oleoresin extract of pyrethrum,0,0,0,0,5,0,0,0,0,0,0,0,0,0,3.2,0,2.6,3.3,2.6,2.6,4,0,0,0,1.6,0,7,7,미양허,미양허,7,0,0
1574,3301.90.4510,추출한 올레오레진(백삼),Oleoresin extract of white ginseng,미양허,0,미양허,0,미양허,0,0,0,0,6.2,20,0,2.6,0,20,4,미양허,미양허,미양허,미양허,미양허,0,0,0,20,0,18.8,18.8,미양허,미양허,18.8,0,0
1575,3301.90.4520,추출한 올레오레진(홍삼),Oleoresin extract of red ginseng,미양허,미양허,미양허,603.4,미양허,0,0,0,0,754.3,754.3,754.3,100.5,603.4,754.3,150.8,미양허,미양허,미양허,미양허,미양허,0,0,미양허,754.3,603.4,미양허,미양허,미양허,미양허,미양허,미양허,678.8
1576,3301.90.4530,추출한 올레오레진(기타 인삼),Oleoresin extract of other ginseng,미양허,0,미양허,0,미양허,0,0,0,0,6.2,16,0,2.6,0,20,4,미양허,미양허,미양허,미양허,미양허,0,0,0,20,0,18.8,18.8,미양허,미양허,18.8,0,18
1577,3301.90.4600,추출한 올레오레진(캐슈너트쉘액),Oleoresin extract of cashew nut shell liquid,0,0,0,0,5,0,0,0,0,0,0,0,0,0,0,0,2.6,3.3,2.6,2.6,4,0,0,0,1.6,0,4,4,미양허,미양허,4,0,0
1578,3301.90.4700,추출한 올레오레진(생칠),Oleoresin extract of natural lacquer,0,0,0,0,5,0,0,0,0,0,0,0,0,0,1.6,0,2.6,3.3,2.6,2.6,4,0,0,0,1.6,0,5.3,5.3,5.3,5.3,5.3,0,0
1579,3301.90.4800,추출한 올레오레진(기타),Oleoresin extract (Other),0,0,0,0,미양허,0,0,0,0,0,0,0,0,0,3.2,0,2.6,3.3,2.6,2.6,4,0,0,0,1.6,0,6,6,미양허,6,6,0,0
1580,3302.10.1000,방향성 물질 혼합물(식품공업용),Of a kind used in the food industries,0,미양허,0,0,0,0,0,0,0,0,0,0,0,0,0,0,0,0,0,0,0,0,0,0,0,0,0,0,3.3,2.5,0,0,0
1581,3302.10.2011,방향성 물질 혼합물(알코올성 합성 조제품),Preparations of a kind used for the manufacture of beverages (Compound alcoholic preparations),0,미양허,0,0,0,0,0,0,0,0,0,0,0,0,6,0,0,0,0,0,0,0,0,0,0,0,20,20,20,20,20,0,0
1582,3302.10.2019,방향성 물질 혼합물(음료제조용 조제품/ 기타),Preparations of a kind used for the manufacture of beverages (Other),0,미양허,0,0,0,0,0,0,0,0,0,0,0,0,0,0,0,0,0,0,0,0,0,0,0,0,4,4,5.3,4,4,0,0
1583,3302.10.2090,방향성 물질 혼합물(음료공업용/기타),Of a kind used in the drink industries (Other),0,미양허,0,0,0,0,0,0,0,0,4.6,0,0,0,0,0,0,0,0,0,0,0,0,0,0,0,0,0,2.5,2.5,0,0,0
1584,3402.42.1000,비이온성[농약원제(農藥原劑)(「농약관리법」에 따라 등록된 것으로 한정한다)],Non-ionic [Material for manufacturing agricultural chemicals (registered material under the Agricultural Chemicals Management Act)],0,0,0,0,0,0,0,0,0,0,0,0,0,0,0,0,0,0,0,0,0,0,0,0,0,0,0,0,1,0,0,0,0
1585,3501.10.1000,카세인(커피 크리머 제조용의 것),Casein (For manufacturing coffee creamer),0,0,미양허,0,10,0,0,0,0,0,0,0,0,0,0,0,2.6,3.3,2.6,2.6,4,0,0,0,4.8,0,4,4,4,4,4,0,6.4
1586,3501.10.9000,카세인(기타),Casein (Other),0,0,미양허,0,10,0,0,0,0,0,0,0,0,0,0,0,6.6,8.3,6.6,6.6,10,0,0,0,12,0,10,10,13.3,10,10,0,16
1587,3501.90.1110,카세인산염(커피 크리머 제조용의 것),Caseinates (For manufacturing coffee creamer),0,0,미양허,0,10,0,0,0,0,0,5.6,0,0,0,0,0,2.6,3.3,2.6,2.6,4,0,0,0,4.8,0,4,4,4,4,4,0,6.4
1588,3501.90.1190,카세인산염(기타),Caseinates (Other),0,0,미양허,0,10,0,0,0,0,0,16,0,0,0,0,0,6.6,8.3,6.6,6.6,10,0,0,0,12,0,17.5,17.5,미양허,20,17.5,0,16
1589,3501.90.1200,기타 카세인 유도체,Other casein derivatives,0,0,미양허,0,10,0,0,0,0,0,0,0,0,0,0,0,6.6,8.3,6.6,6.6,10,0,0,0,12,0,10,10,10,10,10,0,16
1590,3501.90.2000,카세인 글루,Casein glues,0,0,미양허,0,10,0,0,0,0,0,0,0,0,0,0,6.6,6.6,8.3,6.6,6.6,10,0,0,0,12,0,10,10,10,10,10,0,16
1591,3502.11.0000,난백(건조),Egg albumin (Dried),미양허,미양허,미양허,0,4,0,0,0,0,0,0,0,0,0,8,0,1.6,2.4,1.6,1.6,3.2,0,0,0,4.8,0,7.5,7.5,미양허,미양허,7.5,0,6.4
1592,3502.19.0000,난백(기타),Egg albumin (Other),미양허,미양허,미양허,0,4,0,0,0,0,0,0,0,0,0,8,0,1.6,2.4,1.6,1.6,3.2,0,0,0,4.8,0,7.5,7.5,미양허,미양허,7.5,0,6.4
1593,3502.20.0000,밀크알부민,Milk albumin,미양허,0,미양허,0,0,0,0,0,0,0,0,0,0,0,3.2,0,1.6,2.4,1.6,1.6,3.2,0,0,0,4.8,0,5.3,5.3,5.3,5.3,5.3,0,6.4
1594,3502.90.1000,알부민산염과 기타 알부민 유도체,Albuminates and other albumin derivatives,0,0,미양허,0,0,0,0,0,0,0,0,0,0,0,3.2,0,0,0,0,0,0,0,0,0,0,0,5.3,5.3,5.3,5.3,5.3,0,0
1595,3502.90.9000,알부민(기타),Other albumin,0,0,미양허,0,0,0,0,0,0,0,0,0,0,0,3.2,0,0,0,0,0,0,0,0,0,0,0,5.3,5.3,5.3,5.3,5.3,0,0
1596,3503.00.1010,젤라틴,Gelatin,0,0,미양허,0,4,0,0,0,0,0,5.6,0,0,0,0,0,2.6,3.3,2.6,2.6,4,0,0,0,3.4,0,4,4,미양허,미양허,4,0,6.4
1597,3503.00.1020,젤라틴유도체,Gelatin derivatives,0,0,미양허,0,0,0,0,0,0,0,NS,0,0,0,0,0,2.6,3.3,2.6,2.6,4,0,0,0,1.6,0,0,0,0,0,0,0,0
1598,3503.00.2000,아이징글라스,Isinglass,0,0,미양허,0,0,0,0,0,0,0,0,0,0,0,0,0,2.6,3.3,2.6,2.6,4,0,0,0,1.6,0,0,0,0,0,0,0,0
1599,3503.00.3000,기타 동물성글루 ,Other glues of animal origin,0,0,미양허,0,0,0,0,0,0,0,0,0,0,0,0,0,2.6,3.3,2.6,2.6,4,0,0,0,1.6,0,4,4,4,4,4,0,0
1600,3504.00.1010,펩톤,Peptones,0,0,미양허,0,0,0,0,0,0,0,0,0,0,0,0,0,0,0,0,0,0,0,0,0,0,0,4,4,4,4,4,0,0
1601,3504.00.1020,펩톤 유도체,Derivatives of peptones,0,0,미양허,0,0,0,0,0,0,0,0,0,0,0,0,0,0,0,0,0,0,0,0,0,0,0,0,0,0,0,0,0,0
1602,3504.00.2010,케라틴,Keratins,0,0,미양허,0,0,0,0,0,0,0,0,0,0,0,0,0,0,0,0,0,0,0,0,0,0,0,0,0,0,0,0,0,0
1603,3504.00.2020,핵산단백질,Necleoproteids,0,0,미양허,0,0,0,0,0,0,0,0,0,0,0,0,0,0,0,0,0,0,0,0,0,0,0,0,0,0,0,0,0,0
1604,3504.00.2030,분리단백질,Protein isolates,0,0,미양허,0,0,0,0,0,0,0,0,0,0,0,0,0,0,0,0,0,0,0,0,0,0,0,0,0,4,4,0,0,0
1605,3504.00.2090,기타 단백질계 물질,Other protein substances,0,0,미양허,0,0,0,0,0,0,0,0,0,0,0,0,0,0,0,0,0,0,0,0,0,0,0,5.3,5.3,5.3,5.3,5.3,0,0
1606,3504.00.3000,하이드 파우더,Hide powder,0,0,미양허,0,0,0,0,0,0,0,0,0,0,0,0,0,0,0,0,0,0,0,0,0,0,0,0,0,0,0,0,0,0
1607,3505.10.1000,덱스트린,Dextrins,0,0,미양허,0,0,0,0,0,0,0,0,0,0,0,8,0,2.6,3.3,2.6,2.6,4,0,0,0,1.6,0,7.5,0,미양허,0,7.5,0,6.4
1608,3505.10.2000,가용성 전분(아밀로겐),Soluble starch (Amylogen),0,0,미양허,0,0,0,0,0,0,0,8,0,0,0,3.2,0,2.6,3.3,2.6,2.6,4,0,0,0,1.6,0,5.3,5.3,5.3,5.3,5.3,0,6.4
1609,3505.10.3000,배소전분,Roasted starches,미양허,미양허,미양허,192.8,미양허,0,0,0,0,120.5,385.7,0,0,192.8,154.2,0,미양허,미양허,미양허,미양허,미양허,0,0,미양허,385.7,128.5,257.1,257.1,미양허,257.1,257.1,미양허,347.1
1610,3505.10.4010,프리젤라티나이지드전분 또는 스웰링전분(식품용),Pre-gelatinised or swelling starches (For food),미양허,미양허,미양허,308.5,미양허,0,0,0,0,120.5,385.7,0,51.4,308.5,385.7,0,미양허,미양허,미양허,미양허,미양허,0,0,미양허,385.7,308.5,미양허,미양허,미양허,미양허,미양허,미양허,347.1
1611,3505.10.4090,프리젤라티나이지드전분 또는 스웰링전분(기타),Pre-gelatinised or swelling starches (Other),미양허,미양허,미양허,308.5,미양허,0,0,0,0,120.5,385.7,0,51.4,308.5,385.7,0,미양허,미양허,미양허,미양허,미양허,0,0,미양허,385.7,308.5,미양허,미양허,미양허,미양허,미양허,미양허,347.1
1612,3505.10.5010,에테르화전분 또는 에스테르화전분(식품용),Etherified or esterified starches (For food),미양허,미양허,미양허,308.5,미양허,0,0,0,0,120.5,385.7,0,51.4,308.5,385.7,0,미양허,미양허,미양허,미양허,미양허,0,0,미양허,385.7,308.5,미양허,미양허,미양허,미양허,미양허,미양허,347.1
1613,3505.10.5090,에테르화전분 또는 에스테르화전분(기타),Etherified or esterified starches (Other),미양허,미양허,미양허,308.5,미양허,0,0,0,0,120.5,385.7,0,51.4,308.5,385.7,0,미양허,미양허,미양허,미양허,미양허,0,0,미양허,385.7,308.5,미양허,미양허,미양허,미양허,미양허,미양허,347.1
1614,3505.10.9010,기타 변성전분(식품용),Other modified starches (For food),미양허,미양허,미양허,308.5,미양허,0,0,0,0,120.5,385.7,0,0,308.5,385.7,0,미양허,미양허,미양허,미양허,미양허,0,0,미양허,385.7,308.5,미양허,미양허,미양허,미양허,미양허,미양허,347.1
1615,3505.10.9090,기타 변성전분(기타),Other modified starches (Other),미양허,미양허,미양허,308.5,미양허,0,0,0,0,120.5,385.7,0,0,308.5,385.7,0,미양허,미양허,미양허,미양허,미양허,0,0,미양허,385.7,308.5,미양허,미양허,미양허,미양허,미양허,미양허,347.1
1616,3505.20.1000,전분 글루,Starch glues,미양허,미양허,미양허,100.6,미양허,0,0,0,0,62.8,201.2,0,0,100.6,80.4,0,미양허,미양허,미양허,미양허,미양허,0,0,미양허,201.2,67,134.1,134.1,미양허,134.1,134.1,미양허,201.2
1617,3505.20.2000,덱스트린 글루,Dextrin glues,미양허,미양허,미양허,100.6,미양허,0,0,0,0,62.8,201.2,0,0,100.6,80.4,0,미양허,미양허,미양허,미양허,미양허,0,0,미양허,201.2,67,134.1,134.1,미양허,134.1,134.1,미양허,201.2
1618,3505.20.9000,기타 글루,Other glues,미양허,미양허,미양허,100.6,미양허,0,0,0,0,62.8,201.2,0,0,100.6,80.4,0,미양허,미양허,미양허,미양허,미양허,0,0,미양허,201.2,67,134.1,134.1,미양허,134.1,134.1,미양허,201.2
1619,3808.59.1000,이 류의 소호주 제1호의 물품[농약원제(農藥原劑)(「농약관리법」에 따라 등록된 것으로 한정한다)],Goods specified in Subheading Note 1 to this Chapter [Material for manufacturing agricultural chemicals (registered material under the Agricultural Chemicals Management Act)],0,0,0,0,0,0,0,0,0,0,0,0,0,0,,0,0,0,0,0,0,0,0,0,,0,0,0,,,0,0,0
1620,3808.61.1000,순중량이 300그램 이하로 포장한 것[농약원제(農藥原劑)(「농약관리법」에 따라 등록된 것으로 한정한다)],In packings of a net weight content not exceeding 300g [Material for manufacturing agricultural chemicals (registered material under the Agricultural Chemicals Management Act)],0,0,0,0,0,0,0,0,0,0,0,0,0,0,0.4,0,0,0,0,0,0,0,0,0,0,0,0,0,1,1,0,0,0
1621,3808.62.1000,순중량이 300그램 초과 7.5킬로그램 이하로 포장한 것[농약원제(農藥原劑)(「농약관리법」에 따라 등록된 것으로 한정한다)],In packings of a net weight content exceeding 300g but not exceeding 7.5㎏ [Material for manufacturing agricultural chemicals (registered material under the Agricultural Chemicals Management Act)],0,0,0,0,0,0,0,0,0,0,0,0,0,0,0.4,0,0,0,0,0,0,0,0,0,0,0,0,0,1,1,0,0,0
1622,3808.69.1000,살충제·살서제(쥐약)·살균제·제초제·발아억제제·식물성장조절제·소독제와 이와 유사한 물품[소매용 모양이나 포장을 한 것·조제품으로 한 것·제품으로 한 것(예: 황으로 처리한 밴드·심지·양초·파리잡이 끈끈이)으로 한정한다][농약원제(農藥原劑)(「농약관리법」에 따라 등록된 것으로 한정한다)],"Insecticides, rodenticides, fungicides, herbicides, anti-sprouting products and plant-growth regulators, disinfectants and similar products, put up in forms or packings for retail sale or as preparations or articles (For example, sulphur-treated bands, wicks and candles, and fly-papers) [Material for manufacturing agricultural chemicals (registered material under the Agricultural Chemicals Management Act)]",0,0,0,0,0,0,0,0,0,0,0,0,0,0,0.4,0,0,0,0,0,0,0,0,0,0,0,0,0,1,1,0,0,0
1623,3808.91.1000,살충제[농약원제(農藥原劑)(「농약관리법」에 따라 등록된 것으로 한정한다)],Insecticides [Material for manufacturing agricultural chemicals (registered material under the Agricultural Chemicals Management Act)],0,0,0,0,0,0,0,0,0,0,0,0,0,0,0.4,0,0,0,0,0,0,0,0,0,0,0,0,0,1,1,0,0,0
1624,3808.92.1000,살진균제[농약원제(農藥原劑)(「농약관리법」에 따라 등록된 것으로 한정한다)],Fungicides [Material for manufacturing agricultural chemicals (registered material under the Agricultural Chemicals Management Act)],0,0,0,0,0,0,0,0,0,0,0,0,0,0,0,0,0,0,0,0,0,0,0,0,0,0,0,0,1,0,0,0,0
1625,3808.93.1000,제초제,Herbicides,0,0,0,0,0,0,0,0,0,0,0,0,0,0,0,0,0,0,0,0,0,0,0,0,0,0,0,0,3.3,0,0,0,0
1626,3808.93.3000,식물성장조절제,Plant-growth regulators,0,0,0,0,0,0,0,0,0,0,0,0,0,0,1.3,0,0,0,0,0,0,0,0,0,0,0,0,0,3.3,3.3,0,0,0
1627,3809.10.0000,염료 조제품(전분질을 기본 재료로 한 것),Dyestuffs (Amylaceous substance),0,0,미양허,0,0,0,0,0,0,0,0,0,0,0,0,0,0,0,0,0,0,0,0,0,1.6,0,4,4,4,4,4,0,6.4
1628,3823.70.9010,공업용 지방성 알코올[농약원제(農藥原劑)(「농약관리법」에 따라 등록된 것으로 한정한다)],Industrial fatty alcohols [Material for manufacturing agricultural chemicals (registered material under the Agricultural Chemicals Management Act)],0,0,0,0,0,0,0,0,0,0,0,0,0,0,0,0,0,0,0,0,0,0,0,0,0,0,1,1,1,1,1,0,0
1629,3824.60.0000,솔비톨(제2905.44호에 해당하는 것은 제외),Sorbitol (Other than that of subheading 2905.44),0,0,미양허,0,0,0,0,0,0,0,0,0,0,0,8,0,2.6,3.3,2.6,2.6,4,0,0,0,1.6,0,7.5,7.5,미양허,미양허,7.5,0,6.4
1630,3824.99.2210,"조제 점결제(주물의 주형용이나 코어용으로 한정한다), 따로 분류되지 않은 화학품과 화학공업이나 연관공업에 따른 조제품(천연물만의 혼합물을 포함한다)[농약원제(農藥原劑)(「농약관리법」에 따라 등록된 것으로 한정한다)]","Prepared binders for foundry mouIds or cores; chemical products and preparations of the chemical or allied industries (Including those consisting of mixtures of natural products), not elsewhere specified or included [Material for manufacturing agricultural chemicals (registered material under the Agricultural Chemicals Management Act)]",0,0,0,0,0,0,0,0,0,0,0,0,0,0,0,0,0,0,0,0,0,0,0,0,0,0,0,0,0,0,0,0,1.6
1631,4101.20.1000,유연처리 하지 않은 원피(소 또는 마속 동물의 전신/16㎏ 이하),Hides and skins untanned,0,0,0,0,0,0,0,0,0,0,0,0,0,0,0,0,0,0,0,0,0,0,0,0,0,0,0,0,0,0,0,0,0
1632,4101.50.1011,카우하이드(원피/소 또는 마속 동물의 전신/16㎏ 초과/유연처리 안한 것/컨벤셔널),"Cow hide (Whole hides and skins, of a weight exceeding 16㎏/conventional/untanned)",0,0,0,0,0,0,0,0,0,0,0,0,0,0,0,0,0,0,0,0,0,0,0,0,0,0,0,0,0,0,0,0,0
1633,4101.50.1012,스티어하이드(원피/소 또는 마속 동물의 전신/16㎏ 초과/유연처리 안한 것/컨벤셔널),"Steer hide (Whole hides and skins, of a weight exceeding 16㎏/conventional/untanned)",0,0,0,0,0,0,0,0,0,0,0,0,0,0,0,0,0,0,0,0,0,0,0,0,0,0,0,0,0,0,0,0,0
1634,4101.50.1013,옥스하이드(원피/소 또는 마속 동물의 전신/16㎏ 초과/유연처리 안한 것/컨벤셔널),"Ox hide (Whole hides and skins, of a weight exceeding 16㎏/conventional/untanned)",0,0,0,0,0,0,0,0,0,0,0,0,0,0,0,0,0,0,0,0,0,0,0,0,0,0,0,0,0,0,0,0,0
1635,4101.50.1014,불하이드(원피/소 또는 마속 동물의 전신/16㎏ 초과/유연처리 안한 것/컨벤셔널),"Bull hide (Whole hides and skins, of a weight exceeding 16㎏/conventional/untanned)",0,0,0,0,0,0,0,0,0,0,0,0,0,0,0,0,0,0,0,0,0,0,0,0,0,0,0,0,0,0,0,0,0
1636,4101.50.1019,기타 원피(소 또는 마속 동물의 전신/16㎏ 초과/유연처리 안한 것/컨벤셔널),"Other bovine hide (Whole hides and skins, of a weight exceeding 16㎏/conventional/untanned)",0,0,0,0,0,0,0,0,0,0,0,0,0,0,0,0,0,0,0,0,0,0,0,0,0,0,0,0,0,0,0,0,0
1637,4101.50.1021,카우하이드(원피/소 또는 마속 동물의 전신/16㎏ 초과/유연처리 안한 것/트림드와 후레쉬드),"Cow hide (Whole hides and skins, of a weight exceeding 16㎏/trimmed, fleshed/untanned)",0,0,0,0,0,0,0,0,0,0,0,0,0,0,0,0,0,0,0,0,0,0,0,0,0,0,0,0,0,0,0,0,0
1638,4101.50.1022,스티어하이드(원피/소 또는 마속 동물의 전신/16㎏ 초과/유연처리 안한 것/트림드와 후레쉬드),"Steer hide (Whole hides and skins, of a weight exceeding 16㎏/trimmed, fleshed/untanned)",0,0,0,0,0,0,0,0,0,0,0,0,0,0,0,0,0,0,0,0,0,0,0,0,0,0,0,0,0,0,0,0,0
1639,4101.50.1023,옥스하이드(원피/소 또는 마속 동물의 전신/16㎏ 초과/유연처리 안한 것/트림드와 후레쉬드),"Ox hide (Whole hides and skins, of a weight exceeding 16㎏/trimmed, fleshed/untanned)",0,0,0,0,0,0,0,0,0,0,0,0,0,0,0,0,0,0,0,0,0,0,0,0,0,0,0,0,0,0,0,0,0
1640,4101.50.1024,불하이드(원피/소 또는 마속 동물의 전신/16㎏ 초과/유연처리 안한 것/트림드와 후레쉬드),"Bull hide(Whole hides and skins, of a weight exceeding 16㎏/trimmed, fleshed/untanned)",0,0,0,0,0,0,0,0,0,0,0,0,0,0,0,0,0,0,0,0,0,0,0,0,0,0,0,0,0,0,0,0,0
1641,4101.50.1029,기타 원피(소 또는 마속 동물의 전신/16㎏ 초과/유연처리 안한 것/트림드와 후레쉬드),"Other bovine hide (Whole hides and skins, of a weight exceeding 16㎏/trimmed,fleshed/untanned)",0,0,0,0,0,0,0,0,0,0,0,0,0,0,0,0,0,0,0,0,0,0,0,0,0,0,0,0,0,0,0,0,0
1642,4101.50.1090,원피(소 또는 마속 동물의 전신/16㎏ 초과/기타/유연처리 안한 것),"Other (Whole hides and skins, of a weight exceeding 16㎏/untanned)",0,0,0,0,0,0,0,0,0,0,0,0,0,0,0,0,0,0,0,0,0,0,0,0,0,0,0,0,0,0,0,0,0
1643,4101.90.1091,"송아지의 원피(버트, 벤드, 벨리 포함/유연처리 안한 것)","Butts and bends (Calf skin) (Hides and skins, untanned)",0,0,0,0,0,0,0,0,0,0,0,0,0,0,0,0,0,0,0,0,0,0,0,0,0,0,0,0,0,0,0,0,0
1644,4101.90.1099,"기타 원피(버트, 벤드, 벨리 포함/송아지 이외/유연처리 안한 것)","Butts and skin (Other than calf skin) (Hides and skins, untanned)",0,0,0,0,0,0,0,0,0,0,0,0,0,0,0,0,0,0,0,0,0,0,0,0,0,0,0,0,0,0,0,0,0
1645,4102.10.0000,면양이나 어린 양의 원피(털을 제거하지 않은 것),Raw skins of sheep (With wool on),0,0,0,0,0,0,0,0,0,0,0,0,0,0,0,0,0,0,0,0,0,0,0,0,0,0,0,0,0,0,0,0,0
1646,4102.21.1000,원피(면양/탈모/산처리한 것/유연처리 안한 것),"Raw skins of sheep (Without wool on, Hides and skins, untanned)",0,0,0,0,0,0,0,0,0,0,0,0,0,0,0,0,0,0,0,0,0,0,0,0,0,0,0,0,0,0,0,0,0
1647,4102.29.1000,원피(면양/탈모/기타/유연처리 안한 것),"Raw skins of sheep (Without wool on, other, Hides and skins, untanned)",0,0,0,0,0,0,0,0,0,0,0,0,0,0,0,0,0,0,0,0,0,0,0,0,0,0,0,0,0,0,0,0,0
1648,4103.20.1010,원피(뱀/유연처리 안한 것),Other raw hides and skins of snake,0,0,0,0,0,0,0,0,0,0,0,0,0,0,0,0,0,0,0,0,0,0,0,0,0,0,0,0,0,0,0,0,0
1649,4103.20.1030,원피(악어/유연처리 안한 것),Other raw hides and skins of crocodile,0,0,0,0,0,0,0,0,0,0,0,0,0,0,0,0,0,0,0,0,0,0,0,0,0,0,0,0,0,0,0,0,0
1650,4103.20.1090,원피(기타 파충류/유연처리 안한 것),Other raw hides and skins of other reptiles,0,0,0,0,0,0,0,0,0,0,0,0,0,0,0,0,0,0,0,0,0,0,0,0,0,0,0,0,0,0,0,0,0
1651,4103.30.1000,원피(돼지/유연처리 안한 것),"Hides and skins, untanned of swine",0,0,0,0,0,0,0,0,0,0,0,0,0,0,0,0,0,0,0,0,0,0,0,0,0,0,0,0,0,0,0,0,0
1652,4103.90.1010,원피(장어류/유연처리 안한 것),Other raw hides and skins of eels (Untanned),0,0,0,0,0,0,0,0,0,0,0,0,0,0,0,0,0,0,0,0,0,0,0,0,0,0,0,0,0,0,0,0,0
1653,4103.90.1020,원피(캥거루/유연처리 안한 것),Other raw hides and skins of kangaroo (Untanned),0,0,0,0,0,0,0,0,0,0,0,0,0,0,0,0,0,0,0,0,0,0,0,0,0,0,0,0,0,0,0,0,0
1654,4103.90.1030,원피(낙타(단봉낙타 포함/유연처리 안한 것),Other raw hides and skins of camels (Including dromedaries/untanned),0,0,0,0,0,0,0,0,0,0,0,0,0,0,0,0,0,0,0,0,0,0,0,0,0,0,0,0,0,0,0,0,0
1655,4103.90.1090,원피(기타/유연처리 안한 것),Other vaw hides and skind (Untanned),0,0,0,0,0,0,0,0,0,0,0,0,0,0,0,0,0,0,0,0,0,0,0,0,0,0,0,0,0,0,0,0,0
1656,4301.10.0000,생모피(밍크의 것),Raw furskins of mink,0,0,0,0,0,0,0,0,0,0,0,0,0,0,0,0,0,0,0,0,0,0,0,0,0,0,0,0,0,0,0,0,0
1657,4301.30.0000,생모피(어린양의 것),Raw furskins of lamb,0,0,0,0,0,0,0,0,0,0,0,0,0,0,0,0,0,0,0,0,0,0,0,0,0,0,0,0,0,0,0,0,0
1658,4301.60.0000,생모피(여우의 것),Raw furskins of fox,0,0,0,0,0,0,0,0,0,0,0,0,0,0,0,0,0,0,0,0,0,0,0,0,0,0,0,0,0,0,0,0,0
1659,4301.80.2000,생모피(오파섬의 것),Raw furskins of opossum,0,0,0,0,0,0,0,0,0,0,0,0,0,0,0,0,0,0,0,0,0,0,0,0,0,0,0,0,0,0,0,0,0
1660,4301.80.3000,생모피(라쿤의 것),Raw furskins of raccoon,0,0,0,0,0,0,0,0,0,0,0,0,0,0,0,0,0,0,0,0,0,0,0,0,0,0,0,0,0,0,0,0,0
1661,4301.80.4000,생모피(코요테의 것),Raw furskins of coyote,0,0,0,0,0,0,0,0,0,0,0,0,0,0,0,0,0,0,0,0,0,0,0,0,0,0,0,0,0,0,0,0,0
1662,4301.80.5000,생모피(토끼의 것),Raw furskins of rabbit or hare,0,0,0,0,0,0,0,0,0,0,0,0,0,0,0,0,0,0,0,0,0,0,0,0,0,0,0,0,0,0,0,0,0
1663,4301.80.6000,생모피(사향쥐의 것),Raw furskins of musk-rat,0,0,0,0,0,0,0,0,0,0,0,0,0,0,0,0,0,0,0,0,0,0,0,0,0,0,0,0,0,0,0,0,0
1664,4301.80.9000,생모피(기타) ,Other raw furskins,0,0,0,0,0,0,0,0,0,0,0,0,0,0,0,0,0,0,0,0,0,0,0,0,0,0,0,0,0,0,0,0,0
1665,4301.90.0000,"생모피(머리부분, 꼬리부분, 발부분 및 기타 의 조각 또는 절단품)","Heads, tails, paws and other pieces of cuttings suitable for furriers' use",0,0,0,0,0,0,0,0,0,0,0,0,0,0,0,0,0,0,0,0,0,0,0,0,0,0,0,0,0,0,0,0,0
1666,5001.00.0000,누에고치(생사를 뽑는데 적합한 것),Silk-worm cocons suitable for reeing,미양허,0,0,0,0,0,0,0,0,0,"51% or 5,276원/kg",0,0,0,0,0,0,0,0,0,0,0,0,0,0,0,"25.5% 또는 2,638원/kg 양자 중 고액(율)","25.5% 또는 2,638원/kg 양자 중 고액(율)","25.5% 또는 2,638원/kg, 양자 중 고액(율)","25.5% 또는 2,638원/kg, 양자 중 고액(율)","25.5% 또는 2,638원/kg 양자 중 고액(율)",0,0
1667,5002.00.1010,백잠사(white silk) 생사(20데시텍스 이하인 것),White silk/Raw silk (Not more than 20 decitex),미양허,0,0,0,0,0,0,0,0,0,0,0,0,0,0,0,0,0,0,0,0,0,0,0,0,0,1.5,1.5,1.5,1.5,1.5,0,0
1668,5002.00.1020,"백잠사(white silk) 생사(20데시텍스 초과, 25.56데시텍스 이하인 것)",White silk/Raw silk (More than 20 decitex but not more than 25.56 decitex),미양허,0,0,0,0,0,0,0,0,0,"51.7% or 17,215원/kg",0,0,0,0,0,0,0,0,0,0,0,0,0,0,0,"25.9% 또는 8,608원/kg 양자 중 고액(율)","25.9% 또는 8,608원/kg 양자 중 고액(율)","25.9% 또는  8,608원/kg, 양자 중 고액(율)","25.9% 또는  8,608원/kg, 양자 중 고액(율)","25.9% 또는 8,608원/kg 양자 중 고액(율)",0,0
1669,5002.00.1030,"백잠사(white silk) 생사(25.56데시텍스 초과, 28.89데시텍스 이하인 것)",White silk/Raw silk (More than 25.56 decitex but not more than 28.89 decitex),미양허,0,0,0,0,0,0,0,0,0,"51.7% or 17,215원/kg",0,0,0,0,0,0,0,0,0,0,0,0,0,0,0,"25.9% 또는 8,608원/kg 양자 중 고액(율)","25.9% 또는 8,608원/kg 양자 중 고액(율)","25.9% 또는  8,608원/kg, 양자 중 고액(율)","25.9% 또는  8,608원/kg, 양자 중 고액(율)","25.9% 또는 8,608원/kg 양자 중 고액(율)",0,0
1670,5002.00.1040,"백잠사(white silk) 생사(28.89데시텍스 초과, 36.67데시텍스 이하인 것)",White silk/Raw silk (More than 28.89 decitex but not more than 36.67 decitex),미양허,0,0,0,0,0,0,0,0,0,"51.7% or 17,215원/kg",0,0,0,0,0,0,0,0,0,0,0,0,0,0,0,"25.9% 또는 8,608원/kg 양자 중 고액(율)","25.9% 또는 8,608원/kg 양자 중 고액(율)","25.9% 또는  8,608원/kg, 양자 중 고액(율)","25.9% 또는  8,608원/kg, 양자 중 고액(율)","25.9% 또는 8,608원/kg 양자 중 고액(율)",0,0
1671,5002.00.1050,백잠사(white silk) 생사(36.67데시텍스 초과하는 것),White silk/Raw silk (More than 36.67 decitex),미양허,0,0,0,0,0,0,0,0,0,"51.7% or 17,215원/kg",0,0,0,0,0,0,0,0,0,0,0,0,0,0,0,"25.9% 또는 8,608원/kg 양자 중 고액(율)","25.9% 또는 8,608원/kg 양자 중 고액(율)","25.9% 또는  8,608원/kg, 양자 중 고액(율)","25.9% 또는  8,608원/kg, 양자 중 고액(율)","25.9% 또는 8,608원/kg 양자 중 고액(율)",0,0
1672,5002.00.2000,옥사(생사),Doupion silk (Raw silk),미양허,0,0,0,0,0,0,0,0,0,0,0,0,0,0,0,0,0,0,0,0,0,0,0,0,0,0,0,0,0,0,0,0
1673,5002.00.9000,기타 옥사(생사),Other doupion silk (Raw silk),미양허,0,0,0,0,0,0,0,0,0,0,0,0,0,0,0,0,0,0,0,0,0,0,0,0,0,0,0,0,0,0,0,0
1674,5003.00.1000,견 웨이스트(카드 하지도 코움 하지도 않은 것),Silk waste (Not carded or combed) ,0,0,0,0,0,0,0,0,0,0,0,0,0,0,0,0,0,0,0,0,0,0,0,0,0,0,0,0,0,0,0,0,0
1675,5003.00.9000,견 웨이스트(기타),Silk waste (Other),0,0,0,0,0,0,0,0,0,0,0,0,0,0,0,0,0,0,0,0,0,0,0,0,0,0,0,0,0,0,0,0,0
1676,5101.11.0000,양모(깎은 것/그리지),Shorn wool (Not carded or combed/greasy),0,0,0,0,0,0,0,0,0,0,0,0,0,0,0,0,0,0,0,0,0,0,0,0,0,0,0,0,0,0,0,0,0
1677,5101.19.0000,양모(기타/그리지),Other wool (Not carded or combed/greasy),0,0,0,0,0,0,0,0,0,0,0,0,0,0,0,0,0,0,0,0,0,0,0,0,0,0,0,0,0,0,0,0,0
1678,5101.21.0000,양모(깍은 것/탈지),Shorn wool (Not carded or combed/degreased),0,0,0,0,0,0,0,0,0,0,0,0,0,0,0,0,0,0,0,0,0,0,0,0,0,0,0,0,0,0,0,0,0
1679,5101.29.0000,양모(기타/탈지),Other wool (Not carded or combed/degreased),0,0,0,0,0,0,0,0,0,0,0,0,0,0,0,0,0,0,0,0,0,0,0,0,0,0,0,0,0,0,0,0,0
1680,5101.30.0000,양모(탄화처리한 것),Wool (Not carded or combed/carbonised),0,0,0,0,0,0,0,0,0,0,0,0,0,0,0,0,0,0,0,0,0,0,0,0,0,0,0,0,0,0,0,0,0
1681,5102.11.0000,섬수모(캐시미어 염소의 것),Of kashmir (Cashmere) goats (Not carded or combed),0,0,0,0,0,0,0,0,0,0,0,0,0,0,0,0,0,0,0,0,0,0,0,0,0,0,0,0,0,0,0,0,0
1682,5102.19.0000,섬수모(기타),Other (Fine animal hair/not carded or combed),0,0,0,0,0,0,0,0,0,0,0,0,0,0,0,0,0,0,0,0,0,0,0,0,0,0,0,0,0,0,0,0,0
1683,5102.20.0000,조수모,Coarse animal hair (Not carded or combed),0,0,0,0,0,0,0,0,0,0,0,0,0,0,0,0,0,0,0,0,0,0,0,0,0,0,0,0,0,0,0,0,0
1684,5103.10.0000,양모 또는 섬수모의 노일,Noils of wool or of fine animal hair (Not carded or combed),0,0,0,0,0,0,0,0,0,0,0,0,0,0,0,0,0,0,0,0,0,0,0,0,0,0,0,0,0,0,0,0,0
1685,5103.20.0000,양모 또는 섬수모의 기타 웨이스트,Other waste of wool or of fine animal hair (Not carded or combed),0,0,0,0,0,0,0,0,0,0,0,0,0,0,0,0,0,0,0,0,0,0,0,0,0,0,0,0,0,0,0,0,0
1686,5103.30.0000,조수모의 웨이스트,Waste of coarse animal hair (Not carded or combed),0,0,0,0,0,0,0,0,0,0,0,0,0,0,0,0,0,0,0,0,0,0,0,0,0,0,0,0,0,0,0,0,0
1687,5201.00.1000,실면,Seed cotton (Not carded or combed),0,0,0,0,0,0,0,0,0,0,0,0,0,0,0,0,0,0,0,0,0,0,0,0,0,0,0,0,0,0,0,0,0
1688,5201.00.9010,기타 면(섬유길이가 23.2mm 미만의 것),Other cotton (Less than 23.2㎜ (7/8 inch) of fibre-length/not carded or combed),0,0,0,0,0,0,0,0,0,0,0,0,0,0,0,0,0,0,0,0,0,0,0,0,0,0,0,0,0,0,0,0,0
1689,5201.00.9020,기타 면(섬유길이가 23.2mm 이상 25.4mm 미만의 것),"Other cotton (Not less than 23.2㎜ (7/8 inch), but less than 25.4㎜ (1 inch) of fibre-length/not carded or combed)",0,0,0,0,0,0,0,0,0,0,0,0,0,0,0,0,0,0,0,0,0,0,0,0,0,0,0,0,0,0,0,0,0
1690,5201.00.9030,기타 면(섬유길이가 25.4mm 이상 28.5mm 미만의 것),"Other cotton (Not less than 25.4㎜ (1 inch), but less than 28.5㎜ (1-1/8 inch) of fibre-length/not carded or combed)",0,0,0,0,0,0,0,0,0,0,0,0,0,0,0,0,0,0,0,0,0,0,0,0,0,0,0,0,0,0,0,0,0
1691,5201.00.9050,기타 면(섬유길이가 28.5mm 이상 34.9mm 미만의 것),"Other cotton (Not less than 28.5㎜ (1-1/8 inch), but less than 34.9㎜ (1-3/8 inch) of fiber length/not carded or combed)",0,0,0,0,0,0,0,0,0,0,0,0,0,0,0,0,0,0,0,0,0,0,0,0,0,0,0,0,0,0,0,0,0
1692,5201.00.9060,기타 면(섬유길이가 34.9mm 이상의 것),Other cotton (Not less than 34.9㎜ (1-3/8 inch) of fiber-length/not carded or combed),0,0,0,0,0,0,0,0,0,0,0,0,0,0,0,0,0,0,0,0,0,0,0,0,0,0,0,0,0,0,0,0,0
1693,5202.10.0000,사웨이스트(실의 웨이스트를 포함),Yarn waste (Including thread waste),0,0,0,0,0,0,0,0,0,0,0,0,0,0,0,0,0,0,0,0,0,0,0,0,0,0,0,0,0,0,0,0,0
1694,5202.91.0000,가닛스톡,Garnetted stock,0,0,0,0,0,0,0,0,0,0,0,0,0,0,0,0,0,0,0,0,0,0,0,0,0,0,0,0,0,0,0,0,0
1695,5202.99.0000,면웨이스트(기타) ,Other cotton waste,0,0,0,0,0,0,0,0,0,0,0,0,0,0,0,0,0,0,0,0,0,0,0,0,0,0,0,0,0,0,0,0,0
1696,5203.00.0000,면(카드 또는 코움한 것),"Cotton, carded or combed",0,0,0,0,0,0,0,0,0,0,0,0,0,0,0,0,0,0,0,0,0,0,0,0,0,0,0,0,0,0,0,0,0
1697,5301.10.0000,생아마 또는 침지아마,"Flax, raw or retted",0,0,0,0,0,0,0,0,0,0,0,0,0,0,0,0,0,0,0,0,0,0,0,0,0,0,0,0,0,0,0,0,0
1698,5301.21.0000,아마(줄기를 으깨거나 두드린 것),Flax (Broken or scutched),0,0,0,0,0,0,0,0,0,0,0,0,0,0,0,0,0,0,0,0,0,0,0,0,0,0,0,0,0,0,0,0,0
1699,5301.29.0000,아마(기타),Other flax,0,0,0,0,0,0,0,0,0,0,0,0,0,0,0,0,0,0,0,0,0,0,0,0,0,0,0,0,0,0,0,0,0
1700,5301.30.1000,아마의 토우,Flax tow,0,0,0,0,0,0,0,0,0,0,0,0,0,0,0,0,0,0,0,0,0,0,0,0,0,0,0,0,0,0,0,0,0
1701,5301.30.2000,아마의 웨이스트,Flax waste,0,0,0,0,0,0,0,0,0,0,0,0,0,0,0,0,0,0,0,0,0,0,0,0,0,0,0,0,0,0,0,0,0
1702,5302.10.0000,생대마 또는 침지대마,"True hemp, raw or retted",0,0,0,0,0,0,0,0,0,0,0,0,0,0,0,0,0,0,0,0,0,0,0,0,0,0,0,0,0,0,0,0,0
1703,5302.90.1000,"대마(줄기를 으깨거나, 두드리거나, 훑어내리거나 그밖의 방법으로 가공)","True hemp, broken, scutched, hackled or other wise processed",0,0,0,0,0,0,0,0,0,0,0,0,0,0,0,0,0,0,0,0,0,0,0,0,0,0,0,0,0,0,0,0,0
1704,5302.90.2010,대마의 토우,Tow of true hemp,0,0,0,0,0,0,0,0,0,0,0,0,0,0,0,0,0,0,0,0,0,0,0,0,0,0,0,0,0,0,0,0,0
1705,5302.90.2020,대마의 웨이스트,Waste of true hemp,0,0,0,0,0,0,0,0,0,0,0,0,0,0,0,0,0,0,0,0,0,0,0,0,0,0,0,0,0,0,0,0,0
